original,log_transform,sqrt_transform,boxcox_transform
0,0.0,0.0,-1.4192229040894428
1,0.6931471805599453,1.0,9.999998522024034e-07
2,1.0986122886681098,1.4142135623730951,0.8936787765441284
3,1.3862943611198906,1.7320508075688772,1.658500048224766
4,1.6094379124341003,2.0,2.3500680456132415
5,1.791759469228055,2.23606797749979,2.991815787998928
6,1.9459101490553132,2.449489742783178,3.596465207602067
7,2.0794415416798357,2.6457513110645907,4.1719112376958005
8,2.1972245773362196,2.8284271247461903,4.723484559773036
9,2.302585092994046,3.0,5.255001349679752
10,2.3978952727983707,3.1622776601683795,5.769313922443673
11,2.4849066497880004,3.3166247903554,6.268626025992412
12,2.5649493574615367,3.4641016151377544,6.754685699471147
13,2.6390573296152584,3.605551275463989,7.2289095012876885
14,2.70805020110221,3.7416573867739413,7.692465934610598
15,2.772588722239781,3.872983346207417,8.146333429139696
16,2.833213344056216,4.0,8.591341817049349
17,2.8903717578961645,4.123105625617661,9.02820273868264
18,2.9444389791664403,4.242640687119285,9.457532409165756
19,2.995732273553991,4.358898943540674,9.879868982203467
20,3.044522437723423,4.47213595499958,10.295686009535093
21,3.091042453358316,4.58257569495584,10.705403024867387
22,3.1354942159291497,4.69041575982343,11.109393973986686
23,3.1780538303479458,4.795831523312719,11.507994007098109
24,3.2188758248682006,4.898979485566356,11.901505008772867
25,3.258096538021482,5.0,12.290200142818913
26,3.295836866004329,5.0990195135927845,12.674327619835852
27,3.332204510175204,5.196152422706632,13.054113845106809
28,3.367295829986474,5.291502622129181,13.429766067862248
29,3.4011973816621555,5.385164807134504,13.801474625840365
30,3.4339872044851463,5.477225575051661,14.169414858754305
31,3.4657359027997265,5.5677643628300215,14.533748748885692
32,3.4965075614664802,5.656854249492381,14.89462633524274
33,3.5263605246161616,5.744562646538029,15.252186938617191
34,3.5553480614894135,5.830951894845301,15.6065602277762
35,3.58351893845611,5.916079783099616,15.957867151445688
36,3.6109179126442243,6.0,16.30622075632122
37,3.6375861597263857,6.082762530298219,16.651726907814997
38,3.6635616461296463,6.164414002968976,16.99448492741378
39,3.6888794541139363,6.244997998398398,17.334588158230932
40,3.713572066704308,6.324555320336759,17.672124468471768
41,3.7376696182833684,6.4031242374328485,18.007176701006095
42,3.7612001156935624,6.48074069840786,18.339823075987717
43,3.784189633918261,6.557438524302,18.670137552423096
44,3.8066624897703196,6.6332495807108,18.998190153729826
45,3.828641396489095,6.708203932499369,19.32404726160658
46,3.8501476017100584,6.782329983125268,19.64777188193281
47,3.871201010907891,6.855654600401044,19.9694238859093
48,3.8918202981106265,6.928203230275509,20.28906022922171
49,3.912023005428146,7.0,20.606735151645015
50,3.9318256327243257,7.0710678118654755,20.922500359197187
51,3.9512437185814275,7.14142842854285,21.236405190685534
52,3.970291913552122,7.211102550927978,21.54849677026206
53,3.9889840465642745,7.280109889280518,21.85882014740923
54,4.007333185232471,7.3484692283495345,22.1674184256088
55,4.02535169073515,7.416198487095663,22.474332880800883
56,4.04305126783455,7.483314773547883,22.779603070613927
57,4.060443010546419,7.54983443527075,23.08326693523625
58,4.07753744390572,7.615773105863909,23.385360890703907
59,4.0943445622221,7.681145747868608,23.68591991529575
60,4.110873864173311,7.745966692414834,23.98497762965266
61,4.127134385045092,7.810249675906654,24.282566371174237
62,4.143134726391533,7.874007874011811,24.57871726318795
63,4.1588830833596715,7.937253933193772,24.873460279336673
64,4.174387269895637,8.0,25.166824303585724
65,4.189654742026425,8.06225774829855,25.458837186210843
66,4.204692619390966,8.12403840463596,25.749525796094023
67,4.219507705176107,8.18535277187245,26.038916069622836
68,4.23410650459726,8.246211251235321,26.32703305646116
69,4.248495242049359,8.306623862918075,26.61390096243433
70,4.2626798770413155,8.366600265340756,26.899543189750027
71,4.276666119016055,8.426149773176359,27.18398237475565
72,4.290459441148391,8.48528137423857,27.467240423416058
73,4.30406509320417,8.54400374531753,27.749338544678512
74,4.31748811353631,8.602325267042627,28.030297281878365
75,4.330733340286331,8.660254037844387,28.31013654232478
76,4.343805421853684,8.717797887081348,28.588875625195357
77,4.356708826689592,8.774964387392123,28.866533247857028
78,4.3694478524670215,8.831760866327848,29.143127570721084
79,4.382026634673881,8.888194417315589,29.418676220732035
80,4.394449154672439,8.94427190999916,29.693196313581545
81,4.406719247264253,9.0,29.966704474731493
82,4.418840607796598,9.055385138137417,30.239216859324387
83,4.430816798843313,9.1104335791443,30.51074917105228
84,4.442651256490317,9.16515138991168,30.781316680050917
85,4.454347296253507,9.219544457292887,31.05093423988049
86,4.465908118654584,9.273618495495704,31.31961630364937
87,4.477336814478207,9.327379053088816,31.58737693933406
88,4.48863636973214,9.38083151964686,31.854229844343944
89,4.499809670330265,9.433981132056603,32.12018835937604
90,4.51085950651685,9.486832980505138,32.38526548160233
91,4.5217885770490405,9.539392014169456,32.64947387722861
92,4.532599493153256,9.591663046625438,32.91282589346127
93,4.543294782270004,9.643650760992955,33.175333569916546
94,4.553876891600541,9.695359714832659,33.43700864950324
95,4.564348191467836,9.746794344808963,33.697862588809045
96,4.574710978503383,9.797958971132712,33.957906568018025
97,4.584967478670572,9.848857801796104,34.21715150038477
98,4.59511985013459,9.899494936611665,34.47560804128981
99,4.605170185988092,9.9498743710662,34.73328659689856
100,4.61512051684126,10.0,34.99019733244524
101,4.624972813284271,10.04987562112089,35.24635018016129
102,4.634728988229636,10.099504938362077,35.501754846867186
103,4.6443908991413725,10.14889156509222,35.75642082124488
104,4.653960350157523,10.198039027185569,36.010357380807584
105,4.663439094112067,10.246950765959598,36.26357359858183
106,4.672828834461906,10.295630140987,36.516078349516604
107,4.68213122712422,10.344080432788601,36.76788031663328
108,4.6913478822291435,10.392304845413264,37.01898799692873
109,4.700480365792417,10.44030650891055,37.26940970704406
110,4.709530201312334,10.488088481701515,37.51915358871043
111,4.718498871295094,10.535653752852738,37.76822761398219
112,4.727387818712341,10.583005244258363,38.0166395902679
113,4.736198448394496,10.63014581273465,38.26439716516874
114,4.74493212836325,10.677078252031311,38.511507831133
115,4.7535901911063645,10.723805294763608,38.757978929935646
116,4.762173934797756,10.770329614269007,39.00381765699061
117,4.770684624465665,10.816653826391969,39.24903106550366
118,4.77912349311153,10.862780491200215,39.49362607047298
119,4.787491742782046,10.908712114635714,39.73760945254426
120,4.795790545596741,10.954451150103322,39.98098786172692
121,4.804021044733257,11.0,40.223767820977244
122,4.812184355372417,11.045361017187261,40.46595572965465
123,4.820281565605037,11.090536506409418,40.707557866856455
124,4.8283137373023015,11.135528725660043,40.948580394636046
125,4.836281906951478,11.180339887498949,41.189029361109945
126,4.844187086458591,11.224972160321824,41.42891070345823
127,4.852030263919617,11.269427669584644,41.66823025082257
128,4.859812404361672,11.313708498984761,41.90699372710659
129,4.867534450455582,11.357816691600547,42.14520675368219
130,4.875197323201151,11.40175425099138,42.38287485200601
131,4.882801922586371,11.445523142259598,42.620003446149255
132,4.890349128221754,11.489125293076057,42.856597865245135
133,4.897839799950911,11.532562594670797,43.09266334585617
134,4.90527477843843,11.575836902790225,43.328205034265636
135,4.912654885736052,11.61895003862225,43.563227988695324
136,4.919980925828125,11.661903789690601,43.797737181452824
137,4.927253685157205,11.704699910719626,44.03173750101129
138,4.9344739331306915,11.74734012447073,44.26523375402374
139,4.941642422609304,11.789826122551595,44.498230667275095
140,4.948759890378168,11.832159566199232,44.73073288957345
141,4.955827057601261,11.874342087037917,44.962744993584
142,4.962844630259907,11.916375287812984,45.194271477606655
143,4.969813299576001,11.958260743101398,45.42531676730017
144,4.976733742420574,12.0,45.65588521735441
145,4.983606621708336,12.041594578792296,45.885981113112905
146,4.990432586778736,12.083045973594572,46.115608672147346
147,4.997212273764115,12.12435565298214,46.344772045785824
148,5.003946305945459,12.165525060596439,46.573475320596316
149,5.0106352940962555,12.206555615733702,46.80172251982736
150,5.017279836814924,12.24744871391589,47.029517604807054
151,5.0238805208462765,12.288205727444508,47.25686447630223
152,5.030437921392435,12.328828005937952,47.483766975838776
153,5.0369526024136295,12.36931687685298,47.71022888698492
154,5.043425116919247,12.409673645990857,47.93625393659826
155,5.049856007249537,12.449899597988733,48.16184579603828
156,5.056245805348308,12.489995996796797,48.38700808234514
157,5.062595033026967,12.529964086141668,48.61174435938606
158,5.0689042022202315,12.569805089976535,48.83605813897059
159,5.075173815233827,12.609520212918492,49.05995288193505
160,5.081404364984463,12.649110640673518,49.283431999198434
161,5.087596335232384,12.68857754044952,49.50649885278927
162,5.093750200806762,12.727922061357855,49.72915675684569
163,5.099866427824199,12.767145334803704,49.95140897858864
164,5.10594547390058,12.806248474865697,50.173258739269585
165,5.111987788356544,12.84523257866513,50.394709215093464
166,5.117993812416755,12.884098726725126,50.6157635381175
167,5.123963979403259,12.922847983320086,50.836424797127016
168,5.1298987149230735,12.96148139681572,51.056696038488404
169,5.135798437050262,13.0,51.27658026698066
170,5.14166355650266,13.038404810405298,51.49608044660538
171,5.147494476813453,13.076696830622021,51.71519950137698
172,5.153291594497779,13.114877048604,51.933940316092205
173,5.159055299214529,13.152946437965905,52.152305737081164
174,5.1647859739235145,13.19090595827292,52.3702985729393
175,5.170483995038151,13.228756555322953,52.5879215952417
176,5.176149732573829,13.2664991614216,52.805177539239395
177,5.181783550292085,13.30413469565007,53.0220691045391
178,5.187385805840755,13.341664064126334,53.23859895576614
179,5.19295685089021,13.379088160259652,53.45476972321189
180,5.198497031265826,13.416407864998739,53.670584003464846
181,5.204006687076795,13.45362404707371,53.88604436002777
182,5.209486152841421,13.490737563232042,54.10115332391902
183,5.214935757608986,13.527749258468683,54.31591339426074
184,5.220355825078324,13.564659966250536,54.53032703885246
185,5.225746673713202,13.601470508735444,54.74439669473177
186,5.231108616854587,13.638181696985855,54.95812476872192
187,5.236441962829949,13.674794331177344,55.1715136379666
188,5.241747015059643,13.711309200802088,55.38456565045267
189,5.247024072160486,13.74772708486752,55.5972831255208
190,5.25227342804663,13.784048752090222,55.80966835436455
191,5.2574953720277815,13.820274961085254,56.02172360051827
192,5.262690188904886,13.856406460551018,56.23345110033386
193,5.267858159063328,13.892443989449804,56.444853063447056
194,5.272999558563747,13.92838827718412,56.65593167323326
195,5.278114659230517,13.96424004376894,56.86668908725314
196,5.2832037287379885,14.0,57.0771274376888
197,5.288267030694535,14.035668847618199,57.28724883176997
198,5.293304824724492,14.071247279470288,57.497055352191225
199,5.298317366548036,14.106735979665885,57.70654905752002
200,5.303304908059076,14.142135623730951,57.91573198259577
201,5.308267697401205,14.177446878757825,58.12460613892085
202,5.313205979041787,14.212670403551895,58.333173515042766
203,5.318119993844216,14.247806848775006,58.541436076928235
204,5.3230099791384085,14.2828568570857,58.74939576832983
205,5.327876168789581,14.317821063276353,58.95705451114416
206,5.332718793265369,14.352700094407323,59.16441420576339
207,5.337538079701318,14.38749456993816,59.37147673141876
208,5.342334251964811,14.422205101855956,59.57824394651713
209,5.3471075307174685,14.45683229480096,59.78471768897101
210,5.351858133476067,14.491376746189438,59.990899776521154
211,5.356586274672012,14.52583904633395,60.19679200705316
212,5.3612921657094255,14.560219778561036,60.402396158907194
213,5.365976015021851,14.594519519326424,60.60771399118152
214,5.3706380281276624,14.628738838327793,60.81274724403028
215,5.375278407684165,14.66287829861518,61.01749763895478
216,5.37989735354046,14.696938456699069,61.22196687908931
217,5.384495062789089,14.730919862656235,61.4261566494812
218,5.389071729816501,14.7648230602334,61.63006861736514
219,5.393627546352362,14.798648586948742,61.83370443243244
220,5.3981627015177525,14.832396974191326,62.037065727094884
221,5.402677381872279,14.866068747318506,62.240154116743156
222,5.407171771460119,14.89966442575134,62.4429712000007
223,5.4116460518550396,14.933184523068078,62.645518558972356
224,5.41610040220442,14.966629547095765,62.847797759488365
225,5.420534999272286,15.0,63.049810351343616
226,5.424950017481403,15.033296378372908,63.2515578685323
227,5.429345628954441,15.066519173319364,63.4530418294782
228,5.43372200355424,15.0996688705415,63.65426373726073
229,5.438079308923196,15.132745950421556,63.85522507983626
230,5.442417710521793,15.165750888103101,64.05592733025593
231,5.44673737166631,15.198684153570664,64.25637194687886
232,5.4510384535657,15.231546211727817,64.45656037358174
233,5.455321115357702,15.264337522473747,64.65649403996436
234,5.459585514144159,15.297058540778355,64.85617436155134
235,5.4638318050256105,15.329709716755891,65.05560273999039
236,5.4680601411351315,15.362291495737216,65.25478056324678
237,5.472270673671475,15.394804318340652,65.45370920579393
238,5.476463551931511,15.427248620541512,65.65239002880148
239,5.480638923341991,15.459624833740307,65.85082438031893
240,5.484796933490655,15.491933384829668,66.04901359545651
241,5.488937726156687,15.524174696260024,66.24695899656294
242,5.493061443340548,15.556349186104045,66.44466189339967
243,5.497168225293202,15.588457268119896,66.64212358331216
244,5.501258210544727,15.620499351813308,66.83934535139826
245,5.5053315359323625,15.652475842498529,67.03632847067341
246,5.5093883366279774,15.684387141358123,67.23307420223328
247,5.5134287461649825,15.716233645501712,67.42958379541304
248,5.517452896464707,15.748015748023622,67.62585848794438
249,5.521460917862246,15.7797338380595,67.82189950610963
250,5.5254529391317835,15.811388300841896,68.01770806489303
251,5.529429087511423,15.84297951775486,68.21328536812973
252,5.53338948872752,15.874507866387544,68.40863260865214
253,5.537334267018537,15.905973720586866,68.60375096843336
254,5.541263545158426,15.937377450509228,68.79864161872902
255,5.545177444479562,15.968719422671311,68.99330572021597
256,5.54907608489522,16.0,69.18774442312902
257,5.552959584921617,16.0312195418814,69.3819588673951
258,5.556828061699537,16.06237840420901,69.57595018276568
259,5.560681631015528,16.09347693943108,69.76971948894644
260,5.564520407322694,16.1245154965971,69.963267895725
261,5.568344503761097,16.15549442140351,70.15659650309665
262,5.572154032177765,16.186414056238647,70.34970640138802
263,5.575949103146316,16.217274740226856,70.54259867137831
264,5.579729825986222,16.24807680927192,70.73527438441918
265,5.583496308781699,16.278820596099706,70.92773460255215
266,5.58724865840025,16.30950643030009,71.1199803786245
267,5.5909869805108565,16.34013463836819,71.31201275640292
268,5.594711379601839,16.3707055437449,71.50383277068566
269,5.598421958998375,16.401219466856727,71.6954414474127
270,5.602118820879701,16.431676725154983,71.88683980377412
271,5.605802066295998,16.46207763315433,72.07802884831719
272,5.60947179518496,16.492422502470642,72.26900958105085
273,5.6131281063880705,16.522711641858304,72.45978299354962
274,5.616771097666572,16.55294535724685,72.65035006905505
275,5.62040086571715,16.583123951777,72.84071178257604
276,5.6240175061873385,16.61324772583615,73.03086910098735
277,5.627621113690637,16.64331697709324,73.2208229831267
278,5.631211781821365,16.673332000533065,73.41057437989036
279,5.634789603169249,16.703293088490067,73.60012423432728
280,5.638354669333745,16.73320053068151,73.78947348173156
281,5.641907070938114,16.76305461424021,73.97862304973393
282,5.645446897643238,16.792855623746664,74.1675738583913
283,5.648974238161206,16.822603841260722,74.35632682027541
284,5.652489180268651,16.852299546352718,74.54488284055986
285,5.655991810819852,16.881943016134134,74.73324281710606
286,5.659482215759621,16.911534525287763,74.92140764054744
287,5.662960480135946,16.941074346097416,75.10937819437302
288,5.666426688112432,16.97056274847714,75.29715535500917
289,5.66988092298052,17.0,75.48473999190051
290,5.673323267171493,17.029386365926403,75.67213296758946
291,5.676753802268282,17.05872210923198,75.85933513779449
292,5.680172609017068,17.08800749063506,76.0463473514877
293,5.683579767338681,17.11724276862369,76.23317045097043
294,5.68697535633982,17.146428199482248,76.41980527194879
295,5.69035945432406,17.175564037317667,76.60625264360704
296,5.6937321388027,17.204650534085253,76.79251338868086
297,5.697093486505405,17.233687939614086,76.97858832352888
298,5.700443573390687,17.26267650163207,77.16447825820316
299,5.703782474656201,17.291616465790582,77.35018399651958
300,5.707110264748875,17.320508075688775,77.53570633612571
301,5.71042701737487,17.349351572897472,77.72104606856924
302,5.713732805509369,17.378147196982766,77.9062039793642
303,5.717027701406222,17.406895185529212,78.09118084805729
304,5.720311776607412,17.435595774162696,78.27597744829214
305,5.723585101952381,17.46424919657298,78.46059454787387
306,5.726847747587197,17.4928556845359,78.64503290883168
307,5.730099782973574,17.52141546793523,78.82929328748116
308,5.733341276897746,17.549928774784245,79.01337643448596
309,5.736572297479192,17.578395831246947,79.19728309491755
310,5.739792912179234,17.60681686165901,79.38101400831535
311,5.7430031878094825,17.635192088548397,79.56456990874544
312,5.746203190540153,17.663521732655695,79.74795152485834
313,5.749392985908253,17.69180601295413,79.93115957994632
314,5.752572638825633,17.72004514666935,80.1141947919996
315,5.755742213586912,17.74823934929885,80.29705787376248
316,5.75890177387728,17.776388834631177,80.47974953278747
317,5.762051382780177,17.804493814764857,80.6622704714901
318,5.765191102784844,17.832554500127006,80.84462138720177
319,5.768320995793772,17.86057109949175,81.02680297222261
320,5.771441123130016,17.88854381999832,81.20881591387364
321,5.7745515455444085,17.916472867168917,81.39066089454757
322,5.777652323222656,17.944358444926362,81.57233859175984
323,5.780743515792329,17.97220075561143,81.75384967819828
324,5.783825182329737,18.0,81.93519482177217
325,5.786897381366708,18.027756377319946,82.11637468566117
326,5.7899601708972535,18.05547008526779,82.29738992836315
327,5.793013608384144,18.083141320025124,82.4782412037413
328,5.796057750765372,18.110770276274835,82.658929161071
329,5.799092654460526,18.138357147217054,82.83945444508605
330,5.802118375377063,18.16590212458495,83.01981769602355
331,5.805134968916488,18.193405398660254,83.2000195496696
332,5.808142489980444,18.2208671582886,83.38006063740295
333,5.811140992976701,18.24828759089466,83.55994158623893
334,5.814130531825066,18.275666882497067,83.73966301887268
335,5.817111159963204,18.303005217723125,83.91922555372172
336,5.820082930352362,18.33030277982336,84.09862980496818
337,5.823045895483019,18.35755975068582,84.27787638259977
338,5.82600010738045,18.384776310850235,84.45696589245145
339,5.8289456176102075,18.411952639521967,84.63589893624552
340,5.831882477283517,18.439088914585774,84.81467611163166
341,5.834810737062605,18.466185312619388,84.99329801222629
342,5.8377304471659395,18.49324200890693,85.17176522765183
343,5.840641657373398,18.520259177452136,85.35007834357498
344,5.84354441703136,18.547236990991408,85.52823794174438
345,5.846438775057725,18.57417562100671,85.70624460002873
346,5.849324779946859,18.601075237738275,85.88409889245362
347,5.8522024797744745,18.627936010197157,86.0618013892379
348,5.855071922202427,18.65475810617763,86.23935265682987
349,5.857933154483459,18.681541692269406,86.41675325794336
350,5.860786223465865,18.708286933869708,86.59400375159245
351,5.863631175598097,18.734993995195193,86.77110469312656
352,5.8664680569332965,18.76166303929372,86.94805663426504
353,5.869296913133774,18.788294228055936,87.1248601231305
354,5.872117789475416,18.81488772222678,87.30151570428313
355,5.87493073085203,18.841443681416774,87.47802391875355
356,5.877735781779639,18.867962264113206,87.65438530407512
357,5.8805329864007,18.894443627691185,87.83060039431702
358,5.883322388488279,18.920887928424502,88.00666972011584
359,5.886104031450156,18.947295321496416,88.18259380870721
360,5.8888779583328805,18.973665961010276,88.35837318395686
361,5.8916442118257715,19.0,88.53400836639187
362,5.8944028342648505,19.026297590440446,88.70949987323071
363,5.8971538676367405,19.05255888325765,88.88484821841351
364,5.8998973535824915,19.078784028338912,89.06005391263183
365,5.902633333401366,19.1049731745428,89.23511746335802
366,5.905361848054571,19.131126469708992,89.41003937487446
367,5.908082938168931,19.157244060668017,89.58482014830179
368,5.910796644040527,19.183326093250876,89.75946028162778
369,5.91350300563827,19.209372712298546,89.93396026973525
370,5.916202062607435,19.235384061671343,90.10832060442974
371,5.918893854273146,19.261360284258224,90.28254177446671
372,5.921578419643816,19.28730152198591,90.45662426557901
373,5.924255797414532,19.313207915827967,90.63056856050329
374,5.926926025970411,19.339079605813716,90.80437513900677
375,5.929589143389895,19.364916731037084,90.97804447791306
376,5.932245187448011,19.390719429665317,91.15157705112856
377,5.934894195619588,19.4164878389476,91.32497332966709
378,5.937536205082426,19.44222209522358,91.49823378167632
379,5.940171252720432,19.467922333931785,91.67135887246182
380,5.942799375126701,19.493588689617926,91.84434906451214
381,5.945420608606575,19.519221295943137,92.01720481752334
382,5.948034989180646,19.544820285692065,92.18992658842275
383,5.950642552587727,19.570385790780925,92.36251483139337
384,5.953243334287785,19.595917942265423,92.53496999789697
385,5.955837369464831,19.621416870348583,92.70729253669764
386,5.958424693029782,19.6468827043885,92.87948289388517
387,5.961005339623274,19.672315572906,93.05154151289729
388,5.963579343618446,19.697715603592208,93.2234688345426
389,5.966146739123692,19.72308292331602,93.39526529702292
390,5.968707559985366,19.748417658131498,93.56693133595526
391,5.971261839790462,19.77371993328519,93.73846738439362
392,5.973809611869261,19.79898987322333,93.90987387285071
393,5.976350909297934,19.82422760159901,94.08115122931916
394,5.978885764901122,19.849433241279208,94.25229987929272
395,5.981414211254481,19.87460691435179,94.42332024578725
396,5.983936280687191,19.8997487421324,94.59421274936119
397,5.986452005284438,19.924858845171276,94.76497780813614
398,5.988961416889864,19.949937343260004,94.93561583781684
399,5.991464547107982,19.974984355438178,95.10612725171181
400,5.993961427306569,20.0,95.27651246075229
401,5.996452088619021,20.024984394500787,95.44677187351229
402,5.998936561946683,20.049937655763422,95.61690589622815
403,6.0014148779611505,20.074859899884732,95.78691493281721
404,6.003887067106539,20.09975124224178,95.95679938489681
405,6.0063531596017325,20.12461179749811,96.12655965180373
406,6.008813185442595,20.149441679609886,96.29619613061182
407,6.0112671744041615,20.174241001832016,96.46570921615088
408,6.013715156042802,20.199009876724155,96.63509930102485
409,6.016157159698354,20.223748416156685,96.80436677562942
410,6.018593214496234,20.248456731316587,96.97351202817028
411,6.021023349349527,20.273134932713294,97.14253544468026
412,6.023447592961033,20.29778313018444,97.31143740903713
413,6.025865973825314,20.322401432901575,97.48021830298067
414,6.028278520230698,20.346989949375804,97.6488785061297
415,6.030685260261263,20.37154878746336,97.817418395999
416,6.0330862217988015,20.396078054371138,97.98583834801575
417,6.035481432524756,20.42057785666214,98.1541387355367
418,6.037870919922137,20.445048300260872,98.32231992986382
419,6.040254711277414,20.46948949045872,98.49038230026106
420,6.042632833682381,20.493901531919196,98.65832621396981
421,6.045005314036012,20.518284528683193,98.82615203622545
422,6.0473721790462776,20.54263858417414,98.99386013027231
423,6.049733455231958,20.566963801203133,99.16145085737983
424,6.052089168924417,20.591260281974,99.32892457685745
425,6.054439346269371,20.615528128088304,99.49628164607037
426,6.056784013228625,20.639767440550294,99.66352242045403
427,6.059123195581797,20.663978319771825,99.83064725352946
428,6.061456918928017,20.688160865577203,99.99765649691786
429,6.063785208687608,20.71231517720798,100.16455050035543
430,6.066108090103747,20.73644135332772,100.33132961170743
431,6.068425588244111,20.760539492026695,100.49799417698317
432,6.07073772800249,20.784609690826528,100.6645445403493
433,6.073044534100405,20.808652046684813,100.83098104414472
434,6.075346031088684,20.83266665599966,100.99730402889396
435,6.077642243349034,20.85665361461421,101.16351383332126
436,6.07993319509559,20.8806130178211,101.32961079436392
437,6.082218910376446,20.904544960366874,101.49559524718616
438,6.0844994130751715,20.92844953645635,101.66146752519194
439,6.0867747269123065,20.952326839756964,101.82722796003884
440,6.089044875446846,20.97617696340303,101.9928768816507
441,6.091309882077698,21.0,102.15841461823075
442,6.093569770045136,21.02379604162864,102.32384149627454
443,6.095824562432225,21.047565179849187,102.48915784058264
444,6.09807428216624,21.071307505705477,102.65436397427304
445,6.100318952020064,21.095023109728988,102.81946021879392
446,6.102558594613569,21.118712081942874,102.98444689393591
447,6.104793232414985,21.142374511865974,103.14932431784425
448,6.1070228877422545,21.166010488516726,103.31409280703106
449,6.1092475827643655,21.18962010041709,103.47875267638697
450,6.111467339502679,21.213203435596427,103.64330423919377
451,6.113682179832232,21.236760581595302,103.80774780713548
452,6.115892125483034,21.2602916254693,103.97208369031026
453,6.118097198041348,21.283796653792763,104.13631219724202
454,6.12029741895095,21.307275752662516,104.30043363489179
455,6.1224928095143865,21.330729007701542,104.46444830866938
456,6.124683390894205,21.354156504062622,104.62835652244385
457,6.126869184114185,21.37755832643195,104.7921585785555
458,6.129050210060545,21.400934559032695,104.95585477782632
459,6.131226489483141,21.42428528562855,105.1194454195713
460,6.133398042996649,21.447610589527216,105.2829308016089
461,6.135564891081739,21.470910553583888,105.4463112202718
462,6.137727054086234,21.494185260204677,105.609586970418
463,6.139884552226255,21.517434791350013,105.77275834544055
464,6.142037405587356,21.540659228538015,105.93582563727881
465,6.144185634125646,21.563858652847824,106.09878913642814
466,6.1463292576688975,21.587033144922902,106.26164913195015
467,6.148468295917647,21.61018278497431,106.42440591148342
468,6.150602768446279,21.633307652783937,106.58705976125302
469,6.152732694704104,21.656407827707714,106.74961096608041
470,6.154858094016418,21.6794833886788,106.91205980939375
471,6.156978985585555,21.702534414210707,107.07440657323721
472,6.159095388491933,21.72556098240043,107.23665153828101
473,6.161207321695077,21.748563170931547,107.39879498383053
474,6.163314804034641,21.77154105707724,107.5608371878365
475,6.16541785423142,21.79449471770337,107.72277842690377
476,6.1675164908883415,21.817424229271428,107.88461897630091
477,6.169610732491456,21.840329667841555,108.04635910996988
478,6.171700597410915,21.863211109075447,108.20799910053422
479,6.173786103901937,21.88606862823929,108.36953921930888
480,6.175867270105761,21.908902300206645,108.53097973630928
481,6.1779441140506,21.93171219946131,108.69232092025958
482,6.180016653652572,21.95449840010015,108.8535630386023
483,6.182084906716632,21.97726097583591,109.01470635750643
484,6.184148890937483,22.0,109.1757511418764
485,6.186208623900494,22.02271554554524,109.33669765536094
486,6.18826412308259,22.045407685048602,109.49754616036117
487,6.1903154058531475,22.06807649071391,109.65829691803916
488,6.192362489474872,22.090722034374522,109.81895018832635
489,6.194405391104672,22.11334438749598,109.97950622993226
490,6.19644412779452,22.135943621178654,110.13996530035193
491,6.198478716492308,22.15851980616034,110.30032765587484
492,6.20050917404269,22.181073012818835,110.46059355159244
493,6.202535517187923,22.20360331117452,110.6207632414064
494,6.20455776256869,22.22611077089287,110.78083697803675
495,6.206575926724928,22.24859546128699,110.94081501302948
496,6.208590026096629,22.271057451320086,111.10069759676449
497,6.210600077024653,22.293496809607955,111.26048497846311
498,6.212606095751519,22.315913604421397,111.42017740619629
499,6.214608098422191,22.338307903688676,111.57977512689143
500,6.2166061010848646,22.360679774997898,111.73927838634089
501,6.218600119691729,22.38302928559939,111.89868742920864
502,6.220590170099739,22.40535650240808,112.05800249903805
503,6.222576268071369,22.427661492005804,112.21722383825926
504,6.22455842927536,22.44994432064365,112.37635168819628
505,6.226536669287466,22.47220505424423,112.53538628907457
506,6.2285110035911835,22.494443758403985,112.69432788002779
507,6.230481447578482,22.516660498395403,112.85317669910533
508,6.2324480165505225,22.538855339169288,113.01193298327865
509,6.234410725718371,22.561028345356956,113.17059696844933
510,6.236369590203704,22.58317958127243,113.32916888945506
511,6.238324625039508,22.60530911091463,113.48764898007693
512,6.240275845170769,22.627416997969522,113.64603747304619
513,6.2422232654551655,22.64950330581225,113.8043346000512
514,6.244166900663736,22.67156809750927,113.96254059174348
515,6.246106765481563,22.693611435820433,114.12065567774523
516,6.248042874508429,22.715633383201094,114.27868008665516
517,6.249975242259483,22.737634001804146,114.43661404605554
518,6.251903883165888,22.759613353482084,114.5944577825185
519,6.253828811575473,22.781571499789035,114.75221152161228
520,6.255750041753367,22.80350850198276,114.9098754879079
521,6.257667587882639,22.825424421026653,115.06744990498521
522,6.259581464064923,22.847319317591726,115.22493499543954
523,6.261491684321042,22.869193252058544,115.38233098088716
524,6.263398262591624,22.891046284519195,115.53963808197253
525,6.26530121273771,22.9128784747792,115.69685651837348
526,6.267200548541362,22.93468988235943,115.85398650880771
527,6.269096283706261,22.956480566497994,116.01102827103868
528,6.270988431858299,22.978250586152114,116.16798202188167
529,6.272877006546167,23.0,116.3248479772096
530,6.274762021241939,23.021728866442675,116.48162635195911
531,6.2766434893416445,23.043437243605826,116.63831736013563
532,6.278521424165844,23.065125189341593,116.79492121482056
533,6.280395838960195,23.08679276123039,116.95143812817565
534,6.282266746896006,23.108440016582687,117.10786831144915
535,6.284134161070802,23.130067012440755,117.26421197498175
536,6.285998094508865,23.15167380558045,117.42046932821191
537,6.2878585601617845,23.173260452512935,117.5766405796812
538,6.289715570908998,23.194827009486403,117.7327259370401
539,6.29156913955832,23.2163735324878,117.8887256070536
540,6.293419278846481,23.2379000772445,118.04463979560589
541,6.295266001439646,23.259406699226016,118.20046870770672
542,6.297109319933935,23.280893453645632,118.35621254749604
543,6.298949246855942,23.302360395462088,118.51187151824949
544,6.300785794663244,23.323807579381203,118.66744582238343
545,6.302618975744905,23.345235059857504,118.82293566146073
546,6.304448802421981,23.366642891095847,118.9783412361953
547,6.306275286948016,23.388031127053,119.13366274645739
548,6.3080984415095305,23.40939982143925,119.28890039127884
549,6.309918278226516,23.430749027719962,119.44405436885833
550,6.311734809152915,23.45207879911715,119.59912487656543
551,6.313548046277095,23.473389188611005,119.75411211094679
552,6.315358001522335,23.49468024894146,119.90901626773011
553,6.317164686747284,23.515952032609693,120.06383754182953
554,6.318968113746434,23.53720459187964,120.21857612735035
555,6.320768294250582,23.558437978779494,120.3732322175939
556,6.322565239927284,23.57965224510319,120.52780600506203
557,6.324358962381311,23.600847442411894,120.68229768146232
558,6.326149473155099,23.62202362203543,120.83670743771226
559,6.327936783729195,23.643180835073778,120.9910354639444
560,6.329720905522696,23.664319132398465,121.14528194951059
561,6.331501849893691,23.68543856465402,121.29944708298687
562,6.333279628139691,23.706539182259394,121.45353105217772
563,6.335054251498059,23.727621035409346,121.607534044121
564,6.336825731146441,23.748684174075834,121.76145624509194
565,6.338594078203183,23.769728648009426,121.91529784060803
566,6.340359303727752,23.790754506740637,122.06905901543291
567,6.342121418721152,23.811761799581316,122.22273995358174
568,6.343880434126331,23.83275057562597,122.37634083832431
569,6.345636360828596,23.853720883753127,122.52986185219014
570,6.3473892096560105,23.874672772626646,122.68330317697273
571,6.349138991379798,23.895606290697042,122.83666499373346
572,6.35088571671474,23.916521486202797,122.98994748280636
573,6.352629396319567,23.93741840717165,123.14315082380143
574,6.354370040797351,23.958297101421877,123.29627519560987
575,6.3561076606958915,23.979157616563597,123.44932077640745
576,6.3578422665081,24.0,123.6022877436587
577,6.359573868672378,24.020824298928627,123.75517627412144
578,6.361302477572996,24.041630560342615,123.90798654385023
579,6.363028103540465,24.06241883103193,124.06071872820077
580,6.364750756851911,24.08318915758459,124.21337300183357
581,6.366470447731438,24.1039415863879,124.3659495387182
582,6.368187186350492,24.124676163629637,124.51844851213698
583,6.369900982828227,24.145392935299274,124.67087009468936
584,6.371611847231857,24.166091947189145,124.82321445829481
585,6.373319789577012,24.186773244895647,124.97548177419768
586,6.375024819828097,24.20743687382041,125.12767221297023
587,6.376726947898627,24.228082879171435,125.27978594451692
588,6.3784261836515865,24.24871130596428,125.43182313807813
589,6.380122536899765,24.269322199023193,125.58378396223333
590,6.3818160174060985,24.289915602982237,125.73566858490553
591,6.3835066348840055,24.310491562286437,125.88747717336445
592,6.385194398997726,24.331050121192877,126.0392098942301
593,6.386879319362645,24.351591323771842,126.19086691347685
594,6.38856140554563,24.372115213907882,126.34244839643695
595,6.39024066706535,24.392621835300936,126.49395450780338
596,6.391917113392602,24.413111231467404,126.64538541163428
597,6.393590753950631,24.43358344574123,126.79674127135597
598,6.395261598115449,24.454038521274967,126.94802224976674
599,6.396929655216146,24.474476501040833,127.0992285090398
600,6.398594934535208,24.49489742783178,127.2503602107273
601,6.400257445308821,24.515301344262525,127.40141751576346
602,6.401917196727186,24.535688292770594,127.55240058446778
603,6.403574197934815,24.55605831561735,127.70330957654892
604,6.405228458030842,24.576411454889016,127.85414465110759
605,6.406879986069314,24.596747752497688,128.00490596663997
606,6.408528791059498,24.61706725018234,128.15559368104104
607,6.410174881966167,24.63736998950984,128.30620795160792
608,6.411818267709897,24.657656011875904,128.45674893504275
609,6.413458957167357,24.677925358506133,128.60721678745682
610,6.415096959171596,24.698178070456937,128.7576116643725
611,6.416732282512326,24.71841418861655,128.9079337207273
612,6.418364935936212,24.73863375370596,129.05818311087705
613,6.419994928147142,24.758836806279895,129.20835998859846
614,6.421622267806518,24.779023386727733,129.35846450709255
615,6.423246963533519,24.79919353527449,129.5084968189879
616,6.424869023905388,24.819347291981714,129.65845707634352
617,6.42648845745769,24.839484696748443,129.80834543065194
618,6.428105272684596,24.859605789312106,129.95816203284204
619,6.429719478039138,24.879710609249457,130.1079070332824
620,6.431331081933479,24.899799195977465,130.2575805817842
621,6.432940092739179,24.919871588754223,130.40718282760395
622,6.434546518787453,24.939927826679853,130.5567139194468
623,6.436150368369428,24.95996794869737,130.70617400546882
624,6.437751649736401,24.979991993593593,130.85556323328072
625,6.439350371100098,25.0,131.00488174995016
626,6.440946540632921,25.019992006393608,131.154129702005
627,6.4425401664681985,25.03996805109783,131.30330723543582
628,6.444131256700441,25.059928172283335,131.45241449569866
629,6.4457198193855785,25.079872407968907,131.6014516277183
630,6.447305862541213,25.099800796022265,131.75041877589055
631,6.448889394146858,25.11971337416094,131.89931608408543
632,6.450470422144176,25.13961017995307,132.04814369564954
633,6.452048954437226,25.15949125081825,132.19690175340918
634,6.453624998892692,25.179356624028344,132.3455903996727
635,6.455198563340122,25.199206336708304,132.4942097762332
636,6.456769655572163,25.219040425836983,132.64276002437146
637,6.45833828334479,25.238858928247925,132.79124128485861
638,6.459904454377535,25.25866188063018,132.93965369795868
639,6.461468176353717,25.278449319529077,133.08799740343056
640,6.46302945692067,25.298221281347036,133.2362725405321
641,6.464588303689961,25.317977802344327,133.38447924802102
642,6.466144724237619,25.337718918639855,133.53261766415872
643,6.467698726104354,25.357444666211933,133.6806879267123
644,6.4692503167957724,25.37715508089904,133.82869017295695
645,6.470799503782602,25.39685019840059,133.97662453967902
646,6.472346294500901,25.41653005427767,134.12449116317794
647,6.473890696352274,25.436194683953808,134.27229017926877
648,6.47543271670409,25.45584412271571,134.42002172328512
649,6.476972362889683,25.475478405713993,134.5676859300814
650,6.478509642208569,25.495097567963924,134.71528293403497
651,6.480044561926653,25.514701644346147,134.86281286904853
652,6.481577129276431,25.534290669607408,135.0102758685533
653,6.483107351457199,25.553864678361276,135.15767206551044
654,6.484635235635252,25.573423705088842,135.30500159241384
655,6.486160788944089,25.592967784139454,135.45226458129255
656,6.48768401848461,25.612496949731394,135.59946116371322
657,6.489204931325317,25.632011235952593,135.74659147078208
658,6.490723534502507,25.65151067676132,135.893655633147
659,6.492239835020471,25.67099530598687,136.04065378100097
660,6.493753839851686,25.69046515733026,136.18758604408293
661,6.495265555937008,25.709920264364882,136.33445255168118
662,6.4967749901858625,25.729360660537214,136.48125343263462
663,6.498282149476434,25.748786379167466,136.62798881533607
664,6.499787040655854,25.768197453450252,136.77465882773365
665,6.501289670540389,25.787593916455254,136.9212635973329
666,6.502790045915623,25.80697580112788,137.06780325120027
667,6.504288173536645,25.826343140289914,137.21427791596363
668,6.505784060128229,25.84569596664017,137.36068771781507
669,6.507277712385012,25.865034312755125,137.5070327825138
670,6.508769136971682,25.88435821108957,137.65331323538695
671,6.51025834052315,25.903667693977237,137.79952920133286
672,6.511745329644728,25.92296279363144,137.94568080482227
673,6.513230110912307,25.942243542145693,138.09176816990146
674,6.51471269087253,25.96150997149434,138.23779142019302
675,6.516193076042964,25.98076211353316,138.38375067889908
676,6.517671272912275,26.0,138.52964606880255
677,6.519147287940395,26.019223662515376,138.67547771226992
678,6.520621127558696,26.038433132583073,138.82124573125265
679,6.522092798170152,26.057628441590765,138.96695024728913
680,6.523562306149512,26.076809620810597,139.11259138150766
681,6.525029657843462,26.095976701399778,139.25816925462686
682,6.52649485957079,26.115129714401192,139.40368398695946
683,6.52795791762255,26.13426869074396,139.54913569841264
684,6.529418838262226,26.153393661244042,139.69452450849099
685,6.530877627725885,26.1725046566048,139.83985053629803
686,6.532334292222349,26.19160170741759,139.98511390053847
687,6.5337888379333435,26.210684844162312,140.13031471951942
688,6.535241271013659,26.229754097208,140.2754531111535
689,6.536691597591305,26.248809496813376,140.42052919295918
690,6.53813982376767,26.267851073127396,140.56554308206412
691,6.539585955617669,26.28687885618983,140.7104948952064
692,6.541029999189903,26.30589287593181,140.8553847487359
693,6.542471960506805,26.324893162176366,141.0002127586172
694,6.543911845564792,26.343879744638983,141.14497904043043
695,6.54534966033442,26.362852652928137,141.28968370937383
696,6.546785410760524,26.38181191654584,141.43432688026485
697,6.548219102762372,26.40075756488817,141.57890866754298
698,6.54965074223381,26.419689627245813,141.7234291852702
699,6.551080335043404,26.43860813280457,141.86788854713384
700,6.55250788703459,26.457513110645905,142.01228686644808
701,6.553933404025811,26.476404589747453,142.15662425615528
702,6.555356891810665,26.49528259898354,142.30090082882833
703,6.556778356158042,26.514147167125703,142.44511669667182
704,6.558197802812269,26.5329983228432,142.58927197152448
705,6.559615237493242,26.551836094703507,142.73336676485997
706,6.561030665896573,26.570660511172846,142.8774011877894
707,6.56244409369372,26.589471600616662,143.0213753510625
708,6.5638555265321274,26.60826939130014,143.16528936506955
709,6.565264970035361,26.627053911388696,143.3091433398433
710,6.566672429803241,26.645825188948457,143.45293738505978
711,6.568077911411976,26.664583251946766,143.59667161004106
712,6.569481420414296,26.68332812825267,143.74034612375596
713,6.570882962339584,26.70205984563738,143.88396103482228
714,6.5722825426940075,26.720778431774775,144.02751645150798
715,6.573680166960646,26.739483914241877,144.17101248173327
716,6.57507584059962,26.758176320519304,144.31444923307205
717,6.576469569048224,26.77685567799177,144.45782681275296
718,6.577861357721047,26.795522013948524,144.6011453276617
719,6.579251212010101,26.814175355583846,144.74440488434254
720,6.580639137284949,26.832815729997478,144.88760558899935
721,6.582025138892826,26.851443164195103,145.03074754749755
722,6.583409222158765,26.870057685088806,145.1738308653657
723,6.584791392385716,26.888659319497503,145.3168556477968
724,6.586171654854675,26.90724809414742,145.45982199965013
725,6.587550014824796,26.92582403567252,145.60273002545216
726,6.588926477533519,26.94438717061496,145.74557982939928
727,6.590301048196686,26.962937525425527,145.8883715153574
728,6.591673732008658,26.981475126464083,146.03110518686557
729,6.593044534142437,27.0,146.17378094713587
730,6.594413459749778,27.018512172212592,146.31639889905568
731,6.595780513961311,27.03701166919155,146.45895914518877
732,6.597145701886651,27.055498516937366,146.601461787777
733,6.598509028614515,27.073972741361768,146.74390692874175
734,6.5998704992128365,27.09243436828813,146.88629466968518
735,6.601230118728877,27.110883423451916,147.02862511189178
736,6.602587892189336,27.129319932501073,147.17089835632993
737,6.6039438246004725,27.147743920996454,147.31311450365286
738,6.6052979209482015,27.16615541441225,147.4552736542007
739,6.606650186198215,27.184554438136374,147.59737590800148
740,6.608000625296087,27.202941017470888,147.73942136477245
741,6.60934924316738,27.2213151776324,147.88141012392157
742,6.610696044717759,27.23967694375247,148.02334228454941
743,6.612041034833092,27.258026340878022,148.1652179454493
744,6.61338421837956,27.27636339397171,148.30703720511005
745,6.61472560020376,27.294688127912362,148.4488001617162
746,6.616065185132817,27.313000567495326,148.59050691315002
747,6.617402977974478,27.331300737432898,148.73215755699277
748,6.618738983517219,27.349588662354687,148.87375219052566
749,6.620073206530356,27.367864366808018,149.0152909107317
750,6.621405651764134,27.386127875258307,149.15677381429668
751,6.62273632394984,27.40437921208944,149.2982009976103
752,6.6240652277998935,27.422618401604176,149.43957255676798
753,6.625392368007956,27.440845468024488,149.58088858757162
754,6.626717749249025,27.459060435491963,149.72214918553146
755,6.628041376179533,27.477263328068172,149.8633544458667
756,6.6293632534374485,27.49545416973504,150.00450446350737
757,6.630683385642372,27.51363298439521,150.1455993330952
758,6.63200177739563,27.53179979587241,150.2866391489848
759,6.633318433280377,27.54995462791182,150.42762400524552
760,6.634633357861686,27.568097504180443,150.56855399566183
761,6.635946555686647,27.586228448267445,150.70942921373538
762,6.637258031284457,27.60434748368452,150.85024975268576
763,6.638567789166521,27.622454633866266,150.9910157054516
764,6.639875833826536,27.640549922170507,151.13172716469214
765,6.641182169740591,27.65863337187866,151.27238422278816
766,6.642486801367256,27.676705006196094,151.41298697184348
767,6.643789733147672,27.694764848252458,151.5535355036859
768,6.645090969505644,27.712812921102035,151.69402990986848
769,6.646390514847729,27.730849247724095,151.83447028167055
770,6.647688373563329,27.748873851023216,151.97485671009906
771,6.648984550024776,27.76688675382964,152.11518928588978
772,6.650279048587422,27.784887978899608,152.25546809950862
773,6.651571873589727,27.80287754891569,152.3956932411521
774,6.652863029353347,27.820855486487112,152.53586480074938
775,6.654152520183219,27.83882181415011,152.6759828679627
776,6.655440350367647,27.85677655436824,152.8160475321886
777,6.656726524178391,27.874719729532707,152.95605888255972
778,6.658011045870748,27.892651361962706,153.09601700794508
779,6.659293919683638,27.910571473905726,153.2359219969519
780,6.660575149839686,27.92848008753788,153.3757739379259
781,6.661854740545311,27.94637722496424,153.5155729189532
782,6.663132695990803,27.964262908219126,153.65531902786086
783,6.664409020350408,27.982137159266443,153.79501235221824
784,6.665683717782408,28.0,153.93465297933815
785,6.666956792429207,28.0178514522438,154.0742409962778
786,6.668228248417403,28.035691537752374,154.2137764898398
787,6.669498089857879,28.053520278211074,154.35325954657316
788,6.670766320845874,28.071337695236398,154.49269025277488
789,6.672032945461067,28.089143810376278,154.6320686944903
790,6.673297967767654,28.106938645110393,154.77139495751447
791,6.674561391814426,28.124722220850465,154.91066912739365
792,6.675823221634848,28.142494558940577,155.0498912894252
793,6.677083461247136,28.160255680657446,155.18906152865972
794,6.678342114654332,28.178005607210743,155.328179929902
795,6.679599185844383,28.19574435974337,155.467246577711
796,6.680854678790215,28.21347195933177,155.60626155640188
797,6.682108597449809,28.231188426986208,155.74522495004683
798,6.683360945766275,28.24889378365107,155.88413684247598
799,6.684611727667927,28.26658805020514,156.02299731727788
800,6.68586094706836,28.284271247461902,156.1618064578016
801,6.687108607866515,28.30194339616981,156.30056434715678
802,6.688354713946762,28.319604517012593,156.43927106821513
803,6.6895992691789665,28.337254630609507,156.5779267036109
804,6.690842277418564,28.35489375751565,156.7165313357423
805,6.692083742506628,28.372521918222215,156.8550850467726
806,6.693323668269949,28.39013913315678,156.99358791863054
807,6.694562058521095,28.407745422683583,157.13204003301158
808,6.695798917058491,28.42534080710379,157.27044147137886
809,6.697034247666484,28.442925306655784,157.4087923149644
810,6.698268054115413,28.460498941515414,157.54709264476932
811,6.699500340161678,28.478061731796284,157.68534254156563
812,6.70073110954781,28.495613697550013,157.8235420858966
813,6.70196036600254,28.513154858766505,157.96169135807787
814,6.703188113240863,28.53068523537421,158.09979043819845
815,6.704414354964107,28.548204847240395,158.2378394061211
816,6.705639094860003,28.5657137141714,158.37583834148447
817,6.706862336602747,28.583211855912904,158.51378732370262
818,6.70808408385307,28.600699292150182,158.65168643196685
819,6.709304340258298,28.61817604250837,158.78953574524581
820,6.710523109452428,28.635642126552707,158.9273353422874
821,6.71174039505618,28.653097563788805,159.06508530161904
822,6.71295620067707,28.6705423736629,159.2027857015481
823,6.714170529909472,28.687976575562104,159.34043662016424
824,6.715383386334681,28.705400188814647,159.4780381353385
825,6.716594773520978,28.722813232690143,159.6155903247253
826,6.717804695023691,28.74021572639983,159.75309326576334
827,6.71901315438526,28.75760768909681,159.8905470356758
828,6.720220155135295,28.77498913987632,160.02795171147181
829,6.721425700790643,28.792360097775937,160.16530736994665
830,6.7226297948554485,28.809720581775867,160.3026140876835
831,6.723832440821209,28.827070610799147,160.43987194105353
832,6.725033642166843,28.844410203711913,160.577081006217
833,6.726233402358747,28.861739379323623,160.7142413591241
834,6.727431724850855,28.879058156387302,160.85135307551562
835,6.728628613084702,28.89636655359978,160.98841623092426
836,6.729824070489475,28.91366458960192,161.1254309006748
837,6.731018100482083,28.930952282978865,161.26239715988538
838,6.732210706467206,28.948229652260256,161.39931508346822
839,6.733401891837359,28.965496715920477,161.53618474613035
840,6.734591659972948,28.982753492378876,161.67300622237417
841,6.7357800142423265,29.0,161.80977958649893
842,6.736966958001855,29.017236257093817,161.94650491260097
843,6.738152494595957,29.03446228191595,162.08318227457454
844,6.739336627357174,29.0516780926679,162.21981174611278
845,6.740519359606223,29.068883707497267,162.35639340070875
846,6.741700694652055,29.086079144497972,162.4929273116553
847,6.742880635791903,29.103264421710495,162.62941355204697
848,6.744059186311348,29.120439557122072,162.76585219478008
849,6.745236349484363,29.13760456866693,162.90224331255357
850,6.7464121285733745,29.154759474226502,163.03858697787
851,6.747586526829315,29.171904291629644,163.17488326303592
852,6.748759547491679,29.189039038652847,163.31113224016323
853,6.74993119378857,29.206163733020468,163.44733398116938
854,6.75110146893676,29.223278392404914,163.58348855777848
855,6.752270376141742,29.24038303442689,163.71959604152133
856,6.75343791859778,29.257477676655586,163.8556565037378
857,6.754604099487962,29.274562336608895,163.99167001557524
858,6.755768921984255,29.29163703175362,164.1276366479915
859,6.756932389247553,29.30870177950569,164.26355647175387
860,6.7580945044277305,29.32575659723036,164.3994295574411
861,6.759255270663693,29.34280150224242,164.53525597544342
862,6.760414691083428,29.359836511806396,164.67103579596335
863,6.761572768804055,29.376861643136763,164.80676908901646
864,6.762729506931879,29.393876913398138,164.94245592443224
865,6.763884908562435,29.410882339705484,165.07809637185468
866,6.7650389767805414,29.427877939124322,165.21369050074307
867,6.7661917146603505,29.444863728670914,165.34923838037238
868,6.767343125265392,29.46183972531247,165.4847400798345
869,6.76849321164863,29.478805945967352,165.62019566803838
870,6.769641976852503,29.49576240750525,165.75560521371102
871,6.77078942390898,29.512709126747414,165.8909687853983
872,6.771935555839602,29.5296461204668,166.0262864514653
873,6.773080375655535,29.546573405388315,166.16155828009727
874,6.774223886357614,29.563490998188964,166.29678433930016
875,6.775366090936392,29.58039891549808,166.43196469690133
876,6.776506992372183,29.597297173897484,166.5670994205504
877,6.777646593635117,29.614185789921695,166.70218857771928
878,6.778784897685177,29.631064780058107,166.83723223570396
879,6.779921907472252,29.647934160747187,166.97223046162418
880,6.78105762593618,29.664793948382652,167.10718332242422
881,6.782192056006791,29.68164415931166,167.2420908848743
882,6.78332520060396,29.698484809834994,167.37695321557015
883,6.784457062637643,29.715315916207253,167.51177038093473
884,6.785587645007929,29.732137494637012,167.64654244721797
885,6.786716950605081,29.748949561287034,167.78126948049766
886,6.787844982309579,29.765752132274432,167.91595154668104
887,6.78897174299217,29.782545223670862,168.05058871150374
888,6.790097235513905,29.79932885150268,168.18518104053155
889,6.7912214627261855,29.816103031751148,168.31972859916132
890,6.792344427470809,29.832867780352597,168.45423145262012
891,6.79346613258001,29.8496231131986,168.5886896659679
892,6.794586580876499,29.866369046136157,168.72310330409599
893,6.795705775173514,29.88310559496787,168.85747243172966
894,6.796823718274855,29.899832775452108,168.99179711342694
895,6.79794041297493,29.916550603303182,169.1260774135812
896,6.799055862058796,29.93325909419153,169.26031339641963
897,6.8001700683022,29.949958263743873,169.3945051260056
898,6.80128303447162,29.966648127543394,169.52865266623834
899,6.802394763324311,29.9833287011299,169.66275608085374
900,6.803505257608338,30.0,169.7968154334248
901,6.804614520062624,30.01666203960727,169.93083078736294
902,6.805722553416985,30.033314835362415,170.06480220591752
903,6.806829360392176,30.04995840263344,170.19872975217723
904,6.807934943699926,30.066592756745816,170.33261348907052
905,6.80903930604298,30.083217912982647,170.46645347936573
906,6.810142450115136,30.099833886584822,170.60024978567216
907,6.811244378601294,30.116440692751194,170.73400247044066
908,6.812345094177479,30.133038346638727,170.86771159596404
909,6.813444599510896,30.14962686336267,171.00137722437762
910,6.814542897259958,30.166206257996713,171.13499941765957
911,6.815639990074331,30.18277654557314,171.26857823763208
912,6.816735880594968,30.199337741083,171.40211374596134
913,6.81783057145415,30.215889859476256,171.53560600415884
914,6.818924065275521,30.23243291566195,171.6690550735808
915,6.82001636467413,30.24896692450835,171.80246101543005
916,6.821107472256465,30.265491900843113,171.93582389075502
917,6.822197390620491,30.28200785945344,172.0691437604521
918,6.823286122355687,30.298514815086232,172.20242068526468
919,6.824373670043086,30.315012782448235,172.33565472578474
920,6.825460036255307,30.331501776206203,172.46884594245233
921,6.826545223556594,30.347981810987037,172.6019943955572
922,6.827629234502852,30.364452901377952,172.7351001452387
923,6.828712071641684,30.380915061926625,172.86816325148678
924,6.829793737512425,30.397368307141328,173.00118377414168
925,6.8308742346461795,30.4138126514911,173.13416177289523
926,6.831953565565855,30.430248109405877,173.26709730729155
927,6.833031732786201,30.44667469527666,173.39999043672634
928,6.834108738813838,30.463092423455635,173.5328412204492
929,6.835184586147301,30.479501308256342,173.66564971756267
930,6.836259277277067,30.495901363953813,173.79841598702316
931,6.837332814685591,30.512292604784715,173.93114008764192
932,6.838405200847344,30.528675044947494,174.06382207808508
933,6.839476438228843,30.54504869860253,174.1964620168742
934,6.840546529288687,30.56141357987225,174.32905996238725
935,6.841615476477592,30.577769702841312,174.4616159728582
936,6.842683282238422,30.59411708155671,174.5941301063784
937,6.843749949006225,30.610455730027933,174.72660242089697
938,6.844815479208263,30.62678566222711,174.85903297422072
939,6.84587987526405,30.643106892089126,174.99142182401496
940,6.846943139585379,30.659419433511783,175.12376902780457
941,6.848005274576363,30.675723300355934,175.2560746429734
942,6.849066282633458,30.692018506445613,175.3883387267658
943,6.8501261661455,30.708305065568176,175.5205613362862
944,6.851184927493743,30.72458299147443,175.6527425285006
945,6.852242569051878,30.740852297878796,175.78488236023597
946,6.853299093186078,30.757112998459398,175.9169808881816
947,6.854354502255021,30.773365106858236,176.0490381688892
948,6.855408798609928,30.789608636681304,176.18105425877323
949,6.856461984594587,30.805843601498726,176.31302921411174
950,6.85751406254539,30.822070014844883,176.44496309104684
951,6.858565034791365,30.83828789021855,176.5768559455845
952,6.859614903654202,30.854497241083024,176.70870783359612
953,6.860663671448287,30.870698080866262,176.8405188108179
954,6.86171134048073,30.886890422961002,176.97228893285234
955,6.862757913051401,30.903074280724887,177.10401825516766
956,6.863803391452954,30.919249667480614,177.23570683309904
957,6.86484777797086,30.93541659651604,177.36735472184893
958,6.8658910748834385,30.95157508108432,177.4989619764869
959,6.866933284461882,30.967725134404045,177.63052865195132
960,6.8679744089702925,30.983866769659336,177.76205480304836
961,6.8690144506657065,31.0,177.8935404844537
962,6.870053411798126,31.016124838541646,178.0249857507122
963,6.871091294610546,31.0322412983658,178.15639065623853
964,6.872128101338986,31.04834939252005,178.28775525531785
965,6.873163834212518,31.064449134018133,178.4190796021059
966,6.874198495453294,31.080540535840107,178.55036375062997
967,6.875232087276577,31.096623610932426,178.68160775478864
968,6.876264611890766,31.11269837220809,178.81281166835254
969,6.877296071497429,31.12876483254676,178.94397554496487
970,6.878326468291325,31.144823004794873,179.07509943814213
971,6.879355804460439,31.160872901765767,179.20618340127393
972,6.880384082186005,31.176914536239792,179.33722748762327
973,6.881411303642535,31.192947920964443,179.4682317503281
974,6.882437470997847,31.20897306865447,179.59919624240055
975,6.883462586413092,31.22498999199199,179.7301210167281
976,6.884486652042782,31.240998703626616,179.86100612607362
977,6.885509670034818,31.25699921617557,179.9918516230761
978,6.88653164253051,31.272991542223778,180.12265756025042
979,6.887552571664617,31.28897569432403,180.2534239899886
980,6.8885724595653635,31.304951684997057,180.38415096455964
981,6.889591308354466,31.32091952673165,180.5148385361105
982,6.890609120147166,31.336879231984796,180.64548675666558
983,6.891625897052253,31.352830813181765,180.77609567812803
984,6.892641641172089,31.368774282716245,180.90666535227987
985,6.893656354602635,31.38470965295043,181.03719583078225
986,6.894670039433482,31.400636936215164,181.16768716517586
987,6.895682697747868,31.416556144810016,181.29813940688143
988,6.8966943316227125,31.432467291003423,181.42855260720037
989,6.897704943128636,31.448370387032774,181.55892681731456
990,6.898714534329988,31.464265445104548,181.68926208828745
991,6.899723107284872,31.480152477394387,181.81955847106389
992,6.900730664045173,31.496031496047245,181.94981601647058
993,6.901737206656574,31.51190251317746,182.08003477521703
994,6.902742737158593,31.52776554086889,182.2102147978956
995,6.903747257584598,31.54362059117501,182.3403561349811
996,6.904750769961838,31.559467676119,182.47045883683285
997,6.905753276311464,31.575306807693888,182.6005229536933
998,6.906754778648554,31.591137997862628,182.73054853568993
999,6.907755278982137,31.606961258558215,182.86053563283446
1000,6.90875477931522,31.622776601683793,182.99048429502417
1001,6.90975328164481,31.63858403911275,183.12039457204122
1002,6.910750787961936,31.654383582688826,183.25026651355412
1003,6.911747300251674,31.670175244226233,183.38010016911744
1004,6.912742820493176,31.68595903550972,183.50989558817233
1005,6.913737350659685,31.701734968294716,183.63965282004685
1006,6.914730892718563,31.71750305430741,183.76937191395692
1007,6.915723448631314,31.73326330524486,183.8990529190051
1008,6.9167150203536085,31.74901573277509,184.0286958841835
1009,6.917705609835305,31.76476034853718,184.1583008583713
1010,6.918695219020472,31.78049716414141,184.28786789033725
1011,6.919683849847411,31.796226191169293,184.41739702873934
1012,6.920671504248683,31.811947441173732,184.54688832212463
1013,6.921658184151129,31.827660925679098,184.6763418189303
1014,6.922643891475888,31.843366656181317,184.805757567484
1015,6.923628628138427,31.85906464414798,184.9351356160039
1016,6.92461239604856,31.874754901018456,185.06447601259882
1017,6.925595197110468,31.89043743820395,185.19377880526937
1018,6.926577033222725,31.906112267087632,185.32304404190734
1019,6.927557906278317,31.921779399024736,185.45227177029687
1020,6.928537818164665,31.937438845342623,185.58146203811467
1021,6.92951677076365,31.953090617340916,185.7106148929297
1022,6.930494765951626,31.96873472629156,185.83973038220418
1023,6.931471805599453,31.984371183438952,185.96880855329397
1024,6.932447891572509,32.0,186.09784945344822
1025,6.933423025730715,32.01562118716424,186.22685312981073
1026,6.934397209928558,32.03123475609393,186.35581962941947
1027,6.93537044601511,32.046840717924134,186.48474899920683
1028,6.9363427358340495,32.0624390837628,186.61364128600115
1029,6.937314081223682,32.07802986469088,186.74249653652532
1030,6.93828448401696,32.09361307176243,186.8713147973986
1031,6.939253946041508,32.109188716004645,187.0000961151363
1032,6.940222469119639,32.12475680841802,187.12884053615002
1033,6.9411900550683745,32.14031735997639,187.25754810674817
1034,6.942156705699469,32.155870381627054,187.3862188731364
1035,6.943122422819428,32.17141588429082,187.51485288141765
1036,6.9440872082295275,32.18695387886216,187.64345017759277
1037,6.945051063725834,32.202484376209235,187.77201080756055
1038,6.946013991099227,32.218007387174026,187.9005348171184
1039,6.946975992135418,32.2335229225724,188.029022251962
1040,6.947937068614969,32.2490309931942,188.15747315768692
1041,6.948897222313312,32.264531609803356,188.28588757978736
1042,6.949856455000773,32.28002478313795,188.41426556365732
1043,6.950814768442584,32.29551052391029,188.5426071545914
1044,6.951772164398911,32.31098884280702,188.67091239778372
1045,6.952728644624869,32.32645975048923,188.79918133832948
1046,6.953684210870537,32.341923257592455,188.92741402122516
1047,6.954638864880987,32.357379374726875,189.05561049136756
1048,6.955592608396297,32.37282811247729,189.18377079355596
1049,6.956545443151569,32.38826948140329,189.31189497249136
1050,6.957497370876951,32.4037034920393,189.43998307277653
1051,6.9584483932976555,32.41913015489465,189.5680351389171
1052,6.959398512133975,32.43454948045371,189.69605121532166
1053,6.960347729101308,32.449961479175904,189.82403134630135
1054,6.961296045910167,32.46536616149585,189.95197557607125
1055,6.962243464266207,32.48076353782343,190.07988394874997
1056,6.963189985870238,32.49615361854384,190.20775650836
1057,6.964135612418245,32.51153641401772,190.3355932988286
1058,6.9650803456014065,32.526911934581186,190.4633943639873
1059,6.966024187106113,32.54228019054596,190.5911597475723
1060,6.966967138613983,32.55764119219941,190.7188894932256
1061,6.967909201801884,32.57299494980466,190.8465836444944
1062,6.968850378341948,32.58834147360065,190.9742422448315
1063,6.96979066990159,32.60368077380221,191.10186533759642
1064,6.970730078143525,32.61901286060018,191.22945296605417
1065,6.97166860472579,32.63433774416144,191.35700517337744
1066,6.9726062513017535,32.64965543462902,191.48452200264495
1067,6.97354301952014,32.66496594212215,191.6120034968432
1068,6.974478911025045,32.68026927673638,191.73944969886608
1069,6.975413927455952,32.69556544854363,191.8668606515155
1070,6.976348070447749,32.71085446759225,191.99423639750125
1071,6.977281341630747,32.72613634390714,192.1215769794415
1072,6.9782137426306985,32.7414110874898,192.24888243986314
1073,6.97914527506881,32.7566787083184,192.37615282120206
1074,6.980075940561763,32.77193921634788,192.50338816580341
1075,6.98100574072173,32.78719262151,192.63058851592166
1076,6.981934677156389,32.802438933713454,192.75775391372125
1077,6.982862751468942,32.817678162843876,192.8848844012767
1078,6.983789965258135,32.83291031876401,193.01198002057288
1079,6.984716320118266,32.848135411313685,193.1390408135048
1080,6.985641817639208,32.863353450309965,193.26606682187918
1081,6.9865664594064265,32.87856444554719,193.3930580874133
1082,6.9874902470009905,32.89376840679705,193.52001465173586
1083,6.988413181999592,32.90896534380867,193.64693655638763
1084,6.98933526597456,32.92415526630866,193.77382384282106
1085,6.990256500493881,32.93933818400121,193.90067655240108
1086,6.99117688712121,32.95451410656816,194.02749472640488
1087,6.992096427415888,32.96968304366907,194.15427840602229
1088,6.9930151229329605,32.984845004941285,194.28102763235657
1089,6.993932975223189,33.0,194.40774244642398
1090,6.994849985833071,33.015148038438355,194.5344228891545
1091,6.9957661563048505,33.03028912982749,194.661069001392
1092,6.996681488176539,33.04542328371661,194.7876808238941
1093,6.9975959829819265,33.06055050963308,194.91425839733282
1094,6.9985096422506015,33.075670817082454,195.04080176229522
1095,6.999422467507961,33.090784215548595,195.16731095928276
1096,7.00033446027523,33.1058907144937,195.293786028712
1097,7.001245622069476,33.12099032335839,195.42022701091526
1098,7.002155954403621,33.13608305156178,195.54663394613996
1099,7.003065458786462,33.15116890850155,195.67300687454974
1100,7.00397413672268,33.166247903554,195.79934583622452
1101,7.004881989712859,33.18132004607411,195.9256508711599
1102,7.005789019253503,33.19638534539566,196.05192201926906
1103,7.00669522683704,33.21144381083123,196.17815932038113
1104,7.007600613951853,33.2264954516723,196.30436281424315
1105,7.00850518208228,33.24154027718932,196.4305325405189
1106,7.009408932708637,33.25657829663178,196.5566685387901
1107,7.010311867307229,33.27160951922825,196.68277084855623
1108,7.011213987350367,33.28663395418648,196.80883950923493
1109,7.01211529430638,33.301651610693426,196.93487456016243
1110,7.01301578963963,33.31666249791537,197.06087604059294
1111,7.013915474810528,33.331666624997915,197.18684398970015
1112,7.014814351275545,33.34666400106613,197.3127784465764
1113,7.01571242048723,33.36165463522455,197.43867945023345
1114,7.016609683894219,33.37663853655727,197.56454703960264
1115,7.017506142941256,33.391615714128,197.69038125353526
1116,7.018401799069201,33.406586176980134,197.81618213080228
1117,7.0192966537150445,33.421549934136806,197.94194971009543
1118,7.020190708311925,33.436506994600975,198.0676840300263
1119,7.02108396428914,33.45145736735546,198.19338512912765
1120,7.02197642307216,33.46640106136302,198.3190530458533
1121,7.022868086082641,33.481338085566414,198.4446878185779
1122,7.023758954738443,33.49626844888845,198.5702894855978
1123,7.024649030453636,33.51119216023208,198.69585808513105
1124,7.025538314638521,33.52610922848042,198.82139365531708
1125,7.026426808699636,33.54101966249684,198.94689623421817
1126,7.027314514039777,33.555923471125034,199.07236585981858
1127,7.028201432058005,33.57082066318904,199.19780257002495
1128,7.029087564149662,33.58571124749333,199.3232064026672
1129,7.029972911706386,33.60059523282288,199.44857739549792
1130,7.030857476116121,33.61547262794322,199.5739155861929
1131,7.0317412587631285,33.63034344160047,199.69922101235193
1132,7.0326242610280065,33.645207682521445,199.824493711498
1133,7.033506484287697,33.66006535941367,199.94973372107793
1134,7.034387929915503,33.67491648096547,200.07494107846324
1135,7.035268599281097,33.689761055846034,200.2001158209493
1136,7.036148493750536,33.704599092705436,200.3252579857564
1137,7.037027614686276,33.71943060017473,200.45036761002905
1138,7.037905963447182,33.734255586866,200.5754447308378
1139,7.038783541388542,33.74907406137241,200.7004893851775
1140,7.039660349862076,33.76388603226827,200.82550160996888
1141,7.040536390215956,33.77869150810907,200.95048144205825
1142,7.04141166379481,33.793490497431605,201.07542891821774
1143,7.042286171939743,33.80828300875393,201.20034407514572
1144,7.0431599159883405,33.823069050575526,201.32522694946675
1145,7.044032897274685,33.83784863137726,201.45007757773212
1146,7.044905117129371,33.85262175962151,201.57489599641963
1147,7.045776576879511,33.8673884437522,201.69968224193397
1148,7.046647277848756,33.88214869219483,201.82443635060736
1149,7.047517221357296,33.896902513356586,201.94915835869875
1150,7.048386408721883,33.91164991562634,202.0738483023952
1151,7.049254841255837,33.926390907374746,202.1985062178116
1152,7.050122520269059,33.94112549695428,202.32313214099017
1153,7.050989447068045,33.95585369269929,202.4477261079021
1154,7.051855622955894,33.97057550292606,202.57228815444682
1155,7.052721049232323,33.98529093593286,202.69681831645173
1156,7.053585727193677,34.0,202.82131662967376
1157,7.05444965813294,34.0147027033899,202.94578312979846
1158,7.055312843339752,34.02939905434711,203.0702178524408
1159,7.05617528410041,34.044089061098404,203.19462083314508
1160,7.057036981697891,34.058772731852805,203.31899210738513
1161,7.057897937411856,34.07345007480164,203.4433317105647
1162,7.0587581525186645,34.08812109811862,203.56763967801754
1163,7.059617628291383,34.10278580995987,203.69191604500764
1164,7.060476365999801,34.11744421846396,203.81616084672925
1165,7.061334366910438,34.132096331752024,203.9403741183071
1166,7.062191632286556,34.14674215792775,204.06455589479745
1167,7.0630481633881725,34.161381705077446,204.18870621118677
1168,7.063903961472068,34.17601498127012,204.31282510239282
1169,7.064759027791802,34.19064199455752,204.4369126032651
1170,7.065613363597717,34.20526275297414,204.56096874858463
1171,7.066466970136958,34.219877264537345,204.68499357306405
1172,7.067319848653476,34.23448553724738,204.8089871113479
1173,7.068172000388042,34.249087579087416,204.9329493980128
1174,7.069023426578259,34.26368339802363,205.05688046756848
1175,7.069874128458572,34.27827300200522,205.18078035445586
1176,7.0707241072602764,34.292856398964496,205.30464909304987
1177,7.071573364211532,34.307433596816885,205.4284867176577
1178,7.072421900537371,34.322004603461025,205.5522932625197
1179,7.07326971745971,34.336569426778794,205.67606876180955
1180,7.074116816197362,34.351128074635334,205.79981324963452
1181,7.074963197966044,34.36568055487916,205.9235267600354
1182,7.075808863978387,34.38022687534217,206.0472093269869
1183,7.076653815443951,34.39476704383968,206.1708609843975
1184,7.077498053569231,34.40930106817051,206.29448176611044
1185,7.078341579557671,34.42382895611701,206.41807170590297
1186,7.079184394609668,34.438350715445125,206.54163083748702
1187,7.080026499922591,34.45286635390443,206.66515919450924
1188,7.080867896690782,34.46737587922817,206.788656810551
1189,7.081708586105575,34.48187929913333,206.9121237191293
1190,7.0825485693553,34.49637662132068,207.03555995369615
1191,7.083387847625295,34.51086785347479,207.15896554763876
1192,7.084226422097916,34.52535300326414,207.28234053428088
1193,7.085064293952548,34.539832078341085,207.40568494688085
1194,7.085901464365611,34.55430508634199,207.52899881863416
1195,7.086737934510577,34.56877203488721,207.6522821826716
1196,7.087573705557973,34.583232931581165,207.7755350720613
1197,7.088408778675395,34.597687784012386,207.89875751980696
1198,7.089243155027514,34.61213659975356,208.02194955884966
1199,7.090076835776092,34.62657938636157,208.14511122206704
1200,7.0909098220799835,34.64101615137755,208.2682425422738
1201,7.091742115095153,34.655446902326915,208.39134355222205
1202,7.0925737159746784,34.66987164671943,208.51441428460126
1203,7.093404625868766,34.68429039204925,208.63745477203858
1204,7.094234845924755,34.698703145794944,208.76046504709842
1205,7.095064377287131,34.713109915419565,208.88344514228376
1206,7.095893221097532,34.72751070837067,209.00639509003545
1207,7.0967213784947605,34.741905532080416,209.12931492273242
1208,7.097548850614793,34.75629439396553,209.25220467269213
1209,7.098375638590786,34.77067730142742,209.37506437217073
1210,7.099201743553092,34.785054261852174,209.4978940533629
1211,7.10002716662926,34.79942528261063,209.62069374840266
1212,7.10085190894405,34.813790371058424,209.74346348936285
1213,7.101675971619444,34.828149534535996,209.8662033082555
1214,7.102499355774649,34.84250278036869,209.9889132370323
1215,7.103322062526113,34.85685011586675,210.1115933075843
1216,7.104144092987527,34.87119154832539,210.23424355174234
1217,7.1049654482698426,34.88552708502482,210.35686400127756
1218,7.105786129481271,34.899856733230294,210.47945468790064
1219,7.106606137727303,34.91418050019218,210.60201564326292
1220,7.107425474110705,34.92849839314596,210.72454689895568
1221,7.108244139731541,34.942810419312295,210.8470484865114
1222,7.109062135687172,34.95711658589707,210.96952043740305
1223,7.1098794630722715,34.97141690009142,211.09196278304384
1224,7.110696122978827,34.9857113690718,211.21437555478906
1225,7.111512116496157,35.0,211.33675878393439
1226,7.112327444710911,35.014282800023196,211.4591125017176
1227,7.113142108707088,35.02855977627399,211.58143673931724
1228,7.113956109566034,35.04283093587046,211.70373152785413
1229,7.114769448366463,35.05709628591621,211.8259968983904
1230,7.115582126184454,35.07135583350036,211.9482328819309
1231,7.116394144093465,35.08560958569767,212.07043950942156
1232,7.117205503164344,35.09985754956849,212.1926168117517
1233,7.1180162044653335,35.11409973215888,212.3147648197526
1234,7.118826249062078,35.12833614050059,212.43688356419798
1235,7.119635638017636,35.14256678161116,212.55897307580474
1236,7.1204443723924875,35.156791662493895,212.68103338523233
1237,7.121252453244542,35.17101079013795,212.80306452308332
1238,7.122059881629142,35.185224171518364,212.92506651990394
1239,7.122866658599083,35.199431813596085,213.04703940618282
1240,7.123672785204607,35.21363372331802,213.16898321235325
1241,7.124478262493424,35.22782990761707,213.29089796879165
1242,7.1252830915107115,35.24202037341219,213.41278370581816
1243,7.126087273299125,35.25620512760839,213.53464045369708
1244,7.126890808898808,35.270384177096794,213.6564682426366
1245,7.1276936993473985,35.2845575287547,213.77826710278936
1246,7.1284959456800365,35.298725189445584,213.90003706425267
1247,7.129297548929373,35.31288716601915,214.02177815706776
1248,7.130098510125578,35.32704346531139,214.14349041122117
1249,7.1308988302963465,35.34119409414458,214.26517385664397
1250,7.1316985104669115,35.35533905932738,214.3868285232123
1251,7.132497551660044,35.369478367654786,214.50845444074758
1252,7.133295954896068,35.38361202590826,214.6300516390161
1253,7.134093721192866,35.397740040855716,214.75162014773008
1254,7.134890851565884,35.41186241925155,214.87315999654712
1255,7.135687347028144,35.4259791678367,214.9946712150704
1256,7.136483208590247,35.4400902933387,215.11615383284928
1257,7.1372784372603855,35.45419580247167,215.23760787937877
1258,7.138073034044347,35.4682957019364,215.35903338410031
1259,7.138866999945524,35.482389998420345,215.48043037640142
1260,7.13966033596492,35.4964786985977,215.6017988856161
1261,7.140453043101158,35.510561809129406,215.72313894102493
1262,7.141245122350491,35.52463933666322,215.84445057185548
1263,7.142036574706803,35.53871128783372,215.96573380728145
1264,7.142827401161621,35.552777669262355,216.08698867642428
1265,7.143617602704121,35.566838487557476,216.20821520835227
1266,7.144407180321139,35.58089374931439,216.32941343208074
1267,7.145196134997171,35.59494346111537,216.45058337657272
1268,7.1459844677143876,35.608987629529715,216.57172507073852
1269,7.146772179452637,35.62302626111375,216.6928385434362
1270,7.147559271189454,35.63705936241092,216.81392382347212
1271,7.148345743900068,35.651086939951774,216.93498093959963
1272,7.149131598557407,35.66510900025401,217.05600992052078
1273,7.149916836132109,35.679125549822544,217.177010794886
1274,7.150701457592526,35.6931365951495,217.29798359129353
1275,7.151485463904735,35.70714214271425,217.41892833829047
1276,7.152268856032539,35.7211421989835,217.53984506437217
1277,7.15305163493748,35.73513677041127,217.66073379798314
1278,7.153833801578843,35.749125863438955,217.78159456751672
1279,7.154615356913663,35.76310948449533,217.9024274013149
1280,7.155396301896734,35.77708763999664,218.023232327669
1281,7.156176637480615,35.79106033634656,218.1440093748198
1282,7.1569563646156364,35.805027579936315,218.26475857095724
1283,7.157735484249907,35.81898937714463,218.38547994422098
1284,7.158513997329321,35.832945734337834,218.50617352270004
1285,7.1592919047975645,35.84689665786984,218.62683933443367
1286,7.160069207596127,35.86084215408221,218.74747740741063
1287,7.160845906664299,35.874782229304195,218.86808776956985
1288,7.161622002939187,35.888716889852724,218.98867044880083
1289,7.162397497355718,35.90264614203248,219.10922547294246
1290,7.1631723908466425,35.91656999213594,219.22975286978502
1291,7.163946684342547,35.93048844644336,219.35025266706887
1292,7.164720378771857,35.94440151122286,219.470724892485
1293,7.165493475060845,35.958309192730404,219.59116957367561
1294,7.166265974133638,35.9722114972099,219.71158673823317
1295,7.16703787691222,35.98610843089316,219.83197641370182
1296,7.167809184316444,36.0,219.95233862757692
1297,7.168579897264035,36.013886210738214,220.0726734073044
1298,7.1693500166706,36.02776706930364,220.1929807802824
1299,7.170119543449628,36.0416425818802,220.31326077386024
1300,7.170888478512505,36.05551275463989,220.43351341533887
1301,7.171656822768514,36.069377593742864,220.55373873197146
1302,7.172424577124845,36.08323710533743,220.67393675096264
1303,7.1731917424865985,36.09709129556009,220.7941074994691
1304,7.173958319756794,36.11094017053558,220.91425100459998
1305,7.174724309836376,36.124783736376884,221.0343672934165
1306,7.175489713624222,36.138621999185304,221.15445639293245
1307,7.176254532017144,36.15245496505044,221.2745183301141
1308,7.1770187659099,36.16628264005025,221.3945531318801
1309,7.177782416195197,36.180105030251084,221.51456082510217
1310,7.1785454837637,36.193922141707716,221.63454143660476
1311,7.179307969504034,36.207733980463345,221.7544949931657
1312,7.180069874302796,36.22154055254967,221.87442152151536
1313,7.1808311990445555,36.235341863986875,221.99432104833747
1314,7.181591944611865,36.24913792078372,222.1141936002696
1315,7.182352111885263,36.26292872893749,222.23403920390223
1316,7.183111701743281,36.27671429443411,222.3538578857797
1317,7.183870715062453,36.29049462324811,222.47364967240006
1318,7.1846291527173145,36.30426972134269,222.59341459021513
1319,7.1853870155804165,36.318039594669756,222.71315266563033
1320,7.186144304522325,36.3318042491699,222.83286392500617
1321,7.186901020411631,36.345563690772494,222.95254839465593
1322,7.187657164114956,36.359317925395686,223.07220610084838
1323,7.188412736496954,36.373066958946424,223.19183706980556
1324,7.1891677384203225,36.38681079732051,223.31144132770515
1325,7.189922170745808,36.40054944640259,223.431018900679
1326,7.190676034332207,36.41428291206625,223.55056981481314
1327,7.191429330036379,36.42801120017397,223.6700940961493
1328,7.192182058713246,36.4417343165772,223.78959177068353
1329,7.1929342212158,36.45545226711637,223.90906286436734
1330,7.193685818395112,36.46916505762094,224.02850740310757
1331,7.194436851100335,36.4828726939094,224.14792541276563
1332,7.195187320178709,36.49657518178932,224.26731691915901
1333,7.195937226475569,36.51027252705737,224.3866819480606
1334,7.19668657083435,36.52396473549935,224.50602052519855
1335,7.197435354096591,36.53765181289022,224.6253326762572
1336,7.198183577101943,36.55133376499413,224.74461842687646
1337,7.198931240688173,36.565010597564445,224.86387780265227
1338,7.199678345691172,36.578682316343766,224.9831108291365
1339,7.200424892944957,36.59234892706397,225.10231753183754
1340,7.201170883281678,36.60601043544625,225.2214979362197
1341,7.201916317531627,36.61966684720111,225.34065206770387
1342,7.202661196523238,36.6333181680284,225.4597799516672
1343,7.203405521083095,36.64696440361739,225.57888161344385
1344,7.20414929203594,36.66060555964672,225.69795707832424
1345,7.204892510204673,36.6742416417845,225.8170063715557
1346,7.205635176410364,36.68787265568828,225.93602951834296
1347,7.206377291472252,36.701498607005135,226.0550265438472
1348,7.207118856207756,36.71511950137164,226.17399747318657
1349,7.2078598714324755,36.72873534441391,226.29294233143733
1350,7.208600337960199,36.742346141747674,226.41186114363234
1351,7.20934025660291,36.75595189897821,226.5307539347619
1352,7.210079628170788,36.76955262170047,226.64962072977454
1353,7.21081845347222,36.78314831549904,226.7684615535753
1354,7.2115567333138015,36.796738985948195,226.8872764310281
1355,7.212294468500341,36.810324638611924,227.00606538695425
1356,7.213031659834869,36.823905279043935,227.12482844613274
1357,7.213768308118642,36.837480912787726,227.24356563330105
1358,7.214504414151143,36.851051545376556,227.36227697315442
1359,7.215239978730097,36.864617182333525,227.48096249034674
1360,7.215975002651466,36.87817782917155,227.59962220949038
1361,7.216709486709457,36.89173349139343,227.71825615515564
1362,7.217443431696533,36.90528417449187,227.8368643518716
1363,7.218176838403408,36.91882988394946,227.95544682412614
1364,7.21890970761906,36.932370625238775,228.07400359636583
1365,7.2196420401307355,36.945906403822335,228.1925346929958
1366,7.220373836723949,36.959437225152655,228.31104013838083
1367,7.221105098182496,36.9729630946723,228.42951995684425
1368,7.221835825288449,36.98648401781386,228.54797417266855
1369,7.222566018822171,37.0,228.66640281009572
1370,7.223295679562314,37.013511046643494,228.78480589332688
1371,7.22402480828583,37.027017163147235,228.903183446523
1372,7.224753405767971,37.04051835490427,229.0215354938039
1373,7.2254814727822945,37.05401462729781,229.13986205924957
1374,7.226209010100671,37.067505985701274,229.2581631669
1375,7.226936018493289,37.080992435478315,229.37643884075405
1376,7.227662498728654,37.094473981982816,229.4946891047714
1377,7.228388451573604,37.107950630558946,229.6129139828719
1378,7.229113877793302,37.12142238654117,229.73111349893432
1379,7.22983877815125,37.134889255254286,229.84928767679935
1380,7.2305631534092925,37.14835124201342,229.96743654026645
1381,7.231287004327616,37.16180835212409,230.0855601130963
1382,7.232010331664759,37.17526059088221,230.20365841901022
1383,7.232733136177615,37.1887079635741,230.32173148168957
1384,7.233455418621439,37.20215047547655,230.43977932477685
1385,7.234177179749849,37.21558813185679,230.55780197187514
1386,7.234898420314831,37.22902093797257,230.67579944654864
1387,7.23561914106675,37.242448899072144,230.79377177232203
1388,7.236339342754344,37.255872020394314,230.91171897268183
1389,7.237059026124737,37.26929030716845,231.02964107107488
1390,7.237778191923443,37.282703764614496,231.1475380909097
1391,7.238496840894365,37.296112397943034,231.2654100555566
1392,7.239214973779806,37.30951621235526,231.3832569883463
1393,7.2399325913204695,37.322915213043046,231.50107891257198
1394,7.240649694255466,37.33630940518894,231.61887585148799
1395,7.241366283322318,37.3496987939662,231.73664782831057
1396,7.242082359256962,37.36308338453881,231.8543948662174
1397,7.242797922793756,37.376463182061514,231.97211698834835
1398,7.243512974665482,37.389838191679836,232.0898142178057
1399,7.24422751560335,37.403208418530085,232.2074865776528
1400,7.244941546337007,37.416573867739416,232.32513409091607
1401,7.2456550675945355,37.429934544425805,232.44275678058375
1402,7.246368080102461,37.44329045369811,232.56035466960643
1403,7.247080584585756,37.456641600656084,232.67792778089728
1404,7.247792581767846,37.469987990390386,232.7954761373315
1405,7.2485040723706105,37.48332962798263,232.91299976174793
1406,7.249215057114389,37.49666651850535,233.03049867694708
1407,7.249925536717988,37.5099986670221,233.14797290569268
1408,7.25063551189868,37.52332607858744,233.26542247071137
1409,7.251344983372214,37.53664875824692,233.38284739469256
1410,7.252053951852814,37.54996671103717,233.50024770028864
1411,7.252762418053187,37.5632799419859,233.6176234101155
1412,7.253470382684528,37.57658845611187,233.73497454675197
1413,7.254177846456518,37.589892258425,233.85230113274
1414,7.254884810077338,37.603191353926334,233.96960319058542
1415,7.255591274253665,37.61648574760805,234.08688074275733
1416,7.256297239690681,37.62977544445356,234.2041338116878
1417,7.257002707092073,37.64306044943742,234.32136241977355
1418,7.257707677160043,37.656340767525464,234.43856658937432
1419,7.258412150595307,37.66961640367472,234.55574634281396
1420,7.259116128097101,37.68288736283355,234.67290170237993
1421,7.259819610363186,37.69615364994153,234.79003269032384
1422,7.260522598089852,37.70941526992961,234.90713932886152
1423,7.261225091971921,37.72267222772003,235.02422164017278
1424,7.261927092702751,37.73592452822641,235.1412796464015
1425,7.262628600974241,37.749172176353746,235.25831336965632
1426,7.2633296174768365,37.76241517699841,235.3753228320096
1427,7.2640301428995295,37.77565353504821,235.492308055499
1428,7.264730177929867,37.78888725538237,235.60926906212586
1429,7.265429723253953,37.8021163428716,235.7262058738569
1430,7.266128779556451,37.815340802378074,235.84311851262296
1431,7.266827347520591,37.82856063875548,235.9600070003204
1432,7.267525427828172,37.841775856849004,236.0768713588094
1433,7.2682230211595655,37.8549864614954,236.19371160991616
1434,7.268920128193722,37.86819245752297,236.3105277754317
1435,7.269616749608169,37.881393849751625,236.4273198771113
1436,7.270312886079025,37.89459064299283,236.54408793667676
1437,7.271008538280992,37.907782842049734,236.66083197581398
1438,7.271703706887368,37.92097045171708,236.77755201617512
1439,7.272398392570047,37.93415347678132,236.89424807937704
1440,7.273092595999522,37.94733192202055,237.0109201870029
1441,7.273786317844895,37.960505792204614,237.12756836060078
1442,7.274479558773871,37.97367509209505,237.24419262168468
1443,7.275172319452771,37.986839826445156,237.3607929917344
1444,7.275864600546533,38.0,237.47736949219566
1445,7.27655640271871,38.01315561749642,237.5939221444799
1446,7.277247726631484,38.02630668366309,237.71045096996474
1447,7.277938572945661,38.03945320322047,237.82695598999373
1448,7.278628942320682,38.05259518088089,237.9434372258764
1449,7.27931883541462,38.06573262134856,238.05989469888874
1450,7.280008252884188,38.07886552931954,238.17632843027332
1451,7.280697195384741,38.09199390948182,238.29273844123838
1452,7.2813856635702825,38.1051177665153,238.4091247529593
1453,7.282073658093465,38.118237105091836,238.5254873865776
1454,7.282761179605593,38.13135192987524,238.6418263632014
1455,7.283448228756631,38.144462245521304,238.75814170390555
1456,7.284134806195205,38.157568056677825,238.8744334297319
1457,7.284820912568604,38.17066936798463,238.9907015616887
1458,7.285506548522785,38.18376618407357,239.1069461207515
1459,7.286191714702382,38.19685850956856,239.2231671278625
1460,7.2868764117507,38.2099463490856,239.33936460393147
1461,7.2875606403097235,38.22302970723278,239.45553856983463
1462,7.288244401020124,38.23610858861032,239.57168904641588
1463,7.288927694521257,38.24918299781056,239.68781605448598
1464,7.289610521451167,38.262252939417984,239.8039196148235
1465,7.290292882446597,38.27531841800928,239.91999974817446
1466,7.2909747781429814,38.28837943815329,240.03605647525168
1467,7.291656209174461,38.301436004411116,240.15208981673644
1468,7.292337176173877,38.31448812133603,240.26809979327712
1469,7.293017679772782,38.3275357934736,240.3840864254898
1470,7.293697720601438,38.34057902536163,240.50004973395886
1471,7.294377299288821,38.353617821530214,240.61598973923594
1472,7.29505641646263,38.36665218650175,240.73190646184077
1473,7.295735072749282,38.379682124790975,240.8477999222613
1474,7.29641326877392,38.39270764090493,240.9636701409535
1475,7.297091005160418,38.40572873934304,241.0795171383411
1476,7.29776828253138,38.41874542459709,241.19534093481678
1477,7.298445101508147,38.43175770115127,241.3111415507409
1478,7.2991214627108,38.44476557348217,241.42691900644215
1479,7.299797366758161,38.45776904605882,241.5426733222182
1480,7.300472814267799,38.47076812334269,241.65840451833466
1481,7.301147805856032,38.48376280978771,241.7741126150262
1482,7.301822342137932,38.49675310984031,241.88979763249574
1483,7.302496423727326,38.50973902793941,242.0054595909151
1484,7.3031700512368,38.52272056851645,242.12109851042464
1485,7.303843225277705,38.535697735995385,242.2367144111337
1486,7.304515946460155,38.54867053479276,242.3523073131212
1487,7.305188215393037,38.561638969317684,242.46787723643357
1488,7.305860032684009,38.57460304397182,242.58342420108792
1489,7.306531398939505,38.58756276314948,242.69894822706948
1490,7.307202314764738,38.600518131237564,242.81444933433264
1491,7.307872780763706,38.61346915261564,242.92992754280195
1492,7.30854279753919,38.62641583165593,243.0453828723702
1493,7.309212365692763,38.63935817272331,243.16081534289995
1494,7.3098814858247865,38.65229618017538,243.27622497422388
1495,7.310550158534422,38.66522985836241,243.39161178614316
1496,7.311218384419629,38.67815921162743,243.50697579842932
1497,7.311886164077165,38.691084244306204,243.62231703082338
1498,7.312553498102598,38.704004960727254,243.73763550303568
1499,7.313220387090301,38.71692136521188,243.85293123474685
1500,7.313886831633462,38.72983346207417,243.9682042456072
1501,7.31455283232408,38.742741255621034,244.0834545552372
1502,7.315218389752975,38.7556447501522,244.19868218322682
1503,7.315883504509785,38.768543949960254,244.31388714913635
1504,7.316548177182976,38.781438859330635,244.42906947249662
1505,7.317212408359839,38.79432948254165,244.54422917280795
1506,7.317876198626496,38.80721582386451,244.65936626954138
1507,7.318539548567902,38.82009788756334,244.77448078213803
1508,7.319202458767849,38.8329756778952,244.88957273000972
1509,7.31986492980897,38.84584919911006,245.0046421325384
1510,7.32052696227274,38.8587184554509,245.1196890090767
1511,7.321188556739478,38.87158345115362,245.23471337894773
1512,7.321849713788356,38.88444419044716,245.34971526144545
1513,7.322510433997394,38.897300677553446,245.4646946758345
1514,7.323170717943469,38.91015291668744,245.57965164135004
1515,7.323830566202317,38.92300091205713,245.69458617719826
1516,7.324489979348532,38.93584466786357,245.80949830255602
1517,7.325148957955575,38.948684188300895,245.92438803657183
1518,7.325807502595773,38.961519477556315,246.03925539836416
1519,7.326465613840322,38.97435053981015,246.1541004070237
1520,7.327123292259293,38.98717737923585,246.26892308161135
1521,7.3277805384216315,39.0,246.38372344116016
1522,7.328437352895162,39.01281840626232,246.49850150467333
1523,7.329093736246592,39.02563260217571,246.6132572911263
1524,7.329749689041512,39.03844259188627,246.72799081946565
1525,7.330405211844402,39.05124837953327,246.84270210860927
1526,7.3310603052186325,39.06404996924922,246.95739117744654
1527,7.331714969726466,39.07684736515984,247.07205804483922
1528,7.332369205929062,39.08964057138413,247.18670272961944
1529,7.333023014386481,39.102429592034305,247.30132525059196
1530,7.333676395657684,39.11521443121589,247.41592562653307
1531,7.3343293503005365,39.1279950930277,247.53050387619078
1532,7.334981878871814,39.14077158156185,247.6450600182852
1533,7.335633981927201,39.153543900903784,247.75959407150805
1534,7.336285660021297,39.16631205513228,247.87410605452362
1535,7.336936913707618,39.179076048319466,247.98859598596766
1536,7.337587743538596,39.191835884530846,248.10306388444846
1537,7.338238150065589,39.20459156782532,248.2175097685464
1538,7.338888133838879,39.21734310225516,248.33193365681396
1539,7.3395376954076745,39.230090491866065,248.44633556777637
1540,7.340186835320115,39.242833740697165,248.56071551993054
1541,7.340835554123275,39.25557285278104,248.67507353174656
1542,7.341483852363161,39.26830783214372,248.78940962166632
1543,7.342131730584722,39.28103868280471,248.9037238081051
1544,7.3427791893318455,39.293765408777,249.0180161094497
1545,7.343426229147367,39.30648801406709,249.13228654406018
1546,7.344072850573066,39.319206502675,249.24653513026985
1547,7.344719054149673,39.331920878594275,249.3607618863841
1548,7.3453648404168685,39.344631145812,249.47496683068104
1549,7.346010209913293,39.35733730830886,249.58914998141216
1550,7.346655163176539,39.370039370059054,249.7033113568016
1551,7.347299700743164,39.382737335030434,249.81745097504665
1552,7.347943823148687,39.395431207184416,249.931568854318
1553,7.348587530927593,39.408120990476064,250.04566501275863
1554,7.349230824613334,39.42080668885405,250.15973946848544
1555,7.349873704738337,39.433488306260706,250.27379223958837
1556,7.350516171833998,39.44616584663204,250.38782334413034
1557,7.351158226430694,39.45883931389772,250.50183280014804
1558,7.351799869057777,39.4715087119811,250.61582062565168
1559,7.352441100243583,39.48417404479927,250.72978683862448
1560,7.353081920515432,39.496835316262995,250.84373145702293
1561,7.3537223303996315,39.50949253027682,250.9576544987784
1562,7.354362330421477,39.52214569073901,251.07155598179466
1563,7.355001921105257,39.534794801541594,251.18543592394957
1564,7.355641102974253,39.54743986657038,251.29929434309489
1565,7.356279876550748,39.56008088970496,251.41313125705568
1566,7.356918242356021,39.57271787481876,251.52694668363145
1567,7.357556200910353,39.585350825778974,251.64074064059525
1568,7.358193752733032,39.59797974644666,251.75451314569443
1569,7.358830898342354,39.61060464067672,251.86826421665
1570,7.359467638255621,39.6232255123179,251.98199387115753
1571,7.360103972989152,39.63584236521283,252.09570212688578
1572,7.360739903058278,39.64845520319802,252.2093890014788
1573,7.3613754289773485,39.66106403010388,252.3230545125542
1574,7.362010551259734,39.67366884975475,252.43669867770404
1575,7.362645270417825,39.68626966596886,252.55032151449498
1576,7.3632795869630385,39.698866482558415,252.6639230404678
1577,7.363913501405819,39.71145930332956,252.7775032731374
1578,7.364547014255642,39.72404813208241,252.89106222999413
1579,7.365180126021013,39.736632972611055,253.00459992850222
1580,7.365812837209472,39.74921382870358,253.11811638610052
1581,7.366445148327599,39.761790704142086,253.23161162020267
1582,7.367077059881012,39.774363602702685,253.345085648197
1583,7.367708572374371,39.786932528155525,253.45853848744645
1584,7.368339686311381,39.7994974842648,253.5719701552897
1585,7.368970402194793,39.81205847478876,253.68538066903884
1586,7.369600720526409,39.824615503479755,253.79877004598208
1587,7.370230641807081,39.83716857408418,253.912138303382
1588,7.370860166536716,39.84971769034255,254.02548545847648
1589,7.371489295214277,39.8622628559895,254.13881152847847
1590,7.372118028337787,39.87480407475377,254.25211653057568
1591,7.3727463664043285,39.88734135035826,254.3654004819314
1592,7.373374309910049,39.89987468652001,254.47866339968422
1593,7.374001859350161,39.91240408695021,254.59190530094764
1594,7.374629015218945,39.92492955535426,254.7051262028109
1595,7.3752557780097545,39.93745109543172,254.8183261223387
1596,7.3758821482150125,39.949968710876355,254.93150507657026
1597,7.37650812632622,39.96248240537617,255.04466308252162
1598,7.377133712833954,39.97499218261337,255.15780015718346
1599,7.3777589082278725,39.98749804626441,255.2709163175224
1600,7.3783837129967145,40.0,255.38401158048043
1601,7.379008127628304,40.01249804748511,255.4970859629756
1602,7.3796321526095525,40.024992192379,255.61013948190165
1603,7.38025578842646,40.0374824383352,255.72317215412784
1604,7.380879035564116,40.049968789001575,255.8361839964993
1605,7.381501894506707,40.06245124802026,255.9491750258377
1606,7.382124365737512,40.07492981902776,256.0621452589399
1607,7.382746449738912,40.08740450565489,256.1750947125787
1608,7.3833681469923835,40.099875311526844,256.2880234035034
1609,7.383989457978509,40.11234224026316,256.40093134843966
1610,7.384610383176974,40.124805295477756,256.51381856408824
1611,7.385230923066573,40.13726448077895,256.62668506712714
1612,7.385851078125209,40.149719799769464,256.73953087421023
1613,7.3864708488298945,40.162171256046406,256.85235600196734
1614,7.387090235656757,40.17461885320133,256.96516046700475
1615,7.38770923908104,40.18706259482024,257.0779442859058
1616,7.388327859577107,40.19950248448356,257.19070747522966
1617,7.388946097618437,40.2119385257662,257.3034500515117
1618,7.389563953677635,40.22437072223753,257.416172031264
1619,7.3901814282264295,40.23679907746142,257.5288734309765
1620,7.390798521735676,40.24922359499622,257.6415542671134
1621,7.3914152346753585,40.26164427839479,257.75421455611763
1622,7.392031567514591,40.27406113120453,257.8668543144077
1623,7.392647520721623,40.28647415696737,257.9794735583794
1624,7.393263094763838,40.29888335921977,258.09207230440495
1625,7.3938782901077555,40.311288741492746,258.204650568834
1626,7.394493107219038,40.32369030731191,258.31720836799246
1627,7.395107546562485,40.33608806019741,258.4297457181837
1628,7.395721608602045,40.34848200366403,258.5422626356877
1629,7.396335293800808,40.36087214122113,258.6547591367617
1630,7.396948602621014,40.3732584763727,258.76723523763997
1631,7.397561535524052,40.38564101261734,258.879690954534
1632,7.398174092970465,40.39801975344831,258.9921263036327
1633,7.3987862754199485,40.4103947023535,259.10454130110116
1634,7.399398083331354,40.422765862815474,259.21693596308336
1635,7.400009517162692,40.43513323831146,259.32931030569955
1636,7.400620577371135,40.44749683231337,259.44166434504723
1637,7.401231264413015,40.45985664828782,259.553998097202
1638,7.40184157874383,40.47221268969612,259.6663115782161
1639,7.402451520818244,40.48456495999432,259.77860480412033
1640,7.403061091090091,40.496913462633174,259.8908777909224
1641,7.403670290012373,40.50925820105819,260.003130554607
1642,7.404279118037268,40.52159917870962,260.115363111138
1643,7.404887575616125,40.53393639902249,260.2275754764554
1644,7.405495663199472,40.54626986542659,260.33976766647805
1645,7.406103381237015,40.55859958134649,260.4519396971023
1646,7.4067107301776405,40.570925550201586,260.5640915842016
1647,7.4073177104694174,40.58324777540605,260.67622334362807
1648,7.407924322559599,40.59556626036888,260.7883349912117
1649,7.408530566894626,40.607881008493905,260.9004265427601
1650,7.409136443920128,40.620192023179804,261.0124980140593
1651,7.409741954080923,40.63249930782009,261.1245494208724
1652,7.410347097821024,40.64480286580315,261.236580778942
1653,7.4109518755836366,40.65710270051225,261.34859210398747
1654,7.411556287811163,40.66939881532551,261.4605834117077
1655,7.412160334945205,40.681691213615984,261.57255471777813
1656,7.4127640174265625,40.69397989875161,261.68450603785436
1657,7.4133673356952405,40.70626487409524,261.79643738756886
1658,7.413970290190444,40.718546143004666,261.9083487825328
1659,7.414572881350589,40.7308237088326,262.0202402383364
1660,7.415175109613295,40.74309757492672,262.1321117705472
1661,7.415776975415394,40.755367744629666,262.2439633947122
1662,7.416378479192928,40.76763422127902,262.3557951263561
1663,7.416979621381154,40.779897008207364,262.467606980983
1664,7.417580402414544,40.792156108742276,262.5793989740748
1665,7.418180822726788,40.80441152620633,262.6911711210929
1666,7.418780882750794,40.8166632639171,262.80292343747647
1667,7.419380582918692,40.82891132518721,262.9146559386439
1668,7.419979923661835,40.84115571332428,263.0263686399924
1669,7.4205789054108005,40.85339643163099,263.1380615568978
1670,7.421177528595393,40.8656334834051,263.2497347047149
1671,7.421775793644647,40.87786687193939,263.3613880987775
1672,7.422373700986824,40.890096600521744,263.4730217543982
1673,7.422971251049421,40.90232267243512,263.5846356868681
1674,7.423568444259167,40.91454509095757,263.6962299114583
1675,7.424165281042028,40.92676385936225,263.80780444341866
1676,7.424761761823209,40.93897898091744,263.91935929797734
1677,7.425357887027151,40.95119045888654,264.03089449034263
1678,7.425953657077541,40.963398296528084,264.14241003570174
1679,7.426549072397305,40.97560249709576,264.25390594922067
1680,7.427144133408616,40.98780306383839,264.3653822460451
1681,7.427738840532894,41.0,264.4768389413002
1682,7.428333194190806,41.012193308819754,264.5882760500896
1683,7.428927194802272,41.02438299353203,264.6996935874977
1684,7.429520842786462,41.036569057366385,264.81109156858713
1685,7.430114138561801,41.048751503547585,264.9224700084006
1686,7.430707082545968,41.060930335295616,265.03382892196004
1687,7.431299675155903,41.0731055558257,265.14516832426705
1688,7.4318919168078,41.08527716834828,265.25648823030303
1689,7.432483807917119,41.09744517606904,265.36778865502845
1690,7.43307534889858,41.10960958218893,265.4790696133841
1691,7.433666540166168,41.12177038990418,265.5903311202902
1692,7.4342573821331355,41.13392760240627,265.70157319064646
1693,7.434847875211999,41.14608122288197,265.8127958393325
1694,7.43543801981455,41.15823125451335,265.9239990812083
1695,7.4360278163518485,41.1703777004778,266.035182931113
1696,7.436617265234227,41.182520563948,266.1463474038662
1697,7.437206366871292,41.19465984809196,266.257492514267
1698,7.4377951216719325,41.20679555607303,266.36861827709464
1699,7.438383530044307,41.2189276910499,266.4797247071081
1700,7.438971592395862,41.23105625617661,266.59081181904753
1701,7.43955930913332,41.24318125460256,266.7018796276316
1702,7.440146680662688,41.255302689472536,266.81292814756006
1703,7.440733707389261,41.2674205639267,266.92395739351304
1704,7.4413203897176174,41.27953488110059,267.0349673801504
1705,7.441906728051625,41.291645644125154,267.14595812211206
1706,7.442492722794441,41.30375285612676,267.2569296340187
1707,7.443078374348516,41.31585652022719,267.3678819304711
1708,7.443663683115591,41.32795663954365,267.4788150260507
1709,7.444248649496705,41.340053217188775,267.58972893531904
1710,7.444833273892193,41.352146256270665,267.700623672818
1711,7.445417556701687,41.36423575989287,267.8114992530703
1712,7.44600149832412,41.376321731154405,267.9223556905792
1713,7.446585099157725,41.38840417314975,268.0331929998281
1714,7.44716835960004,41.400483088968905,268.1440111952809
1715,7.447751280047908,41.41255848169731,268.25481029138297
1716,7.448333860897476,41.42463035441596,268.3655903025596
1717,7.4489161025442,41.43669871020132,268.476351243217
1718,7.449498005382849,41.44876355212541,268.5870931277424
1719,7.450079569807499,41.46082488325576,268.69781597050303
1720,7.450660796211539,41.47288270665544,268.8085197858478
1721,7.451241684987676,41.48493702538308,268.91920458810614
1722,7.45182223652793,41.49698784249286,269.0298703915881
1723,7.452402451223638,41.50903516103452,269.140517210585
1724,7.45298232946546,41.52107898405339,269.2511450593693
1725,7.453561871643373,41.53311931459037,269.36175395219396
1726,7.454141078146678,41.54515615568198,269.4723439032934
1727,7.454719949364001,41.557189510360296,269.5829149268823
1728,7.455298485683291,41.569219381653056,269.69346703715786
1729,7.455876687491824,41.58124577258358,269.80400024829714
1730,7.456454555176209,41.593268686170845,269.91451457445896
1731,7.4570320891223805,41.60528812542944,270.02501002978346
1732,7.457609289715606,41.617304093369626,270.1354866283915
1733,7.458186157340487,41.6293165929973,270.2459443843855
1734,7.45876269238096,41.641325627314025,270.35638331184975
1735,7.459338895220296,41.65333119931706,270.466803424849
1736,7.459914766241105,41.66533331199932,270.57720473742984
1737,7.460490305825338,41.677331968349414,270.6875872636208
1738,7.461065514354283,41.689327171351664,270.79795101743036
1739,7.461640392208575,41.701318923986086,270.90829601285026
1740,7.462214939768189,41.71330722922842,271.01862226385254
1741,7.462789157412448,41.72529209005013,271.12892978439135
1742,7.463363045520021,41.737273509418415,271.2392185884026
1743,7.463936604468925,41.7492514902962,271.34948868980297
1744,7.4645098346365275,41.7612260356422,271.4597401024922
1745,7.465082736399547,41.773197148410844,271.56997284035026
1746,7.465655310134056,41.78516483155236,271.68018691724006
1747,7.466227556215481,41.79712908801273,271.7903823470054
1748,7.466799475018602,41.80908992073375,271.9005591434726
1749,7.4673710669175595,41.82104733265297,272.01071732044903
1750,7.467942332285852,41.83300132670378,272.12085689172517
1751,7.468513271496337,41.84495190581536,272.2309778710722
1752,7.469083884921234,41.8568990729127,272.3410802722436
1753,7.469654172932128,41.86884283091664,272.4511641089751
1754,7.470224135899966,41.88078318274385,272.56122939498425
1755,7.470793774195062,41.892720131306824,272.67127614397083
1756,7.471363088187097,41.90465367951393,272.7813043696161
1757,7.471932078245122,41.916583830269374,272.89131408558455
1758,7.472500744737558,41.92851058647326,273.0013053055217
1759,7.473069088032197,41.94043395102154,273.1112780430557
1760,7.473637108496206,41.95235392680606,273.2212323117973
1761,7.474204806496124,41.96427051671457,273.3311681253387
1762,7.47477218239787,41.97618372363071,273.4410854972552
1763,7.475339236566737,41.98809355043403,273.550984441104
1764,7.475905969367397,42.0,273.6608649704242
1765,7.476472381163905,42.01190307520001,273.7707270987384
1766,7.4770384723196965,42.02380277890139,273.8805708395505
1767,7.477604243197589,42.035699113967404,273.9903962063478
1768,7.478169694159785,42.04759208325728,274.10020321259884
1769,7.478734825567875,42.05948168962618,274.2099918717567
1770,7.479299637782834,42.07136793592526,274.3197621972544
1771,7.4798641311650265,42.08325082500163,274.42951420250967
1772,7.480428306074208,42.09513035969837,274.53924790092196
1773,7.480992162869525,42.1070065428546,274.6489633058735
1774,7.4815557019095165,42.118879377305376,274.7586604307291
1775,7.4821189235521155,42.13074886588179,274.86833928883624
1776,7.482681828154651,42.14261501141095,274.9779998935254
1777,7.48324441607385,42.15447781671598,275.08764225810967
1778,7.483806687665835,42.16633728461603,275.19726639588487
1779,7.484368643286131,42.17819341792628,275.3068723201299
1780,7.484930283289661,42.190046219457976,275.41646004410626
1781,7.485491608030754,42.20189569201838,275.52602958105865
1782,7.48605261786314,42.21374183841087,275.6355809442143
1783,7.486613313139955,42.22558466143482,275.74511414678364
1784,7.487173694213739,42.23742416388575,275.85462920195994
1785,7.487733761436444,42.24926034855522,275.96412612292005
1786,7.488293515159428,42.261093218230876,276.07360492282294
1787,7.488852955733459,42.2729227756965,276.1830656148119
1788,7.489412083508719,42.28474902373195,276.2925082120117
1789,7.489970898834801,42.2965719651132,276.4019327275319
1790,7.490529402060711,42.30839160261236,276.51133917446424
1791,7.491087593534876,42.320207938997655,276.62072756588407
1792,7.491645473605133,42.33202097703345,276.73009791484964
1793,7.492203042618741,42.34383071948026,276.8394502344033
1794,7.492760300922379,42.35563716909474,276.94878453756917
1795,7.493317248862145,42.36744032862972,277.0581008373564
1796,7.493873886783559,42.37924020083418,277.1673991467564
1797,7.494430215031565,42.391036788453285,277.27667947874437
1798,7.4949862339505335,42.40283009422838,277.3859418462792
1799,7.495541943884256,42.41462012089699,277.49518626230264
1800,7.496097345175956,42.42640687119285,277.6044127397402
1801,7.496652438168283,42.43819034784589,277.71362129150094
1802,7.497207223203318,42.44997055358225,277.82281193047777
1803,7.4977617006225685,42.46174749112429,277.9319846695464
1804,7.498315870766981,42.473521163190604,278.04113952156695
1805,7.498869733976931,42.485291572496,278.1502764993827
1806,7.499423290592229,42.49705872175156,278.2593956158208
1807,7.4999765409521215,42.50882261366456,278.36849688369205
1808,7.500529485395295,42.5205832509386,278.4775803157911
1809,7.501082124259871,42.532340636273474,278.58664592489566
1810,7.501634457883413,42.5440947723653,278.69569372376856
1811,7.502186486602924,42.555845661906424,278.80472372515516
1812,7.502738210754851,42.567593307585526,278.9137359417854
1813,7.503289630675082,42.579337712087536,279.0227303863728
1814,7.503840746698951,42.59107887809371,279.1317070716149
1815,7.504391559161238,42.60281680828159,279.2406660101934
1816,7.504942068396171,42.61455150532503,279.3496072147731
1817,7.505492274737424,42.62628297189423,279.458530698004
1818,7.506042178518122,42.638011210655684,279.5674364725189
1819,7.506591780070841,42.649736224272246,279.67632455093593
1820,7.507141079727608,42.661458015403085,279.785194945856
1821,7.507690077819904,42.67317658670374,279.89404766986536
1822,7.508238774678663,42.68489194082609,280.0028827355333
1823,7.508787170634276,42.69660408041839,280.11170015541416
1824,7.509335266016592,42.708313008125245,280.22049994204605
1825,7.509883061154913,42.720018726587654,280.329282107951
1826,7.510430556378006,42.731721238442994,280.438046665636
1827,7.510977752014095,42.74342054632502,280.54679362759185
1828,7.511524648390866,42.7551166528639,280.6555230062936
1829,7.512071245835466,42.76680956068619,280.76423481420085
1830,7.5126175446745105,42.77849927241488,280.8729290637577
1831,7.513163545234075,42.790185790669334,280.9816057673923
1832,7.513709247839705,42.80186911806539,281.09026493751736
1833,7.51425465281641,42.81354925721529,281.1989065865302
1834,7.51479976048867,42.82522621072771,281.3075307268122
1835,7.515344571180436,42.83689998120779,281.41613737072987
1836,7.515889085215125,42.8485705712571,281.5247265306336
1837,7.516433302915632,42.86023798347368,281.6332982188587
1838,7.516977224604321,42.871902220452036,281.74185244772497
1839,7.517520850603031,42.883563284783136,281.8503892295369
1840,7.518064181233078,42.89522117905443,281.9589085765837
1841,7.518607216815252,42.906875905849866,282.0674105011389
1842,7.519149957669823,42.91852746774987,282.1758950154616
1843,7.519692404116539,42.930175867331364,282.28436213179384
1844,7.520234556474628,42.941821107167776,282.39281186236485
1845,7.520776415062797,42.95346318982906,282.501244219386
1846,7.52131798019924,42.96510211788167,282.609659215056
1847,7.521859252201629,42.9767378938886,282.7180568615565
1848,7.522400231387125,42.988370520409354,282.82643717105486
1849,7.52294091807237,43.0,282.9348001557035
1850,7.523481312573497,43.01162633521314,283.043145827639
1851,7.524021415206125,43.02324952859791,283.1514741989836
1852,7.52456122628536,43.034869582700026,283.25978528184413
1853,7.5251007461258,43.04648650006177,283.3680790883126
1854,7.5256399750415355,43.05810028322197,283.4763556304658
1855,7.526178913346146,43.069710934716056,283.584614920366
1856,7.526717561352706,43.08131845707603,283.6928569700601
1857,7.527255919373784,43.09292285283048,283.80108179158003
1858,7.527793987721444,43.104524124504614,283.9092893969436
1859,7.528331766707247,43.116122274620196,284.017479798153
1860,7.528869256642251,43.12771730569565,284.12565300719575
1861,7.529406457837013,43.139309220245984,284.2338090360448
1862,7.529943370601589,43.15089802078283,284.3419478966584
1863,7.530479995245536,43.162483709814474,284.4500696009798
1864,7.5310163320779155,43.174066289845804,284.55817416093765
1865,7.531552381407289,43.18564576337837,284.6662615884454
1866,7.532088143541722,43.197222132910355,284.7743318954032
1867,7.532623618788788,43.2087954009366,284.882385093695
1868,7.533158807455563,43.22036556994862,284.99042119519123
1869,7.533693709848633,43.23193264243457,285.0984402117469
1870,7.534228326274089,43.243496620879306,285.2064421552033
1871,7.534762657037537,43.255057507764334,285.3144270373864
1872,7.5352967024440884,43.266615305567875,285.4223948701088
1873,7.535830462798367,43.278170016764804,285.53034566516675
1874,7.536363938404511,43.289721643826724,285.6382794343443
1875,7.53689712956617,43.30127018922193,285.7461961894088
1876,7.537430036586509,43.31281565541543,285.8540959421151
1877,7.537962659768208,43.32435804486894,285.96197870420275
1878,7.538494999413465,43.3358973600409,286.06984448739695
1879,7.539027055823995,43.347433603386484,286.1776933034088
1880,7.53955882930103,43.3589667773576,286.28552516393466
1881,7.540090320145325,43.37049688440288,286.3933400806574
1882,7.5406215286571525,43.382023926967726,286.50113806524496
1883,7.5411524551363085,43.393547907494266,286.60891912935136
1884,7.541683099882111,43.40506882842141,286.716683284616
1885,7.542213463193403,43.41658669218482,286.82443054266486
1886,7.54274354536855,43.42810150121693,286.9321609151093
1887,7.543273346705446,43.439613257946945,287.0398744135461
1888,7.543802867501509,43.45112196480086,287.14757104955885
1889,7.5443321080536885,43.46262762420146,287.25525083471626
1890,7.544861068658458,43.474130238568314,287.36291378057376
1891,7.545389749611823,43.485629810317796,287.47055989867204
1892,7.545918151209323,43.497126341863094,287.57818920053836
1893,7.546446273746024,43.508619835614184,287.6858016976852
1894,7.546974117516527,43.520110293977886,287.79339740161214
1895,7.547501682814967,43.53159771935783,287.9009763238038
1896,7.5480289699350145,43.54308211415448,288.0085384757319
1897,7.5485559791698735,43.55456348076513,288.11608386885325
1898,7.549082710812286,43.56604182158393,288.2236125146112
1899,7.549609165154532,43.57751713900185,288.3311244244358
1900,7.550135342488429,43.58898943540674,288.4386196097427
1901,7.550661243105336,43.60045871318328,288.5460980819336
1902,7.551186867296149,43.61192497471305,288.6535598523968
1903,7.55171221535131,43.62338822237447,288.7610049325071
1904,7.552237287560802,43.634848458542855,288.8684333336249
1905,7.552762084214147,43.64630568559039,288.9758450670974
1906,7.553286605600419,43.657759905886145,289.0832401442582
1907,7.553810852008231,43.669211121796096,289.1906185764266
1908,7.554334823725748,43.68065933568311,289.2979803749092
1909,7.554858521040676,43.69210454990696,289.405325550998
1910,7.555381944240273,43.70354676682432,289.5126541159722
1911,7.555905093611346,43.71498598878879,289.6199660810973
1912,7.556427969440253,43.726422218150894,289.7272614576252
1913,7.5569505720129,43.73785545725808,289.83454025679396
1914,7.557472901614746,43.749285708454714,289.9418024898283
1915,7.557994958530806,43.76071297408213,290.04904816794055
1916,7.558516743045645,43.77213725647858,290.1562773023275
1917,7.559038255443384,43.78355855797927,290.26348990417443
1918,7.5595594960077,43.79497688091638,290.37068598465225
1919,7.560080465021827,43.80639222761902,290.4778655549188
1920,7.560601162768557,43.81780460041329,290.5850286261185
1921,7.561121589530238,43.829214001622255,290.6921752093828
1922,7.56164174558878,43.840620433565945,290.7993053158288
1923,7.562161631225652,43.8520238985614,290.9064189565617
1924,7.562681246721884,43.86342439892262,291.0135161426725
1925,7.563200592358071,43.87482193696061,291.12059688523937
1926,7.563719668414366,43.88621651498338,291.22766119532696
1927,7.564238475170491,43.89760813529594,291.3347090839873
1928,7.564757012905729,43.9089968002003,291.44174056225876
1929,7.5652752818989315,43.9203825119955,291.5487556411663
1930,7.565793282428515,43.93176527297759,291.6557543317228
1931,7.566311014772463,43.94314508543966,291.7627366449268
1932,7.566828479208331,43.95452195167182,291.86970259176496
1933,7.56734567601324,43.965895873961216,291.97665218321
1934,7.5678626054638825,43.977266854592045,292.08358543022166
1935,7.568379267836522,43.98863489584554,292.19050234374714
1936,7.5688956634069955,44.0,292.2974029347207
1937,7.569411792450712,44.01136216933077,292.40428721406323
1938,7.569927655242652,44.02272140611028,292.5111551926826
1939,7.570443252057374,44.034077712607996,292.6180068814743
1940,7.57095858316901,44.04543109109048,292.72484229132033
1941,7.571473648851271,44.05678154382138,292.83166143309035
1942,7.57198844937744,44.06812907306141,292.93846431764047
1943,7.572502985020384,44.07947368106838,293.045250955815
1944,7.573017256052546,44.090815370097204,293.1520213584445
1945,7.57353126274595,44.10215414239989,293.25877553634706
1946,7.5740450053721995,44.11349000022555,293.3655135003281
1947,7.5745584842024805,44.12482294582042,293.4722352611803
1948,7.575071699507561,44.13615298142782,293.5789408296836
1949,7.575584651557793,44.14748010928823,293.6856302166051
1950,7.576097340623111,44.15880433163923,293.79230343269916
1951,7.5766097669730375,44.170125650715555,293.8989604887077
1952,7.577121930876679,44.181444068749045,294.00560139536026
1953,7.577633832602728,44.19275958796871,294.1122261633732
1954,7.578145472419466,44.204072210600685,294.21883480345014
1955,7.578656850594762,44.21538193886829,294.32542732628315
1956,7.579167967396076,44.22668877499196,294.43200374255065
1957,7.579678823090456,44.23799272118933,294.5385640629194
1958,7.580189417944541,44.24929377967517,294.64510829804277
1959,7.580699752224563,44.26059195266146,294.7516364585622
1960,7.581209826196346,44.27188724235731,294.8581485551067
1961,7.581719640125308,44.28317965096906,294.96464459829286
1962,7.5822291942764615,44.294469180700204,295.0711245987244
1963,7.582738488914411,44.30575583375144,295.1775885669931
1964,7.583247524303362,44.31703961232068,295.284036513678
1965,7.583756300707112,44.328320518603,295.3904684493462
1966,7.584264818389059,44.339598554790726,295.496884384552
1967,7.584773077612199,44.35087372307337,295.60328432983755
1968,7.585281078639126,44.36214602563767,295.70966829573285
1969,7.585788821732034,44.37341546466758,295.8160362927553
1970,7.58629630715272,44.384682042344295,295.9223883314107
1971,7.586803535162581,44.395945760846224,296.02872442219143
1972,7.587310506022615,44.40720662234904,296.13504457557934
1973,7.587817219993427,44.41846462902562,296.24134880204235
1974,7.5883236773352225,44.429719783046124,296.347637112037
1975,7.588829878307813,44.44097208657794,296.45390951600814
1976,7.589335823170617,44.45222154178574,296.5601660243875
1977,7.589841512182657,44.46346815083142,296.6664066475955
1978,7.590346945602565,44.474711915874174,296.77263139604
1979,7.590852123688581,44.48595283907045,296.8788402801167
1980,7.591357046698551,44.49719092257398,296.9850333102097
1981,7.591861714889934,44.50842616853577,297.0912104966909
1982,7.592366128519796,44.51965857910413,297.19737184991993
1983,7.592870287844818,44.53088815642464,297.3035173802447
1984,7.59337419312129,44.54211490264017,297.4096470980009
1985,7.593877844605118,44.553338819890925,297.5157610135125
1986,7.594381242551817,44.56455991031439,297.6218591370915
1987,7.59488438721652,44.57577817604534,297.7279414790378
1988,7.5953872788539725,44.58699361921591,297.83400804963964
1989,7.595889917718538,44.598206241955516,297.9400588591733
1990,7.596392304064196,44.609416046390926,298.0460939179026
1991,7.596894438144544,44.62062303464621,298.1521132360808
1992,7.597396320212795,44.63182720884279,298.25811682394857
1993,7.597897950521784,44.64302857109943,298.36410469173455
1994,7.598399329323964,44.654227123532216,298.4700768496558
1995,7.59890045687141,44.66542286825459,298.57603330791795
1996,7.599401333415815,44.67661580737735,298.6819740767147
1997,7.599901959208498,44.68780594300866,298.7878991662279
1998,7.6004023345004,44.69899327725402,298.89380858662724
1999,7.600902459542082,44.710177812216315,298.99970234807216
2000,7.601402334583733,44.721359549995796,299.1055804607087
2001,7.601901959875166,44.73253849269008,299.2114429346729
2002,7.602401335665818,44.74371464239419,299.3172897800877
2003,7.602900462204755,44.75488800120049,299.42312100706545
2004,7.60339933974067,44.76605857119878,299.5289366257062
2005,7.603897968521881,44.77722635447622,299.6347366460994
2006,7.604396348796338,44.78839135311738,299.74052107832165
2007,7.60489448081162,44.799553569204235,299.846289932439
2008,7.605392364814935,44.81071300481616,299.95204321850576
2009,7.605890001053122,44.82186966202994,300.05778094656483
2010,7.606387389772652,44.83302354291979,300.1635031266472
2011,7.60688453121963,44.844174649557324,300.2692097687728
2012,7.607381425639791,44.85532298401161,300.3749008829499
2013,7.607878073278507,44.86646854834911,300.4805764791758
2014,7.608374474380783,44.87761134463375,300.5862365674358
2015,7.60887062919126,44.88875137492688,300.6918811577042
2016,7.6093665379542115,44.8998886412873,300.7975102599436
2017,7.609862200913554,44.91102314577124,300.90312388410587
2018,7.610357618312838,44.9221548904324,301.00872204013075
2019,7.61085279039525,44.93328387732194,301.1143047379476
2020,7.611347717403621,44.94441010848846,301.2198719874736
2021,7.611842399580417,44.955533585978046,301.32542379861496
2022,7.612336837167746,44.96665431183423,301.4309601812673
2023,7.6128310304073565,44.97777228809804,301.53648114531387
2024,7.613324979540639,44.98888751680797,301.6419867006274
2025,7.613818684808629,45.0,301.74747685706967
2026,7.614312146452,45.0111097397076,301.8529516244904
2027,7.614805364711073,45.02221673796171,301.9584110127292
2028,7.615298339825815,45.033320996790806,302.0638550316132
2029,7.615791072035833,45.044422518220834,302.16928369095996
2030,7.616283561580385,45.05552130427524,302.27469700057503
2031,7.616775808698373,45.066617356974994,302.3800949702527
2032,7.617267813628347,45.077710678338576,302.48547760977686
2033,7.617759576608505,45.088801270381985,302.59084492891975
2034,7.618251097876695,45.09988913511872,302.696196937443
2035,7.618742377670413,45.110974274559844,302.80153364509715
2036,7.619233416226805,45.12205669071391,302.9068550616213
2037,7.61972421378267,45.13313638558703,303.01216119674444
2038,7.620214770574455,45.14421336118285,303.11745206018344
2039,7.620705086838262,45.155287619502545,303.22272766164554
2040,7.621195162809845,45.16635916254486,303.32798801082595
2041,7.621684998724611,45.17742799230607,303.4332331174091
2042,7.622174594817622,45.18849411078001,303.5384629910696
2043,7.622663951323595,45.19955751995809,303.6436776414699
2044,7.623153068476902,45.21061822182926,303.74887707826247
2045,7.6236419465115715,45.221676218380054,303.8540613110881
2046,7.624130585661289,45.232731511594565,303.95923034957747
2047,7.6246189861593985,45.24378410345447,304.06438420335036
2048,7.6251071482389,45.254833995939045,304.1695228820153
2049,7.6255950721324535,45.2658811910251,304.27464639517063
2050,7.62608275807238,45.27692569068709,304.3797547524038
2051,7.62657020629066,45.28796749689701,304.4848479632912
2052,7.627057417018934,45.2990066116245,304.5899260373985
2053,7.627544390488503,45.31004303683677,304.6949889842816
2054,7.628031126930335,45.32107677449864,304.80003681348404
2055,7.628517626575055,45.332107826572546,304.9050695345406
2056,7.6290038896529575,45.34313619501854,305.0100871569738
2057,7.629489916393995,45.35416188179427,305.1150896902967
2058,7.629975707027789,45.36518488885502,305.22007714401053
2059,7.630461261783627,45.37620521815371,305.32504952760763
2060,7.630946580890459,45.387222871640866,305.43000685056774
2061,7.631431664576906,45.39823785126467,305.5349491223617
2062,7.631916513071252,45.40925015897091,305.6398763524492
2063,7.6324011266014535,45.42025979670306,305.744788550279
2064,7.632885505395133,45.43126676640219,305.84968572529004
2065,7.633369649679584,45.44227107000705,305.9545678869099
2066,7.633853559681768,45.45327270945405,306.05943504455695
2067,7.63433723562832,45.46427168667722,306.164287207638
2068,7.634820677745543,45.47526800360829,306.26912438554945
2069,7.635303886259415,45.48626166217664,306.3739465876781
2070,7.635786861395585,45.4972526643093,306.4787538233999
2071,7.6362696033793735,45.50824101193101,306.5835461020799
2072,7.636752112435779,45.51922670696417,306.68832343307326
2073,7.637234388789473,45.53020975132884,306.79308582572514
2074,7.637716432664798,45.5411901469428,306.89783328936977
2075,7.638198244285779,45.552167895721496,307.002565833331
2076,7.638679823876112,45.56314299957807,307.1072834669227
2077,7.639161171659173,45.574115460423364,307.2119861994483
2078,7.639642287858013,45.58508528016593,307.3166740402009
2079,7.640123172695364,45.59605246071199,307.4213469984637
2080,7.640603826393634,45.60701700396552,307.5260050835093
2081,7.641084249174914,45.617978911828175,307.6306483045998
2082,7.641564441260972,45.628938186199335,307.73527667098784
2083,7.642044402873258,45.639894828976104,307.8398901919153
2084,7.642524134232902,45.65084884205331,307.9444888766136
2085,7.643003635560718,45.661800227323496,308.04907273430507
2086,7.643482907077201,45.67274898667694,308.15364177420093
2087,7.643961949002529,45.68369512200168,308.2581960055024
2088,7.644440761556566,45.69463863518345,308.3627354374008
2089,7.644919344958857,45.70557952810576,308.4672600790774
2090,7.645397699428633,45.71651780264984,308.57176993970324
2091,7.645875825184813,45.727453460694704,308.6762650284395
2092,7.646353722445999,45.73838650411709,308.7807453544366
2093,7.646831391430482,45.749316934791494,308.8852109268358
2094,7.647308832356238,45.760244754590204,308.9896617547681
2095,7.647786045440933,45.77116996538323,309.0940978473541
2096,7.64826303090192,45.78209256903839,309.1985192137046
2097,7.6487397889562425,45.79301256742124,309.3029258629208
2098,7.649216319820633,45.803929962395145,309.40731780409334
2099,7.649692623711514,45.81484475582123,309.5116950463035
2100,7.650168700845001,45.8257569495584,309.61605759862204
2101,7.650644551436897,45.83666654546336,309.7204054701103
2102,7.6511201757027,45.8475735453906,309.82473866981974
2103,7.651595573857601,45.858477951192405,309.9290572067914
2104,7.652070746116482,45.86937976471886,310.03336109005653
2105,7.652545692693921,45.880278987817846,310.1376503286373
2106,7.653020413804189,45.89117562233506,310.24192493154516
2107,7.653494909661253,45.902069670114,310.3461849077823
2108,7.653969180478774,45.91296113299599,310.4504302663407
2109,7.6544432264701125,45.92385001282014,310.5546610162029
2110,7.65491704784832,45.93473631142341,310.6588771663416
2111,7.655390644826152,45.94562003064057,310.76307872571937
2112,7.655864017616056,45.95650117230423,310.86726570328943
2113,7.656337166430183,45.967379738244816,310.97143810799554
2114,7.656810091480378,45.9782557302906,311.07559594877057
2115,7.65728279297819,45.98912915026767,311.17973923453894
2116,7.6577552711348655,46.0,311.283867974215
2117,7.658227526161352,46.010868281309364,311.3879821767031
2118,7.6586995582682995,46.021733996015406,311.49208185089844
2119,7.659171367666058,46.03259714593562,311.5961670056863
2120,7.659642954564682,46.04345773288535,311.70023764994227
2121,7.660114319173928,46.05431575867782,311.80429379253235
2122,7.660585461703256,46.06517122512408,311.908335442313
2123,7.66105638236183,46.07602413403309,312.01236260813135
2124,7.661527081358517,46.08687448721165,312.1163752988248
2125,7.661997558901893,46.09772228646444,312.2203735232207
2126,7.6624678152002375,46.10856753359401,312.3243572901375
2127,7.662937850461535,46.119410230400824,312.42832660838434
2128,7.663407664893479,46.130250378683186,312.5322814867599
2129,7.6638772587034705,46.14108798023731,312.63622193405416
2130,7.664346632098617,46.151923036857305,312.7401479590472
2131,7.664815785285735,46.16275555033516,312.84405957051
2132,7.665284718471351,46.17358552246078,312.9479567772041
2133,7.665753431861699,46.184412955021955,313.0518395878807
2134,7.666221925662725,46.195237849804386,313.1557080112831
2135,7.666690200080086,46.20606020859169,313.25956205614415
2136,7.667158255319148,46.216880033165374,313.36340173118737
2137,7.6676260915849905,46.22769732530488,313.4672270451272
2138,7.668093709082406,46.238512086787566,313.57103800666874
2139,7.668561108015897,46.24932431938871,313.6748346245071
2140,7.669028288589683,46.26013402488151,313.7786169073292
2141,7.669495251007694,46.2709412050371,313.88238486381226
2142,7.669961995473577,46.281745861624536,313.986138502623
2143,7.670428522190693,46.292547996410825,314.0898778324204
2144,7.6708948313621175,46.3033476111609,314.1936028618535
2145,7.671360923190644,46.314144707637645,314.29731359956224
2146,7.671826797878781,46.32493928760188,314.401010054177
2147,7.672292455628756,46.33573135281238,314.5046922343194
2148,7.67275789664251,46.34652090502587,314.6083601486016
2149,7.673223121121708,46.357307945997036,314.71201380562627
2150,7.67368812926773,46.36809247747852,314.8156532139874
2151,7.674152921281675,46.37887450122092,314.91927838226985
2152,7.674617497364363,46.389654018972806,315.0228893190487
2153,7.675081857716334,46.400431032480725,315.12648603289017
2154,7.675546002537848,46.411205543489174,315.23006853235177
2155,7.6760099320288875,46.42197755374064,315.3336368259813
2156,7.676473646389156,46.4327470649756,315.43719092231777
2157,7.67693714581808,46.44351407893249,315.5407308298909
2158,7.677400430514807,46.45427859734774,315.64425655722187
2159,7.67786350067821,46.46504062195577,315.7477681128216
2160,7.6783263565068856,46.475800154489,315.8512655051935
2161,7.6787889981991535,46.486557196677836,315.95474874283127
2162,7.679251425953058,46.49731175025068,316.05821783421874
2163,7.679713639966372,46.50806381693394,316.161672787832
2164,7.68017564043659,46.51881339845203,316.26511361213795
2165,7.680637427560936,46.52956049652737,316.36854031559346
2166,7.681099001536359,46.54030511288038,316.47195290664763
2167,7.681560362559537,46.551047249229526,316.57535139374045
2168,7.682021510826875,46.561786907291264,316.6787357853019
2169,7.682482446534506,46.57252408878007,316.78210608975473
2170,7.682943169878292,46.58325879540846,316.8854623155109
2171,7.683403681053826,46.593991028886975,316.98880447097525
2172,7.6838639802564295,46.604720790924176,317.09213256454274
2173,7.684324067681155,46.61544808322666,317.1954466045993
2174,7.684783943522785,46.62617290749907,317.29874659952253
2175,7.685243607975833,46.636895265444075,317.40203255768097
2176,7.685703061234547,46.647615158762406,317.5053044874344
2177,7.686162303492906,46.65833258915282,317.6085623971341
2178,7.68662133494462,46.66904755831214,317.71180629512116
2179,7.687080155783135,46.67976006793523,317.81503618973
2180,7.687538766201629,46.69047011971501,317.9182520892848
2181,7.687997166393016,46.70117771534247,318.02145400210117
2182,7.688455356549944,46.71188285650665,318.1246419364861
2183,7.688913336864796,46.72258554489466,318.22781590073794
2184,7.68937110752969,46.73328578219169,318.3309759031466
2185,7.689828668736484,46.74398357008097,318.43412195199244
2186,7.690286020676768,46.75467891024384,318.5372540555477
2187,7.690743163541872,46.76537180435969,318.6403722220762
2188,7.691200097522863,46.776062254106,318.7434764598323
2189,7.691656822810547,46.78675026115834,318.8465667770625
2190,7.692113339595466,46.79743582719036,318.9496431820042
2191,7.692569648067906,46.8081189538738,319.05270568288614
2192,7.693025748417888,46.8187996428785,319.1557542879286
2193,7.693481640835175,46.82947789587238,319.2587890053431
2194,7.693937325509272,46.84015371452148,319.361809843333
2195,7.694392802629421,46.850827100489916,319.46481681009243
2196,7.69484807238461,46.861498055439924,319.5678099138072
2197,7.6953031349635665,46.87216658103186,319.67078916265507
2198,7.695757990554761,46.88283267892417,319.77375456480416
2199,7.696212639346407,46.89349635077342,319.8767061284156
2200,7.696667081526462,46.9041575982343,319.9796438616404
2201,7.697121317282625,46.9148164229596,320.0825677726221
2202,7.697575346802343,46.92547282660026,320.1854778694952
2203,7.698029170272805,46.93612681080534,320.28837416038635
2204,7.6984827878809465,46.94677837722201,320.39125665341305
2205,7.698936199813447,46.95742752749558,320.49412535668483
2206,7.699389406256737,46.968074263269514,320.5969802783021
2207,7.699842407396986,46.97871858618538,320.6998214263581
2208,7.700295203420117,46.98936049788292,320.8026488089364
2209,7.700747794511798,47.0,320.90546243411256
2210,7.701200180857446,47.01063709417264,321.00826230995426
2211,7.701652362642226,47.02127178203499,321.1110484445199
2212,7.70210434005105,47.031904065219386,321.2138208458603
2213,7.7025561132685825,47.042533945356304,321.31657952201755
2214,7.703007682479236,47.05316142407437,321.41932448102534
2215,7.703459047867175,47.06378650300037,321.5220557309097
2216,7.7039102096163115,47.07440918375928,321.62477327968685
2217,7.704361167910313,47.085029467974216,321.72747713536654
2218,7.704811922932594,47.095647357266465,321.830167305949
2219,7.705262474866325,47.10626285325551,321.93284379942634
2220,7.7057128238944275,47.11687595755899,322.03550662378274
2221,7.706162970199576,47.12748667179272,322.138155786994
2222,7.706612913964197,47.138094997570704,322.2407912970278
2223,7.707062655370473,47.148700936505136,322.34341316184344
2224,7.707512194600341,47.15930449020638,322.44602138939155
2225,7.70796153183549,47.16990566028302,322.54861598761545
2226,7.708410667257367,47.18050444834179,322.6511969644499
2227,7.708859601047175,47.19110085598767,322.7537643278211
2228,7.709308333385869,47.20169488482379,322.85631808564744
2229,7.709756864454165,47.21228653645151,322.958858245839
2230,7.7102051944325325,47.22287581247038,323.0613848162982
2231,7.710653323501202,47.23346271447817,323.1638978049189
2232,7.711101251840158,47.24404724407086,323.2663972195861
2233,7.711548979629146,47.25462940284264,323.3688830681785
2234,7.711996507047669,47.265209192385896,323.47135535856506
2235,7.71244383427499,47.275786614291256,323.5738140986076
2236,7.71289096149013,47.286361670147556,323.6762592961591
2237,7.71333788887187,47.29693436154187,323.7786909590651
2238,7.713784616598755,47.30750469005948,323.88110909516314
2239,7.7142311448490855,47.31807265728392,323.9835137122822
2240,7.714677473800927,47.32863826479693,324.08590481824405
2241,7.715123603632105,47.3392015141785,324.188282420861
2242,7.715569534520208,47.34976240700686,324.2906465279387
2243,7.716015266642587,47.36032094485847,324.3929971472749
2244,7.716460800176355,47.37087712930804,324.495334286658
2245,7.716906135298388,47.38143096192854,324.59765795386977
2246,7.717351272185329,47.391982444291145,324.69996815668344
2247,7.717796211013582,47.40253157796533,324.8022649028643
2248,7.718240951959316,47.41307836451879,324.90454820017015
2249,7.718685495198466,47.4236228055175,325.0068180563501
2250,7.719129840906732,47.43416490252569,325.1090744791457
2251,7.719573989259581,47.44470465710583,325.2113174762911
2252,7.720017940432244,47.45524207081869,325.313547055512
2253,7.720461694599722,47.46577714522327,325.4157632245264
2254,7.720905251936779,47.47630988187688,325.5179659910437
2255,7.721348612617949,47.486840282335066,325.62015536276743
2256,7.721791776817535,47.49736834815167,325.7223313473908
2257,7.722234744709607,47.50789408087881,325.8244939526013
2258,7.7226775164680035,47.51841748206689,325.92664318607723
2259,7.723120092266331,47.52893855326458,326.02877905548957
2260,7.72356247227797,47.53945729601885,326.13090156850154
2261,7.724004656676065,47.54997371187496,326.23301073276826
2262,7.724446645633537,47.56048780237646,326.33510655593807
2263,7.724888439323074,47.57099956906519,326.43718904565
2264,7.725330037917135,47.58150901348127,326.53925820953657
2265,7.725771441587952,47.59201613716318,326.64131405522244
2266,7.726212650507529,47.60252094164762,326.74335659032334
2267,7.7266536648476425,47.61302342846965,326.845385822449
2268,7.727094484779841,47.62352359916263,326.94740175920043
2269,7.727535110475448,47.634021455258214,327.04940440817074
2270,7.7279755421055585,47.644516998286385,327.1513937769466
2271,7.7284157798410416,47.65501022977542,327.25336987310544
2272,7.728855823852543,47.66550115125194,327.3553327042182
2273,7.729295674310482,47.67598976424087,327.4572822778475
2274,7.729735331385051,47.686476070265456,327.55921860154865
2275,7.730174795246222,47.69696007084728,327.6611416828692
2276,7.7306140660637395,47.70744176750625,327.7630515293494
2277,7.731053144007127,47.7179211617606,327.8649481485211
2278,7.731492029245684,47.7283982551269,327.9668315479097
2279,7.731930721948486,47.738873049120045,328.0687017350322
2280,7.732369222284388,47.74934554525329,328.17055871739825
2281,7.732807530422021,47.75981574503821,328.27240250250975
2282,7.733245646529795,47.77028364998475,328.3742330978614
2283,7.7336835707759,47.78074926160116,328.47605051094
2284,7.734121303328305,47.791212581394085,328.5778547492251
2285,7.734558844354756,47.80167361086848,328.67964582018914
2286,7.734996194022781,47.81213235152768,328.7814237312957
2287,7.7354333524996886,47.82258880487337,328.88318849000234
2288,7.735870319952567,47.83304297240559,328.984940103758
2289,7.736307096548285,47.843494855622744,329.0866785800054
2290,7.736743682453495,47.853944456021594,329.1884039261785
2291,7.73718007783463,47.86439177509728,329.29011614970455
2292,7.737616282857904,47.8748368143433,329.3918152580033
2293,7.738052297689316,47.885279575251516,329.49350125848673
2294,7.738488122494646,47.89572005931219,329.5951741585599
2295,7.738923757439457,47.90615826801394,329.6968339656198
2296,7.739359202689098,47.916594202843754,329.7984806870568
2297,7.739794458408701,47.92702786528704,329.9001143302534
2298,7.740229524763182,47.93745925682754,330.0017349025846
2299,7.7406644019172415,47.94788837894741,330.10334241141857
2300,7.741099090035366,47.958315233127195,330.20493686411544
2301,7.741533589281828,47.968739820845826,330.30651826802847
2302,7.741967899820685,47.97916214358062,330.40808663050376
2303,7.742402021815782,47.989582202807306,330.50964195887957
2304,7.742835955430749,48.0,330.61118426048694
2305,7.743269700829004,48.010415536631214,330.7127135426499
2306,7.7437032581737535,48.02082881417188,330.81422981268497
2307,7.744136627627991,48.03123983409131,330.91573307790156
2308,7.744569809354496,48.041648597857254,331.0172233456015
2309,7.745002803515839,48.05205510693585,331.1187006230798
2310,7.745435610274381,48.062459362791664,331.2201649176238
2311,7.7458682297922685,48.07286136688766,331.32161623651353
2312,7.746300662231439,48.08326112068523,331.42305458702253
2313,7.746732907753622,48.093658625644196,331.5244799764165
2314,7.747164966520335,48.104053883222775,331.6258924119541
2315,7.7475968386928855,48.11444689487763,331.72729190088637
2316,7.748028524432376,48.12483766206386,331.8286784504575
2317,7.748460023899697,48.13522618623496,331.9300520679049
2318,7.7488913372555315,48.14561246884289,332.0314127604582
2319,7.749322464660356,48.155996511338024,332.13276053534025
2320,7.749753406274437,48.16637831516918,332.2340953997666
2321,7.7501841622578365,48.176757881783615,332.33541736094566
2322,7.750614732770409,48.187135212627034,332.4367264260788
2323,7.751045117971802,48.19751030914356,332.53802260235983
2324,7.751475318021456,48.2078831727758,332.63930589697634
2325,7.75190533307861,48.218253804964775,332.7405763171079
2326,7.752335163302292,48.228622207149975,332.8418338699274
2327,7.752764808851328,48.23898838076935,332.94307856260076
2328,7.753194269884341,48.249352327259274,333.0443104022868
2329,7.753623546559746,48.25971404805462,333.14552939613714
2330,7.754052639035757,48.27007354458868,333.24673555129647
2331,7.754481547470383,48.28043081829324,333.34792887490227
2332,7.75491027202143,48.29078587059855,333.4491093740849
2333,7.755338812846501,48.30113870293329,333.55027705596825
2334,7.755767170102998,48.31148931672465,333.6514319276691
2335,7.756195343948118,48.321837713398274,333.7525739962962
2336,7.756623334538858,48.33218389437829,333.85370326895236
2337,7.757051142032013,48.342527861087284,333.95481975273333
2338,7.757478766584179,48.35286961494633,334.0559234547281
2339,7.757906208351747,48.36320915737499,334.15701438201734
2340,7.75833346749091,48.373546489791295,334.2580925416768
2341,7.758760544157663,48.38388161361178,334.35915794077357
2342,7.759187438507795,48.394214530251446,334.46021058636836
2343,7.759614150696903,48.40454524112379,334.5612504855154
2344,7.76004068088038,48.41487374764082,334.66227764526195
2345,7.76046702921342,48.425200051213004,334.7632920726473
2346,7.760893195851024,48.43552415324934,334.8642937747054
2347,7.761319180947987,48.4458460551573,334.9652827584625
2348,7.761744984658913,48.45616575834287,335.0662590309374
2349,7.762170607138205,48.46648326421054,335.16722259914314
2350,7.762596048540069,48.47679857416329,335.2681734700855
2351,7.763021309018518,48.48711168960263,335.36911165076344
2352,7.763446388727362,48.49742261192856,335.4700371481688
2353,7.763871287820222,48.507731342539614,335.57094996928697
2354,7.764296006450518,48.518037882832814,335.67185012109604
2355,7.764720544771477,48.52834223420371,335.7727376105681
2356,7.7651449029361315,48.53864439804639,335.87361244466763
2357,7.765569081097317,48.54894437575342,335.97447463035286
2358,7.765993079407675,48.55924216871593,336.07532417457503
2359,7.7664168980196555,48.569537778323564,336.17616108427836
2360,7.766840537085513,48.579831205964474,336.2769853664011
2361,7.767263996757308,48.590122453025366,336.3777970278737
2362,7.767687277186908,48.60041152089147,336.4785960756207
2363,7.768110378525988,48.61069841094653,336.5793825165599
2364,7.768533300926033,48.620983124572874,336.6801563576012
2365,7.768956044538332,48.63126566315131,336.7809176056498
2366,7.769378609513984,48.641546028061235,336.8816662676023
2367,7.769800996003896,48.65182422068057,336.9824023503497
2368,7.7702232041587855,48.662100242385755,337.0831258607759
2369,7.7706452341291765,48.67237409455183,337.1838368057587
2370,7.771067086065406,48.68264577855234,337.28453519216794
2371,7.771488760117616,48.692915295759406,337.3852210268683
2372,7.771910256435763,48.703182647543684,337.48589431671707
2373,7.772331575169614,48.7134478352744,337.58655506856496
2374,7.772752716468742,48.72371086031933,337.6872032892558
2375,7.773173680482536,48.73397172404482,337.7878389856277
2376,7.773594467360194,48.744230427815765,337.88846216451077
2377,7.774015077250727,48.75448697299562,337.98907283272996
2378,7.774435510302958,48.76474136094644,338.0896709971029
2379,7.77485576666552,48.774993593028796,338.1902566644403
2380,7.7752758464868625,48.78524367060187,338.29082984154735
2381,7.775695749915245,48.79549159502341,338.3913905352215
2382,7.776115477098742,48.80573736764972,338.4919387522541
2383,7.776535028185241,48.815980989835694,338.59247449943064
2384,7.776954403322442,48.82622246293481,338.6929977835293
2385,7.777373602657861,48.83646178829912,338.79350861132144
2386,7.77779262633883,48.84669896727925,338.8940069895729
2387,7.778211474512493,48.85693400122443,338.9944929250423
2388,7.77863014732581,48.86716689148246,339.0949664244819
2389,7.779048644925556,48.877397639399746,339.1954274946379
2390,7.779466967458324,48.88762624632127,339.2958761422488
2391,7.779885115070522,48.8978527135906,339.3963123740483
2392,7.780303087908373,48.908077042549934,339.4967361967624
2393,7.780720886117918,48.91829923454004,339.5971476171114
2394,7.781138509845015,48.92851929090027,339.6975466418083
2395,7.78155595923534,48.938737212968626,339.7979332775601
2396,7.781973234434385,48.948953002081666,339.8983075310683
2397,7.7823903355874595,48.95916665957459,339.9986694090265
2398,7.782807262839695,48.96937818678118,340.09901891812217
2399,7.783224016336037,48.979587585033826,340.19935606503753
2400,7.783640596221253,48.98979485566356,340.2996808564473
2401,7.784057002639929,49.0,340.3999932990197
2402,7.784473235736469,49.01020301937138,340.5002933994174
2403,7.784889295655098,49.02040391510457,340.6005811642962
2404,7.785305182539862,49.03060268852505,340.70085660030566
2405,7.785720896534624,49.040799340956916,340.8011197140889
2406,7.786136437783072,49.05099387372289,340.90137051228254
2407,7.786551806428712,49.06118628814432,341.00160900151775
2408,7.786967002614872,49.07137658554119,341.1018351884182
2409,7.787382026484701,49.08156476723211,341.2020490796017
2410,7.787796878181171,49.09175083453431,341.3022506816801
2411,7.788211557847076,49.10193478876367,341.4024400012588
2412,7.7886260656250315,49.1121166312347,341.5026170449364
2413,7.789040401657477,49.122296363260546,341.60278181930596
2414,7.789454566086673,49.13247398615299,341.7029343309533
2415,7.789868559054706,49.14264950122246,341.80307458645933
2416,7.790282380703483,49.15282290977803,341.9032025923978
2417,7.790696031174738,49.16299421312742,342.003318355336
2418,7.791109510610028,49.17316341257699,342.10342188183563
2419,7.791522819150732,49.18333050943175,342.2035131784518
2420,7.791935956938058,49.193495504995376,342.3035922517335
2421,7.792348924113037,49.20365840057018,342.403659108224
2422,7.792761720816526,49.21381919745713,342.503713754459
2423,7.793174347189205,49.22397789695587,342.6037561969694
2424,7.793586803371584,49.23413450036468,342.7037864422796
2425,7.793999089503996,49.24428900898052,342.8038044969073
2426,7.794411205726601,49.25444142409901,342.9038103673642
2427,7.794823152179389,49.26459174701441,343.0038040601563
2428,7.795234929002173,49.27473997901968,343.10378558178286
2429,7.795646536334594,49.28488612140643,343.2037549387375
2430,7.796057974316123,49.29503017546495,343.3037121375074
2431,7.796469243086058,49.3051721424842,343.40365718457366
2432,7.796880342783522,49.31531202375181,343.50359008641107
2433,7.797291273547472,49.3254498205541,343.6035108494889
2434,7.79770203551669,49.33558553417604,343.70341948026993
2435,7.798112628829788,49.34571916590131,343.80331598521053
2436,7.798523053625206,49.35585071701227,343.9032003707617
2437,7.798933310041217,49.36598018878993,344.00307264336743
2438,7.79934339821592,49.37610758251404,344.10293280946644
2439,7.799753318287247,49.38623289946298,344.20278087549167
2440,7.80016307039296,49.39635614091387,344.3026168478686
2441,7.80057265467065,49.4064773081425,344.4024407330179
2442,7.8009820712577405,49.416596402423345,344.5022525373541
2443,7.8013913202914855,49.42671342502959,344.60205226728533
2444,7.801800401908973,49.4368283772331,344.7018399292133
2445,7.802209316247118,49.44694126030446,344.8016155295346
2446,7.802618063442671,49.457052075512955,344.9013790746397
2447,7.803026643632217,49.467160824126545,345.0011305709123
2448,7.803435056952168,49.47726750741192,345.1008700247307
2449,7.803843303538772,49.48737212663449,345.2005974424677
2450,7.804251383528112,49.49747468305833,345.3003128304888
2451,7.804659297056102,49.50757517794625,345.40001619515465
2452,7.8050670442584895,49.51767361255979,345.49970754281975
2453,7.805474625270857,49.52776998815917,345.599386879832
2454,7.805882040228621,49.53786430600334,345.6990542125341
2455,7.806289289267033,49.54795656734998,345.79870954726283
2456,7.806696372521179,49.558046773455466,345.8983528903486
2457,7.80710329012598,49.56813492557492,345.9979842481159
2458,7.807510042216193,49.57822102496216,346.09760362688394
2459,7.807916628926408,49.58830507286975,346.1972110329652
2460,7.8083230503910555,49.59838707054898,346.2968064726665
2461,7.808729306744399,49.60846701924985,346.39638995228916
2462,7.809135398120538,49.61854492022111,346.49596147812895
2463,7.80954132465341,49.628620774710235,346.5955210564741
2464,7.80994708647679,49.63869458396343,346.6950686936091
2465,7.81035268372429,49.64876634922564,346.79460439581123
2466,7.810758116529357,49.658836071740545,346.8941281693519
2467,7.811163385025279,49.66890375275057,346.99364002049754
2468,7.81156848934518,49.678969393496885,347.0931399555082
2469,7.8119734296220225,49.68903299521938,347.19262798063806
2470,7.81237820598861,49.69909455915671,347.2921041021356
2471,7.812782818577581,49.70915408654627,347.3915683262435
2472,7.813187267521416,49.71921157862421,347.4910206591988
2473,7.813591552952433,49.72926703662542,347.5904611072323
2474,7.813995675002791,49.73932046178355,347.68988967656935
2475,7.814399633804487,49.749371855331,347.7893063734298
2476,7.814803429489359,49.759421218498915,347.8887112040273
2477,7.815207062189088,49.76946855251722,347.98810417456934
2478,7.8156105320351905,49.77951385861457,348.0874852912588
2479,7.8160138391590275,49.78955713801841,348.18685456029215
2480,7.816416983691801,49.79959839195493,348.28621198785964
2481,7.8168199657645525,49.80963762164909,348.38555758014684
2482,7.817222785508166,49.8196748283246,348.48489134333244
2483,7.81762544305337,49.82971001320397,348.5842132835907
2484,7.818027938530729,49.839743177508446,348.68352340708964
2485,7.818430272070656,49.84977432245807,348.7828217199906
2486,7.818832443803404,49.85980344927164,348.88210822845053
2487,7.81923445385907,49.86983055916673,348.9813829386202
2488,7.819636302367592,49.879855653359705,349.08064585664494
2489,7.820037989458753,49.889878733065686,349.17989698866444
2490,7.820439515262181,49.8998997994986,349.2791363408117
2491,7.820840879907344,49.90991885387112,349.37836391921564
2492,7.821242083523558,49.91993589739474,349.4775797299981
2493,7.821643126239982,49.92995093127971,349.5767837792765
2494,7.822044008185619,49.93996395673509,349.67597607316173
2495,7.822444729489319,49.949974974968704,349.77515661775976
2496,7.822845290279774,49.95998398718719,349.8743254191703
2497,7.823245690685523,49.969990994595946,349.9734824834882
2498,7.823645930834952,49.9799959983992,350.07262781680134
2499,7.824046010856292,49.98999899979995,350.1717614251935
2500,7.824445930877619,50.0,350.27088331474243
2501,7.824845691026856,50.00999900019995,350.3699934915199
2502,7.8252452914317745,50.0199960015992,350.46909196159226
2503,7.825644732219989,50.02999100539596,350.5681787310205
2504,7.826044013518965,50.039984012787215,350.6672538058602
2505,7.826443135456014,50.049975024968795,350.76631719216067
2506,7.826842098158293,50.05996404313531,350.8653688959663
2507,7.827240901752812,50.06995106848019,350.9644089233163
2508,7.827639546366422,50.07993610219566,351.0634372802431
2509,7.828038032125829,50.08991914547278,351.16245397277464
2510,7.828436359157585,50.0999001995014,351.2614590069331
2511,7.828834527588089,50.1098792654702,351.3604523887351
2512,7.829232537543592,50.11985634456667,351.4594341241917
2513,7.829630389150193,50.12983143797713,351.5584042193084
2514,7.83002808253384,50.1398045468867,351.65736268008584
2515,7.830425617820331,50.149775672479336,351.75630951251816
2516,7.830822995135316,50.15974481593781,351.85524472259493
2517,7.831220214604293,50.16971197844373,351.9541683162994
2518,7.831617276352611,50.17967716117751,352.05308029961043
2519,7.832014180505469,50.18964036531842,352.1519806785005
2520,7.83241092718792,50.19960159204453,352.25086945893696
2521,7.8328075165248645,50.20956084253277,352.3497466468822
2522,7.833203948641057,50.21951811795888,352.4486122482922
2523,7.8336002236611035,50.22947341949744,352.5474662691181
2524,7.83399634170946,50.23942674832188,352.6463087153058
2525,7.8343923029104365,50.24937810560445,352.7451395927954
2526,7.834788107388194,50.25932749251625,352.8439589075223
2527,7.8351837552667485,50.269274910227224,352.94276666541543
2528,7.835579246669965,50.27922035990614,353.0415628723992
2529,7.835974581721566,50.28916384272063,353.14034753439194
2530,7.836369760545124,50.299105359837164,353.2391206573074
2531,7.836764783264067,50.309044912421065,353.3378822470535
2532,7.837159650001675,50.3189825016365,353.43663230953274
2533,7.837554360881084,50.32891812864648,353.53537085064244
2534,7.837948916025283,50.33885179461288,353.63409787627455
2535,7.8383433155571165,50.34878350069642,353.7328133923157
2536,7.838737559599282,50.35871324805669,353.83151740464706
2537,7.839131648274333,50.368641037852115,353.9302099191448
2538,7.839525581704678,50.37856687124,354.028890941679
2539,7.8399193600125825,50.38849074937649,354.1275604781154
2540,7.840312983320164,50.39841267341661,354.22621853431417
2541,7.8407064517494,50.40833264451424,354.3248651161298
2542,7.841099765422119,50.41825066382212,354.4235002294121
2543,7.841492924460013,50.428166732491874,354.5221238800043
2544,7.841885928984623,50.438080851673966,354.620736073746
2545,7.842278779117352,50.44799302251776,354.719336816471
2546,7.842671474979457,50.457903246171455,354.8179261140069
2547,7.843064016692054,50.46781152378217,354.91650397217757
2548,7.8434564043761155,50.47771785649585,355.0150703968002
2549,7.843848638152472,50.48762224545735,355.1136253936875
2550,7.844240718141811,50.49752469181039,355.21216896864706
2551,7.844632644464681,50.50742519669756,355.3107011274813
2552,7.845024417241484,50.51732376126036,355.4092218759864
2553,7.845416036592485,50.52722038663912,355.5077312199551
2554,7.845807502637805,50.53711507397311,355.6062291651726
2555,7.846198815497425,50.547007824400445,355.70471571742127
2556,7.846589975291186,50.556898639058154,355.80319088247677
2557,7.846980982138788,50.566787519082126,355.9016546661098
2558,7.847371836159788,50.57667446560717,356.0001070740866
2559,7.847762537473608,50.586559479766954,356.09854811216763
2560,7.848153086199526,50.59644256269407,356.196977786108
2561,7.848543482456679,50.60632371551998,356.2953961016578
2562,7.848933726364071,50.61620293937506,356.39380306456303
2563,7.849323818040561,50.62608023538856,356.49219868056275
2564,7.84971375760487,50.635955604688654,356.59058295539177
2565,7.850103545175582,50.6458290484024,356.68895589478035
2566,7.8504931808711405,50.65570056765576,356.7873175044525
2567,7.850882664809852,50.665570163573605,356.8856677901279
2568,7.851271997109883,50.67543783727971,356.9840067575207
2569,7.851661177889265,50.68530358989675,357.0823344123403
2570,7.852050207265889,50.695167422546305,357.1806507602909
2571,7.85243908535751,50.70502933634887,357.2789558070709
2572,7.8528278122817445,50.714889332423866,357.37724955837473
2573,7.853216388156072,50.724747411889595,357.47553201989086
2574,7.853604813097837,50.73460357586329,357.5738031973034
2575,7.853993087224244,50.7444578254611,357.6720630962906
2576,7.854381210652365,50.75431016179808,357.77031172252674
2577,7.8547691834991324,50.76416058598822,357.8685490816796
2578,7.8551570058813445,50.774009099144415,357.96677517941345
2579,7.855544677915663,50.78385570237849,358.0649900213866
2580,7.855932199718614,50.79370039680118,358.16319361325196
2581,7.856319571406588,50.80354318352215,358.26138596065846
2582,7.8567067930958405,50.813384063650005,358.3595670692492
2583,7.857093864902493,50.82322303829225,358.45773694466277
2584,7.85748078694253,50.83306010855534,358.5558955925323
2585,7.857867559331803,50.84289527554464,358.65404301848633
2586,7.8582541821860294,50.85272854036448,358.75217922814835
2587,7.858640655620791,50.86255990411808,358.85030422713623
2588,7.859026979751538,50.872389367907616,358.9484180210642
2589,7.859413154693583,50.882216932834204,359.04652061553975
2590,7.85979918056211,50.89204259999789,359.1446120161669
2591,7.860185057472165,50.90186637049765,359.24269222854394
2592,7.860570785538664,50.91168824543142,359.34076125826385
2593,7.860956364876389,50.92150822589606,359.43881911091614
2594,7.861341795599989,50.93132631298737,359.5368657920842
2595,7.86172707782398,50.941142507800116,359.6349013073459
2596,7.862112211662748,50.950956811427986,359.732925662276
2597,7.862497197230545,50.96076922496363,359.83093886244274
2598,7.8628820346414905,50.97057974949863,359.9289409134099
2599,7.8632667240095735,50.98038838612354,360.02693182073693
2600,7.8636512654486515,50.99019513592785,360.1249115899773
2601,7.86403565907245,51.0,360.2228802266809
2602,7.864419904994565,51.0098029794274,360.32083773639135
2603,7.86480400332846,51.01960407529639,360.4187841246481
2604,7.865187954187467,51.02940328869229,360.5167193969858
2605,7.8655717576847906,51.03920062069938,360.6146435589342
2606,7.865955413933502,51.048996072400875,360.7125566160178
2607,7.866338923046544,51.05878964487897,360.8104585737564
2608,7.866722285136729,51.068581339214816,360.9083494376654
2609,7.867105500316739,51.07837115648854,361.00622921325424
2610,7.8674885686991285,51.088159097779204,361.10409790602904
2611,7.867871490396322,51.09794516416487,361.20195552148954
2612,7.868254265520613,51.10772935672255,361.29980206513204
2613,7.868636894184167,51.11751167652823,361.39763754244655
2614,7.869019376499023,51.12729212465687,361.49546195892015
2615,7.86940171257709,51.137070702182385,361.59327532003283
2616,7.869783902530146,51.146847410177685,361.69107763126163
2617,7.870165946469845,51.15662224971465,361.78886889807785
2618,7.870547844507712,51.16639522186413,361.8866491259485
2619,7.8709295967551425,51.176166327695945,361.9844183203352
2620,7.8713112033234065,51.18593556827891,362.0821764866952
2621,7.871692664323645,51.19570294468082,362.1799236304809
2622,7.872073979866873,51.20546845796843,362.27765975713976
2623,7.8724551500639794,51.21523210920751,362.37538487211515
2624,7.872836175025724,51.22499389946279,362.4730989808444
2625,7.873217054862741,51.234753829797995,362.57080208876135
2626,7.87359778968554,51.24451190127583,362.6684942012945
2627,7.873978379604501,51.254268114957995,362.7661753238676
2628,7.874358824729881,51.264022471905186,362.8638454618998
2629,7.874739125171811,51.273774973177076,362.96150462080533
2630,7.875119281040293,51.28352561983234,363.0591528059936
2631,7.875499292445208,51.29327441292864,363.1567900228702
2632,7.87587915949631,51.30302135352264,363.2544162768347
2633,7.876258882303226,51.31276644267,363.35203157328294
2634,7.876638460975463,51.32250968142536,363.4496359176053
2635,7.877017895622398,51.332251070842396,363.54722931518796
2636,7.877397186353287,51.34199061197374,363.64481177141244
2637,7.87777633327726,51.35172830587107,363.74238329165576
2638,7.878155336503324,51.36146415358503,363.8399438812895
2639,7.878534196140362,51.37119815616529,363.937493545681
2640,7.878912912297133,51.38093031466052,364.0350322901933
2641,7.879291485082271,51.39066063011839,364.13256012018377
2642,7.879669914604289,51.40038910358559,364.2300770410064
2643,7.880048200971577,51.41011573610781,364.3275830580096
2644,7.8804263442924,51.419840528729765,364.4250781765377
2645,7.880804344674901,51.42956348249516,364.5225624019296
2646,7.881182202227102,51.43928459844674,364.62003573952074
2647,7.881559917056899,51.44900387762624,364.7174981946404
2648,7.88193748927207,51.45872132107443,364.8149497726151
2649,7.882314918980268,51.468436929831086,364.9123904787652
2650,7.8826922062890254,51.478150704935004,365.0098203184074
2651,7.883069351305753,51.487862647424,365.10723929685287
2652,7.88344635413774,51.49757275833493,365.20464741940873
2653,7.8838232148921525,51.507281038703645,365.30204469137794
2654,7.884199933676039,51.51698748956503,365.3994311180587
2655,7.884576510596324,51.526692111953004,365.4968067047435
2656,7.884952945759814,51.536394906900505,365.5941714567214
2657,7.885329239273191,51.54609587543949,365.6915253792769
2658,7.88570539124302,51.55579501860097,365.7888684776897
2659,7.886081401775745,51.56549233741495,365.8862007572342
2660,7.886457270977689,51.57518783291051,365.9835222231813
2661,7.8868329989550565,51.58488150611572,366.0808328807971
2662,7.887208585813932,51.59457335805772,366.17813273534296
2663,7.88758403166028,51.60426338976267,366.27542179207575
2664,7.887959336599945,51.61395160225576,366.372700056248
2665,7.888334500738654,51.62363799656123,366.4699675331076
2666,7.888709524182015,51.633322573702344,366.5672242278971
2667,7.889084407035514,51.64300533470143,366.6644701458561
2668,7.889459149404524,51.65268628057983,366.7617052922189
2669,7.8898337513942955,51.66236541235796,366.8589296722147
2670,7.890208213109961,51.67204273105525,366.95614329106917
2671,7.890582534656536,51.6817182376902,367.05334615400307
2672,7.890956716138919,51.69139193328034,367.1505382662329
2673,7.891330757661889,51.70106381884226,367.24771963297036
2674,7.891704659330107,51.710733895391584,367.34489025942264
2675,7.892078421248119,51.720402163943,367.44205015079297
2676,7.892452043520352,51.73006862551025,367.5391993122794
2677,7.8928255262511176,51.73973328110612,367.6363377490762
2678,7.893198869544609,51.749396131742444,367.7334654663728
2679,7.893572073504902,51.75905717843013,367.83058246935406
2680,7.893945138235959,51.76871642217914,367.9276887632007
2681,7.894318063841624,51.778373863998475,368.02478435308893
2682,7.894690850425624,51.78802950489621,368.1218692441907
2683,7.895063498091573,51.79768334587948,368.2189434416731
2684,7.895436006942965,51.807335387954474,368.31600695069943
2685,7.895808377083183,51.81698563212646,368.4130597764275
2686,7.8961806086154915,51.82663407939975,368.5101019240118
2687,7.89655270164304,51.836280730777744,368.60713339860223
2688,7.896924656268864,51.84592558726288,368.70415420534357
2689,7.897296472595885,51.85556864985669,368.801164349377
2690,7.897668150726906,51.86520991955976,368.8981638358393
2691,7.898039690764619,51.87484939737175,368.9951526698617
2692,7.898411092811599,51.884487084291386,369.0921308565728
2693,7.898782356970309,51.894122981316485,369.1890984010955
2694,7.899153483343097,51.90375708944392,369.2860553085494
2695,7.899524472032198,51.91338940966964,369.383001584048
2696,7.89989532313973,51.92301994298868,369.47993723270247
2697,7.900266036767701,51.93264869039514,369.5768622596189
2698,7.900636613018005,51.94227565288221,369.6737766698985
2699,7.90100705199242,51.95190083144215,369.7706804686382
2700,7.901377353792616,51.96152422706632,369.8675736609312
2701,7.9017475185201445,51.97114584074513,369.96445625186624
2702,7.902117546276448,51.980765673468106,370.06132824652764
2703,7.902487437162855,51.99038372622383,370.15818964999505
2704,7.902857191280582,52.0,370.2550404673444
2705,7.903226808730733,52.009614495783374,370.3518807036464
2706,7.903596289614301,52.01922721455981,370.4487103639689
2707,7.903965634032166,52.028838157314254,370.54552945337366
2708,7.904334842085095,52.03844732503075,370.64233797692003
2709,7.904703913873747,52.04805471869242,370.73913593966154
2710,7.905072849498666,52.05766033928148,370.83592334664803
2711,7.905441649060286,52.06726418777925,370.9327002029257
2712,7.905810312658931,52.076866265166146,371.02946651353517
2713,7.906178840394815,52.08646657242167,371.1262222835137
2714,7.906547232368036,52.09606511052442,371.22296751789423
2715,7.906915488678587,52.10566188045211,371.3197022217051
2716,7.907283609426348,52.11525688318153,371.41642639997065
2717,7.907651594711089,52.124850119688595,371.51314005771087
2718,7.908019444632471,52.1344415909483,371.60984319994157
2719,7.908387159290043,52.14403129793476,371.7065358316741
2720,7.908754738783246,52.15361924162119,371.80321795791616
2721,7.909122183211411,52.16320542297991,371.8998895836706
2722,7.909489492673759,52.172789842982326,371.99655071393613
2723,7.909856667269403,52.182372502598994,372.0932013537075
2724,7.9102237070973445,52.191953402799555,372.1898415079755
2725,7.9105906122564775,52.20153254455275,372.2864711817258
2726,7.910957382845589,52.21110992882645,372.38309037994077
2727,7.911324018963353,52.22068555658763,372.4796991075985
2728,7.911690520708339,52.230259428802384,372.576297369672
2729,7.912056888179006,52.23983154643591,372.67288517113127
2730,7.912423121473705,52.24940191045253,372.7694625169414
2731,7.912789220690681,52.25897052181568,372.8660294120637
2732,7.913155185928068,52.26853738148792,372.96258586145467
2733,7.913521017283895,52.278102490430925,373.05913187006735
2734,7.913886714856082,52.28766584960549,373.15566744285036
2735,7.914252278742441,52.29722745997153,373.2521925847482
2736,7.914617709040679,52.306787322488084,373.3487073007011
2737,7.914983005848394,52.316345438113316,373.44521159564533
2738,7.915348169263078,52.32590180780452,373.54170547451326
2739,7.9157131993821155,52.3354564325181,373.63818894223164
2740,7.916078096302786,52.3450093132096,373.7346620037254
2741,7.91644286012226,52.354560450833695,373.8311246639137
2742,7.916807490937603,52.364109846344185,373.9275769277124
2743,7.917171988845776,52.373657500693994,374.0240188000323
2744,7.917536353943631,52.38320341483518,374.1204502857812
2745,7.917900586327916,52.392747589718944,374.216871389862
2746,7.918264686095274,52.40229002629561,374.3132821171738
2747,7.91862865334224,52.41183072551463,374.4096824726118
2748,7.918992488165245,52.421369688324624,374.506072461067
2749,7.919356190660617,52.43090691567332,374.602452087426
2750,7.919719760924575,52.44044240850758,374.6988213565717
2751,7.920083199053234,52.44997616777342,374.7951802733826
2752,7.920446505142607,52.459508194416,374.8915288427334
2753,7.9208096792886,52.46903848937962,374.9878670694941
2754,7.9211727215870145,52.478567053607705,375.08419495853235
2755,7.9215356321335495,52.48809388804284,375.1805125147095
2756,7.921898411023797,52.49761899362675,375.27681974288424
2757,7.922261058353247,52.507142371300304,375.37311664791076
2758,7.922623574217286,52.51666402200353,375.4694032346398
2759,7.9229859587111955,52.52618394667559,375.5656795079175
2760,7.923348211930154,52.53570214625479,375.6619454725855
2761,7.923710333969238,52.54521862167861,375.7582011334824
2762,7.924072324923417,52.55473337388365,375.85444649544246
2763,7.92443418488756,52.5642464038057,375.9506815632954
2764,7.9247959139564355,52.57375771237966,376.0469063418682
2765,7.925157512224703,52.583267300539625,376.14312083598185
2766,7.925518979786926,52.592775169218825,376.23932505045497
2767,7.92588031673756,52.602281319349636,376.33551899010195
2768,7.926241523170962,52.61178575186362,376.43170265973254
2769,7.926602599181384,52.62128846769148,376.5278760641532
2770,7.9269635448629785,52.630789467763066,376.6240392081656
2771,7.927324360309794,52.640288753007425,376.72019209656827
2772,7.927685045615778,52.64978632435273,376.8163347341558
2773,7.928045600874777,52.65928218272634,376.9124671257174
2774,7.928406026180535,52.66877632905477,377.0085892760402
2775,7.9287663216266955,52.67826876426369,377.1047011899062
2776,7.9291264873067995,52.687759489277965,377.2008028720938
2777,7.9294865233142895,52.69724850502159,377.2968943273772
2778,7.929846429742503,52.706735812417755,377.392975560527
2779,7.930206206684683,52.716221412388805,377.48904657631
2780,7.930565854233965,52.72570530585627,377.5851073794883
2781,7.930925372483388,52.73518749374084,377.6811579748204
2782,7.931284761525891,52.744667976962376,377.77719836706177
2783,7.931644021454311,52.754146756439916,377.8732285609628
2784,7.932003152361385,52.76362383309168,377.9692485612703
2785,7.932362154339751,52.773099207835045,378.0652583727268
2786,7.932721027481948,52.78257288158659,378.16125800007234
2787,7.933079771880415,52.79204485526205,378.25724744804126
2788,7.933438387627489,52.80151512977634,378.3532267213652
2789,7.933796874815411,52.81098370604357,378.4491958247713
2790,7.934155233536322,52.820450584977024,378.54515476298303
2791,7.934513463882263,52.82991576748916,378.6411035407204
2792,7.934871565945177,52.839379254491625,378.73704216269846
2793,7.935229539816907,52.848841046895245,378.83297063362926
2794,7.9355873855892,52.85830114561004,378.9288889582209
2795,7.935945103353701,52.86775955154521,379.02479714117743
2796,7.936302693201959,52.87721626560914,379.120695187199
2797,7.936660155225426,52.88667128870941,379.21658310098184
2798,7.937017489515454,52.896124621752776,379.31246088721844
2799,7.937374696163295,52.905576265645195,379.4083285505975
2800,7.937731775260109,52.91502622129181,379.504186095804
2801,7.938088726896952,52.92447448959697,379.60003352751886
2802,7.938445551164788,52.933921071464184,379.695870850419
2803,7.938802248154481,52.94336596779619,379.7916980691782
2804,7.9391588179567965,52.952809179494906,379.88751518846533
2805,7.939515260662406,52.96225070746144,379.98332221294663
2806,7.939871576361883,52.97169055259611,380.07911914728277
2807,7.940227765145702,52.98112871579842,380.1749059961332
2808,7.940583827104244,52.99056519796708,380.27068276415156
2809,7.940939762327791,53.0,380.36644945598783
2810,7.941295570906532,53.009433122794285,380.46220607628953
2811,7.941651252930556,53.018864567246254,380.55795262969866
2812,7.9420068084898565,53.028294334251406,380.6536891208546
2813,7.942362237674335,53.03772242470448,380.74941555439216
2814,7.942717540573791,53.04714883949938,380.8451319349434
2815,7.943072717277933,53.056573579529235,380.94083826713563
2816,7.943427767876373,53.0659966456864,381.036534555593
2817,7.943782692458625,53.075418038862395,381.1322208049354
2818,7.9441374911141125,53.08483775994799,381.2278970197793
2819,7.944492163932159,53.094255809833136,381.32356320473696
2820,7.944846711001996,53.103672189407014,381.4192193644179
2821,7.945201132412759,53.113086899558006,381.51486550342656
2822,7.945555428253489,53.1224999411737,381.61050162636485
2823,7.945909598613133,53.131911315140925,381.70612773783
2824,7.946263643580541,53.14132102234569,381.80174384241604
2825,7.946617563244473,53.150729063673246,381.89734994471314
2826,7.946971357693591,53.16013544000805,381.9929460493072
2827,7.947325027016463,53.16954015223378,382.08853216078154
2828,7.947678571301568,53.178943201233324,382.18410828371526
2829,7.948031990637284,53.1883445878888,382.27967442268306
2830,7.9483852851118995,53.19774431308154,382.3752305822563
2831,7.94873845481361,53.207142377692115,382.4707767670036
2832,7.949091499830517,53.21653878260028,382.56631298148824
2833,7.949444420250626,53.225933528685054,382.6618392302714
2834,7.949797216161852,53.23532661682466,382.75735551790933
2835,7.950149887652018,53.24471804789655,382.85286184895494
2836,7.950502434808851,53.25410782277739,382.9483582279581
2837,7.950854857719988,53.2634959423431,383.0438446594642
2838,7.951207156472972,53.27288240746881,383.13932114801514
2839,7.951559331155252,53.28226721902888,383.23478769814926
2840,7.951911381854188,53.291650377896914,383.3302443144011
2841,7.952263308657046,53.301031884945715,383.4256910013023
2842,7.952615111651,53.31041174104736,383.52112776337947
2843,7.952966790923131,53.319789947073126,383.61655460515635
2844,7.953318346560431,53.32916650389353,383.71197153115327
2845,7.953669778649798,53.33854141237835,383.80737854588614
2846,7.954021087278037,53.34791467339656,383.90277565386833
2847,7.954372272531867,53.3572862878164,383.9981628596083
2848,7.954723334497908,53.36665625650534,384.09354016761193
2849,7.955074273262696,53.376024580330075,384.18890758238086
2850,7.955425088912672,53.38539126015655,384.2842651084131
2851,7.955775781534187,53.39475629684998,384.3796127502033
2852,7.9561263512135,53.40411969127476,384.4749505122426
2853,7.956476798036782,53.41348144429457,384.5702783990185
2854,7.956827122090111,53.422841556772326,384.66559641501414
2855,7.957177323459475,53.43220002957018,384.76090456471
2856,7.957527402230773,53.44155686354955,384.8562028525827
2857,7.957877358489813,53.45091205957107,384.951491283105
2858,7.958227192322312,53.46026561849464,385.04676986074594
2859,7.958576903813898,53.4696175411794,385.1420385899715
2860,7.95892649305011,53.47896782848375,385.23729747524396
2861,7.959275960116396,53.48831648126533,385.3325465210218
2862,7.959625305098115,53.49766350038102,385.4277857317601
2863,7.9599745280805365,53.50700888668698,385.52301511191007
2864,7.9603236291488395,53.51635264103861,385.6182346659197
2865,7.960672608388117,53.52569476429054,385.71344439823343
2866,7.96102146588337,53.53503525729669,385.80864431329144
2867,7.961370201719511,53.54437412091022,385.90383441553143
2868,7.9617188159813645,53.55371135598354,385.9990147093868
2869,7.962067308753666,53.563046963368315,386.094185199288
2870,7.962415680121064,53.5723809439155,386.18934588966073
2871,7.962763930168115,53.58171329847526,386.28449678492854
2872,7.96311205897929,53.59104402789705,386.37963788951083
2873,7.96346006663897,53.600373133029585,386.4747692078235
2874,7.963807953231451,53.60970061472084,386.56989074427855
2875,7.964155718840937,53.61902647381804,386.66500250328545
2876,7.964503363551548,53.62835071116769,386.7601044892494
2877,7.964850887447313,53.637673327615545,386.855196706572
2878,7.965198290612176,53.646994324006634,386.9502791596516
2879,7.965545573129992,53.65631370118525,387.0453518528833
2880,7.9658927350845286,53.665631459994955,387.1404147906578
2881,7.966239776559467,53.67494760127857,387.2354679773637
2882,7.9665866976384025,53.68426212587819,387.33051141738446
2883,7.96693349840484,53.693575034635195,387.4255451151015
2884,7.9672801789422,53.70288632839021,387.52056907489197
2885,7.9676267393338165,53.71219600798314,387.61558330112956
2886,7.967973179662935,53.72150407425317,387.7105877981852
2887,7.968319500012717,53.73081052803875,387.8055825704253
2888,7.968665700466235,53.74011537017761,387.9005676222129
2889,7.969011781106478,53.749418601506754,387.99554295790864
2890,7.969357742016346,53.75872022286245,388.09050858186873
2891,7.969703583278656,53.76802023508026,388.1854644984462
2892,7.970049304976135,53.777318638995006,388.28041071199084
2893,7.970394907191429,53.786615435440815,388.37534722684813
2894,7.970740390007095,53.79591062525106,388.47027404736167
2895,7.971085753505607,53.80520420925842,388.56519117786985
2896,7.9714309977693505,53.81449618829484,388.6600986227088
2897,7.971776122880628,53.823786563191554,388.7549963862108
2898,7.972121128921655,53.83307533477908,388.84988447270507
2899,7.9724660159745655,53.842362503887216,388.94476288651674
2900,7.972810784121404,53.85164807134504,389.03963163196755
2901,7.973155433444133,53.86093203798092,389.1344907133773
2902,7.97349996402463,53.87021440462252,389.2293401350601
2903,7.973844375944687,53.879495172096775,389.32417990132797
2904,7.974188669286011,53.88877434122992,389.41901001648966
2905,7.974532844130228,53.898051912847464,389.51383048484985
2906,7.9748769005588755,53.907327887774215,389.60864131071014
2907,7.97522083865341,53.91660226683428,389.703442498369
2908,7.975564658495202,53.925875050851054,389.7982340521212
2909,7.975908360165538,53.9351462406472,389.89301597625786
2910,7.976251943745623,53.94441583704471,389.98778827506726
2911,7.976595409316577,53.95368384086484,390.0825509528338
2912,7.976938756959434,53.96295025292817,390.17730401383915
2913,7.97728198675515,53.97221507405454,390.27204746236055
2914,7.977625098784593,53.98147830506312,390.3667813026732
2915,7.977968093128549,53.99073994677235,390.4615055390481
2916,7.978310969867722,54.0,390.5562201757527
2917,7.978653729082731,54.00925846556311,390.6509252170516
2918,7.978996370854115,54.01851534427802,390.7456206672061
2919,7.979338895262328,54.0277706369604,390.84030653047364
2920,7.979681302387741,54.037024344425184,390.93498281110874
2921,7.980023592310645,54.04627646748664,391.02964951336224
2922,7.980365765111246,54.055527006958314,391.12430664148195
2923,7.980707820869669,54.064775963653084,391.2189541997124
2924,7.981049759665957,54.0740233383831,391.3135921922947
2925,7.98139158158007,54.08326913195984,391.408220623466
2926,7.9817332866918855,54.092513345194085,391.50283949746074
2927,7.982074875081202,54.101755978895916,391.5974488185105
2928,7.982416346827733,54.11099703387473,391.69204859084283
2929,7.982757702011113,54.120236510939236,391.78663881868147
2930,7.983098940710892,54.12947441089743,391.8812195062486
2931,7.983440063006542,54.13871073455665,391.9757906577612
2932,7.983781068977451,54.147945482723536,392.07035227743415
2933,7.984121958702927,54.15717865620402,392.1649043694786
2934,7.984462732262196,54.16641025580336,392.25944693810214
2935,7.984803389734406,54.17564028232615,392.3539799875101
2936,7.98514393119862,54.18486873657626,392.44850352190286
2937,7.9854843567338225,54.194095619356915,392.54301754547896
2938,7.985824666418917,54.20332093147061,392.63752206243316
2939,7.986164860332727,54.2125446737192,392.7320170769568
2940,7.9865049385539955,54.22176684690383,392.82650259323844
2941,7.9868449011613825,54.230987451824994,392.92097861546245
2942,7.987184748233473,54.24020648928247,393.0154451478109
2943,7.987524479848767,54.249423960075376,393.10990219446177
2944,7.987864096085687,54.258639865002145,393.2043497595908
2945,7.988203597022576,54.26785420486054,393.2987878473696
2946,7.988542982737695,54.27706698044764,393.3932164619665
2947,7.988882253309227,54.286278192559855,393.48763560754753
2948,7.989221408815276,54.29548784199291,393.5820452882743
2949,7.989560449333865,54.30469592954186,393.67644550830545
2950,7.989899374942939,54.31390245600108,393.7708362717975
2951,7.990238185720363,54.323107422164284,393.8652175829026
2952,7.990576881743923,54.3323108288245,393.9595894457696
2953,7.9909154630913255,54.3415126767741,394.05395186454507
2954,7.991253929840199,54.35071296680477,394.14830484337097
2955,7.991592282068092,54.35991169970753,394.2426483863875
2956,7.9919305198524775,54.36910887627275,394.3369824977305
2957,7.992268643270745,54.378304497290095,394.43130718153344
2958,7.99260665240021,54.38749856354859,394.52562244192643
2959,7.992944547318106,54.396691075836586,394.61992828303516
2960,7.993282328101591,54.405882034941776,394.71422470898426
2961,7.993619994827744,54.415071441651165,394.8085117238935
2962,7.993957547573565,54.42425929675111,394.90278933188006
2963,7.994294986415977,54.433445601027316,394.9970575370577
2964,7.994632311431825,54.4426303552648,395.0913163435374
2965,7.994969522697877,54.45181356024793,395.18556575542675
2966,7.995306620290822,54.46099521676041,395.2798057768297
2967,7.995643604287271,54.47017532558529,395.37403641184756
2968,7.99598047476376,54.47935388750494,395.4682576645788
2969,7.996317231796746,54.48853090330111,395.56246953911784
2970,7.9966538754626075,54.49770637375485,395.6566720395565
2971,7.99699040583765,54.506880299646575,395.75086516998323
2972,7.997326822998097,54.516052681756044,395.8450489344836
2973,7.9976631270201,54.52522352086234,395.9392233371394
2974,7.99799931797973,54.53439281774392,396.0333883820301
2975,7.998335395952982,54.543560573178574,396.12754407323115
2976,7.998671361015776,54.55272678794342,396.2216904148159
2977,7.999007213243955,54.56189146281496,396.31582741085333
2978,7.999342952713282,54.57105459856901,396.4099550654101
2979,7.9996785794994505,54.58021619598075,396.50407338255013
2980,8.000014093678072,54.589376255824725,396.59818236633294
2981,8.000349495324684,54.59853477887479,396.6922820208159
2982,8.000684784514748,54.607691765904185,396.7863723500526
2983,8.001019961323651,54.616847217685496,396.88045335809517
2984,8.001355025826703,54.62600113499065,396.9745250489892
2985,8.001689978099135,54.63515351859094,397.0685874267814
2986,8.00202481821611,54.644304369257,397.16264049551165
2987,8.002359546252707,54.653453687758834,397.25668425921936
2988,8.002694162283937,54.662601474865795,397.3507187219399
2989,8.003028666384733,54.67174773134658,397.44474388770493
2990,8.003363058629947,54.680892457969264,397.5387597605434
2991,8.003697339094368,54.69003565550127,397.63276634448164
2992,8.0040315078527,54.699177324709375,397.7267636435429
2993,8.004365564979574,54.70831746635972,397.8207516617458
2994,8.00469951054955,54.71745608121781,397.9147304031089
2995,8.005033344637111,54.72659317004851,398.0086998716442
2996,8.005367067316664,54.735728733616035,398.1026600713635
2997,8.005700678662542,54.74486277268398,398.19661100627326
2998,8.00603417874901,54.75399528801528,398.2905526803791
2999,8.006367567650246,54.76312628037227,398.3844850976814
3000,8.006700845440367,54.772255750516614,398.4784082621786
3001,8.007034012193408,54.78138369920935,398.5723221778666
3002,8.00736706798333,54.7905101272109,398.6662268487374
3003,8.007700012884026,54.79963503528103,398.76012227877925
3004,8.008032846969307,54.80875842417888,398.8540084719794
3005,8.00836557031292,54.817880294662984,398.94788543232
3006,8.008698182988528,54.8270006474912,399.0417531637818
3007,8.00903068506973,54.83611948342078,399.135611670342
3008,8.009363076630045,54.84523680320835,399.22946095597354
3009,8.009695357742922,54.85435260760991,399.32330102464795
3010,8.010027528481734,54.86346689738081,399.4171318803328
3011,8.010359588919783,54.872579673275794,399.5109535269934
3012,8.0106915391303,54.881690936048976,399.60476596859115
3013,8.01102337918644,54.89080068645383,399.69856920908524
3014,8.011355109161286,54.89990892524322,399.7923632524313
3015,8.011686729127847,54.909015653169384,399.8861481025816
3016,8.012018239159062,54.91812087098393,399.9799237634863
3017,8.012349639327795,54.92722457943783,400.0736902390926
3018,8.012680929706839,54.93632677928149,400.16744753334433
3019,8.013012110368916,54.945427471264615,400.2611956501809
3020,8.013343181386672,54.954526656136345,400.3549345935415
3021,8.013674142832684,54.96362433464518,400.4486643673603
3022,8.014004994779459,54.97272050753901,400.5423849755691
3023,8.014335737299424,54.981815175565096,400.6360964220971
3024,8.014666370464942,54.99090833947008,400.72979871086955
3025,8.014996894348302,55.0,400.82349184580977
3026,8.01532730902172,55.00909015790027,400.9171758308371
3027,8.01565761455734,55.018178813915675,401.01085066986917
3028,8.015987811027237,55.02726596879042,401.10451636681887
3029,8.016317898503415,55.036351623268054,401.1981729255978
3030,8.016647877057803,55.04543577809154,401.2918203501143
3031,8.016977746762262,55.054518434003214,401.38545864427294
3032,8.017307507688582,55.06359959174482,401.4790878119757
3033,8.017637159908478,55.072679252057455,401.5727078571218
3034,8.017966703493599,55.08175741568164,401.66631878360744
3035,8.01829613851552,55.09083408335728,401.759920595326
3036,8.01862546504575,55.09990925582364,401.85351329616714
3037,8.018954683155718,55.10898293381942,401.9470968900188
3038,8.019283792916793,55.11805511808268,402.04067138076545
3039,8.019612794400267,55.12712580935088,402.1342367722881
3040,8.019941687677365,55.136195008360886,402.2277930684654
3041,8.020270472819238,55.14526271584895,402.321340273173
3042,8.02059914989697,55.154328932550705,402.4148783902835
3043,8.020927718981577,55.163393659201205,402.5084074236672
3044,8.021256180143997,55.17245689653489,402.6019273771901
3045,8.021584533455107,55.18151864528558,402.6954382547166
3046,8.021912778985708,55.190578906186516,402.7889400601072
3047,8.022240916806537,55.19963767997033,402.88243279722104
3048,8.022568946988255,55.20869496736904,402.9759164699126
3049,8.022896869601457,55.21775076911409,403.0693910820335
3050,8.02322468471667,55.226805085936306,403.16285663743463
3051,8.023552392404348,55.235857918565905,403.2563131399615
3052,8.023879992734878,55.24490926773253,403.34976059345786
3053,8.024207485778577,55.25395913416522,403.4431990017642
3054,8.024534871605695,55.263007518592396,403.53662836871894
3055,8.024862150286411,55.27205442174191,403.6300486981565
3056,8.025189321890835,55.281099844341014,403.723459993909
3057,8.025516386489008,55.29014378711634,403.81686225980604
3058,8.025843344150903,55.299186250793966,403.9102554996729
3059,8.026170194946426,55.308227236099334,404.00363971733424
3060,8.026496938945412,55.31726674375732,404.0970149166101
3061,8.026823576217629,55.326304774492215,404.1903811013179
3062,8.027150106832774,55.33534132902769,404.2837382752728
3063,8.027476530860483,55.344376408086845,404.3770864422865
3064,8.027802848370312,55.35341001239219,404.4704256061681
3065,8.028129059431759,55.362442142665635,404.56375577072424
3066,8.028455164114252,55.37147279962851,404.6570769397584
3067,8.028781162487148,55.380501984001555,404.7503891170702
3068,8.029107054619736,55.389529696504916,404.84369230645825
3069,8.029432840581244,55.39855593785816,404.9369865117176
3070,8.029758520440822,55.40758070878027,405.0302717366398
3071,8.030084094267563,55.41660400998964,405.1235479850138
3072,8.030409562130485,55.42562584220407,405.2168152606264
3073,8.03073492409854,55.4346462061408,405.31007356726076
3074,8.031060180240619,55.44366510251645,405.4033229086984
3075,8.031385330625534,55.452682532047085,405.4965632887165
3076,8.031710375322042,55.46169849544819,405.5897947110901
3077,8.032035314398824,55.47071299343465,405.68301717959173
3078,8.0323601479245,55.47972602672079,405.7762306979907
3079,8.03268487596762,55.48873759602033,405.86943527005366
3080,8.033009498596668,55.49774770204643,405.96263089954437
3081,8.033334015880062,55.50675634551167,406.05581759022454
3082,8.03365842788615,55.51576352712804,406.1489953458511
3083,8.03398273468322,55.52476924760696,406.2421641701805
3084,8.034306936339489,55.53377350765928,406.33532406696463
3085,8.034631032923107,55.54277630799526,406.4284750399539
3086,8.034955024502159,55.5517776493246,406.5216170928953
3087,8.035278911144667,55.560777532356404,406.61475022953306
3088,8.035602692918582,55.569775957799216,406.7078744536078
3089,8.035926369891792,55.57877292636101,406.8009897688594
3090,8.036249942132116,55.58776843874919,406.89409617902345
3091,8.036573409707312,55.59676249567055,406.9871936878329
3092,8.03689677268507,55.60575509783138,407.0802822990176
3093,8.037220031133012,55.614746245937326,407.17336201630565
3094,8.037543185118697,55.62373594069352,407.2664328434224
3095,8.037866234709618,55.632724182804495,407.3594947840894
3096,8.038189179973203,55.641710972974224,407.4525478420255
3097,8.038512020976814,55.65069631190611,407.54559202094777
3098,8.038834757787749,55.65968020030299,407.6386273245699
3099,8.039157390473237,55.66866263886712,407.73165375660307
3100,8.03947991910045,55.67764362830022,407.82467132075544
3101,8.039802343736485,55.68662316930342,407.9176800207325
3102,8.04012466444838,55.695601262577284,408.01067986023673
3103,8.04044688130311,55.70457790882182,408.1036708429694
3104,8.040768994367578,55.71355310873648,408.19665297262577
3105,8.041091003708633,55.72252686302013,408.2896262529027
3106,8.041412909393047,55.731499172371095,408.3825906874902
3107,8.041734711487537,55.74047003748713,408.4755462800789
3108,8.042056410058754,55.749439459065414,408.56849303435405
3109,8.04237800517328,55.758407437802596,408.66143095399974
3110,8.042699496897637,55.767373974394744,408.7543600426972
3111,8.043020885298283,55.776339069537364,408.84728030412407
3112,8.043342170441608,55.78530272392541,408.94019174195614
3113,8.043663352393944,55.794264938253285,409.0330943598667
3114,8.043984431221553,55.80322571321482,409.1259881615252
3115,8.044305406990638,55.812185049503306,409.2188731506001
3116,8.044626279767337,55.82114294781145,409.3117493307546
3117,8.044947049617722,55.83009940883144,409.4046167056515
3118,8.045267716607803,55.839054433254866,409.49747527894993
3119,8.045588280803528,55.848008021772806,409.59032505430713
3120,8.045908742270779,55.85696017507576,409.6831660353758
3121,8.046229101075378,55.86591089385369,409.7759982258085
3122,8.046549357283078,55.87486017879597,409.86882162925326
3123,8.046869510959576,55.883808030591474,409.961636249355
3124,8.047189562170502,55.89275444992848,410.0544420897587
3125,8.047509510981422,55.90169943749474,410.14723915410366
3126,8.047829357457841,55.910642993977454,410.24002744602774
3127,8.048149101665201,55.91958512006326,410.3328069691667
3128,8.048468743668883,55.92852581643825,410.4255777271528
3129,8.048788283534199,55.937465083787984,410.5183397236151
3130,8.049107721326406,55.94640292279746,410.6110929621818
3131,8.049427057110695,55.95533933415113,410.7038374464771
3132,8.049746290952191,55.96427431853289,410.7965731801227
3133,8.050065422915965,55.97320787662612,410.88930016673777
3134,8.050384453067021,55.98214000911362,410.98201840993926
3135,8.0507033814703,55.991070716677676,411.07472791334055
3136,8.051022208190679,56.0,411.1674286805536
3137,8.051340933292979,56.00892785976178,411.26012071518636
3138,8.051659556841953,56.01785429664367,411.3528040208444
3139,8.0519780789023,56.02677931132576,411.4454786011322
3140,8.052296499538647,56.0357029044876,411.53814445964963
3141,8.052614818815567,56.04462507680822,411.630801599995
3142,8.052933036797567,56.05354582896607,411.72345002576384
3143,8.053251153549096,56.06246516163912,411.8160897405492
3144,8.05356916913454,56.07138307550475,411.9087207479405
3145,8.053887083618223,56.08029957123981,412.0013430515261
3146,8.054204897064407,56.089214649520635,412.0939566548903
3147,8.054522609537294,56.098128311023,412.1865615616154
3148,8.054840221101024,56.10704055642215,412.2791577752823
3149,8.055157731819678,56.1159513863928,412.3717452994662
3150,8.055475141757274,56.124860801609124,412.46432413774374
3151,8.05579245097777,56.133768802744754,412.55689429368476
3152,8.056109659545061,56.142675390472796,412.6494557708598
3153,8.056426767522984,56.15158056546583,412.7420085728352
3154,8.056743774975313,56.16048432839589,412.83455270317506
3155,8.057060681965766,56.16938667993447,412.9270881654412
3156,8.057377488557991,56.178287620752556,413.0196149631923
3157,8.057694194815587,56.18718715152058,413.1121330999845
3158,8.058010800802085,56.19608527290847,413.2046425793717
3159,8.058327306580958,56.20498198558558,413.2971434049047
3160,8.058643712215618,56.213877290220786,413.3896355801324
3161,8.058960017769417,56.22277118748239,413.4821191086013
3162,8.059276223305648,56.231663678038196,413.574593993854
3163,8.059592328887545,56.24055476255546,413.6670602394319
3164,8.059908334578276,56.24944444170093,413.759517848873
3165,8.060224240440958,56.25833271614081,413.85196682571296
3166,8.06054004653864,56.2672195865408,413.94440717348516
3167,8.060855752934316,56.27610505356603,414.03683889571994
3168,8.06117135969092,56.28498911788115,414.1292619959453
3169,8.061486866871327,56.293871780150276,414.2216764776874
3170,8.061802274538348,56.302753041036986,414.3140823444681
3171,8.06211758275474,56.31163290120435,414.40647959980834
3172,8.062432791583195,56.32051136131489,414.4988682472258
3173,8.062747901086354,56.32938842203065,414.5912482902361
3174,8.063062911326792,56.3382640840131,414.68361973235164
3175,8.063377822367027,56.34713834792323,414.7759825770828
3176,8.063692634269517,56.356011214421486,414.86833682793707
3177,8.064007347096661,56.36488268416781,414.9606824884196
3178,8.064321960910803,56.37375275782161,415.0530195620328
3179,8.064636475774222,56.382621436041795,415.1453480522773
3180,8.064950891749143,56.39148871948674,415.23766796265
3181,8.065265208897733,56.4003546088143,415.3299792966459
3182,8.065579427282092,56.40921910468182,415.42228205775825
3183,8.065893546964274,56.418082207746124,415.51457624947585
3184,8.066207568006265,56.42694391866354,415.60686187528734
3185,8.066521490469993,56.43580423808985,415.6991389386768
3186,8.066835314417336,56.444663166680336,415.7914074431269
3187,8.067149039910106,56.45352070508977,415.8836673921181
3188,8.067462667010057,56.462376853972415,415.9759187891269
3189,8.06777619577889,56.471231613982,416.06816163762863
3190,8.068089626278244,56.480084985771754,416.1603959410955
3191,8.068402958569699,56.4889369699944,416.25262170299806
3192,8.068716192714781,56.49778756730214,416.34483892680294
3193,8.069029328774958,56.50663677834667,416.4370476159754
3194,8.069342366811636,56.515484603779164,416.5292477739777
3195,8.069655306886165,56.52433104425032,416.6214394042707
3196,8.069968149059841,56.53317610041028,416.71362251031
3197,8.0702808933939,56.542019772908716,416.8057970955522
3198,8.070593539949519,56.55086206239477,416.8979631634489
3199,8.070906088787819,56.55970296951709,416.99012071745074
3200,8.071218539969863,56.568542494923804,417.0822697610043
3201,8.07153089355666,56.57738063926254,417.17441029755554
3202,8.071843149609158,56.586217403180434,417.26654233054717
3203,8.07215530818825,56.595052787324086,417.35866586341825
3204,8.07246736935477,56.60388679233962,417.45078089960754
3205,8.072779333169498,56.61271941887264,417.54288744254933
3206,8.073091199693154,56.621550667568265,417.63498549567754
3207,8.073402968986406,56.630380539071076,417.727075062421
3208,8.073714641109857,56.639209034025185,417.8191561462084
3209,8.07402621612406,56.64803615307419,417.91122875046517
3210,8.074337694089515,56.65686189686118,418.00329287861376
3211,8.074649075066652,56.66568626602876,418.0953485340753
3212,8.074960359115858,56.674509261219015,418.1873957202672
3213,8.075271546297458,56.68333088307355,418.2794344406046
3214,8.07558263667172,56.69215113223346,418.3714646985022
3215,8.075893630298857,56.70097000933934,418.46348649736933
3216,8.076204527239026,56.7097875150313,418.55549984061395
3217,8.076515327552329,56.71860364994893,418.64750473164366
3218,8.076826031298808,56.72741841473134,418.7395011738609
3219,8.077136638538454,56.73623181001713,418.83148917066626
3220,8.0774471493312,56.74504383644443,418.92346872545846
3221,8.07775756373692,56.753854494650845,419.0154398416345
3222,8.078067881815437,56.7626637852735,419.1074025225865
3223,8.07837810362652,56.77147170894903,419.1993567717073
3224,8.078688229229872,56.78027826631356,419.29130259238497
3225,8.078998258685154,56.789083458002736,419.3832399880062
3226,8.079308192051961,56.79788728465171,419.47516896195475
3227,8.07961802938984,56.806689746895124,419.5670895176127
3228,8.079927770758275,56.815490845367165,419.65900165835933
3229,8.080237416216702,56.824290580701486,419.75090538757064
3230,8.080546965824498,56.83308895353129,419.84280070862195
3231,8.080856419640986,56.84188596448925,419.934687624885
3232,8.081165777725433,56.85068161420758,420.0265661397296
3233,8.081475040137052,56.859475903318,420.1184362565225
3234,8.081784206935001,56.868268832451726,420.21029797862946
3235,8.082093278178382,56.87706040223949,420.30215130941195
3236,8.082402253926244,56.88585061331157,420.3939962522311
3237,8.08271113423758,56.894639466297704,420.4858328104434
3238,8.08301991917133,56.90342696182718,420.57766098740524
3239,8.083328608786376,56.91221310052878,420.66948078646925
3240,8.083637203141548,56.92099788303083,420.7612922109858
3241,8.08394570229562,56.929781309961136,420.85309526430245
3242,8.084254106307318,56.938563381947034,420.9448899497665
3243,8.084562415235304,56.94734409961539,421.0366762707205
3244,8.08487062913819,56.95612346359257,421.12845423050516
3245,8.085178748074537,56.96490147450446,421.22022383246053
3246,8.085486772102845,56.97367813297646,421.31198507992207
3247,8.085794701281568,56.9824534396335,421.40373797622345
3248,8.0861025356691,56.991227395100026,421.49548252469674
3249,8.086410275323782,57.0,421.58721872867216
3250,8.086717920303906,57.0087712549569,421.67894659147476
3251,8.087025470667701,57.01754116059373,421.77066611643033
3252,8.087332926473351,57.02630971753301,421.862377306861
3253,8.087640287778983,57.0350769263968,421.95408016608667
3254,8.08794755464267,57.043842787806646,422.0457746974243
3255,8.08825472712243,57.05260730238365,422.13746090418965
3256,8.088561805276234,57.06137047074842,422.2291387896961
3257,8.08886878916199,57.0701322935211,422.3208083572535
3258,8.089175678837561,57.07889277132134,422.41246961016986
3259,8.089482474360754,57.087651904768336,422.5041225517516
3260,8.089789175789319,57.09640969448079,422.59576718530224
3261,8.09009578318096,57.105166141076936,422.68740351412237
3262,8.09040229659332,57.113921245174545,422.77903154151204
3263,8.090708716083997,57.12267500739089,422.87065127076664
3264,8.09101504171053,57.1314274283428,422.962262705181
3265,8.09132127353041,57.14017850864661,423.0538658480469
3266,8.09162741160107,57.148928248918196,423.1454607026539
3267,8.091933455979893,57.15767664977295,423.23704727229017
3268,8.092239406724211,57.16642371182581,423.32862556023974
3269,8.0925452638913,57.175169435691224,423.42019556978477
3270,8.092851027538384,57.18391382198319,423.51175730420755
3271,8.093156697722637,57.19265687131522,423.60331076678466
3272,8.09346227450118,57.201398584300364,423.6948559607928
3273,8.09376775793108,57.21013896155121,423.7863928895047
3274,8.094073148069352,57.21887800367987,423.87792155619144
3275,8.09437844497296,57.227615711297986,423.9694419641227
3276,8.094683648698815,57.23635208501674,424.06095411656446
3277,8.094988759303774,57.245087125446844,424.1524580167823
3278,8.095293776844649,57.253820833198546,424.2439536680362
3279,8.09559870137819,57.262553208881634,424.3354410735878
3280,8.0959035329611,57.271284253105414,424.4269202366935
3281,8.096208271650037,57.28001396647874,424.5183911606083
3282,8.096512917501594,57.28874234961002,424.60985384858606
3283,8.096817470572319,57.29746940310715,424.701308303877
3284,8.09712193091871,57.30619512757761,424.7927545297294
3285,8.097426298597213,57.3149195236284,424.8841925293895
3286,8.097730573664219,57.323642591866054,424.97562230610083
3287,8.098034756176071,57.33236433289665,425.0670438631053
3288,8.098338846189057,57.3410847473258,425.158457203642
3289,8.098642843759418,57.34980383575867,425.2498623309482
3290,8.098946748943339,57.358521598799946,425.341259248258
3291,8.09925056179696,57.367238037053866,425.43264795880486
3292,8.099554282376364,57.37595315112421,425.5240284658187
3293,8.099857910737585,57.38466694161429,425.61540077252766
3294,8.100161446936607,57.39337940912697,425.7067648821567
3295,8.100464891029363,57.40209055426466,425.7981207979305
3296,8.10076824307173,57.41080037762929,425.88946852306975
3297,8.101071503119543,57.41950887982237,425.9808080607934
3298,8.101374671228582,57.42821606144492,426.0721394143183
3299,8.101677747454572,57.436921923097515,426.16346258685877
3300,8.101980731853192,57.445626465380286,426.2547775816279
3301,8.102283624480073,57.4543296888929,426.34608440183547
3302,8.10258642539079,57.463031594234565,426.4373830506887
3303,8.102889134640868,57.47173218200405,426.5286735313937
3304,8.103191752285786,57.48043145279966,426.61995584715345
3305,8.10349427838097,57.48912940721924,426.71123000117024
3306,8.103796712981794,57.4978260458602,426.80249599664194
3307,8.104099056143582,57.5065213693195,426.89375383676565
3308,8.104401307921613,57.51521537819362,426.98500352473576
3309,8.104703468371108,57.52390807307862,427.07624506374475
3310,8.105005537547246,57.532599454570104,427.1674784569821
3311,8.10530751550515,57.54128952326321,427.25870370763647
3312,8.105609402299896,57.54997827975264,427.34992081889294
3313,8.105911197986508,57.55866572463264,427.44112979393515
3314,8.106212902619962,57.56735185849702,427.5323306359445
3315,8.106514516255185,57.57603668193913,427.62352334809987
3316,8.106816038947052,57.584720195551874,427.7147079335784
3317,8.10711747075039,57.59340239992772,427.8058843955541
3318,8.107418811719974,57.60208329565867,427.8970527371995
3319,8.107720061910534,57.61076288333631,427.98821296168563
3320,8.108021221376747,57.619441163551734,428.07936507217914
3321,8.10832229017324,57.62811813689564,428.1705090718475
3322,8.108623268354595,57.63679380395825,428.26164496385337
3323,8.10892415597534,57.645468165329355,428.3527727513584
3324,8.109224953089955,57.654141221598294,428.44389243752187
3325,8.109525659752872,57.66281297335398,428.5350040255006
3326,8.109826276018477,57.67148342118486,428.6261075184505
3327,8.1101268019411,57.68015256567895,428.71720291952334
3328,8.110427237575024,57.688820407423826,428.8082902318701
3329,8.110727582974489,57.697486947006624,428.89936945863946
3330,8.11102783819368,57.706152185014034,428.99044060297734
3331,8.111328003286733,57.7148161220323,429.08150366802795
3332,8.11162807830774,57.723478758647246,429.17255865693306
3333,8.111928063310739,57.73214009544424,429.2636055728321
3334,8.112227958349724,57.7408001330082,429.35464441886387
3335,8.112527763478637,57.74945887192364,429.4456751981622
3336,8.112827478751374,57.758116312774604,429.5366979138609
3337,8.11312710422178,57.766772456144714,429.6277125690916
3338,8.113426639943654,57.77542730261716,429.71871916698325
3339,8.113726085970747,57.784080852774665,429.8097177106622
3340,8.114025442356757,57.79273310719956,429.90070820325315
3341,8.114324709155339,57.8013840664737,429.9916906478786
3342,8.114623886420098,57.810033731178535,430.0826650476587
3343,8.114922974204593,57.81868210189506,430.17363140571246
3344,8.11522197256233,57.82732917920384,430.26458972515525
3345,8.11552088154677,57.83597496368502,430.3555400091015
3346,8.115819701211327,57.844619455918284,430.4464822606619
3347,8.116118431609365,57.85326265648291,430.5374164829476
3348,8.116417072794205,57.86190456595773,430.62834267906527
3349,8.116715624819111,57.87054518492115,430.71926085212095
3350,8.11701408773731,57.879184513951124,430.810171005217
3351,8.117312461601975,57.88782255362521,430.90107314145547
3352,8.117610746466228,57.89645930452051,430.9919672639344
3353,8.117908942383155,57.905094767213704,431.0828533757511
3354,8.118207049405783,57.91372894228103,431.17373148000127
3355,8.118505067587098,57.92236183029832,431.2646015797763
3356,8.118802996980035,57.93099343184095,431.3554636781678
3357,8.119100837637486,57.9396237474839,431.4463177782629
3358,8.119398589612294,57.94825277780168,431.5371638831486
3359,8.11969625295725,57.956880523368405,431.62800199590987
3360,8.119993827725105,57.96550698475775,431.71883211962796
3361,8.120291313968561,57.97413216254298,431.80965425738293
3362,8.12058871174027,57.982756057296896,431.9004684122527
3363,8.120886021092838,57.99137866959192,431.99127458731294
3364,8.121183242078828,58.0,432.0820727856382
3365,8.121480374750751,58.008620049092706,432.1728630102989
3366,8.121777419161074,58.01723881744115,432.26364526436504
3367,8.122074375362217,58.02585630561603,432.3544195509042
3368,8.122371243406553,58.034472514187634,432.4451858729815
3369,8.122668023346407,58.0430874437258,432.5359442336603
3370,8.12296471523406,58.05170109479997,432.62669463600173
3371,8.123261319121745,58.06031346797914,432.7174370830644
3372,8.12355783506165,58.0689245638319,432.80817157790636
3373,8.123854263105914,58.077534382926416,432.89889812358115
3374,8.12415060330663,58.08614292583042,432.9896167231421
3375,8.124446855715847,58.09475019311125,433.0803273796408
3376,8.124743020385568,58.1033561853358,433.171030096125
3377,8.125039097367745,58.111960903070546,433.2617248756413
3378,8.12533508671429,58.12056434688156,433.3524117212345
3379,8.125630988477065,58.12916651733448,433.4430906359471
3380,8.125926802707886,58.137767414994535,433.5337616228191
3381,8.126222529458525,58.146367040426526,433.6244246848893
3382,8.12651816878071,58.154965394194846,433.7150798251939
3383,8.126813720726114,58.16356247686347,433.8057270467665
3384,8.127109185346375,58.172158288995945,433.8963663526398
3385,8.12740456269308,58.180752831155424,433.9869977458439
3386,8.127699852817772,58.18934610390462,434.0776212294065
3387,8.127995055771946,58.19793810780585,434.1682368063541
3388,8.128290171607052,58.20652884342099,434.2588444797099
3389,8.128585200374497,58.215118311311535,434.3494442524964
3390,8.128880142125638,58.22370651203855,434.4400361277323
3391,8.129174996911793,58.23229344616267,434.53062010843735
3392,8.129469764784231,58.240879114244144,434.6211961976255
3393,8.129764445794171,58.249463516842795,434.7117643983119
3394,8.130059039992796,58.25804665451803,434.80232471350644
3395,8.130353547431238,58.26662852782886,434.89287714622094
3396,8.130647968160584,58.27520913733386,434.9834216994612
3397,8.130942302231878,58.283788483591216,435.0739583762327
3398,8.131236549696116,58.29236656715869,435.1644871795408
3399,8.131530710604252,58.30094338859364,435.25500811238504
3400,8.131824785007195,58.309518948453004,435.3455211777661
3401,8.132118772955806,58.31809324729333,435.4360263786809
3402,8.132412674500905,58.32666628567074,435.52652371812513
3403,8.132706489693264,58.33523806414096,435.61701319909207
3404,8.133000218583613,58.34380858325929,435.7074948245724
3405,8.133293861222633,58.35237784358063,435.79796859755663
3406,8.133587417660966,58.360945845659494,435.88843452103185
3407,8.133880887949207,58.36951259004995,435.97889259798313
3408,8.134174272137903,58.378078077305695,436.06934283139327
3409,8.134467570277563,58.38664230798,436.15978522424456
3410,8.134760782418645,58.39520528262573,436.2502197795165
3411,8.13505390861157,58.40376700179535,436.3406465001853
3412,8.135346948906706,58.412327466040935,436.43106538922615
3413,8.135639903354386,58.42088667591412,436.5214764496138
3414,8.13593277200489,58.42944463196617,436.61187968431824
3415,8.13622555490846,58.43800133474792,436.7022750963097
3416,8.136518252115291,58.44655678480983,436.79266268855446
3417,8.136810863675537,58.45511098270193,436.8830424640188
3418,8.137103389639302,58.463663928973865,436.9734144256655
3419,8.13739583005665,58.47221562417487,437.06377857645634
3420,8.137688184977605,58.48076606885378,437.1541349193497
3421,8.137980454452139,58.489315263559035,437.24448345730434
3422,8.138272638530186,58.497863208838666,437.3348241932741
3423,8.138564737261632,58.5064099052403,437.4251571302138
3424,8.138856750696325,58.51495535331117,437.51548227107367
3425,8.139148678884066,58.52349955359813,437.60579961880404
3426,8.139440521874608,58.532042506647585,437.6961091763521
3427,8.13973227971767,58.540584213005594,437.7864109466623
3428,8.14002395246292,58.54912467321779,437.8767049326797
3429,8.140315540159985,58.557663887829406,437.9669911373452
3430,8.14060704285845,58.56620185738529,438.05726956359825
3431,8.140898460607852,58.57473858242988,438.1475402143766
3432,8.141189793457691,58.58327406350724,438.237803092616
3433,8.141481041457421,58.59180830116101,438.32805820124975
3434,8.14177220465645,58.60034129593445,438.4183055432098
3435,8.142063283104147,58.60887304837041,438.50854512142644
3436,8.142354276849835,58.61740355901138,438.5987769388258
3437,8.142645185942795,58.625932828399414,438.6890009983355
3438,8.142936010432265,58.63446085707619,438.7792173028784
3439,8.143226750367445,58.642987645583,438.86942585537673
3440,8.14351740579748,58.65151319446072,438.95962665875066
3441,8.143807976771484,58.66003750424986,439.0498197159182
3442,8.144098463338524,58.66856057549052,439.14000502979485
3443,8.144388865547622,58.677082408722406,439.23018260329513
3444,8.144679183447758,58.68560300448484,439.3203524393316
3445,8.144969417087875,58.69412236331676,439.4105145408142
3446,8.145259566516865,58.70264048575669,439.50066891065114
3447,8.145549631783584,58.71115737234278,439.5908155517489
3448,8.145839612936841,58.71967302361279,439.68095446701176
3449,8.146129510025405,58.728187440104094,439.77108565934265
3450,8.146419323098003,58.73670062235365,439.861209131642
3451,8.146709052203319,58.74521257089806,439.9513248868081
3452,8.146998697389993,58.75372328627353,440.04143292773784
3453,8.147288258706624,58.762232769015846,440.13153325732645
3454,8.14757773620177,58.770741019660456,440.2216258784661
3455,8.147867129923947,58.77924803874238,440.3117107940483
3456,8.148156439921625,58.787753826796276,440.4017880069616
3457,8.148445666243235,58.7962583843564,440.4918575200932
3458,8.148734808937169,58.80476171195663,440.58191933632963
3459,8.14902386805177,58.81326381013045,440.67197345855186
3460,8.149312843635345,58.82176467941097,440.7620198896429
3461,8.149601735736155,58.83026432033091,440.8520586324813
3462,8.149890544402423,58.8387627334226,440.94208968994553
3463,8.150179269682326,58.84725991921799,441.0321130649102
3464,8.150467911624004,58.855755878248644,441.1221287602493
3465,8.150756470275551,58.86425061104575,441.21213677883543
3466,8.151044945685024,58.872744118140105,441.3021371235383
3467,8.151333337900432,58.881236400062114,441.39212979722487
3468,8.15162164696975,58.88972745734183,441.4821148027622
3469,8.151909872940905,58.89821729050889,441.57209214301423
3470,8.152198015861787,58.90670590009256,441.6620618208437
3471,8.15248607578024,58.915193286621744,441.75202383911056
3472,8.152774052744075,58.92367945062494,441.8419782006737
3473,8.153061946801051,58.93216439263028,441.93192490838925
3474,8.153349757998892,58.9406481131655,442.02186396511235
3475,8.153637486385282,58.94913061275798,442.1117953736961
3476,8.153925132007862,58.957611891934704,442.20171913699124
3477,8.154212694914229,58.966091951222275,442.29163525784674
3478,8.154500175151941,58.974570791146924,442.38154373910965
3479,8.15478757276852,58.98304841223451,442.4714445836257
3480,8.15507488781144,58.9915248150105,442.5613377942386
3481,8.155362120328135,59.0,442.65122337378966
3482,8.155649270366002,59.00847396772772,442.7411013251191
3483,8.155936337972394,59.016946718718,442.83097165106346
3484,8.156223323194624,59.02541825349483,442.9208343544598
3485,8.156510226079966,59.033888572581766,443.010689438142
3486,8.156797046675651,59.04235767650204,443.10053690494266
3487,8.15708378502887,59.0508255657785,443.190376757692
3488,8.157370441186774,59.0592922409336,443.2802089992177
3489,8.157657015196472,59.06775770248944,443.3700336323472
3490,8.157943507105037,59.07622195096772,443.45985065990516
3491,8.158229916959494,59.08468498688979,443.54966008471456
3492,8.158516244806831,59.09314681077663,443.6394619095968
3493,8.158802490694002,59.10160742314882,443.7292561373711
3494,8.15908865466791,59.1100668245266,443.8190427708538
3495,8.159374736775426,59.11852501542981,443.9088218128611
3496,8.159660737063376,59.12698199637793,443.9985932662071
3497,8.159946655578548,59.135437767890075,444.08835713370354
3498,8.160232492367689,59.14389233048498,444.17811341815957
3499,8.160518247477505,59.15234568468101,444.26786212238386
3500,8.160803920954665,59.16079783099616,444.3576032491833
3501,8.161089512845797,59.16924876994806,444.44733680136153
3502,8.161375023197486,59.177698502053964,444.5370627817211
3503,8.161660452056282,59.18614702783076,444.6267811930639
3504,8.16194579946869,59.19459434779497,444.7164920381876
3505,8.16223106548118,59.20304046246274,444.80619531989043
3506,8.162516250140179,59.21148537234985,444.8958910409666
3507,8.162801353492073,59.21992907797171,444.98557920420996
3508,8.163086375583216,59.22837157984339,445.0752598124122
3509,8.163371316459912,59.23681287847955,445.16493286836385
3510,8.163656176168432,59.2452529743945,445.2545983748515
3511,8.163940954755008,59.253691868102194,445.34425633466225
3512,8.164225652265827,59.262129560116215,445.43390675058004
3513,8.164510268747042,59.270566050949775,445.52354962538783
3514,8.164794804244766,59.27900134111572,445.6131849618655
3515,8.165079258805068,59.28743543112655,445.7028127627926
3516,8.165363632473982,59.295868321494375,445.7924330309462
3517,8.165647925297504,59.30430001273095,445.8820457691017
3518,8.165932137321585,59.312730505347666,445.97165098003137
3519,8.166216268592143,59.321159799855565,446.06124866650885
3520,8.166500319155052,59.329587896765304,446.150838831302
3521,8.166784289056151,59.33801479658719,446.2404214771795
3522,8.167068178341237,59.34644049983116,446.32999660690786
3523,8.16735198705607,59.3548650070068,446.41956422325137
3524,8.16763571524637,59.36328831862332,446.50912432897235
3525,8.167919362957816,59.371710435189584,446.5986769268322
3526,8.168202930236053,59.38013135721409,446.68822201958926
3527,8.168486417126681,59.388551085204966,446.7777596100015
3528,8.16876982367527,59.39696961966999,446.8672897008236
3529,8.169053149927343,59.405386961116584,446.95681229480897
3530,8.169336395928386,59.413803110051795,447.0463273947105
3531,8.16961956172385,59.42221806698232,447.13583500327815
3532,8.169902647359145,59.430631832414505,447.2253351232593
3533,8.170185652879642,59.43904440685432,447.31482775740056
3534,8.170468578330674,59.447455790807396,447.40431290844697
3535,8.170751423757535,59.455865984778995,447.4937905791412
3536,8.17103418920548,59.464274989274024,447.5832607722249
3537,8.17131687471973,59.472682804797024,447.6727234904367
3538,8.171599480345463,59.481089431852205,447.76217873651484
3539,8.17188200612782,59.48949487094339,447.8516265131946
3540,8.172164452111904,59.49789912257407,447.94106682321024
3541,8.17244681834278,59.50630218724736,448.0304996692939
3542,8.172729104865471,59.51470406546604,448.1199250541763
3543,8.173011311724972,59.52310475773252,448.209342980586
3544,8.173293438966228,59.531504264548865,448.29875345124975
3545,8.173575486634153,59.53990258641679,448.38815646889293
3546,8.173857454773621,59.54829972383762,448.47755203623814
3547,8.17413934342947,59.55669567731239,448.56694015600874
3548,8.174421152646497,59.565090447341724,448.6563208309233
3549,8.174702882469461,59.57348403442592,448.7456940637
3550,8.174984532943087,59.58187643906493,448.8350598570556
3551,8.17526610411206,59.590267661758325,448.92441821370454
3552,8.175547596021026,59.59865770300536,449.01376913636017
3553,8.175829008714597,59.60704656330491,449.1031126277323
3554,8.176110342237342,59.61543424315552,449.1924486905316
3555,8.176391596633795,59.62382074305537,449.2817773274649
3556,8.176672771948455,59.632206063502295,449.3710985412386
3557,8.17695386822578,59.64059020499378,449.4604123345559
3558,8.177234885510194,59.648973168026956,449.54971871012054
3559,8.177515823846075,59.65735495309862,449.63901767063186
3560,8.177796683277778,59.665735560705194,449.72830921878943
3561,8.178077463849608,59.67411499134277,449.8175933572899
3562,8.178358165605836,59.682493245507096,449.90687008882975
3563,8.1786387885907,59.69087032369355,449.9961394161013
3564,8.178919332848396,59.6992462263972,450.0854013417972
3565,8.179199798423086,59.70762095411272,450.1746558686071
3566,8.17948018535889,59.715994507334464,450.26390299922025
3567,8.1797604936999,59.724366886556446,450.3531427363226
3568,8.18004072349016,59.732738092272314,450.44237508259965
3569,8.180320874773685,59.74110812497538,450.5316000407343
3570,8.18060094759445,59.74947698515862,450.6208176134085
3571,8.18088094199639,59.75784467331465,450.7100278033016
3572,8.181160858023409,59.76621118993574,450.7992306130925
3573,8.181440695719374,59.77457653551382,450.8884260454567
3574,8.181720455128108,59.782940710540494,450.9776141030692
3575,8.182000136293405,59.79130371550699,451.0667947886033
3576,8.182279739259018,59.799665550904216,451.15596810472925
3577,8.182559264068665,59.80802621722272,451.2451340541175
3578,8.182838710766026,59.81638571495272,451.3342926394356
3579,8.183118079394745,59.824744044584094,451.4234438633492
3580,8.183397369998433,59.833101206606365,451.5125877285235
3581,8.183676582620658,59.841457201508724,451.60172423762043
3582,8.183955717304954,59.84981202978001,451.69085339330115
3583,8.18423477409482,59.85816569190874,451.77997519822554
3584,8.184513753033722,59.86651818838306,451.8690896550501
3585,8.184792654165078,59.87486951969081,451.9581967664313
3586,8.185071477532283,59.88321968631947,452.04729653502284
3587,8.185350223178686,59.89156868875618,452.13638896347817
3588,8.185628891147607,59.89991652748775,452.2254740544461
3589,8.185907481482324,59.90826320300064,452.31455181057817
3590,8.186185994226083,59.91660871578097,452.4036222345201
3591,8.18646442942209,59.924953066314536,452.492685328918
3592,8.186742787113518,59.93329625508679,452.5817410964152
3593,8.187021067343505,59.941638282582836,452.67078953965546
3594,8.187299270155147,59.94997914928745,452.7598306612787
3595,8.18757739559151,59.95831885568507,452.84886446392306
3596,8.187855443695623,59.9666574022598,452.93789095022663
3597,8.188133414510478,59.9749947894954,453.0269101228246
3598,8.188411308079031,59.983331017875294,453.1159219843509
3599,8.1886891244442,59.99166608788257,453.20492653743764
3600,8.188966863648876,60.0,453.2939237847156
3601,8.189244525735901,60.00833275470999,453.38291372881355
3602,8.189522110748094,60.01666435249463,453.4718963723584
3603,8.189799618728228,60.024994793835674,453.5608717179761
3604,8.190077049719049,60.03332407921454,453.6498397682894
3605,8.190354403763262,60.0416522091123,453.73880052592193
3606,8.19063168090354,60.049979184009715,453.82775399349305
3607,8.190908881182514,60.05830500438719,453.91670017362185
3608,8.19118600464279,60.06662967072483,454.0056390689256
3609,8.191463051326927,60.07495318350236,454.09457068202
3610,8.191740021277457,60.08327554319921,454.18349501551774
3611,8.192016914536875,60.091596750294464,454.2724120720325
3612,8.19229373114764,60.09991680526688,454.3613218541734
3613,8.192570471152173,60.108235708594876,454.4502243645502
3614,8.192847134592865,60.11655346075655,454.53911960576977
3615,8.193123721512068,60.124870062229654,454.62800758043727
3616,8.193400231952097,60.13318551349163,454.7168882911573
3617,8.193676665955241,60.14149981501958,454.80576174053056
3618,8.193953023563742,60.149812967290266,454.8946279311602
3619,8.194229304819817,60.15812497078013,454.9834868656424
3620,8.19450550976564,60.166435825965294,455.0723385465765
3621,8.19478163844336,60.174745533321534,455.1611829765561
3622,8.195057690895077,60.18305409332431,455.2500201581774
3623,8.19533366716287,60.19136150644875,455.3388500940308
3624,8.195609567288775,60.199667773169644,455.4276727867077
3625,8.195885391314796,60.207972893961475,455.5164882387972
3626,8.196161139282902,60.21627686929839,455.60529645288733
3627,8.196436811235028,60.22457969965419,455.69409743156257
3628,8.19671240721307,60.23288138550239,455.78289117740803
3629,8.196987927258897,60.241181927316134,455.8716776930053
3630,8.197263371414335,60.249481325568276,455.96045698093604
3631,8.197538739721184,60.25777958073132,456.04922904377906
3632,8.197814032221203,60.266076693277455,456.13799388411235
3633,8.198089248956116,60.27437266367855,456.2267515045113
3634,8.19836438996762,60.28266749240614,456.3155019075504
3635,8.19863945529737,60.29096117993144,456.4042450958031
3636,8.19891444498699,60.29925372672534,456.4929810718396
3637,8.199189359078067,60.30754513325841,456.5817098382294
3638,8.19946419761216,60.315835400000886,456.67043139754026
3639,8.199738960630786,60.32412452742269,456.759145752339
3640,8.200013648175434,60.332412515993425,456.84785290519
3641,8.200288260287554,60.340699366182356,456.93655285865606
3642,8.200562797008564,60.34898507845845,457.025245615298
3643,8.200837258379849,60.35726965329032,457.113931177677
3644,8.201111644442758,60.36555309114628,457.20260954835027
3645,8.201385955238608,60.37383539249432,457.2912807298746
3646,8.20166019080868,60.382116557802114,457.3799447248041
3647,8.201934351194222,60.390396587537,457.468601535693
3648,8.202208436436448,60.398675482166,457.5572511650935
3649,8.202482446576537,60.40695324215582,457.64589361555403
3650,8.202756381655638,60.41522986797286,457.73452888962424
3651,8.20303024171486,60.423505360083176,457.8231569898506
3652,8.203304026795282,60.43177971895251,457.91177791877897
3653,8.203577736937952,60.440052945046304,458.0003916789523
3654,8.203851372183879,60.44832503882965,458.08899827291293
3655,8.204124932574041,60.45659600076736,458.17759770320157
3656,8.204398418149381,60.4648658313239,458.2661899723569
3657,8.204671828950811,60.473134530963414,458.35477508291643
3658,8.204945165019208,60.481402100149765,458.4433530374153
3659,8.205218426395412,60.489668539346454,458.53192383838865
3660,8.205491613120236,60.4979338490167,458.62048748836855
3661,8.205764725234456,60.50619802962338,458.70904398988563
3662,8.206037762778815,60.51446108162907,458.79759334546895
3663,8.20631072579402,60.52272300549604,458.88613555764687
3664,8.206583614320753,60.530983801686226,458.9746706289457
3665,8.20685642839965,60.53924347066124,459.06319856188975
3666,8.207129168071326,60.54750201288241,459.1517193590022
3667,8.207401833376355,60.55575942881073,459.2402330228044
3668,8.207674424355282,60.56401571890688,459.32873955581584
3669,8.207946941048617,60.572270883631234,459.4172389605554
3670,8.208219383496834,60.58052492344384,459.50573123953944
3671,8.20849175174038,60.58877783880444,459.5942163952837
3672,8.208764045819667,60.597029630172464,459.68269443030044
3673,8.20903626577507,60.60528029800704,459.77116534710257
3674,8.209308411646937,60.61352984276695,459.8596291482013
3675,8.209580483475577,60.6217782649107,459.9480858361041
3676,8.209852481301272,60.63002556489647,460.03653541331823
3677,8.210124405164267,60.63827174318213,460.1249778823506
3678,8.210396255104774,60.64651680022522,460.21341324570443
3679,8.210668031162976,60.654760736483,460.3018415058826
3680,8.210939733379021,60.663003552412405,460.3902626653866
3681,8.211211361793023,60.67124524847005,460.4786767267147
3682,8.211482916445066,60.67948582511226,460.5670836923659
3683,8.211754397375197,60.687725282795036,460.6554835648363
3684,8.212025804623437,60.69596362197407,460.74387634662054
3685,8.212297138229768,60.70420084310476,460.83226204021184
3686,8.212568398234145,60.71243694664216,460.920640648102
3687,8.212839584676484,60.72067193304106,461.0090121727812
3688,8.213110697596676,60.728905802755904,461.09737661673785
3689,8.213381737034572,60.73713855624086,461.1857339824593
3690,8.213652703029998,60.74537019394976,461.2740842724305
3691,8.213923595622743,60.753600716336145,461.36242748913645
3692,8.214194414852564,60.76183012385325,461.45076363505837
3693,8.214465160759186,60.77005841695399,461.53909271267815
3694,8.214735833382303,60.778285596090974,461.6274147244741
3695,8.215006432761575,60.78651166171653,461.7157296729247
3696,8.215276958936633,60.794736614282655,461.8040375605057
3697,8.21554741194707,60.802960454241045,461.8923383896929
3698,8.215817791832453,60.81118318204309,461.98063216295736
3699,8.216088098632316,60.81940479813988,462.06891888277306
3700,8.216358332386156,60.8276253029822,462.15719855160916
3701,8.216628493133443,60.83584469702052,462.2454711719336
3702,8.216898580913613,60.844062980705026,462.33373674621384
3703,8.21716859576607,60.852280154485584,462.42199527691565
3704,8.217438537730187,60.860496218811754,462.5102467665029
3705,8.217708406845306,60.868711174132805,462.59849121743764
3706,8.217978203150732,60.876925020897694,462.6867286321819
3707,8.218247926685745,60.88513775955508,462.77495901319327
3708,8.21851757748959,60.89334939055332,462.8631823629315
3709,8.21878715560148,60.90155991434045,462.95139868385206
3710,8.219056661060598,60.909769331364245,463.03960797840926
3711,8.21932609390609,60.91797764207213,463.12781024905735
3712,8.21959545417708,60.92618484691127,463.2160054982478
3713,8.219864741912652,60.93439094632849,463.30419372843073
3714,8.220133957151859,60.94259594077036,463.39237494205526
3715,8.22040309993373,60.95079983068311,463.4805491415682
3716,8.220672170297252,60.959002616512684,463.5687163294154
3717,8.220941168281389,60.96720429870473,463.6568765080417
3718,8.22121009392507,60.975404877704584,463.7450296798884
3719,8.221478947267192,60.983604353957304,463.83317584739876
3720,8.221747728346623,60.991802727907626,463.9213150130111
3721,8.222016437202196,61.0,464.00944717916326
3722,8.222285073872717,61.00819617067857,464.09757234829306
3723,8.222553638396958,61.0163912403872,464.1856905228353
3724,8.22282213081366,61.02458520956943,464.27380170522304
3725,8.223090551161533,61.032778078668514,464.3619058978895
3726,8.223358899479258,61.04096984812741,464.45000310326475
3727,8.223627175805483,61.04916051838878,464.53809332377807
3728,8.22389538017882,61.05735008989499,464.6261765618571
3729,8.224163512637862,61.065538563088104,464.7142528199286
3730,8.224431573221159,61.07372593840988,464.80232210041726
3731,8.224699561967235,61.08191221630181,464.8903844057451
3732,8.224967478914584,61.09009739720506,464.9784397383348
3733,8.225235324101668,61.09828148156051,465.06648810060653
3734,8.225503097566918,61.106464469808756,465.1545294949786
3735,8.225770799348734,61.11464636239009,465.2425639238694
3736,8.226038429485484,61.1228271597445,465.33059138969304
3737,8.226305988015508,61.1310068623117,465.41861189486553
3738,8.226573474977114,61.13918547053109,465.5066254417987
3739,8.226840890408578,61.14736298484179,465.5946320329041
3740,8.227108234348146,61.155539405682624,465.68263167059115
3741,8.227375506834035,61.163714733492114,465.77062435726873
3742,8.22764270790443,61.171888968708494,465.85861009534386
3743,8.227909837597483,61.180062111769715,465.94658888722154
3744,8.22817689595132,61.18823416311342,466.0345607353061
3745,8.228443883004033,61.196405123176966,466.12252564199946
3746,8.228710798793687,61.204574992397426,466.21048360970394
3747,8.228977643358313,61.212743771211564,466.29843464081733
3748,8.229244416735913,61.220911460055866,466.3863787377382
3749,8.229511118964457,61.22907805936653,466.4743159028643
3750,8.229777750081887,61.237243569579455,466.56224613858876
3751,8.230044310126114,61.24540799113024,466.65016944730667
3752,8.23031079913502,61.25357132445422,466.7380858314099
3753,8.230577217146454,61.26173356998641,466.8259952932898
3754,8.230843564198235,61.26989472816156,466.91389783533407
3755,8.231109840328154,61.27805479941412,467.001793459932
3756,8.231376045573969,61.28621378417825,467.0896821694693
3757,8.231642179973411,61.29437168288782,467.1775639663305
3758,8.231908243564177,61.30252849597641,467.2654388528999
3759,8.23217423638394,61.310684223877324,467.3533068315588
3760,8.232440158470336,61.318838867023565,467.4411679046882
3761,8.232706009860976,61.326992425847855,467.52902207466644
3762,8.232971790593437,61.335144900782616,467.6168693438721
3763,8.23323750070527,61.34329629226001,467.70470971468086
3764,8.233503140233994,61.35144660071187,467.79254318946676
3765,8.233768709217097,61.35959582656978,467.8803697706039
3766,8.23403420769204,61.36774397026503,467.9681894604644
3767,8.234299635696253,61.37589103222861,468.0560022614179
3768,8.234564993267135,61.38403701289123,468.1438081758329
3769,8.234830280442056,61.39218191268331,468.2316072060778
3770,8.235095497258357,61.40032573203501,468.31939935451913
3771,8.235360643753348,61.40846847137616,468.4071846235203
3772,8.235625719964311,61.41661013113635,468.49496301544514
3773,8.235890725928495,61.424750711744856,468.5827345326553
3774,8.236155661683124,61.43289021363068,468.67049917751007
3775,8.236420527265391,61.44102863722254,468.7582569523699
3776,8.236685322712457,61.44916598294886,468.84600785959117
3777,8.236950048061455,61.45730225123781,468.9337519015309
3778,8.237214703349489,61.465437442517235,469.02148908054227
3779,8.237479288613633,61.47357155721473,469.10921939897895
3780,8.237743803890933,61.48170459575759,469.19694285919303
3781,8.238008249218403,61.48983655857283,469.2846594635341
3782,8.23827262463303,61.497967446087195,469.37236921435226
3783,8.238536930171769,61.506097258727124,469.460072113993
3784,8.23880116587155,61.514225996918796,469.5477681648038
3785,8.239065331769268,61.5223536610881,469.63545736912886
3786,8.239329427901795,61.53048025166064,469.72313972931175
3787,8.239593454305968,61.538605769061746,469.8108152476927
3788,8.239857411018601,61.54673021371647,469.8984839266134
3789,8.240121298076472,61.554853586049575,469.9861457684127
3790,8.240385115516334,61.56297588648554,470.07380077542706
3791,8.240648863374913,61.57109711544857,470.1614489499937
3792,8.2409125416889,61.57921727336261,470.24909029444643
3793,8.24117615049496,61.587336360651285,470.336724811119
3794,8.24143968982973,61.59545437773797,470.4243525023431
3795,8.241703159729818,61.603571325045756,470.51197337044914
3796,8.241966560231802,61.61168720299745,470.5995874177651
3797,8.242229891372231,61.61980201201558,470.6871946466206
3798,8.242493153187626,61.62791575252241,470.77479505934036
3799,8.242756345714477,61.63602842493991,470.8623886582496
3800,8.24301946898925,61.644140029689765,470.94997544567116
3801,8.243282523048375,61.652250567193406,471.03755542392736
3802,8.24354550792826,61.66036003787198,471.12512859533905
3803,8.24380842366528,61.66846844214635,471.2126949622254
3804,8.244071270295786,61.6765757804371,471.30025452690376
3805,8.244334047856094,61.68468205316454,471.38780729169093
3806,8.244596756382498,61.69278726074872,471.4753532589015
3807,8.244859395911256,61.7008914036094,471.5628924308493
3808,8.245121966478605,61.70899448216605,471.65042480984647
3809,8.245384468120747,61.71709649683789,471.7379503982034
3810,8.24564690087386,61.72519744804386,471.82546919823005
3811,8.245909264774093,61.73329733620261,471.9129812122337
3812,8.246171559857563,61.741396161732524,472.00048644252166
3813,8.246433786160365,61.74949392505172,472.0879848913993
3814,8.246695943718557,61.75759062657804,472.1754765611696
3815,8.246958032568177,61.765686266729034,472.26296145413534
3816,8.247220052745229,61.773780845922005,472.35043957259825
3817,8.247482004285693,61.78187436457395,472.4379109188565
3818,8.247743887225516,61.78996682310163,472.5253754952099
3819,8.24800570160062,61.7980582219215,472.61283330395526
3820,8.2482674474469,61.806148561449774,472.7002843473866
3821,8.248529124800218,61.814237842102365,472.78772862779994
3822,8.248790733696413,61.82232606429493,472.8751661474868
3823,8.249052274171293,61.83041322844284,472.9625969087392
3824,8.249313746260636,61.83849933496123,473.0500209138473
3825,8.249575150000199,61.84658438426491,473.1374381650984
3826,8.249836485425702,61.85466837676846,473.22484866478135
3827,8.250097752572845,61.862751312886175,473.31225241518194
3828,8.250358951477294,61.87083319303208,473.39964941858375
3829,8.250620082174692,61.87891401761993,473.48703967727045
3830,8.25088114470065,61.886993787063204,473.5744231935235
3831,8.251142139090751,61.89507250177513,473.6617999696243
3832,8.251403065380556,61.90315016216864,473.7491700078511
3833,8.251663923605589,61.91122676865643,473.8365333104816
3834,8.251924713801357,61.91930232165088,473.9238898797917
3835,8.252185436003328,61.927376821564145,474.01123971805754
3836,8.252446090246952,61.93545026880809,474.0985828275522
3837,8.252706676567644,61.94352266379432,474.18591921054696
3838,8.252967195000798,61.95159400693416,474.2732488693144
3839,8.253227645581772,61.95966429863868,474.3605718061234
3840,8.253488028345904,61.96773353931867,474.4478880232412
3841,8.253748343328501,61.97580172938467,474.5351975229357
3842,8.254008590564844,61.98386886924694,474.6225003074716
3843,8.254268770090183,61.99193495931547,474.7097963791142
3844,8.254528881939745,62.0,474.79708574012494
3845,8.254788926148725,62.00806399170998,474.8843683927662
3846,8.255048902752295,62.01612693485461,474.9716443392969
3847,8.255308811785596,62.02418882984283,475.0589135819766
3848,8.255568653283746,62.03224967708329,475.1461761230627
3849,8.25582842728183,62.0403094769844,475.2334319648108
3850,8.25608813381491,62.048368229954285,475.32068110947546
3851,8.256347772918016,62.056425936400814,475.40792355931075
3852,8.256607344626158,62.0644825967316,475.49515931656816
3853,8.256866848974312,62.07253821135398,475.58238838349865
3854,8.25712628599743,62.080592780675026,475.66961076235054
3855,8.257385655730436,62.08864630510155,475.7568264553729
3856,8.257644958208228,62.0966987850401,475.8440354648114
3857,8.257904193465674,62.10475022089695,475.9312377929121
3858,8.258163361537619,62.112800613078136,476.01843344191894
3859,8.258422462458876,62.120849961989414,476.10562241407405
3860,8.258681496264236,62.12889826803627,476.19280471161824
3861,8.258940462988459,62.13694553162394,476.2799803367927
3862,8.259199362666282,62.14499175315739,476.36714929183563
3863,8.259458195332408,62.153036933041335,476.45431157898344
3864,8.259716961021523,62.161081071680215,476.5414672004736
3865,8.259975659768276,62.16912416947821,476.62861615853944
3866,8.260234291607297,62.177166226839255,476.7157584554147
3867,8.260492856573185,62.185207244167,476.8028940933311
3868,8.260751354700513,62.19324722186485,476.8900230745196
3869,8.261009786023827,62.20128616033595,476.9771454012095
3870,8.261268150577648,62.20932405998316,477.06426107562845
3871,8.261526448396468,62.21736092120912,477.1513701000042
3872,8.261784679514752,62.22539674441618,477.2384724765608
3873,8.262042843966942,62.23343153000644,477.32556820752256
3874,8.262300941787448,62.24146527838174,477.41265729511315
3875,8.262558973010657,62.24949798994366,477.49973974155233
3876,8.262816937670928,62.25752966509352,477.58681554906167
3877,8.263074835802596,62.26556030423239,477.67388471985925
3878,8.263332667439967,62.27358990776106,477.7609472561624
3879,8.263590432617319,62.281618476080084,477.84800316018783
3880,8.263848131368906,62.289646009589745,477.93505243414955
3881,8.264105763728956,62.297672508690084,478.0220950802622
3882,8.264363329731667,62.30569797378086,478.1091311007374
3883,8.264620829411216,62.313722405261586,478.19616049778546
3884,8.264878262801748,62.321745803531535,478.28318327361677
3885,8.265135629937385,62.32976816898969,478.37019943043936
3886,8.265392930852224,62.3377895020348,478.45720897046004
3887,8.265650165580329,62.34580980306536,478.54421189588516
3888,8.265907334155747,62.353829072479584,478.63120820891874
3889,8.266164436612492,62.36184731067546,478.7181979117638
3890,8.266421472984554,62.369864518050704,478.80518100662096
3891,8.266678443305896,62.37788069500277,478.89215749569314
3892,8.266935347610456,62.385895841928885,478.9791273811775
3893,8.267192185932146,62.39390995922599,479.06609066527267
3894,8.267448958304849,62.40192304729078,479.15304735017554
3895,8.267705664762426,62.4099351065197,479.2399974380804
3896,8.26796230533871,62.41794613730894,479.32694093118255
3897,8.268218880067506,62.42595614005443,479.4138778316737
3898,8.268475388982598,62.433965115151864,479.5008081417456
3899,8.268731832117737,62.44197306299666,479.5877318635888
3900,8.268988209506656,62.44997998398398,479.67464899939097
3901,8.269244521183056,62.457985878508765,479.7615595513415
3902,8.269500767180615,62.465990746965666,479.84846352162447
3903,8.269756947532983,62.473994589749104,479.9353609124265
3904,8.270013062273787,62.48199740725323,480.0222517259307
3905,8.270269111436624,62.489999199871974,480.10913596431953
3906,8.27052509505507,62.49799996799898,480.19601362977374
3907,8.270781013162674,62.505999712027645,480.2828847244741
3908,8.271036865792954,62.51399843235114,480.36974925059803
3909,8.271292652979412,62.52199612936234,480.4566072103241
3910,8.271548374755515,62.52999280345393,480.5434586058269
3911,8.271804031154709,62.53798845501828,480.63030343928233
3912,8.272059622210412,62.545983084447556,480.71714171286277
3913,8.272315147956022,62.55397669213365,480.8039734287414
3914,8.272570608424903,62.56196927846821,480.8907985890885
3915,8.272826003650401,62.56996084384263,480.977617196074
3916,8.27308133366583,62.57795138864806,481.06442925186576
3917,8.273336598504486,62.5859409132754,481.1512347586315
3918,8.273591798199632,62.5939294181153,481.238033718537
3919,8.273846932784508,62.601916903558156,481.32482613374646
3920,8.27410200229233,62.609903369994115,481.4116120064233
3921,8.274357006756292,62.617888817813075,481.4983913387291
3922,8.274611946209552,62.625873247404705,481.5851641328257
3923,8.274866820685254,62.63385665915839,481.67193039087135
3924,8.275121630216509,62.6418390534633,481.75869011502505
3925,8.275376374836407,62.64982043070834,481.8454433074436
3926,8.27563105457801,62.65780079128216,481.9321899702825
3927,8.275885669474356,62.66578013557319,482.01893010569614
3928,8.27614021955846,62.67375846396959,482.10566371583815
3929,8.276394704863307,62.68173577685928,482.19239080285934
3930,8.27664912542186,62.68971207462992,482.27911136891214
3931,8.276903481267057,62.69768735766894,482.36582541614496
3932,8.27715777243181,62.70566162636353,482.452532946705
3933,8.277411998949004,62.71363488110062,482.5392339627412
3934,8.277666160851503,62.72160712226688,482.62592846639774
3935,8.277920258172143,62.72957835024878,482.71261645981906
3936,8.278174290943738,62.73754856543249,482.7992979451483
3937,8.278428259199071,62.74551776820397,482.8859729245286
3938,8.278682162970906,62.75348595894893,482.97264140009923
3939,8.27893600229198,62.76145313805282,483.05930337400014
3940,8.279189777195004,62.76941930590086,483.14595884836916
3941,8.279443487712665,62.77738446287803,483.23260782534305
3942,8.279697133877628,62.78534860936905,483.319250307058
3943,8.279950715722526,62.7933117457584,483.4058862956487
3944,8.280204233279974,62.80127387243033,483.4925157932474
3945,8.28045768658256,62.80923498976882,483.57913880198646
3946,8.280711075662847,62.81719509815764,483.66575532399673
3947,8.280964400553373,62.82515419798029,483.7523653614069
3948,8.28121766128665,62.83311228962003,483.8389689163467
3949,8.281470857895167,62.8410693734599,483.9255659909418
3950,8.281723990411392,62.849025449882674,484.0121565873175
3951,8.281977058867758,62.85698051927089,484.09874070759975
3952,8.282230063296685,62.864934582006846,484.1853183539117
3953,8.282483003730562,62.8728876384726,484.271889528374
3954,8.282735880201754,62.88083968904996,484.35845423310866
3955,8.282988692742602,62.8887907341205,484.4450124702349
3956,8.283241441385425,62.89674077406555,484.5315642418708
3957,8.28349412616251,62.90468980926621,484.618109550134
3958,8.28374674710613,62.91263784010332,484.70464839713975
3959,8.283999304248526,62.92058486695749,484.791180785003
3960,8.284251797621916,62.928530890209096,484.87770671583735
3961,8.284504227258497,62.93647591023825,484.9642261917549
3962,8.284756593190435,62.94441992742486,485.05073921486655
3963,8.285008895449879,62.95236294214857,485.1372457872819
3964,8.285261134068948,62.960304954788775,485.22374591111014
3965,8.285513309079741,62.96824596572466,485.3102395884581
3966,8.28576542051433,62.976185975335156,485.3967268214316
3967,8.286017468404763,62.984124983998946,485.48320761213574
3968,8.286269452783065,62.99206299209449,485.56968196267457
3969,8.286521373681236,63.0,485.6561498751499
3970,8.286773231131251,63.00793600809346,485.7426113516632
3971,8.287025025165063,63.0158710167526,485.8290663943149
3972,8.287276755814599,63.02380502635492,485.91551500520325
3973,8.287528423111763,63.0317380372777,486.0019571864262
3974,8.287780027088433,63.03967004989794,486.0883929400797
3975,8.288031567776464,63.047601064592456,486.1748222682588
3976,8.28828304520769,63.05553108173778,486.26124517305857
3977,8.288534459413917,63.06346010171025,486.34766165657084
3978,8.288785810426928,63.071388124885914,486.43407172088683
3979,8.289037098278483,63.079315151640635,486.5204753680977
3980,8.289288323000317,63.08724118235002,486.6068726002918
3981,8.289539484624141,63.095166217389426,486.69326341955747
3982,8.289790583181643,63.103090257134,486.779647827982
3983,8.290041618704489,63.111013301958636,486.86602582764976
3984,8.290292591224315,63.118935352238,486.95239742064535
3985,8.29054350077274,63.12685640834652,487.0387626090525
3986,8.290794347381356,63.13477647065839,487.1251213949526
3987,8.291045131081729,63.14269553954757,487.2114737804262
3988,8.291295851905407,63.150613615387776,487.2978197675535
3989,8.29154650988391,63.15853069855251,487.3841593584124
3990,8.291797105048733,63.166446789415026,487.47049255507966
3991,8.292047637431354,63.17436188834834,487.5568193596313
3992,8.292298107063221,63.182275995725256,487.643139774143
3993,8.29254851397576,63.190189111918315,487.72945380068694
3994,8.292798858200374,63.198101237299845,487.8157614413364
3995,8.293049139768444,63.20601237224193,487.9020626981624
3996,8.293299358711323,63.21392251711643,487.98835757323525
3997,8.293549515060345,63.221831672294975,488.0746460686217
3998,8.293799608846818,63.229739838148944,488.1609281863923
3999,8.294049640102028,63.23764701504951,488.2472039286116
4000,8.294299608857235,63.245553203367585,488.33347329734494
4001,8.294549515143679,63.25345840347388,488.4197362946567
4002,8.294799358992574,63.26136261573884,488.5059929226095
4003,8.295049140435111,63.26926584053272,488.59224318326545
4004,8.29529885950246,63.2771680782255,488.67848707868444
4005,8.295548516225763,63.28506932918696,488.7647246109262
4006,8.295798110636145,63.29296959378664,488.8509557820487
4007,8.2960476427647,63.30086887239384,488.9371805941085
4008,8.296297112642508,63.30876716537765,489.0233990491622
4009,8.296546520300614,63.31666447310692,489.1096111492638
4010,8.296795865770052,63.324560795950255,489.1958168964671
4011,8.297045149081827,63.33245613427605,489.2820162928237
4012,8.297294370266917,63.340350488452465,489.36820934038457
4013,8.297543529356284,63.34824385884742,489.45439604120065
4014,8.297792626380861,63.35613624582863,489.54057639731946
4015,8.298041661371565,63.36402764976355,489.6267504107892
4016,8.298290634359283,63.37191807101944,489.7129180836565
4017,8.29853954537488,63.3798075099633,489.7990794179659
4018,8.2987883944492,63.387695966961914,489.88523441576154
4019,8.299037181613066,63.39558344238185,489.97138307908654
4020,8.299285906897275,63.40346993658943,490.0575254099835
4021,8.299534570332597,63.41135544995076,490.14366141049084
4022,8.299783171949787,63.419239982831705,490.229791082649
4023,8.300031711779575,63.42712353559792,490.3159144284965
4024,8.300280189852664,63.43500610861482,490.4020314500699
4025,8.300528606199737,63.4428877022476,490.48814214940535
4026,8.300776960851454,63.45076831686122,490.57424652853774
4027,8.301025253838453,63.45864795282043,490.6603445895004
4028,8.301273485191347,63.46652661048972,490.7464363343253
4029,8.301521654940728,63.474404290233394,490.8325217650444
4030,8.301769763117166,63.48228099241551,490.9186008836869
4031,8.302017809751204,63.490156717399906,491.0046736922826
4032,8.302265794873367,63.49803146555018,491.0907401928593
4033,8.302513718514158,63.50590523722971,491.1768003874422
4034,8.302761580704049,63.51377803280167,491.2628542780586
4035,8.3030093814735,63.52164985262898,491.34890186673215
4036,8.30325712085294,63.52952069707436,491.43494315548526
4037,8.303504798872783,63.53739056650029,491.5209781463411
4038,8.303752415563412,63.54525946126902,491.60700684131996
4039,8.303999970955196,63.55312738174259,491.69302924244124
4040,8.304247465078474,63.56099432828282,491.77904535172377
4041,8.304494897963567,63.56886030125127,491.8650551711851
4042,8.304742269640771,63.57672530100933,491.95105870284107
4043,8.304989580140361,63.58458932791813,492.03705594870723
4044,8.305236829492593,63.592452382338585,492.123046910798
4045,8.305484017727691,63.60031446463138,492.20903159112476
4046,8.305731144875866,63.608175575157006,492.2950099917011
4047,8.305978210967302,63.61603571427569,492.3809821145359
4048,8.30622521603216,63.623894882347464,492.46694796163956
4049,8.306472160100585,63.631753079732135,492.55290753502015
4050,8.30671904320269,63.63961030678928,492.63886083668416
4051,8.306965865368573,63.647466563878254,492.7248078686389
4052,8.307212626628308,63.655321851358195,492.810748632888
4053,8.307459327011946,63.66317616958802,492.8966831314353
4054,8.307705966549513,63.671029518926424,492.98261136628395
4055,8.30795254527102,63.67888189973188,493.06853333943536
4056,8.308199063206446,63.686733312362634,493.1544490528896
4057,8.30844552038576,63.694583757176716,493.2403585086459
4058,8.308691916838898,63.702433234531945,493.3262617087021
4059,8.308938252595778,63.7102817447859,493.4121586550557
4060,8.309184527686298,63.71812928829596,493.49804934970194
4061,8.30943074214033,63.72597586541927,493.58393379463524
4062,8.309676895987726,63.733821476512766,493.6698119918504
4063,8.309922989258318,63.74166612193315,493.75568394333857
4064,8.310169021981912,63.74950980203691,493.8415496510919
4065,8.310414994188292,63.75735251718032,493.9274091171001
4066,8.310660905907225,63.76519426771944,494.0132623433523
4067,8.31090675716845,63.773035054010094,494.0991093318364
4068,8.31115254800169,63.7808748764079,494.1849500845385
4069,8.311398278436641,63.788713735268246,494.2707846034461
4070,8.31164394850298,63.796551630946325,494.3566128905421
4071,8.311889558230359,63.80438856379708,494.4424349478103
4072,8.312135107648412,63.812224534175265,494.52825077723287
4073,8.31238059678675,63.8200595424354,494.61406038079195
4074,8.312626025674962,63.82789358893179,494.6998637604667
4075,8.312871394342615,63.835726674018524,494.7856609182368
4076,8.313116702819253,63.84355879804947,494.87145185607955
4077,8.3133619511344,63.85138996137829,494.95723657597165
4078,8.313607139317558,63.85922016435841,495.043015079889
4079,8.313852267398207,63.86704940734306,495.1287873698057
4080,8.314097335405807,63.874877690685246,495.2145534476956
4081,8.31434234336979,63.88270501473775,495.30031331553135
4082,8.314587291319576,63.89053137985315,495.38606697528337
4083,8.314832179284556,63.89835678638379,495.4718144289216
4084,8.315077007294104,63.90618123468183,495.55755567841635
4085,8.315321775377567,63.914004725099176,495.64329072573366
4086,8.315566483564277,63.92182725798755,495.7290195728413
4087,8.31581113188354,63.92964883369844,495.81474222170584
4088,8.316055720364643,63.93746945258312,495.90045867428984
4089,8.316300249036848,63.94528911499267,495.9861689325581
4090,8.316544717929398,63.953107821277925,496.0718729984722
4091,8.316789127071518,63.96092557178953,496.1575708739937
4092,8.317033476492403,63.968742366877905,496.2432625610834
4093,8.317277766221235,63.97655820689325,496.3289480616994
4094,8.31752199628717,63.984373092185564,496.41462737779966
4095,8.317766166719343,63.99218702310463,496.50030051134195
4096,8.318010277546872,64.0,496.58596746428077
4097,8.318254328798846,64.00781202322104,496.6716282385717
4098,8.318498320504338,64.01562309311689,496.75728283616854
4099,8.318742252692399,64.02343321003646,496.84293125902235
4100,8.31898612539206,64.03124237432849,496.9285735090857
4101,8.319229938632326,64.03905058634146,497.01420958830846
4102,8.319473692442186,64.04685784642366,497.09983949863994
4103,8.319717386850606,64.05466415492317,497.1854632420285
4104,8.31996102188653,64.06246951218786,497.2710808204205
4105,8.32020459757888,64.07027391856539,497.35669223576195
4106,8.320448113956559,64.07807737440318,497.4422974899984
4107,8.32069157104845,64.08587988004847,497.52789658507317
4108,8.32093496888341,64.09368143584827,497.61348952292826
4109,8.32117830749028,64.10148204214939,497.69907630550665
4110,8.321421586897879,64.10928169929842,497.7846569347473
4111,8.321664807135,64.11708040764177,497.8702314125903
4112,8.321907968230423,64.1248781675256,497.9557997409743
4113,8.322151070212902,64.13267497929586,498.0413619218364
4114,8.32239411311117,64.1404708432983,498.12691795711214
4115,8.32263709695394,64.1482657598785,498.2124678487376
4116,8.322880021769905,64.15605972938177,498.2980115986455
4117,8.323122887587735,64.16385275215322,498.38354920877
4118,8.323365694436081,64.17164482853778,498.46908068104204
4119,8.323608442343572,64.17943595888016,498.55460601739264
4120,8.323851131338817,64.18722614352485,498.64012521975195
4121,8.324093761450404,64.19501538281614,498.72563829004827
4122,8.3243363327069,64.20280367709809,498.8111452302084
4123,8.32457884513685,64.21059102671458,498.89664604215983
4124,8.324821298768782,64.21837743200929,498.982140727828
4125,8.325063693631197,64.22616289332565,499.06762928913656
4126,8.325306029752582,64.2339474110069,499.1531117280092
4127,8.325548307161398,64.24173098539609,499.23858804636745
4128,8.32579052588609,64.24951361683604,499.32405824613323
4129,8.326032685955079,64.25729530566937,499.4095223292266
4130,8.326274787396764,64.26507605223851,499.49498029756546
4131,8.326516830239528,64.27285585688566,499.5804321530692
4132,8.326758814511733,64.28063471995279,499.6658778976534
4133,8.327000740241713,64.28841264178172,499.75131753323365
4134,8.327242607457793,64.29618962271404,499.83675106172655
4135,8.327484416188264,64.3039656630911,499.9221784850442
4136,8.327726166461412,64.31174076325411,500.0075998050993
4137,8.327967858305488,64.319514923544,500.09301502380424
4138,8.328209491748732,64.32728814430156,500.1784241430679
4139,8.32845106681936,64.33506042586733,500.2638271648017
4140,8.328692583545568,64.34283176858165,500.34922409091195
4141,8.328934041955529,64.35060217278468,500.4346149233072
4142,8.329175442077402,64.35837163881635,500.5199996638938
4143,8.329416783939319,64.36614016701638,500.6053783145767
4144,8.329658067569396,64.37390775772433,500.6907508772591
4145,8.329899292995725,64.38167441127949,500.7761173538454
4146,8.330140460246382,64.389440128021,500.86147774623703
4147,8.330381569349418,64.39720490828775,500.9468320563348
4148,8.330622620332868,64.40496875241847,501.0321802860382
4149,8.330863613224745,64.41273166075166,501.1175224372467
4150,8.33110454805304,64.42049363362563,501.20285851185884
4151,8.331345424845724,64.42825467137845,501.28818851177033
4152,8.331586243630754,64.43601477434805,501.3735124388773
4153,8.331827004436057,64.4437739428721,501.4588302950737
4154,8.332067707289548,64.45153217728807,501.5441420822537
4155,8.332308352219117,64.45928947793328,501.6294478023105
4156,8.332548939252638,64.4670458451448,501.7147474571339
4157,8.332789468417959,64.47480127925948,501.8000410486163
4158,8.33302993974291,64.48255578061404,501.88532857864595
4159,8.333270353255308,64.49030934954492,501.970610049112
4160,8.333510708982942,64.4980619863884,502.0558854619008
4161,8.33375100695358,64.50581369148055,502.14115481889974
4162,8.333991247194975,64.51356446515724,502.2264181219927
4163,8.33423142973486,64.52131430775415,502.3116753730648
4164,8.334471554600944,64.52906321960671,502.3969265739999
4165,8.334711621820917,64.53681120105021,502.4821717266795
4166,8.334951631422454,64.5445582524197,502.5674108329839
4167,8.335191583433202,64.55230437405004,502.6526438947945
4168,8.335431477880796,64.5600495662759,502.73787091398907
4169,8.335671314792847,64.56779382943171,502.82309189244677
4170,8.335911094196945,64.57553716385176,502.9083068320439
4171,8.336150816120663,64.5832795698701,502.9935157346569
4172,8.336390480591552,64.59102104782058,503.07871860216034
4173,8.336630087637147,64.59876159803684,503.1639154364273
4174,8.336869637284956,64.60650122085238,503.249106239332
4175,8.337109129562474,64.61423991660043,503.33429101274595
4176,8.337348564497175,64.62197768561404,503.4194697585387
4177,8.33758794211651,64.6297145282261,503.5046424785819
4178,8.337827262447915,64.63745044476924,503.5898091747426
4179,8.338066525518801,64.64518543557594,503.67496984889016
4180,8.338305731356565,64.65291950097846,503.76012450288914
4181,8.338544879988579,64.66065264130884,503.845273138607
4182,8.338783971442199,64.66838485689897,503.9304157579082
4183,8.339023005744759,64.67611614808051,504.0155523626549
4184,8.339261982923576,64.68384651518491,504.10068295471103
4185,8.339500903005945,64.69157595854347,504.1858075359382
4186,8.339739766019143,64.69930447848725,504.2709261081959
4187,8.339978571990427,64.70703207534712,504.35603867334476
4188,8.340217320947035,64.71475874945375,504.44114523324225
4189,8.340456012916183,64.72248450113763,504.52624578974724
4190,8.340694647925071,64.73020933072904,504.6113403447144
4191,8.340933226000878,64.73793323855806,504.69642890000006
4192,8.341171747170762,64.74565622495459,504.78151145745943
4193,8.341410211461865,64.7533782902483,504.86658801894464
4194,8.341648618901306,64.76109943476871,504.9516585863086
4195,8.341886969516187,64.7688196588451,505.0367231614028
4196,8.34212526333359,64.77653896280658,505.1217817460773
4197,8.342363500380579,64.78425734698207,505.20683434218205
4198,8.342601680684194,64.79197481170026,505.2918809515641
4199,8.34283980427146,64.79969135728966,505.3769215760724
4200,8.343077871169383,64.8074069840786,505.46195621755334
4201,8.343315881404946,64.81512169239521,505.54698487785015
4202,8.343553835005117,64.82283548256741,505.63200755880945
4203,8.343791731996841,64.83054835492293,505.71702426227296
4204,8.344029572407049,64.8382603097893,505.80203499008337
4205,8.344267356262645,64.8459713474939,505.8870397440824
4206,8.344505083590521,64.85368146836385,505.97203852611057
4207,8.344742754417545,64.8613906727261,506.05703133800637
4208,8.344980368770571,64.86909896090742,506.1420181816081
4209,8.345217926676428,64.87680633323437,506.2269990587532
4210,8.345455428161928,64.88451279003334,506.3119739712787
4211,8.345692873253865,64.89221833163049,506.39694292101854
4212,8.345930261979017,64.89992295835181,506.48190590980806
4213,8.346167594364134,64.90762667052309,506.5668629394804
4214,8.346404870435956,64.91532946846992,506.65181401186715
4215,8.346642090221199,64.92303135251773,506.7367591287999
4216,8.34687925374656,64.9307323229917,506.82169829210903
4217,8.34711636103872,64.93843238021688,506.9066315036242
4218,8.347353412124338,64.94613152451807,506.9915587651727
4219,8.347590407030058,64.95382975621992,507.07648007858285
4220,8.347827345782498,64.96152707564686,507.1613954456805
4221,8.348064228408266,64.96922348312314,507.2463048682911
4222,8.348301054933943,64.97691897897283,507.3312083482389
4223,8.348537825386098,64.98461356351979,507.4161058873465
4224,8.348774539791274,64.99230723708769,507.500997487437
4225,8.349011198176003,65.0,507.585883150332
4226,8.34924780056679,65.00769185258002,507.6707628778517
4227,8.349484346990128,65.01538279515087,507.75563667181456
4228,8.34972083747249,65.02307282803544,507.8405045340395
4229,8.349957272040324,65.03076195155643,507.9253664663445
4230,8.350193650720067,65.0384501660364,508.01022247054544
4231,8.350429973538136,65.04613747179766,508.09507254845727
4232,8.350666240520924,65.05382386916237,508.17991670189525
4233,8.350902451694811,65.06150935845248,508.2647549326722
4234,8.351138607086154,65.06919393998976,508.3495872426011
4235,8.351374706721296,65.07687761409578,508.4344136334929
4236,8.351610750626559,65.08456038109192,508.5192341071584
4237,8.351846738828245,65.09224224129939,508.60404866540705
4238,8.352082671352637,65.09992319503918,508.68885731004787
4239,8.352318548226004,65.10760324263211,508.77366004288723
4240,8.352554369474591,65.11528238439882,508.8584568657325
4241,8.352790135124629,65.12296062065974,508.94324778038947
4242,8.353025845202325,65.13063795173512,509.0280327886621
4243,8.353261499733874,65.13831437794502,509.11281189235444
4244,8.353497098745448,65.14598989960932,509.1975850932696
4245,8.353732642263202,65.1536645170477,509.28235239320895
4246,8.353968130313271,65.16133823057964,509.3671137939719
4247,8.354203562921775,65.16901104052447,509.4518692973599
4248,8.354438940114811,65.1766829472013,509.53661890517157
4249,8.354674261918463,65.18435395092905,509.6213626192036
4250,8.35490952835879,65.19202405202648,509.70610044125465
4251,8.355144739461839,65.19969325081216,509.7908323731179
4252,8.355379895253634,65.20736154760442,509.8755584165909
4253,8.355614995760183,65.21502894272147,509.9602785734655
4254,8.355850041007475,65.22269543648132,510.04499284553606
4255,8.35608503102148,65.23036102920173,510.1297012345943
4256,8.356319965828153,65.23802572120036,510.21440374243076
4257,8.356554845453426,65.24568951279464,510.29910037083584
4258,8.356789669923213,65.25335240430181,510.38379112159873
4259,8.357024439263416,65.26101439603893,510.4684759965067
4260,8.357259153499912,65.26867548832288,510.55315499734803
4261,8.357493812658563,65.27633568147036,510.63782812590864
4262,8.35772841676521,65.28399497579785,510.72249538397335
4263,8.357962965845681,65.2916533716217,510.8071567733265
4264,8.35819745992578,65.29931086925804,510.89181229575144
4265,8.358431899031295,65.30696746902278,510.97646195303105
4266,8.358666283188,65.31462317123173,511.06110574694566
4267,8.358900612421644,65.32227797620043,511.1457436792772
4268,8.359134886757962,65.3299318842443,511.23037575180376
4269,8.35936910622267,65.33758489567853,511.31500196630435
4270,8.359603270841466,65.34523701081817,511.39962232455656
4271,8.35983738064003,65.35288822997802,511.4842368283372
4272,8.360071435644025,65.36053855347276,511.56884547942127
4273,8.360305435879093,65.36818798161687,511.65344827958455
4274,8.360539381370861,65.37583651472461,511.73804523059954
4275,8.360773272144936,65.3834841531101,511.8226363342402
4276,8.361007108226909,65.39113089708727,511.907221592277
4277,8.361240889642351,65.39877674696982,511.99180100648215
4278,8.361474616416817,65.40642170307133,512.0763745786255
4279,8.361708288575842,65.41406576570516,512.1609423104748
4280,8.361941906144946,65.4217089351845,512.2455042037989
4281,8.362175469149628,65.42935121182236,512.3300602603655
4282,8.36240897761537,65.43699259593154,512.4146104819393
4283,8.36264243156764,65.4446330878247,512.4991548702872
4284,8.36287583103188,65.45227268781429,512.5836934271722
4285,8.363109176033522,65.45991139621256,512.6682261543575
4286,8.363342466597977,65.46754921333164,512.7527530536064
4287,8.363575702750637,65.47518613948341,512.8372741266792
4288,8.36380888451688,65.4828221749796,512.9217893753378
4289,8.364042011922063,65.49045732013177,513.0062988013409
4290,8.364275084991524,65.49809157525127,513.0908024064472
4291,8.36450810375059,65.50572494064927,513.175300192414
4292,8.36474106822456,65.5133574166368,513.2597921609981
4293,8.364973978438726,65.52098900352466,513.3442783139556
4294,8.365206834418355,65.5286197016235,513.4287586530407
4295,8.3654396361887,65.53624951124378,513.5132331800088
4296,8.365672383774996,65.54387843269576,513.5977018966115
4297,8.365905077202456,65.55150646628954,513.6821648046009
4298,8.366137716496281,65.55913361233506,513.7666219057287
4299,8.366370301681654,65.56675987114203,513.851073201744
4300,8.366602832783736,65.57438524302,513.9355186943974
4301,8.366835309827675,65.58200972827838,514.019958385436
4302,8.3670677328386,65.58963332722634,514.1043922766074
4303,8.36730010184162,65.5972560401729,514.1888203696593
4304,8.367532416861831,65.60487786742691,514.2732426663346
4305,8.367764677924308,65.612498809297,514.3576591683809
4306,8.36799688505411,65.62011886609167,514.4420698775388
4307,8.36822903827628,65.62773803811922,514.5264747955532
4308,8.368461137615839,65.63535632568775,514.6108739241653
4309,8.368693183097793,65.64297372910524,514.6952672651156
4310,8.368925174747135,65.6505902486794,514.7796548201444
4311,8.369157112588834,65.65820588471787,514.8640365909896
4312,8.369388996647842,65.66582063752801,514.9484125793912
4313,8.369620826949102,65.67343450741707,515.0327827870844
4314,8.36985260351753,65.68104749469211,515.1171472158067
4315,8.370084326378025,65.68865959965997,515.201505867293
4316,8.370315995555478,65.69627082262737,515.2858587432772
4317,8.370547611074752,65.70388116390082,515.3702058454936
4318,8.3707791729607,65.71149062378664,515.4545471756736
4319,8.371010681238156,65.71909920259102,515.5388827355497
4320,8.371242135931933,65.72670690061993,515.6232125268527
4321,8.371473537066832,65.73431371817918,515.7075365513118
4322,8.371704884667631,65.7419196555744,515.7918548106551
4323,8.371936178759098,65.74952471311104,515.8761673066123
4324,8.37216741936598,65.75712889109438,515.9604740409088
4325,8.372398606513004,65.76473218982953,516.0447750152722
4326,8.372629740224884,65.7723346096214,516.1290702314265
4327,8.372860820526318,65.77993615077473,516.2133596910958
4328,8.37309184744198,65.7875368135941,516.2976433960042
4329,8.373322820996535,65.79513659838392,516.3819213478744
4330,8.373553741214627,65.80273550544841,516.466193548427
4331,8.37378460812088,65.81033353509159,516.5504599993826
4332,8.374015421739909,65.81793068761733,516.634720702462
4333,8.374246182096304,65.82552696332935,516.7189756593826
4334,8.374476889214643,65.83312236253116,516.8032248718631
4335,8.374707543119483,65.84071688552609,516.8874683416199
4336,8.374938143835367,65.84831053261732,516.9717060703694
4337,8.37516869138682,65.85590330410783,517.0559380598269
4338,8.37539918579835,65.86349520030045,517.140164311707
4339,8.375629627094451,65.87108622149782,517.2243848277217
4340,8.375860015299594,65.87867636800242,517.3085996095846
4341,8.376090350438238,65.88626564011653,517.3928086590059
4342,8.376320632534823,65.89385403814228,517.4770119776982
4343,8.37655086161377,65.90144156238162,517.561209567369
4344,8.376781037699493,65.90902821313632,517.645401429729
4345,8.377011160816375,65.91661399070799,517.7295875664851
4346,8.377241230988792,65.92419889539804,517.8137679793441
4347,8.3774712482411,65.93178292750773,517.8979426700123
4348,8.37770121259764,65.93936608733814,517.9821116401955
4349,8.37793112408273,65.94694837519019,518.0662748915976
4350,8.37816098272068,65.95452979136459,518.1504324259215
4351,8.378390788535778,65.96211033616193,518.2345842448706
4352,8.378620541552298,65.96969000988257,518.3187303501448
4353,8.378850241794492,65.97726881282674,518.402870743447
4354,8.379079889286603,65.98484674529449,518.4870054264758
4355,8.37930948405285,65.99242380758567,518.5711344009309
4356,8.379539026117442,66.0,518.6552576685089
4357,8.379768515504566,66.007575322837,518.7393752309076
4358,8.379997952238393,66.01514977639603,518.8234870898234
4359,8.38022733634308,66.02272336097626,518.9075932469517
4360,8.380456667842767,66.03029607687671,518.9916937039862
4361,8.380685946761574,66.03786792439622,519.0757884626215
4362,8.38091517312361,66.04543890383347,519.1598775245501
4363,8.381144346952961,66.05300901548695,519.2439608914627
4364,8.381373468273702,66.06057825965497,519.3280385650515
4365,8.38160253710989,66.06814663663572,519.4121105470052
4366,8.381831553485561,66.07571414672717,519.496176839014
4367,8.38206051742474,66.08328079022712,519.5802374427655
4368,8.382289428951436,66.09084656743322,519.6642923599471
4369,8.382518288089635,66.09841147864296,519.7483415922455
4370,8.382747094863314,66.10597552415364,519.8323851413453
4371,8.382975849296429,66.11353870426238,519.9164230089322
4372,8.38320455141292,66.12110101926616,520.00045519669
4373,8.383433201236713,66.12866246946176,520.0844817063011
4374,8.383661798791715,66.1362230551458,520.1685025394476
4375,8.383890344101816,66.14378277661477,520.2525176978102
4376,8.384118837190895,66.15134163416491,520.3365271830698
4377,8.384347278082808,66.15889962809237,520.4205309969058
4378,8.384575666801398,66.16645675869307,520.504529140996
4379,8.384804003370492,66.17401302626281,520.5885216170186
4380,8.385032287813898,66.18156843109719,520.67250842665
4381,8.385260520155413,66.18912297349165,520.756489571566
4382,8.38548870041881,66.19667665374146,520.8404650534426
4383,8.385716828627851,66.20422947214173,520.9244348739522
4384,8.385944904806284,66.2117814289874,521.0083990347689
4385,8.386172928977834,66.21933252457322,521.0923575375652
4386,8.386400901166214,66.2268827591938,521.1763103840126
4387,8.38662882139512,66.23443213314356,521.2602575757801
4388,8.386856689688234,66.24198064671678,521.34419911454
4389,8.387084506069217,66.24952830020754,521.4281350019593
4390,8.387312270561717,66.25707509390978,521.5120652397062
4391,8.387539983189367,66.26462102811726,521.5959898294489
4392,8.38776764397578,66.27216610312357,521.6799087728518
4393,8.387995252944556,66.27971031922213,521.7638220715813
4394,8.388222810119277,66.2872536767062,521.8477297273025
4395,8.388450315523512,66.29479617586888,521.9316317416777
4396,8.388677769180811,66.3023378170031,522.0155281163707
4397,8.388905171114706,66.30987860040162,522.0994188530425
4398,8.389132521348719,66.31741852635702,522.1833039533545
4399,8.389359819906353,66.32495759516172,522.2671834189671
4400,8.38958706681109,66.332495807108,522.3510572515394
4401,8.389814262086407,66.34003316248794,522.4349254527292
4402,8.390041405755754,66.34756966159348,522.5187880241947
4403,8.390268497842571,66.35510530471637,522.6026449675926
4404,8.39049553837028,66.36264009214823,522.6864962845787
4405,8.39072252736229,66.37017402418047,522.770341976807
4406,8.390949464841986,66.37770710110436,522.8541820459335
4407,8.391176350832751,66.385239323211,522.9380164936086
4408,8.391403185357937,66.39277069079132,523.0218453214882
4409,8.391629968440892,66.40030120413611,523.1056685312208
4410,8.39185670010494,66.40783086353596,523.1894861244585
4411,8.392083380373393,66.41535966928132,523.2732981028507
4412,8.392310009269547,66.42288762166245,523.3571044680464
4413,8.392536586816682,66.4304147209695,523.4409052216934
4414,8.392763113038061,66.43794096749237,523.5247003654396
4415,8.392989587956931,66.44546636152086,523.6084899009309
4416,8.393216011596527,66.4529909033446,523.692273829813
4417,8.393442383980062,66.46051459325304,523.7760521537296
4418,8.39366870513074,66.46803743153546,523.8598248743256
4419,8.393894975071744,66.47555941848101,523.9435919932434
4420,8.394121193826242,66.48308055437865,524.0273535121253
4421,8.394347361417392,66.49060083951716,524.1111094326128
4422,8.394573477868327,66.4981202741852,524.1948597563461
4423,8.39479954320217,66.50563885867122,524.2786044849644
4424,8.39502555744203,66.51315659326356,524.3623436201057
4425,8.395251520610994,66.52067347825036,524.4460771634093
4426,8.395477432732141,66.52818951391959,524.5298051165119
4427,8.395703293828527,66.53570470055908,524.6135274810489
4428,8.395929103923198,66.5432190384565,524.6972442586551
4429,8.39615486303918,66.55073252789934,524.7809554509671
4430,8.39638057119949,66.55824516917495,524.8646610596163
4431,8.39660622842712,66.56575696257048,524.9483610862364
4432,8.396831834745054,66.57326790837296,525.0320555324596
4433,8.397057390176256,66.58077800686922,525.1157443999158
4434,8.39728289474368,66.58828725834597,525.1994276902363
4435,8.397508348470257,66.59579566308972,525.2831054050498
4436,8.39773375137891,66.60330322138685,525.3667775459853
4437,8.39795910349254,66.61080993352356,525.4504441146698
4438,8.398184404834035,66.61831579978588,525.5341051127311
4439,8.39840965542627,66.6258208204597,525.6177605417945
4440,8.398634855292102,66.63332499583073,525.7014104034847
4441,8.398860004454372,66.64082832618455,525.785054699427
4442,8.399085102935908,66.64833081180653,525.8686934312445
4443,8.39931015075952,66.65583245298194,525.9523266005596
4444,8.399535147948004,66.66333324999583,526.0359542089948
4445,8.399760094524142,66.67083320313314,526.1195762581697
4446,8.399984990510696,66.6783323126786,526.2031927497056
4447,8.400209835930418,66.68583057891684,526.2868036852211
4448,8.400434630806041,66.69332800213226,526.370409066335
4449,8.400659375160286,66.70082458260917,526.4540088946658
4450,8.400884069015854,66.70832032063167,526.5376031718284
4451,8.401108712395436,66.71581521648372,526.6211918994395
4452,8.401333305321703,66.7233092704491,526.7047750791146
4453,8.401557847817314,66.73080248281148,526.7883527124674
4454,8.40178233990491,66.73829485385434,526.8719248011122
4455,8.40200678160712,66.74578638386096,526.9554913466602
4456,8.402231172946555,66.75327707311455,527.039052350725
4457,8.402455513945814,66.76076692189807,527.1226078149161
4458,8.402679804627477,66.76825593049439,527.206157740844
4459,8.40290404501411,66.7757440991862,527.289702130118
4460,8.403128235128264,66.783231428256,527.3732409843467
4461,8.403352374992478,66.79071791798619,527.4567743051382
4462,8.40357646462927,66.79820356865893,527.5403020940979
4463,8.403800504061147,66.80568838055633,527.623824352833
4464,8.4040244933106,66.81317235396027,527.707341082949
4465,8.404248432400102,66.82065548915246,527.7908522860487
4466,8.404472321352118,66.82813778641449,527.8743579637368
4467,8.404696160189092,66.83561924602779,527.9578581176147
4468,8.404919948933452,66.84309986827361,528.0413527492863
4469,8.405143687607614,66.85057965343307,528.1248418603507
4470,8.405367376233981,66.85805860178712,528.2083254524094
4471,8.405591014834934,66.86553671361654,528.2918035270608
4472,8.405814603432848,66.87301398920195,528.3752760859046
4473,8.406038142050075,66.88049042882386,528.4587431305372
4474,8.406261630708956,66.88796603276258,528.5422046625567
4475,8.406485069431817,66.89544080129826,528.6256606835586
4476,8.406708458240965,66.90291473471092,528.7091111951374
4477,8.4069317971587,66.91038783328041,528.7925561988897
4478,8.4071550862073,66.91786009728644,528.8759956964077
4479,8.40737832540903,66.92533152700851,528.9594296892838
4480,8.407601514786142,66.93280212272605,529.0428581791114
4481,8.407824654360873,66.94027188471824,529.1262811674804
4482,8.40804774415544,66.94774081326419,529.2096986559814
4483,8.40827078419205,66.9552089086428,529.2931106462056
4484,8.408493774492896,66.96267617113283,529.3765171397396
4485,8.408716715080153,66.97014260101288,529.4599181381717
4486,8.408939605975984,66.9776081985614,529.5433136430909
4487,8.409162447202533,66.9850729640567,529.6267036560811
4488,8.409385238781931,66.9925368977769,529.7100881787292
4489,8.4096079807363,67.0,529.7934672126198
4490,8.409830673087738,67.00746227100382,529.8768407593363
4491,8.410053315858335,67.01492371106603,529.9602088204624
4492,8.41027590907016,67.02238432046416,530.0435713975793
4493,8.410498452745275,67.02984409947557,530.12692849227
4494,8.410720946905721,67.03730304837748,530.2102801061142
4495,8.410943391573527,67.04476116744694,530.2936262406917
4496,8.411165786770708,67.05221845696084,530.3769668975814
4497,8.411388132519262,67.05967491719595,530.4603020783621
4498,8.411610428841172,67.06713054842886,530.5436317846113
4499,8.411832675758411,67.07458535093602,530.6269560179051
4500,8.412054873292933,67.08203932499369,530.7102747798194
4501,8.412277021466677,67.08949247087803,530.7935880719291
4502,8.412499120301572,67.09694478886502,530.8768958958095
4503,8.412721169819527,67.10439627923047,530.9601982530327
4504,8.412943170042439,67.11184694225007,531.0434951451716
4505,8.41316512099219,67.11929677819934,531.1267865737982
4506,8.413387022690648,67.12674578735364,531.2100725404827
4507,8.413608875159667,67.1341939699882,531.2933530467972
4508,8.413830678421084,67.14164132637808,531.3766280943098
4509,8.414052432496725,67.14908785679818,531.4598976845889
4510,8.414274137408396,67.15653356152326,531.5431618192024
4511,8.414495793177895,67.16397844082793,531.6264204997184
4512,8.414717399827001,67.17142249498666,531.7096737277016
4513,8.414938957377482,67.17886572427373,531.7929215047187
4514,8.415160465851086,67.1863081289633,531.8761638323333
4515,8.415381925269553,67.19374970932937,531.9594007121092
4516,8.415603335654604,67.20119046564577,532.0426321456106
4517,8.415824697027949,67.20863039818622,532.1258581343994
4518,8.41604600941128,67.21606950722423,532.2090786800352
4519,8.416267272826277,67.22350779303324,532.2922937840815
4520,8.416488487294606,67.23094525588644,532.3755034480964
4521,8.416709652837914,67.23838189605696,532.4587076736392
4522,8.416930769477844,67.24581771381771,532.5419064622679
4523,8.41715183723601,67.2532527094415,532.6250998155406
4524,8.417372856134026,67.26068688320095,532.7082877350143
4525,8.417593826193484,67.26812023536856,532.7914702222433
4526,8.417814747435958,67.27555276621665,532.8746472787844
4527,8.41803561988302,67.28298447601742,532.9578189061909
4528,8.418256443556213,67.29041536504289,533.0409851060169
4529,8.41847721847708,67.29784543356496,533.1241458798152
4530,8.418697944667139,67.30527468185537,533.2073012291374
4531,8.418918622147897,67.31270311018568,533.2904511555346
4532,8.41913925094085,67.32013071882734,533.3735956605569
4533,8.419359831067474,67.32755750805164,533.4567347457553
4534,8.419580362549237,67.3349834781297,533.5398684126772
4535,8.419800845407588,67.34240862933252,533.6229966628714
4536,8.420021279663963,67.34983296193094,533.706119497884
4537,8.420241665339788,67.35725647619564,533.7892369192627
4538,8.420462002456466,67.36467917239716,533.8723489285532
4539,8.420682291035394,67.3721010508059,533.9554555272997
4540,8.420902531097951,67.37952211169207,534.0385567170468
4541,8.421122722665503,67.38694235532579,534.121652499337
4542,8.421342865759403,67.39436178197698,534.2047428757145
4543,8.421562960400987,67.40178039191547,534.2878278477195
4544,8.421783006611578,67.40919818541087,534.3709074168942
4545,8.422003004412488,67.4166151627327,534.4539815847775
4546,8.42222295382501,67.42403132415029,534.5370503529097
4547,8.422442854870427,67.43144666993287,534.6201137228289
4548,8.422662707570003,67.43886120034946,534.7031716960739
4549,8.422882511944996,67.446274915669,534.7862242741819
4550,8.423102268016642,67.45368781616021,534.8692714586879
4551,8.423321975806166,67.46109990209172,534.9523132511283
4552,8.423541635334782,67.468511173732,535.0353496530379
4553,8.423761246623686,67.47592163134935,535.118380665951
4554,8.423980809694058,67.48333127521195,535.2014062914001
4555,8.424200324567073,67.49074010558782,535.2844265309182
4556,8.424419791263883,67.49814812274482,535.3674413860363
4557,8.42463920980563,67.50555532695068,535.4504508582864
4558,8.424858580213442,67.512961718473,535.5334549491977
4559,8.425077902508432,67.52036729757918,535.6164536603005
4560,8.4252971767117,67.52777206453653,535.6994469931229
4561,8.425516402844334,67.53517601961218,535.782434949192
4562,8.425735580927402,67.54257916307313,535.8654175300366
4563,8.425954710981966,67.54998149518622,535.9483947371812
4564,8.426173793029069,67.55738301621814,536.0313665721524
4565,8.42639282708974,67.56478372643548,536.1143330364748
4566,8.426611813185,67.5721836261046,536.1972941316727
4567,8.426830751335846,67.57958271549181,536.2802498592682
4568,8.427049641563272,67.58698099486321,536.3632002207852
4569,8.42726848388825,67.59437846448475,536.4461452177443
4570,8.427487278331744,67.60177512462228,536.5290848516674
4571,8.427706024914702,67.60917097554147,536.6120191240741
4572,8.427924723658055,67.61656601750786,536.6949480364841
4573,8.428143374582726,67.62396025078685,536.7778715904152
4574,8.428361977709622,67.63135367564367,536.860789787386
4575,8.428580533059634,67.63874629234341,536.943702628914
4576,8.428799040653642,67.64613810115105,537.026610116515
4577,8.429017500512511,67.65352910233139,537.1095122517052
4578,8.429235912657095,67.66091929614909,537.1924090359978
4579,8.429454277108231,67.66830868286867,537.2753004709089
4580,8.429672593886743,67.67569726275453,537.3581865579513
4581,8.42989086301344,67.68308503607086,537.4410672986367
4582,8.430109084509125,67.6904720030818,537.5239426944769
4583,8.430327258394575,67.69785816405124,537.6068127469847
4584,8.430545384690566,67.70524351924303,537.6896774576686
4585,8.43076346341785,67.7126280689208,537.7725368280389
4586,8.430981494597171,67.72001181334805,537.8553908596047
4587,8.431199478249262,67.72739475278819,537.9382395538732
4588,8.431417414394833,67.7347768875044,538.0210829123521
4589,8.431635303054591,67.7421582177598,538.1039209365475
4590,8.431853144249223,67.74953874381728,538.1867536279665
4591,8.432070937999402,67.75691846593969,538.2695809881127
4592,8.432288684325794,67.76429738438966,538.3524030184907
4593,8.432506383249043,67.7716754994297,538.4352197206044
4594,8.432724034789787,67.77905281132217,538.5180310959556
4595,8.432941638968646,67.7864293203293,538.600837146048
4596,8.433159195806228,67.79380502671317,538.6836378723815
4597,8.433376705323127,67.80117993073571,538.766433276457
4598,8.433594167539924,67.80855403265875,538.8492233597744
4599,8.433811582477187,67.8159273327439,538.9320081238325
4600,8.434028950155469,67.82329983125268,539.014787570129
4601,8.434246270595311,67.83067152844649,539.0975617001628
4602,8.434463543817241,67.83804242458652,539.1803305154298
4603,8.434680769841773,67.84541251993387,539.2630940174262
4604,8.434897948689407,67.85278181474949,539.3458522076465
4605,8.43511508038063,67.86015030929418,539.4286050875869
4606,8.435332164935916,67.86751800382861,539.511352658739
4607,8.435549202375727,67.87488489861327,539.5940949225985
4608,8.435766192720509,67.88225099390856,539.6768318806555
4609,8.435983135990694,67.88961628997471,539.7595635344026
4610,8.436200032206706,67.89698078707183,539.8422898853302
4611,8.436416881388949,67.90434448545984,539.9250109349282
4612,8.43663368355782,67.91170738539859,540.0077266846863
4613,8.4368504387337,67.91906948714772,540.0904371360939
4614,8.437067146936952,67.92643079096678,540.1731422906367
4615,8.437283808187935,67.93379129711516,540.2558421498037
4616,8.43750042250699,67.94115100585212,540.33853671508
4617,8.43771698991444,67.94850991743675,540.4212259879528
4618,8.437933510430605,67.95586803212802,540.5039099699055
4619,8.438149984075784,67.96322535018479,540.5865886624229
4620,8.438366410870266,67.97058187186572,540.6692620669879
4621,8.438582790834326,67.97793759742936,540.7519301850838
4622,8.438799123988225,67.98529252713413,540.834593018193
4623,8.439015410352214,67.9926466612383,540.9172505677953
4624,8.439231649946526,68.0,540.9999028353719
4625,8.439447842791385,68.00735254367721,541.0825498224027
4626,8.439663988907,68.01470429252781,541.1651915303664
4627,8.439880088313567,68.02205524680947,541.247827960741
4628,8.44009614103127,68.0294054067798,541.330459115005
4629,8.440312147080279,68.03675477269621,541.4130849946347
4630,8.440528106480752,68.044103344816,541.4957056011056
4631,8.440744019252831,68.05145112339633,541.5783209358932
4632,8.440959885416648,68.05879810869422,541.660931000473
4633,8.441175704992322,68.06614430096654,541.7435357963179
4634,8.441391477999955,68.07348970047003,541.8261353249013
4635,8.441607204459642,68.0808343074613,541.9087295876961
4636,8.441822884391462,68.08817812219681,541.9913185861742
4637,8.442038517815478,68.09552114493287,542.0739023218052
4638,8.442254104751743,68.10286337592568,542.1564807960599
4639,8.442469645220301,68.11020481543129,542.2390540104084
4640,8.442685139241176,68.11754546370561,542.3216219663184
4641,8.442900586834382,68.1248853210044,542.4041846652597
4642,8.443115988019922,68.13222438758329,542.4867421086975
4643,8.443331342817782,68.1395626636978,542.5692942981003
4644,8.443546651247939,68.14690014960328,542.6518412349325
4645,8.443761913330354,68.15423684555495,542.7343829206596
4646,8.443977129084978,68.1615727518079,542.8169193567464
4647,8.444192298531748,68.16890786861705,542.8994505446567
4648,8.444407421690585,68.17624219623724,542.9819764858529
4649,8.444622498581403,68.18357573492314,543.0644971817983
4650,8.444837529224097,68.19090848492928,543.147012633953
4651,8.445052513638554,68.19824044651006,543.2295228437783
4652,8.445267451844648,68.20557161991974,543.3120278127353
4653,8.445482343862237,68.21290200541243,543.394527542282
4654,8.445697189711167,68.22023160324215,543.4770220338777
4655,8.445911989411274,68.22756041366274,543.5595112889798
4656,8.446126742982377,68.23488843692792,543.6419953090465
4657,8.446341450444287,68.24221567329127,543.724474095533
4658,8.446556111816797,68.24954212300622,543.8069476498962
4659,8.446770727119691,68.25686778632608,543.8894159735914
4660,8.446985296372741,68.26419266350405,543.9718790680715
4661,8.447199819595703,68.27151675479314,544.0543369347909
4662,8.44741429680832,68.27884006044626,544.1367895752029
4663,8.447628728030327,68.28616258071617,544.2192369907582
4664,8.447843113281444,68.2934843158555,544.3016791829107
4665,8.448057452581375,68.30080526611674,544.3841161531093
4666,8.448271745949816,68.30812543175226,544.4665479028041
4667,8.448485993406447,68.31544481301428,544.5489744334454
4668,8.448700194970938,68.32276341015489,544.6313957464818
4669,8.448914350662942,68.33008122342603,544.7138118433594
4670,8.449128460502108,68.33739825307956,544.7962227255279
4671,8.449342524508063,68.3447144993671,544.8786283944326
4672,8.449556542700426,68.35202996254024,544.9610288515183
4673,8.449770515098804,68.3593446428504,545.043424098232
4674,8.449984441722787,68.36665854054884,545.1258141360167
4675,8.450198322591959,68.37397165588672,545.2081989663158
4676,8.450412157725886,68.38128398911503,545.2905785905743
4677,8.450625947144124,68.38859554048467,545.3729530102321
4678,8.450839690866216,68.39590631024637,545.4553222267313
4679,8.451053388911692,68.40321629865075,545.5376862415136
4680,8.45126704130007,68.41052550594829,545.6200450560189
4681,8.451480648050856,68.4178339323893,545.702398671686
4682,8.451694209183541,68.42514157822401,545.7847470899528
4683,8.451907724717607,68.4324484437025,545.8670903122596
4684,8.452121194672523,68.43975452907469,545.9494283400415
4685,8.452334619067742,68.4470598345904,546.0317611747372
4686,8.452547997922705,68.45436436049933,546.1140888177799
4687,8.452761331256848,68.46166810705097,546.1964112706071
4688,8.452974619089586,68.46897107449476,546.2787285346517
4689,8.453187861440325,68.47627326307996,546.3610406113492
4690,8.453401058328458,68.48357467305573,546.443347502131
4691,8.453614209773367,68.49087530467106,546.5256492084296
4692,8.453827315794417,68.49817515817483,546.6079457316783
4693,8.454040376410969,68.5054742338158,546.6902370733065
4694,8.454253391642363,68.51277253184256,546.7725232347445
4695,8.454466361507933,68.5200700525036,546.8548042174225
4696,8.454679286026995,68.52736679604726,546.9370800227688
4697,8.454892165218858,68.53466276272175,547.0193506522118
4698,8.455104999102815,68.54195795277518,547.1016161071799
4699,8.45531778769815,68.54925236645546,547.1838763890979
4700,8.45553053102413,68.55654600401044,547.2661314993936
4701,8.455743229100015,68.5638388656878,547.3483814394916
4702,8.455955881945048,68.57113095173507,547.4306262108165
4703,8.456168489578463,68.57842226239971,547.5128658147929
4704,8.45638105201948,68.58571279792899,547.5951002528441
4705,8.456593569287309,68.59300255857006,547.6773295263918
4706,8.456806041401142,68.60029154456998,547.7595536368582
4707,8.457018468380168,68.60757975617562,547.8417725856646
4708,8.457230850243555,68.61486719363377,547.9239863742328
4709,8.457443187010464,68.62215385719105,548.0061950039805
4710,8.45765547870004,68.62943974709395,548.0883984763273
4711,8.457867725331422,68.63672486358888,548.1705967926928
4712,8.45807992692373,68.64400920692205,548.252789954494
4713,8.458292083496076,68.65129277733959,548.3349779631484
4714,8.458504195067558,68.65857557508748,548.4171608200714
4715,8.458716261657262,68.66585760041157,548.4993385266789
4716,8.458928283284262,68.67313885355759,548.5815110843874
4717,8.45914025996762,68.6804193347711,548.6636784946096
4718,8.459352191726387,68.68769904429759,548.7458407587594
4719,8.459564078579602,68.69497798238238,548.8279978782498
4720,8.459775920546287,68.70225614927067,548.9101498544934
4721,8.459987717645458,68.70953354520753,548.992296688901
4722,8.460199469896118,68.71681017043792,549.0744383828843
4723,8.460411177317253,68.72408602520662,549.156574937853
4724,8.460622839927844,68.73136110975832,549.2387063552167
4725,8.460834457746854,68.7386354243376,549.3208326363844
4726,8.461046030793236,68.74590896918885,549.4029537827637
4727,8.461257559085935,68.75318174455637,549.4850697957629
4728,8.461469042643875,68.76045375068433,549.5671806767875
4729,8.46168048148598,68.76772498781678,549.6492864272444
4730,8.461891875631148,68.7749954561976,549.7313870485398
4731,8.462103225098277,68.78226515607058,549.8134825420767
4732,8.462314529906248,68.78953408767936,549.8955729092604
4733,8.46252579007393,68.79680225126747,549.9776581514938
4734,8.462737005620179,68.8040696470783,550.0597382701784
4735,8.462948176563842,68.81133627535509,550.141813266718
4736,8.463159302923751,68.81860213634101,550.2238831425135
4737,8.463370384718731,68.82586723027906,550.3059478989652
4738,8.463581421967588,68.83313155741209,550.388007537473
4739,8.463792414689122,68.84039511798287,550.4700620594363
4740,8.464003362902119,68.84765791223403,550.5521114662539
4741,8.464214266625351,68.85491994040804,550.6341557593224
4742,8.464425125877582,68.86218120274728,550.7161949400412
4743,8.464635940677562,68.86944169949398,550.7982290098056
4744,8.464846711044029,68.87670143089025,550.8802579700113
4745,8.465057436995709,68.8839603971781,550.9622818220541
4746,8.465268118551318,68.89121859859934,551.0443005673286
4747,8.465478755729558,68.89847603539573,551.126314207228
4748,8.465689348549121,68.90573270780887,551.2083227431459
4749,8.465899897028686,68.9129886160802,551.2903261764745
4750,8.46611040118692,68.92024376045111,551.3723245086059
4751,8.466320861042481,68.92749814116279,551.4543177409314
4752,8.46653127661401,68.93475175845634,551.536305874842
4753,8.46674164792014,68.94200461257273,551.6182889117263
4754,8.46695197497949,68.9492567037528,551.7002668529739
4755,8.467162257810672,68.95650803223725,551.7822396999729
4756,8.467372496432281,68.96375859826666,551.8642074541124
4757,8.467582690862903,68.97100840208152,551.9461701167792
4758,8.46779284112111,68.97825744392213,552.0281276893589
4759,8.468002947225466,68.98550572402873,552.1100801732372
4760,8.46821300919452,68.99275324264136,552.1920275697998
4761,8.468423027046809,69.0,552.2739698804321
4762,8.46863300080086,69.00724599634447,552.3559071065163
4763,8.46884293047519,69.01449123191448,552.4378392494356
4764,8.469052816088302,69.02173570694958,552.5197663105743
4765,8.469262657658687,69.02897942168927,552.601688291312
4766,8.469472455204826,69.03622237637282,552.6836051930309
4767,8.469682208745185,69.04346457123947,552.7655170171115
4768,8.469891918298224,69.05070600652827,552.8474237649333
4769,8.470101583882387,69.05794668247819,552.9293254378758
4770,8.470311205516108,69.06518659932803,553.0112220373175
4771,8.470520783217808,69.0724257573165,553.0931135646355
4772,8.470730317005897,69.07966415668217,553.1750000212072
4773,8.470939806898775,69.0869017976635,553.2568814084099
4774,8.471149252914831,69.0941386804988,553.3387577276181
4775,8.471358655072438,69.10137480542626,553.4206289802084
4776,8.471568013389962,69.10861017268398,553.5024951675542
4777,8.471777327885755,69.1158447825099,553.5843562910301
4778,8.471986598578159,69.12307863514182,553.6662123520088
4779,8.472195825485501,69.13031173081747,553.7480633518624
4780,8.472405008626103,69.13754406977442,553.829909291964
4781,8.47261414801827,69.14477565225012,553.9117501736843
4782,8.472823243680297,69.15200647848188,553.9935859983927
4783,8.473032295630468,69.15923654870693,554.075416767461
4784,8.473241303887054,69.16646586316233,554.157242482257
4785,8.47345026846832,69.17369442208505,554.2390631441496
4786,8.473659189392508,69.18092222571191,554.3208787545069
4787,8.473868066677865,69.18814927427962,554.4026893146963
4788,8.47407690034261,69.19537556802477,554.4844948260845
4789,8.474285690404962,69.20260110718382,554.5662952900374
4790,8.474494436883122,69.2098258919931,554.6480907079191
4791,8.474703139795285,69.21704992268884,554.7298810810959
4792,8.474911799159631,69.22427319950712,554.8116664109306
4793,8.475120414994329,69.2314957226839,554.893446698787
4794,8.475328987317539,69.23871749245504,554.9752219460288
4795,8.475537516147405,69.24593850905626,555.0569921540166
4796,8.475746001502063,69.25315877272314,555.138757324112
4797,8.47595444339964,69.26037828369117,555.2205174576761
4798,8.476162841858246,69.26759704219572,555.302272556069
4799,8.476371196895983,69.27481504847198,555.3840226206497
4800,8.476579508530941,69.2820323027551,555.4657676527773
4801,8.4767877767812,69.28924880528002,555.5475076538091
4802,8.476996001664824,69.29646455628166,555.6292426251046
4803,8.477204183199873,69.30367955599472,555.7109725680192
4804,8.477412321404392,69.31089380465383,555.7926974839087
4805,8.477620416296414,69.31810730249349,555.8744173741294
4806,8.47782846789396,69.32532004974806,555.9561322400359
4807,8.478036476215044,69.3325320466518,556.0378420829825
4808,8.478244441277663,69.33974329343886,556.1195469043223
4809,8.478452363099807,69.34695379034324,556.201246705409
4810,8.478660241699453,69.35416353759881,556.2829414875946
4811,8.47886807709457,69.36137253543934,556.3646312522312
4812,8.47907586930311,69.3685807840985,556.4463160006691
4813,8.479283618343016,69.3757882838098,556.5279957342585
4814,8.479491324232226,69.38299503480663,556.6096704543506
4815,8.479698986988657,69.39020103732227,556.6913401622922
4816,8.479906606630221,69.39740629158989,556.7730048594339
4817,8.480114183174816,69.40461079784254,556.8546645471218
4818,8.480321716640333,69.4118145563131,556.9363192267039
4819,8.480529207044645,69.41901756723442,557.0179688995267
4820,8.480736654405622,69.42621983083913,557.0996135669361
4821,8.480944058741116,69.4334213473598,557.1812532302772
4822,8.481151420068972,69.44062211702888,557.2628878908939
4823,8.481358738407021,69.44782214007866,557.3445175501314
4824,8.481566013773087,69.45502141674135,557.4261422093325
4825,8.481773246184977,69.46221994724903,557.507761869839
4826,8.481980435660493,69.46941773183363,557.5893765329948
4827,8.482187582217422,69.476614770727,557.6709862001389
4828,8.482394685873542,69.48381106416083,557.7525908726141
4829,8.482601746646619,69.49100661236676,557.8341905517599
4830,8.482808764554406,69.49820141557622,557.9157852389145
4831,8.48301573961465,69.50539547402057,557.9973749354189
4832,8.483222671845084,69.51258878793107,558.0789596426104
4833,8.483429561263428,69.5197813575388,558.1605393618254
4834,8.483636407887394,69.52697318307479,558.2421140944026
4835,8.483843211734683,69.53416426476987,558.323683841677
4836,8.484049972822984,69.54135460285484,558.4052486049848
4837,8.484256691169973,69.54854419756032,558.4868083856617
4838,8.48446336679332,69.55573304911681,558.5683631850408
4839,8.484669999710677,69.56292115775473,558.6499130044565
4840,8.484876589939695,69.57010852370435,558.7314578452417
4841,8.485083137498004,69.57729514719583,558.8129977087299
4842,8.48528964240323,69.58448102845921,558.8945325962507
4843,8.485496104672983,69.59166616772443,558.9760625091378
4844,8.485702524324866,69.59885056522126,559.0575874487206
4845,8.48590890137647,69.60603422117941,559.1391074163291
4846,8.486115235845377,69.61321713582845,559.220622413293
4847,8.48632152774915,69.62039930939781,559.3021324409407
4848,8.486527777105353,69.62758074211685,559.3836375006008
4849,8.48673398393153,69.63476143421474,559.4651375935996
4850,8.486940148245216,69.6419413859206,559.5466327212645
4851,8.48714627006394,69.6491205974634,559.6281228849226
4852,8.487352349405215,69.65629906907199,559.7096080858984
4853,8.487558386286548,69.66347680097513,559.7910883255171
4854,8.487764380725425,69.67065379340143,559.8725636051029
4855,8.487970332739334,69.67783004657937,559.9540339259797
4856,8.488176242345745,69.68500556073738,560.0354992894705
4857,8.488382109562117,69.6921803361037,560.1169596968979
4858,8.488587934405903,69.6993543729065,560.1984151495835
4859,8.48879371689454,69.70652767137379,560.279865648849
4860,8.488999457045455,69.7137002317335,560.3613111960136
4861,8.48920515487607,69.72087205421343,560.4427517923996
4862,8.489410810403786,69.72804313904126,560.5241874393233
4863,8.489616423646003,69.73521348644456,560.605618138106
4864,8.489821994620105,69.74238309665078,560.6870438900643
4865,8.490027523343468,69.74955196988724,560.7684646965164
4866,8.490233009833455,69.75672010638115,560.8498805587788
4867,8.490438454107418,69.76388750635962,560.9312914781669
4868,8.4906438561827,69.77105417004964,561.012697455998
4869,8.490849216076635,69.77822009767804,561.0940984935859
4870,8.491054533806542,69.7853852894716,561.1754945922454
4871,8.491259809389733,69.79254974565696,561.2568857532895
4872,8.491465042843506,69.79971346646059,561.3382719780324
4873,8.491670234185152,69.80687645210892,561.4196532677856
4874,8.491875383431948,69.81403870282824,561.5010296238619
4875,8.492080490601163,69.82120021884471,561.5824010475723
4876,8.492285555710053,69.82836100038436,561.6637675402266
4877,8.492490578775866,69.83552104767315,561.7451291031352
4878,8.492695559815838,69.8426803609369,561.8264857376081
4879,8.492900498847193,69.84983894040128,561.9078374449539
4880,8.493105395887147,69.85699678629192,561.9891842264801
4881,8.493310250952906,69.86415389883427,562.0705260834952
4882,8.49351506406166,69.87131027825369,562.1518630173052
4883,8.493719835230594,69.87846592477543,562.2331950292174
4884,8.493924564476883,69.88562083862459,562.3145221205369
4885,8.494129251817686,69.8927750200262,562.3958442925691
4886,8.494333897270154,69.89992846920518,562.4771615466177
4887,8.494538500851432,69.90708118638626,562.5584738839873
4888,8.494743062578646,69.91423317179414,562.6397813059814
4889,8.494947582468917,69.92138442565336,562.7210838139018
4890,8.495152060539358,69.92853494818836,562.8023814090509
4891,8.495356496807062,69.93568473962345,562.8836740927309
4892,8.495560891289124,69.94283380018284,562.9649618662413
4893,8.495765244002618,69.94998213009065,563.0462447308829
4894,8.49596955496461,69.95712972957081,563.1275226879557
4895,8.496173824192162,69.96427659884722,563.2087957387589
4896,8.496378051702317,69.9714227381436,563.2900638845894
4897,8.496582237512113,69.97856814768362,563.3713271267457
4898,8.496786381638575,69.98571282769076,563.4525854665258
4899,8.496990484098719,69.99285677838846,563.5338389052249
4900,8.497194544909547,70.0,563.6150874441395
4901,8.497398564088058,70.00714249274856,563.6963310845664
4902,8.497602541651233,70.01428425685718,563.777569827798
4903,8.497806477616047,70.02142529254886,563.8588036751291
4904,8.498010371999463,70.02856560004639,563.9400326278534
4905,8.498214224818435,70.03570517957252,564.0212566872648
4906,8.498418036089904,70.04284403134984,564.102475854654
4907,8.498621805830801,70.04998215560087,564.1836901313137
4908,8.498825534058053,70.05711955254797,564.2648995185345
4909,8.499029220788566,70.06425622241343,564.3461040176074
4910,8.499232866039245,70.07139216541941,564.4273036298217
4911,8.499436469826978,70.07852738178792,564.5084983564672
4912,8.499640032168648,70.08566187174092,564.5896881988325
4913,8.499843553081124,70.09279563550022,564.6708731582052
4914,8.500047032581268,70.09992867328754,564.7520532358737
4915,8.500250470685925,70.10706098532444,564.8332284331241
4916,8.50045386741194,70.11419257183242,564.9143987512424
4917,8.500657222776137,70.12132343303284,564.9955641915147
4918,8.50086053679534,70.12845356914696,565.0767247552271
4919,8.501063809486354,70.13558298039591,565.157880443662
4920,8.501267040865978,70.14271166700073,565.2390312581053
4921,8.501470230951002,70.14983962918234,565.3201771998386
4922,8.5016733797582,70.15696686716153,565.401318270146
4923,8.501876487304344,70.16409338115899,565.4824544703081
4924,8.502079553606189,70.17121917139534,565.563585801608
4925,8.502282578680484,70.178344238091,565.6447122653257
4926,8.502485562543963,70.18546858146635,565.7258338627412
4927,8.502688505213357,70.19259220174163,565.8069505951353
4928,8.502891406705377,70.19971509913698,565.8880624637859
4929,8.503094267036737,70.20683727387241,565.9691694699717
4930,8.503297086224126,70.21395872616783,566.0502716149712
4931,8.503499864284235,70.22107945624305,566.1313689000611
4932,8.503702601233739,70.22819946431775,566.2124613265187
4933,8.503905297089302,70.2353187506115,566.2935488956203
4934,8.504107951867582,70.24243731534378,566.3746316086404
4935,8.504310565585223,70.24955515873393,566.4557094668545
4936,8.504513138258863,70.25667228100119,566.5367824715372
4937,8.504715669905124,70.26378868236469,566.6178506239626
4938,8.504918160540624,70.27090436304346,566.6989139254018
4939,8.505120610181969,70.2780193232564,566.77997237713
4940,8.50532301884575,70.28513356322232,566.8610259804171
4941,8.505525386548555,70.2922470831599,566.9420747365359
4942,8.505727713306959,70.2993598832877,567.0231186467564
4943,8.505929999137527,70.30647196382421,567.1041577123495
4944,8.506132244056813,70.31358332498779,567.1851919345836
4945,8.506334448081361,70.32069396699666,567.2662213147295
4946,8.506536611227709,70.32780389006896,567.3472458540535
4947,8.506738733512378,70.33491309442275,567.4282655538256
4948,8.506940814951886,70.3420215802759,567.5092804153118
4949,8.507142855562735,70.34912934784623,567.5902904397786
4950,8.507344855361422,70.35623639735144,567.6712956284932
4951,8.507546814364431,70.36334272900912,567.75229598272
4952,8.507748732588238,70.37044834303673,567.8332915037241
4953,8.507950610049305,70.37755323965163,567.9142821927699
4954,8.508152446764088,70.3846574190711,567.9952680511217
4955,8.508354242749032,70.39176088151227,568.0762490800417
4956,8.508555998020574,70.39886362719217,568.1572252807931
4957,8.508757712595136,70.40596565632774,568.2381966546385
4958,8.508959386489133,70.41306696913578,568.3191632028379
4959,8.509161019718974,70.42016756583301,568.4001249266523
4960,8.509362612301048,70.42726744663604,568.4810818273434
4961,8.509564164251746,70.43436661176133,568.5620339061684
4962,8.50976567558744,70.44146506142529,568.6429811643893
4963,8.509967146324497,70.44856279584417,568.7239236032623
4964,8.510168576479273,70.45565981523414,568.8048612240461
4965,8.510369966068112,70.46275611981126,568.8857940279973
4966,8.51057131510735,70.46985170979147,568.9667220163745
4967,8.510772623613315,70.4769465853906,569.0476451904323
4968,8.51097389160232,70.48404074682438,569.1285635514263
4969,8.511175119090675,70.49113419430843,569.2094771006118
4970,8.511376306094673,70.49822692805827,569.2903858392434
4971,8.511577452630602,70.50531894828929,569.3712897685748
4972,8.511778558714738,70.51241025521678,569.4521888898602
4973,8.51197962436335,70.51950084905593,569.5330832043504
4974,8.512180649592693,70.52659073002182,569.6139727132979
4975,8.512381634419015,70.53367989832942,569.6948574179553
4976,8.512582578858554,70.54076835419359,569.7757373195727
4977,8.512783482927537,70.54785609782908,569.8566124194007
4978,8.512984346642183,70.55494312945054,569.9374827186899
4979,8.513185170018698,70.5620294492725,570.0183482186882
4980,8.513385953073284,70.5691150575094,570.0992089206446
4981,8.513586695822125,70.57619995437555,570.1800648258074
4982,8.513787398281405,70.58328414008518,570.260915935424
4983,8.51398806046729,70.59036761485238,570.3417622507418
4984,8.514188682395938,70.59745037889117,570.4226037730057
4985,8.514389264083503,70.60453243241541,570.503440503463
4986,8.514589805546123,70.61161377563892,570.5842724433585
4987,8.514790306799927,70.61869440877535,570.6650995939364
4988,8.514990767861038,70.6257743320383,570.7459219564414
4989,8.515191188745565,70.63285354564121,570.8267395321164
4990,8.515391569469609,70.63993204979744,570.9075523222039
4991,8.515591910049263,70.64700984472024,570.988360327947
4992,8.51579221050061,70.65408693062278,571.0691635505882
4993,8.515992470839718,70.66116330771806,571.1499619913664
4994,8.516192691082654,70.66823897621902,571.2307556515243
4995,8.516392871245468,70.67531393633848,571.3115445323006
4996,8.516593011344206,70.68238818828917,571.392328634936
4997,8.516793111394898,70.68946173228369,571.473107960668
4998,8.51699317141357,70.69653456853455,571.5538825107366
4999,8.517193191416238,70.70360669725413,571.6346522863781
5000,8.517393171418904,70.71067811865476,571.715417288831
5001,8.517593111437565,70.71774883294857,571.7961775193296
5002,8.517793011488205,70.7248188403477,571.8769329791128
5003,8.517992871586802,70.73188814106408,571.9576836694141
5004,8.518192691749322,70.73895673530957,572.0384295914703
5005,8.518392471991719,70.74602462329597,572.1191707465138
5006,8.518592212329946,70.75309180523492,572.1999071357794
5007,8.518791912779934,70.76015828133795,572.2806387605003
5008,8.518991573357617,70.76722405181653,572.3613656219094
5009,8.51919119407891,70.77428911688199,572.4420877212381
5010,8.519390774959724,70.78135347674555,572.5228050597171
5011,8.51959031601596,70.78841713161836,572.6035176385802
5012,8.519789817263504,70.79548008171143,572.6842254590553
5013,8.519989278718239,70.80254232723568,572.7649285223738
5014,8.520188700396035,70.80960386840192,572.8456268297635
5015,8.520388082312756,70.81666470542086,572.9263203824546
5016,8.520587424484253,70.8237248385031,573.0070091816737
5017,8.520786726926367,70.83078426785913,573.08769322865
5018,8.520985989654934,70.83784299369935,573.1683725246091
5019,8.521185212685776,70.84490101623405,573.2490470707786
5020,8.521384396034705,70.8519583356734,573.3297168683837
5021,8.52158353971753,70.8590149522275,573.41038191865
5022,8.521782643750045,70.8660708661063,573.4910422228033
5023,8.521981708148035,70.87312607751969,573.5716977820655
5024,8.522180732927277,70.8801805866774,573.6523485976622
5025,8.522379718103538,70.88723439378913,573.732994670816
5026,8.522578663692576,70.8942874990644,573.8136360027488
5027,8.522777569710138,70.90133990271269,573.8942725946839
5028,8.522976436171964,70.90839160494335,573.9749044478416
5029,8.523175263093785,70.9154426059656,574.055531563443
5030,8.523374050491318,70.92249290598858,574.1361539427086
5031,8.523572798380277,70.92954250522133,574.2167715868582
5032,8.52377150677636,70.9365914038728,574.2973844971116
5033,8.523970175695261,70.94363960215179,574.3779926746861
5034,8.524168805152662,70.95068710026705,574.4585961208013
5035,8.524367395164237,70.95773389842716,574.5391948366735
5036,8.52456594574565,70.96477999684069,574.6197888235198
5037,8.524764456912555,70.97182539571601,574.7003780825565
5038,8.524962928680598,70.97887009526144,574.7809626150012
5039,8.525161361065415,70.9859140956852,574.8615424220675
5040,8.525359754082631,70.9929573971954,574.94211750497
5041,8.525558107747866,71.0,575.0226878649244
5042,8.525756422076725,71.00704190430693,575.1032535031432
5043,8.52595469708481,71.01408311032397,575.1838144208398
5044,8.52615293278771,71.02112361825881,575.2643706192267
5045,8.526351129201004,71.02816342831905,575.344922099516
5046,8.526549286340263,71.03520254071216,575.4254688629195
5047,8.52674740422105,71.04224095564554,575.5060109106474
5048,8.526945482858915,71.04927867332644,575.5865482439108
5049,8.527143522269405,71.05631569396206,575.6670808639187
5050,8.527341522468053,71.06335201775947,575.7476087718806
5051,8.527539483470381,71.07038764492565,575.8281319690059
5052,8.527737405291909,71.07742257566744,575.9086504565022
5053,8.52793528794814,71.08445681019164,575.9891642355766
5054,8.528133131454572,71.09149034870488,576.0696733074367
5055,8.528330935826693,71.09852319141376,576.1501776732896
5056,8.528528701079983,71.10555533852471,576.2306773343398
5057,8.52872642722991,71.11258679024411,576.3111722917944
5058,8.528924114291936,71.11961754677819,576.391662546857
5059,8.52912176228151,71.12664760833313,576.4721481007322
5060,8.529319371214077,71.13367697511495,576.5526289546243
5061,8.529516941105069,71.14070564732964,576.6331051097359
5062,8.529714471969909,71.14773362518304,576.7135765672697
5063,8.529911963824013,71.15476090888086,576.7940433284282
5064,8.530109416682784,71.16178749862878,576.8745053944136
5065,8.53030683056162,71.16881339463234,576.9549627664254
5066,8.53050420547591,71.17583859709698,577.0354154456649
5067,8.53070154144103,71.18286310622803,577.115863433332
5068,8.53089883847235,71.18988692223074,577.1963067306261
5069,8.531096096585228,71.19691004531025,577.2767453387468
5070,8.531293315795018,71.20393247567159,577.3571792588916
5071,8.531490496117062,71.21095421351971,577.437608492258
5072,8.53168763756669,71.21797525905943,577.5180330400443
5073,8.531884740159228,71.22499561249548,577.5984529034454
5074,8.532081803909987,71.2320152740325,577.6788680836601
5075,8.532278828834277,71.23903424387504,577.7592785818822
5076,8.532475814947395,71.2460525222275,577.8396843993065
5077,8.532672762264625,71.25307010929424,577.9200855371282
5078,8.532869670801245,71.26008700527947,578.000481996542
5079,8.533066540572527,71.26710321038733,578.0808737787406
5080,8.533263371593732,71.27411872482185,578.1612608849161
5081,8.53346016388011,71.28113354878694,578.241643316262
5082,8.533656917446903,71.28814768248647,578.3220210739703
5083,8.533853632309345,71.29516112612411,578.4023941592316
5084,8.53405030848266,71.30217387990355,578.4827625732377
5085,8.534246945982066,71.30918594402827,578.5631263171774
5086,8.534443544822764,71.31619731870173,578.643485392241
5087,8.534640105019959,71.32320800412724,578.723839799618
5088,8.534836626588833,71.33021800050803,578.8041895404962
5089,8.53503310954457,71.33722730804723,578.884534616065
5090,8.535229553902337,71.34423592694787,578.9648750275106
5091,8.535425959677298,71.35124385741288,579.0452107760209
5092,8.535622326884605,71.35825109964509,579.125541862782
5093,8.535818655539403,71.36525765384722,579.2058682889792
5094,8.536014945656826,71.37226352022192,579.2861900557994
5095,8.536211197252,71.37926869897169,579.3665071644267
5096,8.536407410340042,71.386273190299,579.4468196160445
5097,8.53660358493606,71.39327699440614,579.5271274118381
5098,8.536799721055155,71.40028011149536,579.6074305529903
5099,8.536995818712418,71.40728254176881,579.6877290406833
5100,8.537191877922927,71.4142842854285,579.7680228760997
5101,8.537387898701757,71.42128534267638,579.8483120604212
5102,8.537583881063972,71.42828571371429,579.9285965948297
5103,8.537779825024625,71.43528539874394,580.0088764805039
5104,8.537975730598767,71.442284397967,580.0891517186257
5105,8.53817159780143,71.449282711585,580.1694223103741
5106,8.538367426647644,71.45628033979938,580.2496882569274
5107,8.53856321715243,71.46327728281149,580.329949559465
5108,8.538758969330798,71.47027354082255,580.4102062191643
5109,8.53895468319775,71.47726911403373,580.4904582372031
5110,8.53915035876828,71.48426400264607,580.5707056147577
5111,8.53934599605737,71.49125820686051,580.6509483530049
5112,8.53954159508,71.49825172687791,580.7311864531208
5113,8.539737155851132,71.50524456289902,580.8114199162814
5114,8.539932678385727,71.5122367151245,580.8916487436592
5115,8.540128162698734,71.51922818375489,580.9718729364304
5116,8.540323608805092,71.52621896899066,581.0520924957681
5117,8.540519016719735,71.53320907103218,581.1323074228451
5118,8.540714386457584,71.54019849007969,581.2125177188352
5119,8.540909718033554,71.54718722633336,581.2927233849089
5120,8.54110501146255,71.55417527999327,581.3729244222397
5121,8.541300266759471,71.56116265125938,581.4531208319978
5122,8.541495483939203,71.56814934033156,581.5333126153536
5123,8.541690663016626,71.57513534740957,581.6134997734774
5124,8.54188580400661,71.58212067269312,581.6936823075382
5125,8.542080906924017,71.58910531638176,581.773860218706
5126,8.5422759717837,71.596089278675,581.8540335081482
5127,8.542470998600505,71.60307255977219,581.9342021770339
5128,8.542665987389269,71.61005515987263,582.0143662265294
5129,8.542860938164814,71.61703707917552,582.0945256578024
5130,8.543055850941965,71.62401831787993,582.1746804720191
5131,8.543250725735527,71.63099887618489,582.254830670346
5132,8.543445562560303,71.63797875428926,582.3349762539466
5133,8.543640361431086,71.64495795239188,582.4151172239876
5134,8.543835122362658,71.65193647069142,582.495253581632
5135,8.544029845369797,71.65891430938652,582.5753853280444
5136,8.544224530467268,71.66589146867567,582.6555124643885
5137,8.544419177669829,71.67286794875729,582.7356349918255
5138,8.54461378699223,71.6798437498297,582.8157529115191
5139,8.544808358449211,71.68681887209112,582.8958662246303
5140,8.545002892055505,71.69379331573968,582.9759749323201
5141,8.545197387825835,71.7007670809734,583.0560790357498
5142,8.545391845774915,71.70774016799024,583.1361785360787
5143,8.545586265917455,71.71471257698799,583.2162734344678
5144,8.545780648268149,71.72168430816443,583.2963637320746
5145,8.545974992841689,71.72865536171719,583.3764494300585
5146,8.546169299652755,71.73562573784382,583.4565305295779
5147,8.546363568716018,71.74259543674177,583.5366070317897
5148,8.546557800046141,71.74956445860839,583.6166789378517
5149,8.546751993657782,71.75653280364095,583.6967462489196
5150,8.546946149565585,71.76350047203663,583.7768089661497
5151,8.54714026778419,71.77046746399246,583.8568670906982
5152,8.547334348328224,71.77743377970545,583.9369206237191
5153,8.54752839121231,71.78439941937245,584.0169695663672
5154,8.54772239645106,71.79136438319027,584.0970139197962
5155,8.547916364059079,71.79832867135558,584.1770536851599
5156,8.548110294050959,71.80529228406496,584.2570888636121
5157,8.54830418644129,71.81225522151495,584.3371194563032
5158,8.54849804124465,71.8192174839019,584.4171454643873
5159,8.548691858475609,71.82617907142215,584.497166889014
5160,8.548885638148727,71.83313998427188,584.5771837313351
5161,8.54907938027856,71.84010022264724,584.6571959925004
5162,8.54927308487965,71.84705978674423,584.7372036736598
5163,8.549466751966532,71.85401867675878,584.8172067759639
5164,8.549660381553739,71.86097689288673,584.8972053005604
5165,8.549853973655786,71.8679344353238,584.9771992485971
5166,8.550047528287184,71.87489130426563,585.057188621223
5167,8.550241045462437,71.88184749990779,585.1371734195843
5168,8.550434525196039,71.88880302244571,585.217153644829
5169,8.550627967502475,71.89575787207477,585.2971292981027
5170,8.550821372396221,71.9027120489902,585.3771003805515
5171,8.551014739891748,71.90966555338719,585.4570668933201
5172,8.551208070003515,71.91661838546081,585.5370288375541
5173,8.551401362745974,71.92357054540605,585.6169862143967
5174,8.55159461813357,71.93052203341777,585.6969390249918
5175,8.551787836180736,71.93747284969079,585.7768872704834
5176,8.551981016901902,71.9444229944198,585.8568309520141
5177,8.552174160311482,71.95137246779939,585.9367700707248
5178,8.552367266423891,71.95832127002409,586.0167046277595
5179,8.55256033525353,71.96526940128828,586.0966346242576
5180,8.552753366814787,71.97221686178632,586.1765600613601
5181,8.552946361122055,71.97916365171243,586.2564809402081
5182,8.553139318189707,71.98610977126073,586.3363972619406
5183,8.55333223803211,71.99305522062528,586.416309027696
5184,8.553525120663627,72.0,586.4962162386149
5185,8.55371796609861,72.00694410957877,586.5761188958335
5186,8.553910774351401,72.01388754955533,586.656017000491
5187,8.554103545436334,72.02083032012335,586.7359105537237
5188,8.55429627936774,72.02777242147643,586.8157995566679
5189,8.554488976159934,72.03471385380801,586.8956840104615
5190,8.55468163582723,72.04165461731151,586.975563916238
5191,8.554874258383926,72.04859471218019,587.0554392751343
5192,8.555066843844319,72.05553413860729,587.1353100882845
5193,8.555259392222693,72.06247289678588,587.215176356822
5194,8.555451903533328,72.069410986909,587.2950380818811
5195,8.55564437779049,72.07634840916957,587.374895264595
5196,8.555836815008442,72.0832851637604,587.4547479060961
5197,8.556029215201436,72.09022125087424,587.5345960075168
5198,8.556221578383715,72.09715667070374,587.6144395699886
5199,8.556413904569519,72.10409142344143,587.694278594643
5200,8.556606193773073,72.11102550927978,587.7741130826104
5201,8.556798446008598,72.11795892841117,587.8539430350207
5202,8.556990661290303,72.12489168102785,587.9337684530037
5203,8.557182839632397,72.131823767322,588.0135893376881
5204,8.557374981049069,72.13875518748573,588.0934056902039
5205,8.55756708555451,72.14568594171102,588.1732175116786
5206,8.557759153162898,72.15261603018979,588.253024803239
5207,8.557951183888406,72.15954545311382,588.3328275660139
5208,8.558143177745192,72.16647421067486,588.4126258011279
5209,8.558335134747413,72.17340230306452,588.4924195097083
5210,8.558527054909215,72.18032973047436,588.5722086928821
5211,8.558718938244736,72.18725649309579,588.6519933517719
5212,8.558910784768106,72.19418259112018,588.7317734875039
5213,8.559102594493448,72.20110802473879,588.8115491012028
5214,8.559294367434873,72.20803279414278,588.8913201939907
5215,8.559486103606488,72.21495689952324,588.9710867669917
5216,8.559677803022392,72.22188034107116,589.0508488213289
5217,8.559869465696673,72.22880311897741,589.1306063581235
5218,8.560061091643414,72.2357252334328,589.2103593784985
5219,8.560252680876685,72.24264668462804,589.2901078835737
5220,8.560444233410552,72.24956747275377,589.369851874471
5221,8.560635749259074,72.2564875980005,589.4495913523099
5222,8.560827228436299,72.26340706055866,589.5293263182106
5223,8.561018670956267,72.27032586061861,589.6090567732914
5224,8.561210076833012,72.27724399837061,589.6887827186727
5225,8.561401446080557,72.2841614740048,589.7685041554714
5226,8.561592778712923,72.29107828771127,589.8482210848059
5227,8.561784074744113,72.29799443968,589.9279335077933
5228,8.56197533418813,72.30490993010088,590.0076414255506
5229,8.56216655705897,72.3118247591637,590.0873448391943
5230,8.562357743370612,72.31873892705818,590.1670437498387
5231,8.562548893137034,72.32565243397394,590.2467381586017
5232,8.562740006372207,72.3325652801005,590.3264280665954
5233,8.562931083090092,72.3394774656273,590.4061134749363
5234,8.563122123304638,72.34638899074369,590.4857943847371
5235,8.56331312702979,72.35329985563892,590.5654707971122
5236,8.563504094279487,72.36021006050217,590.6451427131731
5237,8.563695025067657,72.3671196055225,590.7248101340329
5238,8.56388591940822,72.37402849088892,590.8044730608033
5239,8.564076777315087,72.38093671679029,590.8841314945964
5240,8.564267598802166,72.38784428341543,590.963785436523
5241,8.564458383883352,72.39475119095306,591.0434348876922
5242,8.564649132572534,72.40165743959182,591.1230798492157
5243,8.56483984488359,72.40856302952021,591.2027203222015
5244,8.565030520830398,72.41546796092669,591.2823563077606
5245,8.56522116042682,72.42237223399962,591.3619878069989
5246,8.565411763686711,72.42927584892728,591.4416148210261
5247,8.565602330623925,72.43617880589781,591.5212373509496
5248,8.5657928612523,72.44308110509934,591.6008553978763
5249,8.565983355585669,72.44998274671983,591.6804689629123
5250,8.566173813637858,72.4568837309472,591.7600780471641
5251,8.566364235422688,72.46378405796926,591.839682651738
5252,8.566554620953962,72.47068372797375,591.9192827777371
5253,8.566744970245486,72.47758274114831,591.9988784262681
5254,8.566935283311052,72.48448109768049,592.0784695984345
5255,8.567125560164447,72.49137879775773,592.1580562953393
5256,8.567315800819449,72.49827584156743,592.2376385180866
5257,8.567506005289827,72.50517222929686,592.3172162677782
5258,8.567696173589344,72.5120679611332,592.3967895455172
5259,8.567886305731756,72.51896303726357,592.4763583524051
5260,8.568076401730806,72.52585745787498,592.5559226895426
5261,8.568266461600238,72.53275122315436,592.6354825580316
5262,8.56845648535378,72.53964433328854,592.7150379589716
5263,8.568646473005153,72.54653678846427,592.7945888934615
5264,8.568836424568076,72.55342858886821,592.8741353626027
5265,8.569026340056254,72.56031973468694,592.9536773674926
5266,8.569216219483389,72.56721022610694,593.0332149092295
5267,8.569406062863171,72.5741000633146,593.1127479889127
5268,8.569595870209286,72.58098924649622,593.1922766076376
5269,8.569785641535407,72.58787777583802,593.2718007665034
5270,8.569975376855206,72.59476565152615,593.3513204666046
5271,8.570165076182343,72.60165287374662,593.4308357090387
5272,8.57035473953047,72.60853944268538,593.5103464949
5273,8.570544366913232,72.61542535852834,593.5898528252839
5274,8.570733958344267,72.62231062146122,593.6693547012862
5275,8.570923513837204,72.62919523166975,593.748852123999
5276,8.571113033405668,72.63607918933951,593.8283450945166
5277,8.57130251706327,72.64296249465602,593.9078336139324
5278,8.571491964823617,72.64984514780468,593.9873176833396
5279,8.571681376700306,72.65672714897086,594.0667973038285
5280,8.571870752706934,72.6636084983398,594.1462724764936
5281,8.572060092857077,72.67048919609665,594.2257432024234
5282,8.572249397164315,72.6773692424265,594.3052094827103
5283,8.572438665642215,72.6842486375143,594.3846713184439
5284,8.572627898304338,72.69112738154499,594.4641287107148
5285,8.572817095164234,72.69800547470336,594.5435816606107
5286,8.57300625623545,72.70488291717415,594.6230301692225
5287,8.573195381531523,72.71175970914196,594.7024742376373
5288,8.57338447106598,72.71863585079137,594.7819138669438
5289,8.573573524852344,72.72551134230683,594.8613490582281
5290,8.57376254290413,72.73238618387272,594.9407798125782
5291,8.573951525234847,72.73926037567333,595.0202061310808
5292,8.574140471857987,72.74613391789285,595.0996280148213
5293,8.574329382787047,72.75300681071539,595.179045464886
5294,8.574518258035507,72.75987905432498,595.2584584823591
5295,8.574707097616844,72.76675064890557,595.3378670683255
5296,8.574895901544526,72.77362159464101,595.4172712238701
5297,8.575084669832014,72.78049189171504,595.4966709500753
5298,8.575273402492762,72.78736154031138,595.5760662480255
5299,8.575462099540212,72.79423054061358,595.655457118802
5300,8.575650760987806,72.80109889280519,595.7348435634882
5301,8.57583938684897,72.80796659706958,595.8142255831663
5302,8.57602797713713,72.81483365359011,595.893603178917
5303,8.576216531865699,72.82170006255004,595.9729763518206
5304,8.576405051048084,72.8285658241325,596.0523451029583
5305,8.576593534697684,72.83543093852057,596.1317094334089
5306,8.576781982827894,72.84229540589725,596.2110693442538
5307,8.576970395452099,72.84915922644544,596.2904248365708
5308,8.57715877258367,72.85602240034794,596.3697759114386
5309,8.577347114235984,72.86288492778748,596.4491225699343
5310,8.577535420422398,72.86974680894672,596.528464813137
5311,8.57772369115627,72.8766080440082,596.6078026421237
5312,8.577911926450943,72.8834686331544,596.6871360579704
5313,8.57810012631976,72.89032857656768,596.7664650617527
5314,8.57828829077605,72.89718787443039,596.8457896545483
5315,8.578476419833136,72.90404652692469,596.9251098374308
5316,8.57866451350434,72.91090453423274,597.0044256114754
5317,8.578852571802965,72.91776189653656,597.0837369777561
5318,8.579040594742317,72.92461861401813,597.1630439373473
5319,8.57922858233569,72.9314746868593,597.2423464913226
5320,8.579416534596369,72.93833011524188,597.3216446407548
5321,8.579604451537634,72.94518489934754,597.400938386716
5322,8.579792333172758,72.9520390393579,597.4802277302787
5323,8.579980179515003,72.95889253545451,597.5595126725142
5324,8.580167990577626,72.9657453878188,597.6387932144937
5325,8.580355766373877,72.97259759663213,597.7180693572872
5326,8.580543506917,72.97944916207575,597.797341101966
5327,8.580731212220226,72.98630008433089,597.8766084495988
5328,8.580918882296782,72.99315036357864,597.9558714012562
5329,8.58110651715989,73.0,598.0351299580049
5330,8.581294116822761,73.00684899377592,598.114384120915
5331,8.5814816812986,73.01369734508724,598.1936338910535
5332,8.581669210600602,73.02054505411473,598.272879269489
5333,8.58185670474196,73.02739212103907,598.3521202572867
5334,8.582044163735853,73.03423854604085,598.4313568555141
5335,8.58223158759546,73.04108432930059,598.5105890652378
5336,8.582418976333944,73.0479294709987,598.589816887522
5337,8.58260632996447,73.05477397131553,598.6690403234328
5338,8.582793648500186,73.06161783043132,598.7482593740336
5339,8.582980931954241,73.06846104852626,598.8274740403904
5340,8.58316818033977,73.07530362578044,598.9066843235664
5341,8.583355393669907,73.08214556237385,598.9858902246243
5342,8.583542571957771,73.08898685848642,599.065091744627
5343,8.583729715216482,73.09582751429797,599.1442888846371
5344,8.583916823459145,73.10266752998827,599.223481645717
5345,8.584103896698863,73.10950690573696,599.302670028927
5346,8.584290934948731,73.11634564172364,599.3818540353291
5347,8.584477938221834,73.12318373812782,599.4610336659833
5348,8.58466490653125,73.13002119512889,599.5402089219492
5349,8.584851839890053,73.13685801290619,599.6193798042885
5350,8.585038738311304,73.14369419163897,599.698546314059
5351,8.585225601808064,73.15052973150638,599.7777084523188
5352,8.585412430393381,73.15736463268753,599.8568662201267
5353,8.585599224080298,73.16419889536138,599.9360196185407
5354,8.585785982881848,73.17103251970687,600.0151686486186
5355,8.585972706811063,73.1778655059028,600.0943133114173
5356,8.58615939588096,73.18469785412795,600.173453607992
5357,8.586346050104554,73.19152956456095,600.252589539399
5358,8.58653266949485,73.1983606373804,600.3317211066948
5359,8.586719254064848,73.20519107276478,600.4108483109344
5360,8.586905803827538,73.2120208708925,600.4899711531722
5361,8.587092318795905,73.21885003194191,600.5690896344618
5362,8.587278798982926,73.22567855609124,600.6482037558577
5363,8.587465244401569,73.23250644351864,600.7273135184134
5364,8.587651655064798,73.23933369440222,600.806418923181
5365,8.58783803098557,73.24616030891995,600.8855199712132
5366,8.588024372176829,73.25298628724975,600.9646166635617
5367,8.588210678651517,73.25981162956946,601.0437090012782
5368,8.58839695042257,73.2666363360568,601.1227969854148
5369,8.58858318750291,73.27346040688948,601.2018806170196
5370,8.58876938990546,73.28028384224504,601.2809598971454
5371,8.588955557643128,73.287106642301,601.3600348268409
5372,8.589141690728821,73.29392880723478,601.4391054071542
5373,8.589327789175437,73.3007503372237,601.518171639136
5374,8.589513852995864,73.30757123244501,601.5972335238326
5375,8.589699882202986,73.3143914930759,601.6762910622939
5376,8.589885876809678,73.32121111929344,601.7553442555665
5377,8.59007183682881,73.32803011127464,601.834393104698
5378,8.590257762273243,73.33484846919642,601.9134376107334
5379,8.59044365315583,73.34166619323561,601.9924777747208
5380,8.59062950948942,73.348483283569,602.0715135977035
5381,8.590815331286851,73.35529974037323,602.1505450807292
5382,8.591001118560957,73.3621155638249,602.229572224842
5383,8.591186871324563,73.36893075410055,602.3085950310843
5384,8.591372589590488,73.37574531137656,602.3876135005029
5385,8.591558273371545,73.38255923582933,602.4666276341391
5386,8.591743922680534,73.38937252763509,602.5456374330371
5387,8.591929537530255,73.39618518697004,602.6246428982389
5388,8.592115117933497,73.40299721401027,602.7036440307868
5389,8.592300663903043,73.40980860893181,602.7826408317219
5390,8.592486175451668,73.41661937191061,602.8616333020868
5391,8.592671652592143,73.4234295031225,602.9406214429201
5392,8.592857095337227,73.43023900274328,603.0196052552651
5393,8.593042503699674,73.43704787094863,603.0985847401589
5394,8.593227877692234,73.44385610791416,603.1775598986417
5395,8.593413217327646,73.45066371381542,603.2565307317537
5396,8.593598522618644,73.45747068882783,603.3354972405327
5397,8.59378379357795,73.46427703312679,603.4144594260171
5398,8.593969030218288,73.47108274688756,603.4934172892433
5399,8.594154232552366,73.47788783028538,603.57237083125
5400,8.594339400592892,73.48469228349535,603.6513200530735
5401,8.59452453435256,73.49149610669251,603.7302649557498
5402,8.594709633844065,73.49829930005184,603.809205540316
5403,8.59489469908009,73.50510186374821,603.8881418078053
5404,8.595079730073309,73.51190379795642,603.9670737592561
5405,8.595264726836392,73.5187051028512,604.0460013956998
5406,8.595449689382004,73.5255057786072,604.1249247181726
5407,8.5956346177228,73.53230582539895,604.2038437277064
5408,8.595819511871428,73.53910524340094,604.2827584253365
5409,8.596004371840527,73.54590403278758,604.3616688120945
5410,8.596189197642735,73.55270219373317,604.440574889013
5411,8.59637398929068,73.55949972641196,604.5194766571248
5412,8.596558746796978,73.56629663099808,604.5983741174601
5413,8.596743470174246,73.57309290766564,604.6772672710512
5414,8.596928159435091,73.57988855658861,604.7561561189278
5415,8.59711281459211,73.58668357794092,604.8350406621197
5416,8.597297435657898,73.59347797189639,604.913920901658
5417,8.59748202264504,73.60027173862879,604.9927968385722
5418,8.597666575566114,73.60706487831179,605.0716684738894
5419,8.597851094433691,73.61385739111897,605.1505358086407
5420,8.598035579260339,73.62064927722385,605.2293988438518
5421,8.598220030058611,73.62744053679987,605.3082575805507
5422,8.59840444684106,73.63423117002037,605.3871120197651
5423,8.598588829620232,73.64102117705865,605.4659621625223
5424,8.59877317840866,73.64781055808787,605.5448080098478
5425,8.598957493218878,73.65459931328118,605.623649562767
5426,8.599141774063405,73.66138744281159,605.702486822306
5427,8.59932602095476,73.66817494685205,605.7813197894897
5428,8.599510233905452,73.67496182557545,605.8601484653439
5429,8.599694412927981,73.68174807915459,605.9389728508902
5430,8.599878558034845,73.68853370776216,606.0177929471539
5431,8.600062669238532,73.69531871157082,606.0966087551583
5432,8.600246746551523,73.70210309075311,606.1754202759254
5433,8.600430789986293,73.70888684548153,606.2542275104785
5434,8.60061479955531,73.71566997592845,606.3330304598385
5435,8.600798775271034,73.72245248226622,606.4118291250284
5436,8.600982717145921,73.72923436466705,606.4906235070682
5437,8.601166625192416,73.7360156233031,606.569413606979
5438,8.60135049942296,73.74279625834649,606.64819942578
5439,8.601534339849989,73.74957626996917,606.7269809644935
5440,8.601718146485926,73.7563556583431,606.8057582241361
5441,8.601901919343192,73.76313442364011,606.8845312057283
5442,8.6020856584342,73.76991256603196,606.9632999102882
5443,8.602269363771356,73.77669008569035,607.0420643388344
5444,8.602453035367061,73.78346698278686,607.1208244923838
5445,8.602636673233706,73.79024325749306,607.199580371954
5446,8.602820277383675,73.79701890998037,607.2783319785619
5447,8.60300384782935,73.80379394042016,607.3570793132233
5448,8.603187384583098,73.81056834898374,607.4358223769551
5449,8.60337088765729,73.81734213584231,607.5145611707725
5450,8.603554357064281,73.824115301167,607.5932956956904
5451,8.603737792816423,73.83088784512888,607.6720259527219
5452,8.60392119492606,73.83765976789893,607.7507519428848
5453,8.604104563405533,73.84443106964804,607.8294736671894
5454,8.604287898267172,73.85120175054702,607.9081911266513
5455,8.604471199523298,73.85797181076664,607.9869043222828
5456,8.604654467186231,73.86474125047755,608.0656132550962
5457,8.604837701268284,73.87151006985034,608.1443179261045
5458,8.605020901781758,73.87827826905551,608.2230183363176
5459,8.605204068738951,73.8850458482635,608.301714486748
5460,8.605387202152153,73.89181280764467,608.3804063784062
5461,8.60557030203365,73.89857914736926,608.4590940123037
5462,8.605753368395717,73.90534486760751,608.5377773894483
5463,8.605936401250625,73.91210996852952,608.6164565108515
5464,8.60611940061064,73.91887445030531,608.6951313775212
5465,8.606302366488013,73.92563831310488,608.7738019904672
5466,8.606485298894999,73.93240155709809,608.8524683506973
5467,8.60666819784384,73.93916418245476,608.9311304592187
5468,8.606851063346772,73.9459261893446,609.0097883170395
5469,8.607033895416027,73.95268757793728,609.0884419251661
5470,8.607216694063826,73.95944834840239,609.1670912846064
5471,8.607399459302387,73.96620850090939,609.2457363963653
5472,8.607582191143917,73.97296803562772,609.324377261449
5473,8.607764889600624,73.97972695272672,609.4030138808628
5474,8.607947554684701,73.98648525237566,609.4816462556112
5475,8.60813018640834,73.9932429347437,609.5602743866997
5476,8.608312784783722,74.0,609.6388982751319
5477,8.608495349823023,74.00675644831355,609.7175179219106
5478,8.608677881538416,74.01351227985333,609.7961333280404
5479,8.608860379942062,74.02026749478821,609.8747444945227
5480,8.609042845046117,74.02702209328699,609.9533514223608
5481,8.60922527686273,74.03377607551839,610.0319541125564
5482,8.609407675404048,74.04052944165107,610.1105525661113
5483,8.609590040682205,74.04728219185361,610.1891467840264
5484,8.609772372709331,74.05403432629447,610.267736767302
5485,8.60995467149755,74.06078584514209,610.3463225169388
5486,8.610136937058975,74.06753674856482,610.4249040339371
5487,8.610319169405722,74.07428703673091,610.5034813192954
5488,8.610501368549889,74.08103670980854,610.5820543740135
5489,8.610683534503575,74.08778576796583,610.6606231990897
5490,8.610865667278873,74.09453421137081,610.7391877955218
5491,8.61104776688786,74.10128204019145,610.8177481643083
5492,8.61122983334262,74.10802925459562,610.896304306446
5493,8.611411866655219,74.11477585475112,610.9748562229324
5494,8.611593866837723,74.1215218408257,611.0534039147633
5495,8.611775833902186,74.12826721298698,611.1319473829356
5496,8.61195776786066,74.13501197140255,611.2104866284444
5497,8.612139668725192,74.14175611623992,611.2890216522849
5498,8.612321536507814,74.14849964766651,611.3675524554521
5499,8.612503371220562,74.15524256584965,611.446079038941
5500,8.612685172875459,74.16198487095663,611.5246014037452
5501,8.61286694148452,74.16872656315464,611.6031195508579
5502,8.613048677059759,74.17546764261078,611.6816334812728
5503,8.61323037961318,74.18220810949214,611.7601431959822
5504,8.61341204915678,74.18894796396563,611.838648695979
5505,8.613593685702552,74.19568720619817,611.9171499822559
5506,8.613775289262481,74.2024258363566,611.9956470558024
5507,8.613956859848546,74.20916385460761,612.0741399176114
5508,8.614138397472717,74.21590126111789,612.1526285686728
5509,8.61431990214696,74.22263805605402,612.2311130099763
5510,8.614501373883236,74.22937423958254,612.3095932425134
5511,8.614682812693495,74.23610981186985,612.3880692672726
5512,8.614864218589684,74.24284477308234,612.4665410852435
5513,8.615045591583742,74.24957912338628,612.5450086974136
5514,8.615226931687603,74.2563128629479,612.6234721047725
5515,8.615408238913192,74.2630459919333,612.7019313083066
5516,8.61558951327243,74.26977851050857,612.7803863090047
5517,8.615770754777232,74.27651041883968,612.858837107853
5518,8.615951963439501,74.28324171709255,612.9372837058387
5519,8.616133139271142,74.28997240543302,613.0157261039477
5520,8.616314282284044,74.29670248402684,613.0941643031657
5521,8.6164953924901,74.30343195303969,613.1725983044778
5522,8.616676469901188,74.31016081263719,613.2510281088694
5523,8.616857514529183,74.31688906298487,613.3294537173252
5524,8.617038526385954,74.32361670424818,613.4078751308288
5525,8.617219505483362,74.33034373659252,613.4862923503638
5526,8.617400451833262,74.3370701601832,613.5647053769145
5527,8.617581365447506,74.34379597518544,613.6431142114624
5528,8.617762246337932,74.35052118176442,613.7215188549912
5529,8.61794309451638,74.35724578008521,613.7999193084826
5530,8.618123909994678,74.36396977031282,613.8783155729184
5531,8.61830469278465,74.3706931526122,613.9567076492798
5532,8.618485442898109,74.3774159271482,614.0350955385474
5533,8.618666160346871,74.38413809408563,614.1134792417027
5534,8.618846845142738,74.39085965358916,614.1918587597237
5535,8.619027497297505,74.39758060582346,614.2702340935921
5536,8.619208116822968,74.4043009509531,614.348605244286
5537,8.619388703730907,74.41102068914255,614.4269722127847
5538,8.619569258033104,74.41773982055622,614.5053350000667
5539,8.61974977974133,74.42445834535849,614.5836936071101
5540,8.61993026886735,74.43117626371358,614.6620480348917
5541,8.620110725422924,74.43789357578571,614.74039828439
5542,8.620291149419804,74.444610281739,614.818744356581
5543,8.620471540869739,74.45132638173749,614.8970862524412
5544,8.620651899784468,74.45804187594514,614.9754239729466
5545,8.620832226175724,74.46475676452586,615.0537575190725
5546,8.621012520055235,74.47147104764348,615.1320868917948
5547,8.621192781434722,74.47818472546173,615.2104120920874
5548,8.621373010325902,74.48489779814429,615.2887331209258
5549,8.62155320674048,74.49161026585477,615.3670499792834
5550,8.621733370690162,74.4983221287567,615.4453626681342
5551,8.62191350218664,74.50503338701353,615.5236711884503
5552,8.622093601241607,74.51174404078863,615.6019755412055
5553,8.622273667866745,74.51845409024533,615.6802757273717
5554,8.62245370207373,74.52516353554684,615.7585717479209
5555,8.622633703874234,74.53187237685633,615.8368636038255
5556,8.622813673279921,74.5385806143369,615.9151512960552
5557,8.62299361030245,74.54528824815154,615.9934348255823
5558,8.62317351495347,74.55199527846321,616.0717141933758
5559,8.623353387244627,74.55870170543476,616.1499894004063
5560,8.623533227187563,74.56540752922899,616.2282604476436
5561,8.62371303479391,74.57211275000863,616.3065273360562
5562,8.623892810075294,74.57881736793632,616.3847900666141
5563,8.624072553043334,74.58552138317464,616.4630486402848
5564,8.624252263709645,74.59222479588607,616.5413030580356
5565,8.624431942085836,74.59892760623305,616.6195533208355
5566,8.624611588183507,74.60562981437795,616.6977994296511
5567,8.624791202014256,74.61233142048303,616.7760413854483
5568,8.624970783589669,74.61903242471053,616.8542791891946
5569,8.62515033292133,74.62573282722254,616.9325128418554
5570,8.625329850020815,74.63243262818116,617.0107423443962
5571,8.625509334899697,74.63913182774837,617.0889676977836
5572,8.625688787569537,74.64583042608609,617.1671889029808
5573,8.625868208041894,74.65252842335616,617.2454059609526
5574,8.62604759632832,74.65922581972036,617.3236188726631
5575,8.62622695244036,74.66592261534039,617.4018276390746
5576,8.626406276389554,74.67261881037788,617.4800322611528
5577,8.626585568187433,74.67931440499437,617.5582327398589
5578,8.626764827845529,74.68600939935136,617.6364290761557
5579,8.626944055375356,74.69270379361026,617.7146212710051
5580,8.627123250788433,74.6993975879324,617.7928093253687
5581,8.627302414096267,74.70609078247904,617.8709932402066
5582,8.62748154531036,74.7127833774114,617.9491730164824
5583,8.627660644442209,74.71947537289057,618.027348655154
5584,8.6278397115033,74.72616676907762,618.1055201571828
5585,8.628018746505122,74.73285756613352,618.1836875235276
5586,8.628197749459149,74.73954776421918,618.261850755148
5587,8.628376720376853,74.74623736349542,618.3400098530034
5588,8.628555659269699,74.75292636412303,618.4181648180507
5589,8.628734566149145,74.75961476626267,618.4963156512491
5590,8.628913441026645,74.76630257007497,618.5744623535567
5591,8.629092283913646,74.77298977572049,618.6526049259297
5592,8.629271094821588,74.77967638335967,618.7307433693259
5593,8.629449873761905,74.78636239315294,618.8088776847007
5594,8.629628620746026,74.79304780526061,618.8870078730108
5595,8.629807335785372,74.79973261984297,618.9651339352123
5596,8.62998601889136,74.80641683706017,619.0432558722591
5597,8.630164670075398,74.81310045707235,619.1213736851083
5598,8.630343289348893,74.81978348003956,619.1994873747133
5599,8.630521876723241,74.82646590612174,619.2775969420278
5600,8.630700432209832,74.83314773547883,619.3557023880056
5601,8.630878955820053,74.83982896827064,619.4338037136006
5602,8.631057447565285,74.84650960465692,619.5119009197659
5603,8.631235907456897,74.85318964479737,619.5899940074537
5604,8.63141433550626,74.85986908885161,619.6680829776155
5605,8.631592731724734,74.86654793697917,619.7461678312046
5606,8.631771096123673,74.87322618933953,619.824248569171
5607,8.631949428714426,74.8799038460921,619.9023251924665
5608,8.632127729508337,74.88658090739622,619.9803977020418
5609,8.632305998516742,74.89325737341113,620.0584660988461
5610,8.632484235750972,74.89993324429602,620.1365303838313
5611,8.632662441222351,74.90660852021001,620.214590557945
5612,8.6328406149422,74.91328320131217,620.292646622136
5613,8.633018756921828,74.91995728776145,620.3706985773546
5614,8.633196867172543,74.92663077971676,620.4487464245477
5615,8.633374945705647,74.93330367733695,620.526790164664
5616,8.633552992532433,74.93997598078077,620.6048297986509
5617,8.633731007664188,74.94664769020693,620.6828653274551
5618,8.633908991112198,74.95331880577403,620.7608967520243
5619,8.634086942887738,74.95998932764064,620.8389240733045
5620,8.634264863002075,74.96665925596525,620.9169472922406
5621,8.634442751466477,74.97332859090625,620.994966409779
5622,8.634620608292202,74.97999733262199,621.072981426865
5623,8.6347984334905,74.98666548127073,621.1509923444428
5624,8.63497622707262,74.9933330370107,621.2289991634582
5625,8.635153989049803,75.0,621.3070018848535
5626,8.635331719433278,75.0066663703967,621.385000509574
5627,8.63550941823428,75.0133321483588,621.4629950385616
5628,8.635687085464026,75.0199973340442,621.5409854727599
5629,8.635864721133736,75.02666192761077,621.6189718131104
5630,8.636042325254618,75.03332592921628,621.6969540605568
5631,8.636219897837877,75.03998933901843,621.7749322160406
5632,8.636397438894713,75.04665215717488,621.852906280502
5633,8.636574948436317,75.05331438384317,621.9308762548824
5634,8.636752426473876,75.05997601918082,622.0088421401225
5635,8.636929873018572,75.06663706334525,622.0868039371636
5636,8.637107288081575,75.07329751649384,622.1647616469431
5637,8.637284671674058,75.07995737878386,622.2427152704024
5638,8.637462023807181,75.08661665037252,622.32066480848
5639,8.637639344492104,75.09327533141699,622.3986102621142
5640,8.637816633739977,75.09993342207434,622.4765516322439
5641,8.637993891561942,75.1065909225016,622.5544889198067
5642,8.63817111796914,75.11324783285569,622.63242212574
5643,8.638348312972704,75.11990415329349,622.7103512509811
5644,8.638525476583762,75.1265598839718,622.7882762964662
5645,8.638702608813434,75.13321502504735,622.866197263133
5646,8.638879709672837,75.1398695766768,622.944114151916
5647,8.639056779173078,75.14652353901675,623.022026963752
5648,8.639233817325263,75.15317691222374,623.0999356995749
5649,8.639410824140487,75.15982969645421,623.1778403603213
5650,8.639587799629844,75.16648189186454,623.2557409469242
5651,8.639764743804419,75.17313349861105,623.333637460318
5652,8.63994165667529,75.17978451685,623.4115299014377
5653,8.640118538253535,75.18643494673756,623.489418271215
5654,8.640295388550221,75.19308478842984,623.5673025705828
5655,8.640472207576408,75.1997340420829,623.6451828004753
5656,8.640648995343156,75.20638270785267,623.7230589618234
5657,8.640825751861513,75.21303078589507,623.800931055559
5658,8.641002477142523,75.21967827636595,623.8787990826135
5659,8.641179171197228,75.22632517942107,623.9566630439184
5660,8.64135583403666,75.2329714952161,624.0345229404045
5661,8.641532465671846,75.23961722390672,624.1123787730021
5662,8.641709066113805,75.24626236564843,624.190230542641
5663,8.641885635373555,75.25290692059676,624.2680782502499
5664,8.642062173462106,75.25955088890711,624.3459218967588
5665,8.642238680390461,75.26619427073486,624.423761483097
5666,8.64241515616962,75.27283706623525,624.5015970101917
5667,8.64259160081057,75.27947927556353,624.579428478972
5668,8.642768014324304,75.28612089887484,624.6572558903654
5669,8.642944396721798,75.29276193632427,624.7350792452982
5670,8.643120748014027,75.2994023880668,624.8128985446984
5671,8.643297068211963,75.30604225425739,624.8907137894929
5672,8.643473357326567,75.31268153505093,624.9685249806067
5673,8.643649615368796,75.31932023060219,625.0463321189654
5674,8.643825842349603,75.32595834106593,625.1241352054959
5675,8.644002038279933,75.33259586659682,625.2019342411223
5676,8.644178203170727,75.33923280734945,625.27972922677
5677,8.644354337032917,75.34586916347837,625.3575201633624
5678,8.644530439877432,75.35250493513803,625.435307051824
5679,8.644706511715198,75.35914012248281,625.5130898930777
5680,8.644882552557126,75.3657747256671,625.5908686880474
5681,8.645058562414134,75.37240874484509,625.6686434376553
5682,8.645234541297121,75.37904218017101,625.7464141428243
5683,8.64541048921699,75.38567503179898,625.8241808044761
5684,8.645586406184636,75.39230729988306,625.901943423533
5685,8.645762292210945,75.39893898457723,625.9797020009152
5686,8.645938147306799,75.40557008603542,626.0574565375457
5687,8.646113971483077,75.41220060441148,626.135207034342
5688,8.646289764750648,75.41883053985921,626.212953492228
5689,8.646465527120377,75.4254598925323,626.2906959121199
5690,8.646641258603124,75.43208866258443,626.3684342949398
5691,8.646816959209742,75.43871685016919,626.4461686416056
5692,8.646992628951082,75.44534445544006,626.5238989530353
5693,8.647168267837984,75.45197147855052,626.6016252301492
5694,8.647343875881283,75.45859791965393,626.6793474738645
5695,8.647519453091812,75.46522377890362,626.7570656850977
5696,8.647694999480395,75.47184905645283,626.8347798647674
5697,8.647870515057853,75.47847375245475,626.9124900137907
5698,8.648045999835,75.48509786706248,626.9901961330822
5699,8.648221453822641,75.49172140042907,627.06789822356
5700,8.648396877031582,75.49834435270749,627.1455962861382
5701,8.648572269472618,75.50496672405067,627.2232903217339
5702,8.648747631156539,75.51158851461145,627.300980331261
5703,8.648922962094131,75.5182097245426,627.3786663156342
5704,8.649098262296176,75.52483035399682,627.4563482757683
5705,8.649273531773446,75.53145040312677,627.5340262125766
5706,8.649448770536708,75.53806987208503,627.6117001269733
5707,8.649623978596727,75.54468876102409,627.6893700198711
5708,8.64979915596426,75.55130707009641,627.7670358921832
5709,8.649974302650056,75.55792479945436,627.8446977448216
5710,8.650149418664864,75.56454194925024,627.9223555786989
5711,8.65032450401942,75.57115851963631,628.0000093947266
5712,8.650499558724462,75.57777451076474,628.0776591938153
5713,8.65067458279072,75.58438992278762,628.1553049768771
5714,8.65084957622891,75.59100475585703,628.2329467448224
5715,8.651024539049757,75.59761901012492,628.3105844985604
5716,8.651199471263972,75.6042326857432,628.3882182390023
5717,8.651374372882257,75.61084578286372,628.4658479670575
5718,8.651549243915316,75.61745830163825,628.5434736836341
5719,8.651724084373843,75.62407024221852,628.6210953896416
5720,8.651898894268529,75.63068160475615,628.6987130859887
5721,8.652073673610056,75.63729238940273,628.7763267735837
5722,8.652248422409102,75.64390259630977,628.8539364533331
5723,8.652423140676342,75.65051222562872,628.9315421261452
5724,8.65259782842244,75.65712127751095,629.0091437929266
5725,8.65277248565806,75.66372975210778,629.0867414545837
5726,8.652947112393857,75.67033764957046,629.164335112023
5727,8.653121708640482,75.67694497005016,629.2419247661511
5728,8.653296274408579,75.68355171369801,629.3195104178719
5729,8.653470809708786,75.69015788066504,629.3970920680918
5730,8.653645314551737,75.69676347110224,629.4746697177152
5731,8.653819788948063,75.70336848516055,629.5522433676458
5732,8.653994232908383,75.7099729229908,629.6298130187902
5733,8.654168646443315,75.71657678474378,629.7073786720484
5734,8.65434302956347,75.7231800705702,629.7849403283273
5735,8.654517382279456,75.72978278062072,629.8624979885274
5736,8.654691704601872,75.73638491504595,629.9400516535514
5737,8.65486599654131,75.7429864739964,630.0176013243039
5738,8.655040258108363,75.7495874576225,630.0951470016842
5739,8.655214489313613,75.75618786607468,630.1726886865954
5740,8.655388690167637,75.76278769950325,630.2502263799378
5741,8.655562860681009,75.76938695805846,630.3277600826124
5742,8.655737000864297,75.77598564189053,630.4052897955198
5743,8.65591111072806,75.78258375114957,630.4828155195598
5744,8.656085190282855,75.78918128598566,630.5603372556333
5745,8.656259239539235,75.79577824654879,630.6378550046383
5746,8.656433258507741,75.8023746329889,630.7153687674737
5747,8.656607247198915,75.80897044545586,630.7928785450399
5748,8.656781205623291,75.81556568409947,630.8703843382336
5749,8.656955133791396,75.82216034906945,630.9478861479525
5750,8.657129031713755,75.82875444051551,631.025383975096
5751,8.657302899400882,75.83534795858722,631.1028778205592
5752,8.657476736863293,75.84194090343416,631.180367685241
5753,8.657650544111494,75.8485332752058,631.2578535700362
5754,8.657824321155983,75.85512507405153,631.335335475841
5755,8.657998068007258,75.8617163001207,631.4128134035523
5756,8.65817178467581,75.86830695356264,631.4902873540653
5757,8.65834547117212,75.87489703452651,631.5677573282746
5758,8.658519127506672,75.8814865431615,631.6452233270755
5759,8.658692753689937,75.88807547961669,631.7226853513617
5760,8.658866349732383,75.8946638440411,631.8001434020272
5761,8.659039915644474,75.9012516365837,631.8775974799657
5762,8.659213451436667,75.90783885739337,631.9550475860709
5763,8.659386957119413,75.91442550661897,632.0324937212363
5764,8.65956043270316,75.92101158440923,632.1099358863538
5765,8.659733878198347,75.92759709091287,632.1873740823152
5766,8.659907293615413,75.93418202627852,632.2648083100119
5767,8.660080678964786,75.94076639065476,632.3422385703369
5768,8.660254034256889,75.9473501841901,632.4196648641808
5769,8.660427359502146,75.95393340703298,632.4970871924343
5770,8.660600654710967,75.96051605933177,632.5745055559878
5771,8.660773919893762,75.9670981412348,632.6519199557315
5772,8.660947155060933,75.97367965289031,632.7293303925552
5773,8.661120360222881,75.9802605944465,632.8067368673486
5774,8.661293535389994,75.98684096605149,632.8841393809993
5775,8.661466680572662,75.99342076785332,632.9615379343979
5776,8.661639795781266,76.0,633.0389325284317
5777,8.661812881026181,76.00657866263946,633.1163231639886
5778,8.661985936317778,76.01315675591957,633.1937098419563
5779,8.662158961666423,76.01973427998811,633.2710925632226
5780,8.662331957082475,76.02631123499285,633.3484713286734
5781,8.662504922576291,76.03288762108144,633.4258461391973
5782,8.662677858158219,76.03946343840151,633.5032169956781
5783,8.6628507638386,76.04603868710059,633.5805838990021
5784,8.663023639627777,76.05261336732617,633.6579468500565
5785,8.66319648553608,76.05918747922567,633.7353058497254
5786,8.663369301573839,76.06576102294646,633.8126608988932
5787,8.663542087751374,76.0723339986358,633.8900119984438
5788,8.663714844079005,76.07890640644094,633.9673591492636
5789,8.663887570567042,76.08547824650904,634.0447023522346
5790,8.66406026722579,76.0920495189872,634.1220416082407
5791,8.664232934065552,76.09862022402245,634.1993769181645
5792,8.664405571096625,76.10519036176179,634.2767082828884
5793,8.664578178329295,76.11175993235211,634.3540357032963
5794,8.664750755773852,76.11832893594026,634.4313591802695
5795,8.664923303440572,76.12489737267302,634.5086787146892
5796,8.665095821339733,76.13146524269712,634.5859943074369
5797,8.6652683094816,76.13803254615921,634.6633059593933
5798,8.66544076787644,76.14459928320589,634.74061367144
5799,8.66561319653451,76.1511654539837,634.8179174444563
5800,8.665785595466064,76.15773105863909,634.8952172793225
5801,8.665957964681349,76.16429609731846,634.972513176918
5802,8.666130304190608,76.17086057016817,635.049805138122
5803,8.666302614004078,76.1774244773345,635.127093163814
5804,8.666474894131992,76.18398781896364,635.2043772548711
5805,8.666647144584575,76.19055059520177,635.2816574121728
5806,8.66681936537205,76.19711280619497,635.3589336365964
5807,8.666991556504632,76.20367445208925,635.4362059290203
5808,8.667163717992533,76.2102355330306,635.5134742903199
5809,8.667335849845957,76.21679604916491,635.5907387213725
5810,8.667507952075105,76.22335600063802,635.6679992230552
5811,8.667680024690174,76.2299153875957,635.745255796245
5812,8.66785206770135,76.23647421018367,635.8225084418154
5813,8.668024081118821,76.24303246854758,635.899757160643
5814,8.668196064952765,76.249590162833,635.9770019536022
5815,8.668368019213355,76.25614729318549,636.0542428215688
5816,8.668539943910762,76.26270385975047,636.1314797654161
5817,8.668711839055147,76.26925986267338,636.2087127860189
5818,8.66888370465667,76.27581530209953,636.2859418842513
5819,8.669055540725484,76.28237017817419,636.3631670609847
5820,8.669227347271736,76.28892449104261,636.4403883170941
5821,8.669399124305569,76.2954782408499,636.5176056534511
5822,8.66957087183712,76.30203142774116,636.5948190709282
5823,8.669742589876522,76.30858405186143,636.6720285703975
5824,8.669914278433902,76.31513611335565,636.74923415273
5825,8.67008593751938,76.32168761236873,636.8264358187982
5826,8.670257567143075,76.32823854904552,636.903633569472
5827,8.670429167315095,76.3347889235308,636.9808274056222
5828,8.67060073804555,76.34133873596926,637.0580173281193
5829,8.670772279344538,76.34788798650555,637.1352033378323
5830,8.670943791222156,76.3544366752843,637.2123854356324
5831,8.671115273688494,76.36098480245,637.2895636223875
5832,8.671286726753637,76.36753236814714,637.3667378989667
5833,8.671458150427666,76.3740793725201,637.4439082662386
5834,8.671629544720656,76.38062581571324,637.5210747250716
5835,8.671800909642677,76.38717169787084,637.5982372763331
5836,8.671972245203792,76.39371701913711,637.6753959208908
5837,8.67214355141406,76.40026177965623,637.7525506596122
5838,8.672314828283538,76.40680597957227,637.8297014933638
5839,8.672486075822272,76.41334961902926,637.9068484230116
5840,8.67265729404031,76.4198926981712,637.9839914494231
5841,8.672828482947686,76.42643521714199,638.0611305734625
5842,8.672999642554437,76.43297717608546,638.1382657959969
5843,8.67317077287059,76.43951857514541,638.2153971178898
5844,8.67334187390617,76.44605941446557,638.2925245400071
5845,8.673512945671192,76.4525996941896,638.3696480632124
5846,8.67368398817567,76.4591394144611,638.4467676883697
5847,8.673855001429615,76.46567857542362,638.5238834163447
5848,8.674025985443025,76.47221717722064,638.6009952479982
5849,8.674196940225903,76.47875521999558,638.6781031841958
5850,8.674367865788236,76.48529270389177,638.755207225797
5851,8.674538762140015,76.49182962905255,638.8323073736675
5852,8.67470962929122,76.49836599562111,638.9094036286679
5853,8.674880467251832,76.50490180374065,638.9864959916603
5854,8.675051276031818,76.51143705355429,639.0635844635053
5855,8.675222055641148,76.51797174520506,639.1406690450641
5856,8.675392806089782,76.52450587883597,639.217749737198
5857,8.675563527387679,76.53103945458993,639.2948265407672
5858,8.675734219544788,76.53757247260981,639.3718994566316
5859,8.675904882571059,76.54410493303844,639.4489684856511
5860,8.676075516476429,76.55063683601855,639.5260336286849
5861,8.676246121270838,76.55716818169282,639.6030948865915
5862,8.676416696964216,76.56369897020389,639.6801522602316
5863,8.676587243566487,76.5702292016943,639.7572057504611
5864,8.676757761087575,76.57675887630658,639.8342553581392
5865,8.676928249537397,76.58328799418317,639.9113010841234
5866,8.67709870892586,76.58981655546643,639.9883429292711
5867,8.677269139262872,76.5963445602987,640.0653808944384
5868,8.677439540558334,76.60287200882223,640.1424149804844
5869,8.677609912822142,76.60939890117922,640.2194451882627
5870,8.677780256064185,76.61592523751182,640.2964715186308
5871,8.677950570294351,76.62245101796209,640.3734939724444
5872,8.67812085552252,76.62897624267207,640.4505125505577
5873,8.678291111758565,76.6355009117837,640.527527253828
5874,8.67846133901236,76.64202502543888,640.6045380831071
5875,8.678631537293768,76.64854858377946,640.6815450392509
5876,8.678801706612651,76.6550715869472,640.7585481231135
5877,8.678971846978863,76.66159403508382,640.8355473355474
5878,8.679141958402255,76.66811592833099,640.9125426774077
5879,8.679312040892672,76.67463726683029,640.9895341495468
5880,8.679482094459956,76.68115805072325,641.0665217528166
5881,8.67965211911394,76.68767828015137,641.1435054880695
5882,8.679822114864455,76.69419795525604,641.2204853561587
5883,8.679992081721329,76.70071707617863,641.2974613579346
5884,8.680162019694377,76.70723564306043,641.3744334942489
5885,8.680331928793418,76.71375365604267,641.4514017659538
5886,8.68050180902826,76.72027111526653,641.5283661738977
5887,8.680671660408713,76.72678802087313,641.6053267189321
5888,8.68084148294457,76.7333043730035,641.6822834019073
5889,8.681011276645632,76.73982017179868,641.7592362236738
5890,8.681181041521688,76.74633541739958,641.8361851850784
5891,8.681350777582521,76.75285010994706,641.9131302869724
5892,8.681520484837913,76.75936424958195,641.9900715302034
5893,8.68169016329764,76.76587783644501,642.0670089156197
5894,8.68185981297147,76.77239087067694,642.1439424440695
5895,8.682029433869172,76.77890335241837,642.2208721164008
5896,8.682199026000504,76.78541528180986,642.297797933461
5897,8.682368589375221,76.79192665899195,642.3747198960976
5898,8.682538124003075,76.79843748410511,642.4516380051562
5899,8.68270762989381,76.8049477572897,642.5285522614831
5900,8.682877107057168,76.81145747868608,642.6054626659246
5901,8.683046555502886,76.81796664843453,642.6823692193282
5902,8.683215975240689,76.82447526667526,642.7592719225369
5903,8.683385366280309,76.83098333354845,642.8361707763963
5904,8.683554728631462,76.83749084919418,642.9130657817522
5905,8.683724062303869,76.84399781375251,642.989956939447
5906,8.683893367307235,76.8505042273634,643.066844250327
5907,8.68406264365127,76.8570100901668,643.1437277152352
5908,8.684231891345675,76.86351540230254,643.2206073350134
5909,8.684401110400144,76.87002016391045,643.2974831105074
5910,8.684570300824369,76.87652437513027,643.3743550425584
5911,8.684739462628038,76.8830280361017,643.4512231320089
5912,8.68490859582083,76.88953114696434,643.5280873797014
5913,8.685077700412423,76.89603370785778,643.604947786477
5914,8.685246776412487,76.90253571892151,643.681804353178
5915,8.68541582383069,76.909037180295,643.7586570806449
5916,8.685584842676693,76.91553809211764,643.8355059697194
5917,8.685753832960154,76.92203845452875,643.9123510212406
5918,8.685922794690725,76.9285382676676,643.989192236049
5919,8.68609172787805,76.93503753167343,644.0660296149863
5920,8.686260632531775,76.94153624668537,644.1428631588886
5921,8.686429508661536,76.94803441284255,644.2196928685983
5922,8.686598356276965,76.95453203028396,644.2965187449527
5923,8.68676717538769,76.96102909914862,644.3733407887905
5924,8.686935966003333,76.96752561957543,644.4501590009492
5925,8.68710472813351,76.97402159170326,644.5269733822685
5926,8.687273461787838,76.98051701567093,644.6037839335846
5927,8.687442166975924,76.98701189161714,644.6805906557344
5928,8.687610843707368,76.99350621968063,644.7573935495559
5929,8.68777949199177,77.0,644.8341926158848
5930,8.687948111838727,77.00649323271382,644.9109878555581
5931,8.688116703257823,77.01298591796062,644.9877792694108
5932,8.688285266258644,77.01947805587882,645.0645668582797
5933,8.688453800850768,77.02596964660685,645.1413506229982
5934,8.688622307043769,77.03246069028303,645.2181305644029
5935,8.688790784847216,77.03895118704564,645.2949066833283
5936,8.688959234270676,77.0454411370329,645.3716789806085
5937,8.689127655323706,77.05193054038295,645.4484474570775
5938,8.68929604801586,77.05841939723393,645.5252121135685
5939,8.68946441235669,77.06490770772389,645.6019729509158
5940,8.689632748355741,77.07139547199077,645.6787299699508
5941,8.689801056022553,77.07788269017254,645.7554831715082
5942,8.68996933536666,77.08436936240706,645.8322325564191
5943,8.690137586397595,77.09085548883213,645.9089781255153
5944,8.690305809124883,77.09734106958553,645.9857198796295
5945,8.690474003558043,77.10382610480494,646.062457819593
5946,8.690642169706594,77.110310594628,646.1391919462355
5947,8.690810307580046,77.1167945391923,646.2159222603902
5948,8.690978417187905,77.12327793863537,646.2926487628854
5949,8.691146498539675,77.12976079309465,646.3693714545525
5950,8.691314551644853,77.13624310270757,646.4460903362209
5951,8.691482576512929,77.14272486761146,646.5228054087193
5952,8.69165057315339,77.14920608794364,646.5995166728785
5953,8.691818541575723,77.15568676384133,646.6762241295255
5954,8.691986481789401,77.1621668954417,646.7529277794904
5955,8.6921543938039,77.1686464828819,646.8296276236017
5956,8.692322277628687,77.17512552629896,646.9063236626849
5957,8.692490133273228,77.18160402582988,646.9830158975702
5958,8.69265796074698,77.18808198161165,647.0597043290826
5959,8.692825760059396,77.19455939378112,647.1363889580508
5960,8.692993531219926,77.20103626247513,647.2130697853004
5961,8.693161274238017,77.20751258783046,647.2897468116587
5962,8.693328989123106,77.21398836998384,647.3664200379513
5963,8.69349667588463,77.22046360907191,647.4430894650029
5964,8.693664334532016,77.22693830523129,647.5197550936398
5965,8.693831965074693,77.23341245859851,647.5964169246869
5966,8.693999567522082,77.23988606931007,647.6730749589685
5967,8.694167141883597,77.2463591375024,647.74972919731
5968,8.69433468816865,77.25283166331187,647.8263796405338
5969,8.694502206386648,77.25930364687478,647.903026289465
5970,8.694669696546992,77.26577508832743,647.9796691449266
5971,8.69483715865908,77.272245987806,648.0563082077423
5972,8.695004592732307,77.27871634544663,648.132943478734
5973,8.695171998776056,77.28518616138541,648.209574958725
5974,8.695339376799712,77.2916554357584,648.2862026485367
5975,8.695506726812653,77.29812416870153,648.3628265489908
5976,8.695674048824253,77.30459236035075,648.4394466609102
5977,8.695841342843883,77.31106001084191,648.5160629851148
5978,8.696008608880904,77.31752712031083,648.5926755224272
5979,8.696175846944678,77.32399368889322,648.669284273666
5980,8.696343057044556,77.33045971672482,648.7458892396518
5981,8.696510239189893,77.33692520394123,648.8224904212051
5982,8.696677393390031,77.34339015067803,648.8990878191465
5983,8.696844519654313,77.34985455707076,648.9756814342935
5984,8.697011617992073,77.35631842325486,649.0522712674664
5985,8.697178688412643,77.36278174936577,649.128857319483
5986,8.697345730925353,77.3692445355388,649.205439591163
5987,8.69751274553952,77.37570678190927,649.2820180833228
5988,8.697679732264463,77.38216848861241,649.3585927967825
5989,8.697846691109495,77.38862965578342,649.4351637323567
5990,8.698013622083925,77.3950902835574,649.5117308908649
5991,8.698180525197055,77.40155037206942,649.5882942731224
5992,8.698347400458186,77.40800992145451,649.6648538799462
5993,8.69851424787661,77.41446893184762,649.7414097121522
5994,8.698681067461614,77.42092740338364,649.8179617705572
5995,8.698847859222488,77.42738533619743,649.8945100559771
5996,8.69901462316851,77.43384273042376,649.9710545692253
5997,8.699181359308954,77.44029958619737,650.0475953111176
5998,8.699348067653093,77.44675590365293,650.1241322824696
5999,8.699514748210191,77.45321168292507,650.2006654840945
6000,8.699681400989514,77.45966692414834,650.2771949168065
6001,8.699848026000312,77.46612162745726,650.3537205814202
6002,8.700014623251842,77.47257579298626,650.4302424787481
6003,8.700181192753353,77.47902942086975,650.5067606096026
6004,8.700347734514084,77.48548251124207,650.5832749747977
6005,8.700514248543275,77.4919350642375,650.6597855751459
6006,8.700680734850161,77.49838707999025,650.7362924114594
6007,8.700847193443972,77.50483855863452,650.8127954845488
6008,8.701013624333928,77.5112895003044,650.8892947952268
6009,8.701180027529253,77.51773990513398,650.9657903443036
6010,8.701346403039162,77.52418977325722,651.0422821325913
6011,8.701512750872865,77.5306391048081,651.1187701608997
6012,8.70167907103957,77.53708789992051,651.1952544300402
6013,8.701845363548474,77.54353615872827,651.2717349408214
6014,8.70201162840878,77.54998388136518,651.348211694053
6015,8.702177865629675,77.55643106796495,651.4246846905459
6016,8.702344075220351,77.56287771866127,651.5011539311071
6017,8.70251025718999,77.56932383358772,651.5776194165463
6018,8.70267641154777,77.57576941287789,651.6540811476727
6019,8.702842538302868,77.58221445666526,651.7305391252943
6020,8.703008637464448,77.5886589650833,651.8069933502179
6021,8.70317470904168,77.59510293826537,651.8834438232515
6022,8.70334075304372,77.60154637634484,651.9598905452023
6023,8.703506769479729,77.60798927945498,652.0363335168772
6024,8.703672758358856,77.61443164772902,652.1127727390829
6025,8.703838719690246,77.62087348130012,652.1892082126252
6026,8.704004653483045,77.6273147803014,652.2656399383103
6027,8.704170559746386,77.63375554486592,652.3420679169446
6028,8.704336438489406,77.64019577512668,652.4184921493325
6029,8.704502289721232,77.64663547121665,652.4949126362795
6030,8.704668113450987,77.6530746332687,652.571329378591
6031,8.704833909687792,77.6595132614157,652.6477423770705
6032,8.704999678440762,77.6659513557904,652.7241516325217
6033,8.705165419719007,77.67238891652555,652.8005571457501
6034,8.705331133531631,77.67882594375381,652.8769589175577
6035,8.70549681988774,77.68526243760782,652.9533569487476
6036,8.705662478796427,77.69169839822013,653.0297512401246
6037,8.705828110266784,77.69813382572325,653.10614179249
6038,8.705993714307901,77.70456872024965,653.182528606645
6039,8.706159290928861,77.71100308193171,653.2589116833939
6040,8.706324840138741,77.7174369109018,653.3352910235369
6041,8.706490361946617,77.72387020729218,653.4116666278754
6042,8.706655856361559,77.7303029712351,653.4880384972122
6043,8.70682132339263,77.73673520286275,653.5644066323456
6044,8.706986763048892,77.74316690230724,653.6407710340773
6045,8.707152175339404,77.74959806970065,653.7171317032074
6046,8.707317560273212,77.75602870517501,653.7934886405367
6047,8.70748291785937,77.76245880886226,653.8698418468629
6048,8.707648248106914,77.76888838089432,653.9461913229861
6049,8.707813551024888,77.77531742140305,654.0225370697055
6050,8.707978826622321,77.78174593052023,654.09887908782
6051,8.708144074908246,77.78817390837762,654.175217378127
6052,8.708309295891688,77.79460135510689,654.2515519414253
6053,8.708474489581665,77.80102827083971,654.3278827785132
6054,8.708639655987193,77.80745465570763,654.4042098901871
6055,8.708804795117285,77.8138805098422,654.4805332772435
6056,8.708969906980947,77.82030583337487,654.5568529404808
6057,8.709134991587183,77.82673062643708,654.6331688806948
6058,8.70930004894499,77.83315488916018,654.7094810986827
6059,8.70946507906336,77.83957862167549,654.785789595238
6060,8.709630081951286,77.84600182411425,654.8620943711593
6061,8.709795057617749,77.85242449660768,654.9383954272399
6062,8.70996000607173,77.85884663928692,655.0146927642754
6063,8.710124927322207,77.86526825228306,655.0909863830612
6064,8.71028982137815,77.87168933572714,655.167276284391
6065,8.710454688248527,77.87810988975015,655.2435624690585
6066,8.710619527942297,77.88452991448301,655.3198449378589
6067,8.710784340468424,77.89094941005662,655.3961236915843
6068,8.710949125835855,77.89736837660179,655.472398731029
6069,8.711113884053544,77.90378681424929,655.5486700569849
6070,8.711278615130434,77.91020472312982,655.6249376702463
6071,8.711443319075466,77.91662210337407,655.7012015716032
6072,8.711607995897575,77.92303895511263,655.77746176185
6073,8.711772645605693,77.92945527847606,655.8537182417756
6074,8.711937268208748,77.93587107359485,655.9299710121744
6075,8.712101863715663,77.94228634059948,656.0062200738357
6076,8.712266432135355,77.9487010796203,656.0824654275517
6077,8.712430973476739,77.95511529078769,656.1587070741114
6078,8.712595487748722,77.9615289742319,656.2349450143062
6079,8.712759974960212,77.96794213008319,656.3111792489249
6080,8.71292443512011,77.9743547584717,656.3874097787585
6081,8.71308886823731,77.9807668595276,656.463636604595
6082,8.713253274320705,77.98717843338096,656.5398597272248
6083,8.713417653379183,77.99358948016176,656.6160791474356
6084,8.713582005421628,78.0,656.6922948660165
6085,8.713746330456916,78.00640999302557,656.7685068837543
6086,8.713910628493924,78.01281945936834,656.8447152014394
6087,8.714074899541522,78.01922839915811,656.920919819856
6088,8.714239143608575,78.02563681252464,656.9971207397949
6089,8.714403360703942,78.03204469959762,657.0733179620402
6090,8.714567550836485,78.03845206050669,657.1495114873806
6091,8.714731714015052,78.04485889538144,657.2257013166006
6092,8.714895850248494,78.05126520435142,657.3018874504878
6093,8.715059959545654,78.05767098754612,657.3780698898273
6094,8.715224041915372,78.06407624509497,657.4542486354048
6095,8.715388097366482,78.07048097712733,657.5304236880055
6096,8.715552125907816,78.07688518377255,657.6065950484143
6097,8.7157161275482,78.08328886515987,657.682762717415
6098,8.715880102296456,78.08969202141856,657.7589266957928
6099,8.716044050161402,78.09609465267773,657.8350869843312
6100,8.716207971151853,78.10249675906654,657.9112435838147
6101,8.716371865276615,78.10889834071403,657.9873964950257
6102,8.716535732544495,78.11529939774923,658.063545718748
6103,8.716699572964293,78.12169993030106,658.1396912557651
6104,8.716863386544805,78.12809993849844,658.2158331068566
6105,8.717027173294824,78.13449942247023,658.2919712728083
6106,8.717190933223135,78.14089838234521,658.3681057544003
6107,8.717354666338522,78.14729681825213,658.4442365524146
6108,8.717518372649767,78.15369473031969,658.520363667632
6109,8.71768205216564,78.16009211867653,658.5964871008346
6110,8.717845704894916,78.16648898345122,658.6726068528019
6111,8.718009330846357,78.1728853247723,658.7487229243159
6112,8.718172930028725,78.17928114276826,658.8248353161553
6113,8.71833650245078,78.18567643756751,658.9009440291011
6114,8.718500048121273,78.19207120929845,658.9770490639323
6115,8.718663567048953,78.19846545808939,659.0531504214279
6116,8.718827059242566,78.20485918406861,659.1292481023678
6117,8.718990524710849,78.21125238736431,659.2053421075306
6118,8.71915396346254,78.21764506810467,659.2814324376934
6119,8.719317375506371,78.22403722641782,659.3575190936355
6120,8.71948076085107,78.23042886243178,659.4336020761357
6121,8.719644119505357,78.2368199762746,659.5096813859693
6122,8.719807451477955,78.24321056807422,659.5857570239149
6123,8.719970756777574,78.24960063795854,659.6618289907491
6124,8.720134035412928,78.2559901860554,659.7378972872481
6125,8.72029728739272,78.26237921249263,659.8139619141895
6126,8.720460512725655,78.26876771739798,659.8900228723494
6127,8.720623711420426,78.27515570089912,659.966080162502
6128,8.720786883485731,78.2815431631237,660.042133785424
6129,8.720950028930258,78.28793010419933,660.1181837418902
6130,8.721113147762688,78.29431652425353,660.1942300326751
6131,8.721276239991704,78.3007024234138,660.2702726585547
6132,8.721439305625983,78.30708780180757,660.3463116203031
6133,8.721602344674197,78.31347265956222,660.4223469186932
6134,8.721765357145012,78.3198569968051,660.4983785544985
6135,8.721928343047091,78.32624081366346,660.5744065284939
6136,8.722091302389098,78.33262411026456,660.6504308414529
6137,8.722254235179681,78.33900688673555,660.7264514941464
6138,8.722417141427496,78.34538914320358,660.8024684873496
6139,8.722580021141189,78.3517708797957,660.8784818218322
6140,8.722742874329398,78.35815209663893,660.9544914983672
6141,8.722905701000768,78.36453279386026,661.0304975177273
6142,8.723068501163928,78.37091297158659,661.106499880683
6143,8.723231274827508,78.3772926299448,661.1824985880061
6144,8.723394022000136,78.38367176906169,661.2584936404663
6145,8.72355674269043,78.39005038906404,661.3344850388354
6146,8.72371943690701,78.39642849007855,661.4104727838829
6147,8.723882104658486,78.40280607223188,661.4864568763786
6148,8.724044745953469,78.40918313565064,661.5624373170943
6149,8.724207360800564,78.41555968046137,661.6384141067971
6150,8.724369949208368,78.4219357067906,661.7143872462568
6151,8.72453251118548,78.42831121476479,661.7903567362433
6152,8.724695046740491,78.43468620451031,661.8663225775235
6153,8.724857555881988,78.44106067615353,661.9422847708671
6154,8.725020038618554,78.44743462982075,662.018243317041
6155,8.72518249495877,78.45380806563821,662.0941982168131
6156,8.72534492491121,78.46018098373213,662.1701494709521
6157,8.725507328484445,78.46655338422862,662.2460970802232
6158,8.725669705687043,78.4729252672538,662.3220410453955
6159,8.725832056527565,78.47929663293371,662.3979813672333
6160,8.725994381014571,78.48566748139433,662.4739180465045
6161,8.726156679156613,78.49203781276162,662.5498510839743
6162,8.726318950962243,78.49840762716146,662.6257804804086
6163,8.726481196440007,78.50477692471968,662.7017062365729
6164,8.726643415598444,78.51114570556209,662.777628353233
6165,8.726805608446096,78.5175139698144,662.8535468311525
6166,8.726967774991493,78.52388171760232,662.9294616710972
6167,8.727129915243166,78.53024894905147,663.0053728738303
6168,8.72729202920964,78.53661566428744,663.0812804401161
6169,8.727454116899434,78.54298186343577,663.1571843707186
6170,8.727616178321068,78.54934754662193,663.2330846664014
6171,8.72777821348305,78.55571271397135,663.3089813279277
6172,8.727940222393896,78.56207736560943,663.3848743560591
6173,8.728102205062104,78.56844150166147,663.4607637515601
6174,8.728264161496178,78.57480512225277,663.5366495151912
6175,8.728426091704613,78.58116822750856,663.6125316477155
6176,8.728587995695898,78.587530817554,663.6884101498953
6177,8.728749873478527,78.59389289251423,663.7642850224908
6178,8.72891172506098,78.60025445251433,663.840156266264
6179,8.729073550451737,78.60661549767933,663.9160238819752
6180,8.729235349659273,78.61297602813418,663.9918878703852
6181,8.729397122692061,78.61933604400383,664.0677482322542
6182,8.729558869558568,78.62569554541314,664.1436049683424
6183,8.729720590267258,78.63205453248695,664.2194580794098
6184,8.729882284826589,78.63841300535,664.2953075662155
6185,8.730043953245016,78.64477096412705,664.3711534295189
6186,8.73020559553099,78.65112840894274,664.4469956700794
6187,8.730367211692958,78.65748533992172,664.5228342886548
6188,8.73052880173936,78.66384175718855,664.5986692860039
6189,8.730690365678642,78.67019766086774,664.6745006628839
6190,8.730851903519232,78.67655305108377,664.750328420054
6191,8.731013415269564,78.68290792796108,664.8261525582707
6192,8.731174900938061,78.689262291624,664.9019730782912
6193,8.731336360533149,78.6956161421969,664.9777899808738
6194,8.731497794063243,78.70196947980399,665.053603266774
6195,8.73165920153676,78.70832230456955,665.1294129367479
6196,8.731820582962108,78.71467461661771,665.205218991552
6197,8.731981938347694,78.7210264160726,665.2810214319423
6198,8.73214326770192,78.7273777030583,665.3568202586742
6199,8.732304571033183,78.7337284776988,665.4326154725037
6200,8.732465848349879,78.74007874011811,665.5084070741843
6201,8.732627099660395,78.74642849044012,665.5841950644708
6202,8.732788324973118,78.75277772878871,665.6599794441195
6203,8.73294952429643,78.75912645528771,665.7357602138826
6204,8.733110697638708,78.76547467006087,665.811537374516
6205,8.733271845008325,78.77182237323191,665.8873109267704
6206,8.733432966413652,78.77816956492453,665.9630808714018
6207,8.733594061863055,78.78451624526231,666.0388472091611
6208,8.733755131364893,78.79086241436883,666.1146099408035
6209,8.733916174927524,78.79720807236764,666.1903690670797
6210,8.734077192559303,78.80355321938218,666.2661245887422
6211,8.734238184268579,78.8098978555359,666.3418765065425
6212,8.734399150063695,78.81624198095213,666.4176248212333
6213,8.734560089952993,78.82258559575422,666.4933695335648
6214,8.734721003944811,78.82892870006543,666.5691106442885
6215,8.734881892047483,78.835271294009,666.6448481541556
6216,8.735042754269337,78.8416133777081,666.7205820639169
6217,8.735203590618699,78.84795495128583,666.7963123743224
6218,8.735364401103888,78.85429601486528,666.8720390861215
6219,8.735525185733225,78.86063656856949,666.9477622000638
6220,8.73568594451502,78.86697661252141,667.0234817168996
6221,8.735846677457582,78.87331614684399,667.0991976373776
6222,8.736007384569218,78.87965517166008,667.174909962247
6223,8.736168065858228,78.88599368709251,667.2506186922559
6224,8.736328721332908,78.89233169326408,667.3263238281529
6225,8.736489351001554,78.8986691902975,667.4020253706857
6226,8.736649954872451,78.90500617831546,667.4777233206021
6227,8.73681053295389,78.91134265744057,667.55341767865
6228,8.736971085254146,78.91767862779544,667.6291084455763
6229,8.737131611781498,78.92401408950256,667.7047956221286
6230,8.737292112544221,78.93034904268447,667.7804792090528
6231,8.737452587550584,78.93668348746354,667.8561592070953
6232,8.73761303680885,78.9430174239622,667.931835617003
6233,8.737773460327283,78.94935085230277,668.0075084395205
6234,8.737933858114136,78.95568377260753,668.083177675394
6235,8.738094230177667,78.96201618499872,668.1588433253694
6236,8.738254576526122,78.96834808959854,668.2345053901903
6237,8.738414897167749,78.9746794865291,668.3101638706034
6238,8.738575192110787,78.98101037591252,668.385818767351
6239,8.738735461363474,78.98734075787081,668.4614700811791
6240,8.738895704934043,78.99367063252599,668.5371178128302
6241,8.739055922830724,79.0,668.6127619630495
6242,8.739216115061744,79.00632886041473,668.688402532579
6243,8.739376281635323,79.012657213892,668.7640395221619
6244,8.739536422559677,79.01898506055365,668.8396729325414
6245,8.739696537843024,79.02531240052139,668.915302764461
6246,8.73985662749357,79.03163923391695,668.9909290186613
6247,8.740016691519521,79.03796556086195,669.0665516958845
6248,8.740176729929082,79.04429138147802,669.142170796874
6249,8.740336742730447,79.05061669588669,669.2177863223698
6250,8.740496729931813,79.05694150420949,669.2933982731134
6251,8.740656691541368,79.06326580656784,669.3690066498453
6252,8.740816627567298,79.06958960308319,669.4446114533075
6253,8.740976538017787,79.07591289387686,669.520212684239
6254,8.741136422901011,79.08223567907018,669.5958103433796
6255,8.741296282225147,79.0885579587844,669.6714044314712
6256,8.741456115998364,79.09487973314076,669.7469949492518
6257,8.741615924228828,79.1012010022604,669.8225818974604
6258,8.7417757069247,79.10752176626443,669.8981652768373
6259,8.741935464094144,79.11384202527394,669.9737450881196
6260,8.74209519574531,79.12016177940993,670.0493213320472
6261,8.742254901886351,79.12648102879339,670.1248940093577
6262,8.742414582525413,79.13279977354523,670.200463120789
6263,8.74257423767064,79.13911801378633,670.276028667079
6264,8.742733867330168,79.14543574963751,670.3515906489646
6265,8.742893471512136,79.15175298121956,670.4271490671845
6266,8.743053050224676,79.1580697086532,670.5027039224726
6267,8.74321260347591,79.16438593205912,670.5782552155692
6268,8.743372131273969,79.17070165155795,670.6538029472073
6269,8.743531633626967,79.17701686727027,670.7293471181239
6270,8.74369111054302,79.18333157931662,670.804887729056
6271,8.743850562030243,79.18964578781748,670.8804247807384
6272,8.744009988096744,79.19595949289332,670.9559582739058
6273,8.744169388750624,79.20227269466452,671.0314882092932
6274,8.744328763999984,79.20858539325141,671.1070145876361
6275,8.744488113852924,79.21489758877429,671.1825374096683
6276,8.744647438317532,79.22120928135344,671.2580566761242
6277,8.744806737401898,79.22752047110903,671.3335723877381
6278,8.744966011114109,79.23383115816122,671.4090845452431
6279,8.745125259462244,79.24014134263012,671.4845931493724
6280,8.74528448245438,79.2464510246358,671.5600982008586
6281,8.745443680098592,79.25276020429824,671.6355997004365
6282,8.745602852402946,79.25906888173743,671.7110976488364
6283,8.745761999375512,79.26537705707328,671.7865920467915
6284,8.745921121024347,79.27168473042566,671.8620828950347
6285,8.746080217357513,79.27799190191436,671.9375701942957
6286,8.74623928838306,79.28429857165919,672.0130539453077
6287,8.746398334109042,79.29060473977985,672.0885341488014
6288,8.746557354543503,79.29691040639604,672.1640108055083
6289,8.746716349694486,79.30321557162736,672.2394839161584
6290,8.74687531957003,79.30952023559341,672.3149534814812
6291,8.747034264178168,79.31582439841371,672.3904195022093
6292,8.747193183526933,79.32212806020776,672.4658819790702
6293,8.747352077624353,79.328431221095,672.541340912795
6294,8.747510946478448,79.33473388119481,672.6167963041119
6295,8.74766979009724,79.34103604062655,672.6922481537508
6296,8.747828608488742,79.3473376995095,672.7676964624408
6297,8.74798740166097,79.3536388579629,672.8431412309093
6298,8.74814616962193,79.35993951610598,672.9185824598857
6299,8.748304912379623,79.36623967405788,672.9940201500967
6300,8.748463629942055,79.37253933193772,673.069454302272
6301,8.74862232231722,79.37883848986453,673.1448849171378
6302,8.74878098951311,79.38513714795737,673.2203119954212
6303,8.748939631537715,79.39143530633515,673.2957355378501
6304,8.74909824839902,79.39773296511683,673.3711555451501
6305,8.749256840105007,79.40403012442127,673.4465720180477
6306,8.749415406663651,79.41032678436729,673.5219849572704
6307,8.74957394808293,79.41662294507366,673.5973943635421
6308,8.74973246437081,79.42291860665912,673.6728002375905
6309,8.749890955535259,79.42921376924235,673.748202580139
6310,8.75004942158424,79.435508432942,673.8236013919151
6311,8.750207862525711,79.44180259787665,673.8989966736406
6312,8.750366278367625,79.44809626416482,673.9743884260431
6313,8.750524669117937,79.45438943192504,674.0497766498444
6314,8.750683034784592,79.46068210127572,674.1251613457704
6315,8.750841375375533,79.46697427233529,674.200542514544
6316,8.7509996908987,79.47326594522211,674.2759201568891
6317,8.75115798136203,79.47955712005447,674.3512942735288
6318,8.751316246773456,79.48584779695062,674.4266648651853
6319,8.751474487140904,79.4921379760288,674.5020319325824
6320,8.751632702472298,79.49842765740716,674.577395476443
6321,8.751790892775563,79.50471684120383,674.6527554974884
6322,8.751949058058614,79.51100552753688,674.7281119964401
6323,8.752107198329362,79.51729371652434,674.8034649740208
6324,8.752265313595721,79.52358140828417,674.8788144309517
6325,8.752423403865594,79.52986860293433,674.9541603679535
6326,8.752581469146884,79.5361553005927,675.0295027857476
6327,8.75273950944749,79.54244150137711,675.1048416850547
6328,8.752897524775305,79.54872720540537,675.1801770665943
6329,8.753055515138222,79.55501241279521,675.2555089310879
6330,8.753213480544126,79.56129712366435,675.3308372792549
6331,8.753371421000903,79.56758133813042,675.4061621118141
6332,8.753529336516431,79.57386505631105,675.4814834294847
6333,8.753687227098585,79.58014827832379,675.5568012329874
6334,8.75384509275524,79.58643100428615,675.6321155230403
6335,8.754002933494261,79.59271323431561,675.7074263003603
6336,8.754160749323518,79.5989949685296,675.782733565669
6337,8.754318540250866,79.60527620704548,675.8580373196811
6338,8.754476306284166,79.61155694998057,675.9333375631164
6339,8.754634047431272,79.61783719745218,676.0086342966912
6340,8.754791763700032,79.62411694957753,676.0839275211243
6341,8.754949455098293,79.63039620647382,676.1592172371311
6342,8.755107121633896,79.63667496825819,676.2345034454293
6343,8.755264763314685,79.64295323504773,676.3097861467356
6344,8.755422380148488,79.64923100695951,676.3850653417652
6345,8.75557997214314,79.65550828411052,676.4603410312336
6346,8.75573753930647,79.66178506661774,676.5356132158594
6347,8.7558950816463,79.66806135459805,676.6108818963553
6348,8.75605259917045,79.67433714816836,676.6861470734366
6349,8.756210091886738,79.68061244744545,676.7614087478192
6350,8.756367559802975,79.68688725254614,676.8366669202173
6351,8.756525002926972,79.69316156358713,676.9119215913466
6352,8.756682421266532,79.6994353806851,676.9871727619192
6353,8.756839814829462,79.7057087039567,677.0624204326499
6354,8.756997183623554,79.71198153351854,677.1376646042526
6355,8.757154527656606,79.71825386948713,677.2129052774404
6356,8.757311846936409,79.724525711979,677.2881424529264
6357,8.757469141470748,79.73079706111058,677.3633761314236
6358,8.757626411267408,79.7370679169983,677.4386063136445
6359,8.757783656334167,79.74333827975852,677.5138330003011
6360,8.757940876678804,79.74960814950754,677.5890561921057
6361,8.758098072309089,79.75587752636166,677.6642758897701
6362,8.758255243232792,79.76214641043707,677.7394920940075
6363,8.758412389457677,79.76841480184999,677.8147048055257
6364,8.758569510991506,79.77468270071653,677.8899140250395
6365,8.758726607842037,79.78095010715278,677.9651197532572
6366,8.758883680017025,79.78721702127478,678.0403219908902
6367,8.75904072752422,79.79348344319854,678.1155207386485
6368,8.759197750371365,79.79974937304002,678.1907159972432
6369,8.759354748566208,79.8060148109151,678.2659077673819
6370,8.759511722116487,79.81227975693966,678.3410960497766
6371,8.759668671029939,79.81854421122951,678.4162808451355
6372,8.759825595314295,79.82480817390042,678.4914621541672
6373,8.759982494977281,79.83107164506812,678.5666399775804
6374,8.760139370026627,79.8373346248483,678.6418143160845
6375,8.760296220470051,79.84359711335657,678.716985170387
6376,8.760453046315272,79.84985911070852,678.792152541196
6377,8.760609847570002,79.85612061701971,678.8673164292195
6378,8.760766624241956,79.86238163240563,678.9424768351653
6379,8.760923376338836,79.86864215698174,679.0176337597394
6380,8.761080103868347,79.87490219086344,679.09278720365
6381,8.76123680683819,79.88116173416608,679.1679371676034
6382,8.761393485256058,79.88742078700501,679.2430836523057
6383,8.761550139129644,79.89367934949547,679.3182266584635
6384,8.76170676846664,79.89993742175271,679.3933661867834
6385,8.761863373274727,79.90619500389191,679.4685022379691
6386,8.76201995356159,79.91245209602819,679.5436348127282
6387,8.762176509334903,79.91870869827665,679.6187639117652
6388,8.762333040602343,79.92496481075234,679.6938895357843
6389,8.762489547371581,79.93122043357026,679.7690116854916
6390,8.762646029650282,79.93747556684536,679.8441303615899
6391,8.76280248744611,79.94373021069256,679.9192455647839
6392,8.762958920766726,79.94998436522674,679.9943572957791
6393,8.763115329619787,79.95623803056269,680.0694655552771
6394,8.763271714012943,79.96249120681522,680.1445703439824
6395,8.763428073953845,79.96874389409902,680.219671662597
6396,8.763584409450138,79.97499609252883,680.2947695118252
6397,8.763740720509464,79.98124780221924,680.369863892369
6398,8.76389700713946,79.98749902328488,680.4449548049314
6399,8.764053269347762,79.9937497558403,680.5200422502137
6400,8.764209507142004,80.0,680.5951262289182
6401,8.764365720529808,80.00624975587844,680.6702067417474
6402,8.764521909518802,80.01249902359005,680.7452837894015
6403,8.764678074116606,80.01874780324921,680.8203573725818
6404,8.764834214330834,80.02499609497022,680.8954274919898
6405,8.764990330169104,80.0312438988674,680.9704941483252
6406,8.765146421639022,80.03749121505496,681.0455573422888
6407,8.765302488748196,80.04373804364711,681.1206170745822
6408,8.765458531504226,80.049984384758,681.1956733459037
6409,8.765614549914716,80.05623023850174,681.270726156953
6410,8.765770543987257,80.06247560499239,681.3457755084296
6411,8.765926513729443,80.06872048434394,681.4208214010329
6412,8.766082459148864,80.0749648766704,681.4958638354613
6413,8.7662383802531,80.0812087820857,681.5709028124148
6414,8.766394277049736,80.0874522007037,681.6459383325907
6415,8.766550149546351,80.09369513263825,681.7209703966878
6416,8.766705997750515,80.09993757800315,681.7959990054025
6417,8.766861821669803,80.10617953691214,681.8710241594341
6418,8.767017621311778,80.11242100947892,681.9460458594796
6419,8.767173396684006,80.11866199581718,682.0210641062355
6420,8.76732914779405,80.12490249604052,682.0960789003989
6421,8.76748487464946,80.1311425102625,682.1710902426668
6422,8.767640577257792,80.1373820385967,682.2460981337354
6423,8.767796255626598,80.14362108115655,682.3211025743009
6424,8.76795190976342,80.14985963805552,682.3961035650597
6425,8.768107539675803,80.15609770940699,682.471101106707
6426,8.768263145371286,80.16233529532433,682.5460951999379
6427,8.768418726857403,80.16857239592083,682.6210858454486
6428,8.768574284141687,80.17480901130978,682.6960730439324
6429,8.768729817231666,80.18104514160439,682.7710567960847
6430,8.768885326134862,80.18728078691782,682.8460371026003
6431,8.769040810858803,80.19351594736322,682.921013964173
6432,8.769196271411001,80.19975062305369,682.995987381497
6433,8.769351707798972,80.20598481410225,683.0709573552656
6434,8.769507120030227,80.2122185206219,683.1459238861728
6435,8.769662508112274,80.21845174272562,683.2208869749113
6436,8.769817872052617,80.22468448052632,683.295846622174
6437,8.769973211858753,80.23091673413684,683.3708028286536
6438,8.770128527538184,80.23714850367004,683.4457555950424
6439,8.770283819098399,80.24337978923869,683.5207049220334
6440,8.77043908654689,80.24961059095551,683.5956508103176
6441,8.770594329891145,80.25584090893322,683.6705932605869
6442,8.770749549138642,80.26207074328447,683.7455322735332
6443,8.770904744296866,80.26830009412184,683.8204678498473
6444,8.771059915373288,80.2745289615579,683.8953999902204
6445,8.771215062375383,80.2807573457052,683.9703286953427
6446,8.77137018531062,80.2869852466762,684.045253965905
6447,8.771525284186465,80.2932126645833,684.1201758025974
6448,8.771680359010377,80.29943959953893,684.1950942061111
6449,8.771835409789817,80.30566605165541,684.2700091771337
6450,8.771990436532242,80.31189202104505,684.3449207163554
6451,8.772145439245099,80.31811750782012,684.4198288244663
6452,8.77230041793584,80.32434251209281,684.4947335021545
6453,8.772455372611907,80.3305670339753,684.5696347501098
6454,8.772610303280743,80.33679107357973,684.644532569019
6455,8.772765209949785,80.34301463101818,684.7194269595724
6456,8.772920092626467,80.34923770640266,684.794317922457
6457,8.77307495131822,80.3554602998452,684.8692054583593
6458,8.773229786032473,80.36168241145776,684.9440895679687
6459,8.773384596776648,80.36790404135223,685.0189702519713
6460,8.773539383558166,80.37412518964048,685.0938475110553
6461,8.773694146384443,80.38034585643433,685.1687213459065
6462,8.773848885262895,80.38656604184557,685.2435917572114
6463,8.774003600200931,80.39278574598593,685.3184587456575
6464,8.774158291205957,80.39900496896712,685.3933223119293
6465,8.774312958285378,80.40522371090077,685.4681824567135
6466,8.774467601446593,80.4114419718985,685.5430391806954
6467,8.774622220696997,80.41765975207187,685.6178924845608
6468,8.774776816043985,80.4238770515324,685.6927423689942
6469,8.774931387494947,80.43009387039157,685.7675888346812
6470,8.775085935057266,80.43631020876082,685.8424318823044
6471,8.775240458738327,80.44252606675154,685.9172715125507
6472,8.77539495854551,80.44874144447506,685.9921077261024
6473,8.775549434486189,80.45495634204272,686.0669405236448
6474,8.775703886567738,80.46117075956576,686.1417699058604
6475,8.775858314797526,80.46738469715541,686.2165958734328
6476,8.776012719182917,80.47359815492284,686.2914184270454
6477,8.776167099731275,80.47981113297918,686.3662375673816
6478,8.776321456449958,80.48602363143554,686.441053295123
6479,8.776475789346321,80.49223565040295,686.5158656109523
6480,8.776630098427717,80.49844718999243,686.5906745155525
6481,8.776784383701493,80.50465825031493,686.6654800096037
6482,8.776938645174996,80.51086883148137,686.7402820937893
6483,8.777092882855566,80.51707893360265,686.8150807687904
6484,8.777247096750544,80.52328855678958,686.8898760352885
6485,8.777401286867264,80.52949770115296,686.9646678939633
6486,8.777555453213056,80.53570636680354,687.039456345497
6487,8.77770959579525,80.54191455385202,687.1142413905682
6488,8.77786371462117,80.54812226240907,687.1890230298594
6489,8.778017809698136,80.55432949258531,687.263801264049
6490,8.778171881033469,80.56053624449132,687.3385760938179
6491,8.778325928634482,80.56674251823763,687.4133475198445
6492,8.778479952508487,80.57294831393475,687.4881155428083
6493,8.77863395266279,80.5791536316931,687.5628801633895
6494,8.7787879291047,80.58535847162312,687.6376413822658
6495,8.778941881841513,80.59156283383516,687.7123992001158
6496,8.77909581088053,80.59776671843954,687.7871536176174
6497,8.779249716229046,80.60397012554654,687.8619046354505
6498,8.77940359789435,80.61017305526642,687.9366522542913
6499,8.779557455883728,80.61637550770935,688.0113964748182
6500,8.77971129020447,80.62257748298549,688.0861372977073
6501,8.779865100863852,80.62877898120497,688.1608747236371
6502,8.780018887869153,80.63498000247783,688.2356087532849
6503,8.780172651227646,80.64118054691411,688.3103393873243
6504,8.780326390946605,80.64738061462381,688.3850666264362
6505,8.780480107033297,80.65358020571685,688.4597904712929
6506,8.780633799494984,80.65977932030313,688.5345109225728
6507,8.780787468338929,80.66597795849252,688.6092279809501
6508,8.780941113572387,80.67217612039482,688.6839416471008
6509,8.781094735202615,80.67837380611982,688.7586519217002
6510,8.781248333236862,80.68457101577724,688.8333588054234
6511,8.781401907682376,80.69076774947676,688.9080622989453
6512,8.781555458546402,80.69696400732806,688.9827624029389
6513,8.781708985836179,80.7031597894407,689.0574591180806
6514,8.781862489558945,80.7093550959243,689.1321524450427
6515,8.782015969721936,80.71554992688831,689.2068423845012
6516,8.78216942633238,80.72174428244226,689.2815289371267
6517,8.782322859397507,80.72793816269557,689.3562121035947
6518,8.782476268924539,80.73413156775763,689.4308918845769
6519,8.782629654920699,80.7403244977378,689.5055682807473
6520,8.782783017393202,80.7465169527454,689.5802412927777
6521,8.782936356349264,80.75270893288967,689.654910921341
6522,8.783089671796096,80.75890043827987,689.729577167109
6523,8.783242963740905,80.76509146902515,689.8042400307538
6524,8.783396232190894,80.77128202523468,689.8788995129473
6525,8.783549477153265,80.77747210701756,689.9535556143596
6526,8.783702698635217,80.78366171448283,690.028208335663
6527,8.783855896643942,80.78985084773953,690.1028576775293
6528,8.784009071186633,80.79603950689662,690.1775036406273
6529,8.784162222270476,80.80222769206304,690.2521462256283
6530,8.784315349902657,80.8084154033477,690.3267854332028
6531,8.784468454090355,80.8146026408594,690.4014212640207
6532,8.78462153484075,80.820789404707,690.4760537187518
6533,8.784774592161016,80.82697569499925,690.5506827980654
6534,8.784927626058323,80.83316151184488,690.6253085026309
6535,8.785080636539838,80.83934685535256,690.6999308331172
6536,8.78523362361273,80.84553172563095,690.7745497901939
6537,8.785386587284156,80.85171612278863,690.8491653745289
6538,8.785539527561276,80.85790004693419,690.92377758679
6539,8.785692444451245,80.86408349817613,690.9983864276463
6540,8.785845337961213,80.87026647662292,691.0729918977653
6541,8.785998208098329,80.876448982383,691.1475939978153
6542,8.78615105486974,80.88263101556477,691.2221927284627
6543,8.786303878282583,80.88881257627658,691.2967880903745
6544,8.786456678344,80.89499366462674,691.3713800842187
6545,8.786609455061125,80.90117428072351,691.4459687106623
6546,8.786762208441091,80.90735442467513,691.5205539703707
6547,8.786914938491025,80.9135340965898,691.5951358640103
6548,8.787067645218054,80.91971329657564,691.6697143922469
6549,8.787220328629298,80.92589202474076,691.7442895557475
6550,8.787372988731876,80.93207028119323,691.818861355177
6551,8.787525625532906,80.93824806604107,691.8934297911995
6552,8.787678239039497,80.94442537939224,691.9679948644821
6553,8.787830829258759,80.95060222135473,692.0425565756888
6554,8.7879833961978,80.95677859203639,692.117114925484
6555,8.78813593986372,80.96295449154508,692.1916699145321
6556,8.788288460263619,80.96912991998865,692.2662215434966
6557,8.788440957404594,80.97530487747484,692.340769813043
6558,8.788593431293735,80.9814793641114,692.4153147238342
6559,8.788745881938135,80.98765338000602,692.4898562765345
6560,8.788898309344878,80.99382692526635,692.5643944718048
6561,8.789050713521046,81.0,692.6389293103102
6562,8.789203094473724,81.00617260431454,692.7134607927131
6563,8.789355452209982,81.01234473831751,692.7879889196754
6564,8.789507786736896,81.01851640211638,692.8625136918594
6565,8.789660098061537,81.02468759581859,692.9370351099277
6566,8.789812386190972,81.03085831953157,693.0115531745425
6567,8.789964651132264,81.03702857336269,693.0860678863636
6568,8.790116892892472,81.04319835741924,693.1605792460547
6569,8.790269111478656,81.04936767180853,693.2350872542755
6570,8.790421306897867,81.05553651663777,693.3095919116877
6571,8.790573479157159,81.0617048920142,693.3840932189506
6572,8.790725628263576,81.06787279804497,693.4585911767266
6573,8.790877754224164,81.0740402348372,693.5330857856743
6574,8.791029857045965,81.08020720249795,693.607577046454
6575,8.791181936736017,81.08637370113428,693.6820649597262
6576,8.79133399330135,81.09253973085318,693.7565495261493
6577,8.791486026749002,81.09870529176159,693.8310307463839
6578,8.791638037085997,81.10487038396646,693.9055086210886
6579,8.791790024319363,81.11103500757464,693.9799831509218
6580,8.791941988456118,81.11719916269298,694.0544543365429
6581,8.792093929503284,81.12336284942828,694.1289221786084
6582,8.792245847467877,81.12952606788727,694.2033866777782
6583,8.792397742356906,81.13568881817667,694.2778478347103
6584,8.792549614177382,81.14185110040317,694.3523056500621
6585,8.792701462936309,81.14801291467339,694.4267601244895
6586,8.792853288640693,81.15417426109393,694.501211258652
6587,8.79300509129753,81.16033513977132,694.5756590532054
6588,8.793156870913819,81.1664955508121,694.6501035088066
6589,8.793308627496552,81.17265549432271,694.7245446261122
6590,8.79346036105272,81.17881497040962,694.7989824057789
6591,8.793612071589308,81.18497397917918,694.8734168484623
6592,8.7937637591133,81.19113252073775,694.9478479548189
6593,8.793915423631676,81.19729059519166,695.0222757255036
6594,8.794067065151415,81.20344820264715,695.0967001611706
6595,8.794218683679489,81.20960534321048,695.1711212624779
6596,8.794370279222871,81.21576201698781,695.2455390300793
6597,8.794521851788527,81.2219182240853,695.3199534646282
6598,8.794673401383422,81.22807396460905,695.394364566781
6599,8.794824928014517,81.23422923866515,695.4687723371903
6600,8.79497643168877,81.24038404635961,695.5431767765109
6601,8.795127912413138,81.24653838779841,695.6175778853976
6602,8.79527937019457,81.25269226308751,695.6919756645028
6603,8.795430805040018,81.25884567233281,695.7663701144793
6604,8.795582216956426,81.26499861564018,695.8407612359813
6605,8.795733605950735,81.27115109311545,695.9151490296613
6606,8.795884972029885,81.2773031048644,695.9895334961723
6607,8.796036315200814,81.28345465099278,696.0639146361659
6608,8.796187635470453,81.2896057316063,696.1382924502952
6609,8.796338932845732,81.29575634681062,696.212666939212
6610,8.796490207333578,81.30190649671138,696.2870381035681
6611,8.796641458940915,81.30805618141414,696.3614059440143
6612,8.796792687674662,81.3142054010245,696.4357704612034
6613,8.796943893541737,81.32035415564789,696.5101316557844
6614,8.797095076549056,81.32650244538985,696.5844895284097
6615,8.797246236703527,81.33265027035576,696.6588440797294
6616,8.797397374012059,81.33879763065102,696.7331953103944
6617,8.797548488481558,81.34494452638098,696.807543221055
6618,8.797699580118923,81.35109095765097,696.8818878123598
6619,8.797850648931053,81.35723692456621,696.9562290849597
6620,8.798001694924846,81.36338242723197,697.0305670395039
6621,8.798152718107191,81.36952746575342,697.1049016766419
6622,8.798303718484979,81.37567204023571,697.179232997022
6623,8.798454696065095,81.38181615078395,697.2535610012942
6624,8.798605650854423,81.38795979750321,697.3278856901061
6625,8.798756582859841,81.39410298049853,697.4022070641068
6626,8.798907492088226,81.40024569987489,697.4765251239437
6627,8.799058378546453,81.40638795573723,697.5508398702643
6628,8.79920924224139,81.41252974819048,697.6251513037183
6629,8.799360083179907,81.4186710773395,697.699459424952
6630,8.799510901368867,81.42481194328913,697.7737642346127
6631,8.79966169681513,81.43095234614415,697.848065733347
6632,8.799812469525556,81.43709228600933,697.9223639218014
6633,8.799963219506997,81.44323176298937,697.9966588006243
6634,8.800113946766308,81.44937077718895,698.0709503704602
6635,8.800264651310336,81.4555093287127,698.1452386319569
6636,8.800415333145924,81.4616474176652,698.2195235857587
6637,8.80056599227992,81.46778504415104,698.293805232512
6638,8.80071662871916,81.47392220827471,698.3680835728632
6639,8.80086724247048,81.48005891014071,698.4423586074552
6640,8.801017833540714,81.48619514985344,698.5166303369353
6641,8.801168401936692,81.49233092751734,698.5908987619471
6642,8.80131894766524,81.49846624323675,698.6651638831354
6643,8.801469470733185,81.50460109711598,698.7394257011449
6644,8.801619971147346,81.51073548925933,698.8136842166189
6645,8.801770448914539,81.51686941977103,698.8879394302026
6646,8.801920904041582,81.52300288875527,698.9621913425387
6647,8.802071336535285,81.52913589631623,699.0364399542698
6648,8.802221746402456,81.53526844255803,699.1106852660417
6649,8.8023721336499,81.54140052758476,699.1849272784949
6650,8.802522498284421,81.54753215150045,699.2591659922745
6651,8.802672840312818,81.55366331440912,699.3334014080209
6652,8.802823159741887,81.55979401641473,699.4076335263779
6653,8.802973456578423,81.5659242576212,699.4818623479869
6654,8.803123730829212,81.57205403813245,699.5560878734904
6655,8.803273982501045,81.57818335805229,699.6303101035292
6656,8.803424211600703,81.58431221748455,699.7045290387454
6657,8.80357441813497,81.59044061653302,699.7787446797803
6658,8.803724602110622,81.59656855530139,699.8529570272739
6659,8.803874763534434,81.6026960338934,699.9271660818682
6660,8.804024902413179,81.60882305241266,700.0013718442036
6661,8.804175018753625,81.61494961096282,700.0755743149213
6662,8.804325112562537,81.62107570964744,700.1497734946596
6663,8.804475183846678,81.62720134857007,700.2239693840585
6664,8.804625232612809,81.6333265278342,700.2981619837587
6665,8.804775258867686,81.6394512475433,700.3723512944006
6666,8.80492526261806,81.64557550780079,700.4465373166216
6667,8.805075243870684,81.65169930871004,700.5207200510613
6668,8.805225202632306,81.65782265037441,700.5948994983586
6669,8.80537513890967,81.6639455328972,700.6690756591514
6670,8.805525052709516,81.67006795638167,700.7432485340794
6671,8.805674944038582,81.67618992093105,700.817418123781
6672,8.805824812903607,81.68231142664855,700.8915844288924
6673,8.80597465931132,81.68843247363729,700.9657474500527
6674,8.80612448326845,81.69455306200041,701.0399071878985
6675,8.806274284781725,81.70067319184096,701.1140636430675
6676,8.806424063857868,81.70679286326198,701.1882168161977
6677,8.8065738205036,81.7129120763665,701.2623667079237
6678,8.806723554725636,81.71903083125741,701.3365133188839
6679,8.806873266530692,81.72514912803769,701.4106566497151
6680,8.807022955925477,81.7312669668102,701.4847967010514
6681,8.807172622916703,81.73738434767778,701.5589334735304
6682,8.80732226751107,81.74350127074322,701.6330669677873
6683,8.807471889715284,81.74961773610933,701.7071971844583
6684,8.807621489536043,81.75573374387878,701.7813241241779
6685,8.807771066980044,81.7618492941543,701.8554477875814
6686,8.80792062205398,81.76796438703852,701.9295681753039
6687,8.808070154764538,81.77407902263406,702.0036852879791
6688,8.808219665118408,81.78019320104349,702.0777991262432
6689,8.808369153122275,81.78630692236935,702.1519096907296
6690,8.808518618782816,81.79242018671412,702.2260169820718
6691,8.808668062106715,81.79853299418028,702.3001210009043
6692,8.808817483100642,81.80464534487024,702.3742217478591
6693,8.808966881771273,81.81075723888638,702.4483192235726
6694,8.809116258125274,81.81686867633104,702.5224134286749
6695,8.80926561216931,81.82297965730655,702.5965043638004
6696,8.80941494391005,81.82909018191513,702.6705920295818
6697,8.80956425335415,81.83520025025906,702.7446764266513
6698,8.809713540508268,81.8413098624405,702.8187575556407
6699,8.809862805379057,81.84741901856161,702.8928354171834
6700,8.81001204797317,81.8535277187245,702.9669100119095
6701,8.810161268297255,81.85963596303125,703.0409813404519
6702,8.810310466357958,81.8657437515839,703.1150494034414
6703,8.810459642161918,81.87185108448446,703.1891142015099
6704,8.81060879571578,81.87795796183488,703.2631757352879
6705,8.810757927026174,81.88406438373708,703.3372340054048
6706,8.810907036099737,81.89017035029296,703.4112890124934
6707,8.8110561229431,81.89627586160435,703.4853407571834
6708,8.811205187562887,81.90238091777309,703.5593892401043
6709,8.811354229965728,81.9084855189009,703.633434461886
6710,8.811503250158239,81.91458966508958,703.7074764231592
6711,8.811652248147043,81.92069335644078,703.7815151245522
6712,8.811801223938751,81.92679659305617,703.8555505666942
6713,8.81195017753998,81.93289937503738,703.9295827502148
6714,8.812099108957337,81.93900170248598,704.003611675743
6715,8.812248018197431,81.94510357550352,704.0776373439064
6716,8.812396905266864,81.95120499419151,704.151659755335
6717,8.812545770172237,81.95730595865142,704.2256789106551
6718,8.81269461292015,81.96340646898469,704.299694810497
6719,8.812843433517195,81.96950652529269,704.3737074554855
6720,8.812992231969966,81.97560612767678,704.4477168462505
6721,8.81314100828505,81.9817052762383,704.5217229834188
6722,8.813289762469037,81.98780397107853,704.5957258676168
6723,8.813438494528507,81.99390221229869,704.669725499471
6724,8.81358720447004,82.0,704.7437218796092
6725,8.813735892300215,82.00609733428362,704.8177150086572
6726,8.813884558025606,82.0121942152507,704.8917048872421
6727,8.814033201652784,82.0182906430023,704.9656915159898
6728,8.814181823188319,82.02438661763951,705.0396748955252
6729,8.814330422638774,82.03048213926333,705.1136550264739
6730,8.814479000010714,82.03657720797473,705.1876319094622
6731,8.814627555310697,82.04267182387468,705.2616055451144
6732,8.814776088545281,82.04876598706406,705.3355759340567
6733,8.814924599721019,82.05485969764375,705.4095430769121
6734,8.815073088844464,82.06095295571457,705.4835069743069
6735,8.815221555922163,82.06704576137733,705.5574676268639
6736,8.81537000096066,82.07313811473277,705.6314250352075
6737,8.815518423966498,82.0792300158816,705.7053791999633
6738,8.815666824946216,82.08532146492453,705.7793301217522
6739,8.815815203906352,82.09141246196218,705.8532778011996
6740,8.815963560853438,82.09750300709517,705.927222238929
6741,8.816111895794005,82.10359310042405,706.0011634355625
6742,8.816260208734581,82.10968274204937,706.0751013917222
6743,8.81640849968169,82.11577193207161,706.149036108033
6744,8.816556768641856,82.12186067059123,706.2229675851155
6745,8.816705015621595,82.12794895770867,706.2968958235921
6746,8.816853240627426,82.13403679352427,706.3708208240859
6747,8.817001443665859,82.14012417813842,706.4447425872165
6748,8.817149624743406,82.1462111116514,706.5186611136077
6749,8.817297783866575,82.15229759416349,706.5925764038799
6750,8.81744592104187,82.15838362577492,706.6664884586542
6751,8.817594036275793,82.16446920658588,706.7403972785513
6752,8.817742129574842,82.17055433669655,706.8143028641928
6753,8.817890200945513,82.17663901620703,706.888205216199
6754,8.818038250394299,82.18272324521742,706.9621043351893
6755,8.81818627792769,82.18880702382776,707.0360002217847
6756,8.818334283552174,82.19489035213807,707.1098928766038
6757,8.818482267274236,82.20097323024831,707.1837823002683
6758,8.818630229100354,82.20705565825844,707.2576684933958
6759,8.81877816903701,82.21313763626833,707.3315514566067
6760,8.818926087090677,82.21921916437786,707.4054311905195
6761,8.819073983267831,82.22530024268686,707.4793076957532
6762,8.81922185757494,82.23138087129512,707.5531809729265
6763,8.81936971001847,82.23746105030237,707.6270510226577
6764,8.819517540604888,82.24354077980836,707.7009178455646
6765,8.819665349340653,82.24962005991274,707.7747814422655
6766,8.819813136232225,82.25569889071517,707.8486418133776
6767,8.81996090128606,82.26177727231524,707.922498959521
6768,8.820108644508608,82.26785520481253,707.996352881309
6769,8.820256365906321,82.27393268830657,708.0702035793621
6770,8.820404065485645,82.28000972289685,708.1440510542963
6771,8.820551743253025,82.28608630868283,708.2178953067262
6772,8.820699399214904,82.29216244576394,708.2917363372716
6773,8.820847033377717,82.29823813423954,708.365574146548
6774,8.820994645747902,82.30431337420902,708.4394087351691
6775,8.821142236331891,82.31038816577164,708.5132401037537
6776,8.821289805136113,82.3164625090267,708.5870682529167
6777,8.821437352166997,82.32253640407346,708.6608931832719
6778,8.821584877430965,82.3286098510111,708.7347148954364
6779,8.821732380934442,82.33468284993876,708.8085333900256
6780,8.821879862683842,82.3407554009556,708.8823486676525
6781,8.822027322685583,82.34682750416071,708.9561607289326
6782,8.82217476094608,82.35289915965315,709.0299695744814
6783,8.822322177471738,82.35897036753191,709.103775204911
6784,8.82246957226897,82.365041127896,709.1775776208368
6785,8.822616945344176,82.37111144084436,709.2513768228735
6786,8.822764296703758,82.37718130647589,709.3251728116325
6787,8.822911626354117,82.38325072488946,709.3989655877288
6788,8.823058934301647,82.38931969618392,709.472755151774
6789,8.823206220552741,82.39538822045807,709.5465415043838
6790,8.823353485113792,82.40145629781065,709.6203246461678
6791,8.823500727991183,82.40752392834042,709.6941045777407
6792,8.823647949191303,82.41359111214607,709.7678812997142
6793,8.82379514872053,82.41965784932621,709.8416548127011
6794,8.823942326585245,82.42572413997951,709.9154251173126
6795,8.824089482791823,82.43178998420451,709.9891922141593
6796,8.824236617346639,82.4378553820998,710.0629561038556
6797,8.824383730256061,82.44392033376384,710.1367167870103
6798,8.82453082152646,82.44998483929515,710.2104742642354
6799,8.824677891164198,82.45604889879213,710.2842285361428
6800,8.824824939175638,82.46211251235322,710.3579796033415
6801,8.82497196556714,82.46817568007674,710.431727466443
6802,8.825118970345061,82.47423840206105,710.5054721260574
6803,8.825265953515752,82.48030067840442,710.5792135827938
6804,8.825412915085566,82.48636250920512,710.6529518372646
6805,8.82555985506085,82.49242389456137,710.7266868900762
6806,8.825706773447951,82.49848483457136,710.8004187418408
6807,8.82585367025321,82.50454532933323,710.8741473931667
6808,8.826000545482966,82.51060537894507,710.9478728446627
6809,8.826147399143558,82.516664983505,711.0215950969376
6810,8.826294231241318,82.52272414311103,711.0953141505996
6811,8.826441041782578,82.52878285786117,711.1690300062592
6812,8.826587830773668,82.5348411278534,711.2427426645222
6813,8.826734598220911,82.54089895318563,711.3164521259987
6814,8.826881344130634,82.54695633395576,711.3901583912946
6815,8.827028068509152,82.55301327026167,711.4638614610186
6816,8.827174771362785,82.55906976220118,711.5375613357786
6817,8.827321452697849,82.56512580987206,711.611258016181
6818,8.827468112520654,82.57118141337206,711.6849515028317
6819,8.827614750837508,82.57723657279892,711.7586417963404
6820,8.82776136765472,82.58329128825031,711.8323288973116
6821,8.82790796297859,82.58934555982388,711.9060128063524
6822,8.828054536815424,82.59539938761722,711.9796935240676
6823,8.828201089171515,82.60145277172793,712.0533710510657
6824,8.82834762005316,82.60750571225353,712.1270453879503
6825,8.828494129466652,82.61355820929153,712.200716535328
6826,8.82864061741828,82.61961026293939,712.2743844938045
6827,8.828787083914332,82.62566187329455,712.348049263983
6828,8.82893352896109,82.63171304045439,712.4217108464719
6829,8.829079952564836,82.63776376451628,712.4953692418728
6830,8.82922635473185,82.64381404557754,712.5690244507919
6831,8.829372735468406,82.64986388373546,712.6426764738334
6832,8.829519094780778,82.6559132790873,712.7163253116007
6833,8.829665432675236,82.66196223173026,712.7899709646982
6834,8.82981174915805,82.66801074176153,712.8636134337296
6835,8.829958044235482,82.67405880927826,712.9372527192997
6836,8.830104317913793,82.68010643437755,713.0108888220091
6837,8.830250570199247,82.68615361715648,713.0845217424633
6838,8.830396801098097,82.6922003577121,713.1581514812641
6839,8.830543010616596,82.6982466561414,713.2317780390152
6840,8.830689198760998,82.70429251254133,713.3054014163187
6841,8.830835365537549,82.71033792700887,713.3790216137755
6842,8.830981510952498,82.71638289964086,713.45263863199
6843,8.831127635012084,82.72242743053422,713.5262524715638
6844,8.83127373772255,82.72847151978574,713.5998631330965
6845,8.831419819090131,82.73451516749222,713.673470617192
6846,8.831565879121063,82.74055837375042,713.74707492445
6847,8.831711917821577,82.74660113865706,713.8206760554726
6848,8.831857935197906,82.75264346230881,713.8942740108613
6849,8.83200393125627,82.75868534480233,713.9678687912151
6850,8.832149906002899,82.76472678623425,714.0414603971361
6851,8.832295859444011,82.77076778670111,714.1150488292235
6852,8.832441791585824,82.7768083462995,714.188634088077
6853,8.832587702434553,82.78284846512591,714.2622161742979
6854,8.832733591996416,82.78888814327681,714.3357950884862
6855,8.832879460277615,82.79492738084863,714.4093708312395
6856,8.833025307284364,82.80096617793781,714.4829434031592
6857,8.833171133022866,82.80700453464067,714.5565128048431
6858,8.83331693749932,82.81304245105356,714.63007903689
6859,8.83346272071993,82.8190799272728,714.7036420998984
6860,8.833608482690892,82.82511696339462,714.7772019944684
6861,8.833754223418396,82.83115355951527,714.8507587211969
6862,8.833899942908635,82.83718971573094,714.9243122806823
6863,8.834045641167798,82.84322543213779,714.9978626735231
6864,8.834191318202071,82.84926070883192,715.0714099003168
6865,8.834336974017637,82.85529554590944,715.1449539616601
6866,8.834482608620677,82.86132994346639,715.2184948581507
6867,8.834628222017367,82.86736390159881,715.2920325903871
6868,8.834773814213882,82.87339742040264,715.3655671589638
6869,8.834919385216395,82.87943049997388,715.4390985644791
6870,8.835064935031076,82.8854631404084,715.5126268075289
6871,8.835210463664092,82.8914953418021,715.58615188871
6872,8.835355971121606,82.89752710425083,715.6596738086183
6873,8.835501457409778,82.90355842785037,715.73319256785
6874,8.835646922534773,82.90958931269651,715.8067081669997
6875,8.83579236650274,82.915619758885,715.8802206066642
6876,8.835937789319836,82.92164976651152,715.9537298874382
6877,8.83608319099221,82.92767933567175,716.027236009917
6878,8.836228571526014,82.93370846646133,716.1007389746948
6879,8.836373930927389,82.93973715897586,716.1742387823681
6880,8.83651926920248,82.94576541331088,716.2477354335302
6881,8.836664586357426,82.95179322956196,716.3212289287744
6882,8.836809882398365,82.95782060782456,716.3947192686961
6883,8.83695515733143,82.96384754819415,716.4682064538903
6884,8.837100411162755,82.96987405076617,716.5416904849488
6885,8.83724564389847,82.97590011563598,716.6151713624658
6886,8.837390855544697,82.98192574289898,716.6886490870347
6887,8.837536046107568,82.98795093265046,716.7621236592481
6888,8.837681215593197,82.99397568498571,716.8355950797011
6889,8.837826364007704,83.0,716.9090633489833
6890,8.837971491357209,83.00602387778854,716.9825284676892
6891,8.83811659764782,83.01204731844649,717.0559904364103
6892,8.838261682885651,83.01807032206904,717.1294492557402
6893,8.83840674707681,83.02409288875127,717.2029049262685
6894,8.838551790227402,83.03011501858829,717.2763574485882
6895,8.83869681234353,83.03613671167511,717.349806823292
6896,8.83884181343129,83.04215796810678,717.4232530509694
6897,8.838986793496787,83.04817878797824,717.4966961322125
6898,8.839131752546109,83.05419917138447,717.5701360676119
6899,8.83927669058535,83.06021911842033,717.6435728577591
6900,8.839421607620602,83.06623862918075,717.7170065032436
6901,8.839566503657949,83.07225770376053,717.7904370046566
6902,8.839711378703475,83.07827634225448,717.8638643625875
6903,8.839856232763264,83.08429454475737,717.9372885776278
6904,8.840001065843392,83.09031231136396,718.0107096503659
6905,8.840145877949938,83.09632964216891,718.0841275813905
6906,8.840290669088972,83.10234653726692,718.1575423712937
6907,8.84043543926657,83.10836299675262,718.2309540206631
6908,8.840580188488795,83.11437902072059,718.3043625300875
6909,8.840724916761715,83.12039460926542,718.3777679001555
6910,8.840869624091395,83.12640976248163,718.4511701314574
6911,8.841014310483892,83.1324244804637,718.5245692245803
6912,8.841158975945264,83.13843876330611,718.5979651801123
6913,8.84130362048157,83.14445261110329,718.6713579986417
6914,8.841448244098858,83.15046602394962,718.7447476807566
6915,8.84159284680318,83.15647900193947,718.8181342270439
6916,8.841737428600585,83.16249154516716,718.8915176380915
6917,8.841881989497114,83.16850365372699,718.9648979144879
6918,8.842026529498812,83.17451532771321,719.0382750568182
6919,8.842171048611716,83.18052656722004,719.1116490656698
6920,8.842315546841863,83.18653737234169,719.18501994163
6921,8.84246002419529,83.19254774317228,719.2583876852838
6922,8.842604480678025,83.19855767980596,719.3317522972199
6923,8.8427489162961,83.20456718233682,719.4051137780226
6924,8.842893331055539,83.21057625085888,719.4784721282783
6925,8.843037724962366,83.21658488546619,719.5518273485721
6926,8.843182098022606,83.22259308625273,719.6251794394901
6927,8.843326450242271,83.22860085331244,719.6985284016178
6928,8.843470781627381,83.23460818673925,719.7718742355396
6929,8.84361509218395,83.24061508662703,719.8452169418406
6930,8.843759381917984,83.24662155306964,719.9185565211063
6931,8.843903650835497,83.25262758616091,719.9918929739206
6932,8.84404789894249,83.2586331859946,720.0652263008669
6933,8.844192126244968,83.26463835266445,720.138556502532
6934,8.844336332748933,83.2706430862642,720.2118835794967
6935,8.844480518460378,83.27664738688752,720.2852075323473
6936,8.844624683385302,83.28265125462805,720.3585283616657
6937,8.844768827529695,83.28865468957942,720.431846068036
6938,8.844912950899548,83.2946576918352,720.5051606520409
6939,8.84505705350085,83.30066026148893,720.5784721142643
6940,8.845201135339584,83.30666239863412,720.6517804552878
6941,8.845345196421732,83.31266410336426,720.7250856756951
6942,8.845489236753274,83.3186653757728,720.7983877760671
6943,8.845633256340186,83.32466621595313,720.871686756988
6944,8.845777255188445,83.33066662399864,720.9449826190385
6945,8.845921233304018,83.33666660000267,721.0182753628006
6946,8.846065190692881,83.34266614405853,721.0915649888561
6947,8.846209127360996,83.34866525625951,721.1648514977868
6948,8.846353043314327,83.35466393669883,721.2381348901731
6949,8.846496938558838,83.3606621854697,721.3114151665965
6950,8.846640813100485,83.36666000266533,721.3846923276379
6951,8.846784666945227,83.37265738837884,721.4579663738787
6952,8.846928500099018,83.37865434270333,721.5312373058979
6953,8.847072312567807,83.38465086573187,721.6045051242764
6954,8.847216104357543,83.39064695755754,721.6777698295945
6955,8.847359875474174,83.3966426182733,721.7510314224326
6956,8.847503625923641,83.40263784797217,721.8242899033693
6957,8.847647355711887,83.40863264674707,721.8975452729843
6958,8.84779106484485,83.4146270146909,721.9707975318581
6959,8.847934753328465,83.42062095189654,722.044046680569
6960,8.848078421168667,83.42661445845684,722.1172927196958
6961,8.848222068371385,83.43260753446461,722.1905356498177
6962,8.848365694942547,83.43860018001261,722.2637754715126
6963,8.848509300888079,83.4445923951936,722.3370121853591
6964,8.848652886213905,83.45058418010026,722.4102457919364
6965,8.848796450925947,83.45657553482529,722.4834762918208
6966,8.848939995030118,83.46256645946133,722.556703685591
6967,8.849083518532339,83.46855695410099,722.6299279738258
6968,8.84922702143852,83.47454701883683,722.703149157101
6969,8.84937050375457,83.48053665376139,722.776367235993
6970,8.849513965486398,83.48652585896721,722.8495822110812
6971,8.849657406639912,83.49251463454674,722.9227940829409
6972,8.84980082722101,83.4985029805924,722.9960028521491
6973,8.849944227235596,83.50449089719666,723.0692085192833
6974,8.850087606689566,83.51047838445186,723.142411084918
6975,8.850230965588816,83.51646544245033,723.2156105496312
6976,8.850374303939237,83.5224520712844,723.2888069139971
6977,8.85051762174672,83.52843827104634,723.3620001785918
6978,8.850660919017152,83.5344240418284,723.435190343992
6979,8.850804195756417,83.5404093837228,723.5083774107711
6980,8.850947451970402,83.54639429682169,723.5815613795058
6981,8.851090687664982,83.55237878121723,723.654742250771
6982,8.851233902846035,83.55836283700154,723.7279200251404
6983,8.851377097519439,83.56434646426669,723.8010947031892
6984,8.851520271691061,83.57032966310472,723.8742662854925
6985,8.851663425366777,83.57631243360764,723.947434772624
6986,8.85180655855245,83.58229477586745,724.020600165157
6987,8.851949671253948,83.58827668997608,724.0937624636657
6988,8.85209276347713,83.59425817602546,724.1669216687243
6989,8.852235835227855,83.60023923410746,724.2400777809056
6990,8.852378886511985,83.60621986431393,724.3132308007831
6991,8.852521917335372,83.61220006673668,724.3863807289299
6992,8.852664927703866,83.6181798414675,724.4595275659188
6993,8.852807917623322,83.62415918859813,724.5326713123229
6994,8.852950887099581,83.6301381082203,724.6058119687143
6995,8.853093836138493,83.63611660042568,724.6789495356653
6996,8.853236764745898,83.64209466530593,724.7520840137482
6997,8.853379672927634,83.64807230295268,724.8252154035347
6998,8.85352256068954,83.65404951345751,724.898343705597
6999,8.85366542803745,83.66002629691195,724.9714689205063
7000,8.853808274977197,83.66600265340756,725.0445910488336
7001,8.85395110151461,83.6719785830358,725.1177100911518
7002,8.854093907655518,83.67795408588812,725.1908260480303
7003,8.854236693405742,83.68392916205596,725.2639389200395
7004,8.854379458771108,83.68990381163071,725.3370487077518
7005,8.854522203757432,83.69587803470371,725.4101554117362
7006,8.854664928370534,83.70185183136631,725.4832590325632
7007,8.854807632616227,83.70782520170978,725.5563595708032
7008,8.854950316500325,83.7137981458254,725.6294570270267
7009,8.855092980028635,83.71977066380438,725.7025514018021
7010,8.855235623206967,83.72574275573791,725.7756426956996
7011,8.855378246041125,83.73171442171717,725.8487309092886
7012,8.85552084853691,83.73768566183328,725.9218160431386
7013,8.855663430700124,83.74365647617735,725.9948980978169
7014,8.855805992536562,83.74962686484042,726.0679770738942
7015,8.855948534052018,83.75559682791354,726.141052971938
7016,8.85609105525229,83.7615663654877,726.2141257925169
7017,8.85623355614316,83.76753547765387,726.2871955361995
7018,8.856376036730422,83.773504164503,726.360262203554
7019,8.856518497019858,83.77947242612596,726.4333257951472
7020,8.85666093701725,83.78544026261365,726.5063863115477
7021,8.856803356728378,83.79140767405688,726.5794437533223
7022,8.856945756159021,83.7973746605465,726.6524981210378
7023,8.857088135314953,83.80334122217323,726.7255494152635
7024,8.857230494201946,83.80930735902786,726.7985976365638
7025,8.857372832825773,83.81527307120105,726.8716427855071
7026,8.857515151192198,83.8212383587835,726.9446848626592
7027,8.857657449306988,83.82720322186587,727.0177238685862
7028,8.857799727175905,83.83316766053875,727.0907598038555
7029,8.857941984804711,83.83913167489273,727.1637926690317
7030,8.858084222199162,83.84509526501833,727.2368224646809
7031,8.858226439365012,83.85105843100611,727.3098491913693
7032,8.858368636308018,83.85702117294652,727.3828728496619
7033,8.858510813033927,83.86298349093002,727.4558934401244
7034,8.858652969548489,83.86894538504703,727.5289109633214
7035,8.85879510585745,83.87490685538792,727.6019254198179
7036,8.85893722196655,83.88086790204308,727.6749368101775
7037,8.85907931788153,83.8868285251028,727.7479451349666
7038,8.85922139360813,83.89278872465738,727.8209503947492
7039,8.859363449152088,83.89874850079708,727.8939525900886
7040,8.859505484519133,83.90470785361212,727.9669517215494
7041,8.859647499714997,83.91066678319271,728.039947789694
7042,8.85978949474541,83.916625289629,728.1129407950882
7043,8.859931469616097,83.92258337301111,728.1859307382941
7044,8.86007342433278,83.92854103342914,728.2589176198744
7045,8.860215358901183,83.93449827097318,728.3319014403932
7046,8.860357273327022,83.94045508573325,728.4048822004138
7047,8.860499167616016,83.94641147779933,728.4778599004964
7048,8.860641041773876,83.95236744726142,728.550834541206
7049,8.860782895806315,83.95832299420945,728.6238061231043
7050,8.860924729719041,83.96427811873333,728.696774646753
7051,8.861066543517762,83.97023282092292,728.7697401127136
7052,8.86120833720818,83.97618710086806,728.8427025215494
7053,8.861350110795998,83.98214095865859,728.9156618738205
7054,8.861491864286915,83.98809439438426,728.9886181700891
7055,8.861633597686627,83.99404740813482,729.0615714109165
7056,8.86177531100083,84.0,729.1345215968627
7057,8.861917004235215,84.00595217006948,729.2074687284896
7058,8.862058677395472,84.01190391843289,729.280412806357
7059,8.862200330487287,84.01785524517987,729.353353831026
7060,8.862341963516347,84.02380615040002,729.4262918030564
7061,8.862483576488332,84.02975663418287,729.4992267230097
7062,8.862625169408922,84.03570669661795,729.5721585914439
7063,8.862766742283796,84.04165633779478,729.6450874089204
7064,8.862908295118627,84.04760555780278,729.7180131759973
7065,8.86304982791909,84.0535543567314,729.7909358932351
7066,8.863191340690854,84.05950273467003,729.8638555611928
7067,8.863332833439587,84.06545069170807,729.936772180428
7068,8.863474306170954,84.07139822793481,730.0096857515023
7069,8.863615758890619,84.07734534343957,730.0825962749716
7070,8.863757191604241,84.08329203831163,730.1555037513964
7071,8.863898604317479,84.08923831264022,730.2284081813337
7072,8.86403999703599,84.09518416651456,730.3013095653419
7073,8.864181369765426,84.10112960002381,730.3742079039798
7074,8.864322722511439,84.10707461325711,730.4471031978036
7075,8.864464055279676,84.1130192063036,730.5199954473726
7076,8.864605368075784,84.11896337925236,730.592884653243
7077,8.864746660905409,84.12490713219242,730.6657708159723
7078,8.86488793377419,84.13085046521282,730.7386539361171
7079,8.865029186687766,84.13679337840253,730.8115340142365
7080,8.865170419651774,84.14273587185052,730.8844110508837
7081,8.86531163267185,84.1486779456457,730.9572850466176
7082,8.865452825753623,84.15461959987698,731.0301560019931
7083,8.865593998902725,84.16056083463323,731.1030239175677
7084,8.865735152124781,84.16650165000326,731.1758887938965
7085,8.865876285425417,84.17244204607586,731.2487506315348
7086,8.866017398810255,84.17838202293983,731.32160943104
7087,8.866158492284917,84.1843215806839,731.3944651929661
7088,8.866299565855018,84.19026071939675,731.4673179178676
7089,8.866440619526173,84.19619943916709,731.5401676063015
7090,8.866581653303996,84.20213774008353,731.6130142588202
7091,8.866722667194098,84.20807562223472,731.6858578759819
7092,8.866863661202087,84.2140130857092,731.7586984583377
7093,8.867004635333567,84.21995013059554,731.8315360064438
7094,8.867145589594143,84.22588675698226,731.904370520854
7095,8.867286523989415,84.23182296495784,731.9772020021221
7096,8.867427438524983,84.23775875461075,732.0500304508006
7097,8.867568333206442,84.2436941260294,732.1228558674454
7098,8.867709208039386,84.24962907930218,732.1956782526098
7099,8.867850063029406,84.25556361451747,732.2684976068456
7100,8.867990898182093,84.26149773176358,732.341313930706
7101,8.868131713503033,84.26743143112884,732.4141272247446
7102,8.86827250899781,84.27336471270148,732.4869374895142
7103,8.868413284672005,84.27929757656977,732.5597447255661
7104,8.868554040531201,84.2852300228219,732.632548933454
7105,8.868694776580972,84.29116205154607,732.7053501137306
7106,8.868835492826895,84.29709366283039,732.778148266946
7107,8.868976189274543,84.303024856763,732.8509433936534
7108,8.869116865929483,84.30895563343196,732.9237354944037
7109,8.869257522797287,84.31488599292535,732.9965245697493
7110,8.869398159883518,84.32081593533118,733.0693106202405
7111,8.86953877719374,84.32674546073743,733.1420936464292
7112,8.869679374733515,84.33267456923205,733.2148736488651
7113,8.8698199525084,84.33860326090301,733.2876506281001
7114,8.869960510523953,84.34453153583817,733.3604245846851
7115,8.870101048785726,84.35045939412541,733.4331955191695
7116,8.87024156729927,84.35638683585256,733.5059634321043
7117,8.870382066070137,84.36231386110744,733.5787283240381
7118,8.870522545103873,84.3682404699778,733.6514901955223
7119,8.87066300440602,84.3741666625514,733.7242490471066
7120,8.870803443982124,84.38009243891595,733.7970048793393
7121,8.870943863837724,84.38601779915912,733.8697576927707
7122,8.871084263978354,84.39194274336857,733.9425074879507
7123,8.871224644409553,84.39786727163192,734.0152542654259
7124,8.871365005136852,84.40379138403677,734.0879980257469
7125,8.871505346165781,84.40971508067067,734.1607387694618
7126,8.871645667501872,84.41563836162112,734.2334764971193
7127,8.871785969150645,84.42156122697565,734.3062112092681
7128,8.871926251117628,84.42748367682174,734.3789429064551
7129,8.872066513408342,84.43340571124678,734.4516715892292
7130,8.872206756028303,84.4393273303382,734.5243972581383
7131,8.872346978983032,84.44524853418338,734.597119913729
7132,8.872487182278038,84.45116932286965,734.6698395565501
7133,8.872627365918836,84.45708969648433,734.7425561871461
7134,8.872767529910936,84.4630096551147,734.8152698060668
7135,8.872907674259846,84.46892919884802,734.887980413858
7136,8.873047798971067,84.4748483277715,734.9606880110667
7137,8.873187904050106,84.48076704197234,735.0333925982393
7138,8.87332798950246,84.4866853415377,735.1060941759227
7139,8.87346805533363,84.49260322655469,735.1787927446617
7140,8.87360810154911,84.49852069711044,735.251488305003
7141,8.873748128154395,84.50443775329198,735.3241808574923
7142,8.873888135154973,84.5103543951864,735.3968704026753
7143,8.874028122556336,84.51627062288065,735.4695569410972
7144,8.874168090363968,84.52218643646175,735.5422404733042
7145,8.874308038583354,84.52810183601665,735.6149209998405
7146,8.874447967219979,84.53401682163222,735.6875985212524
7147,8.87458787627932,84.53993139339539,735.7602730380819
7148,8.874727765766853,84.545845551393,735.8329445508768
7149,8.874867635688053,84.55175929571188,735.9056130601796
7150,8.875007486048396,84.55767262643882,735.9782785665343
7151,8.87514731685335,84.56358554366058,736.0509410704858
7152,8.875287128108384,84.5694980474639,736.1236005725784
7153,8.875426919818963,84.57541013793548,736.1962570733548
7154,8.875566691990551,84.581321815162,736.2689105733589
7155,8.87570644462861,84.5872330792301,736.3415610731337
7156,8.875846177738598,84.5931439302264,736.4142085732237
7157,8.875985891325971,84.59905436823747,736.4868530741702
7158,8.876125585396185,84.60496439334987,736.559494576517
7159,8.87626525995469,84.61087400565013,736.6321330808069
7160,8.87640491500694,84.61678320522472,736.7047685875821
7161,8.876544550558378,84.62269199216011,736.7774010973844
7162,8.876684166614451,84.62860036654276,736.8500306107564
7163,8.876823763180603,84.63450832845902,736.9226571282403
7164,8.876963340262272,84.64041587799531,736.9952806503785
7165,8.8771028978649,84.64632301523794,737.0679011777117
7166,8.877242435993919,84.65222974027323,737.14051871078
7167,8.877381954654766,84.65813605318746,737.2131332501278
7168,8.877521453852872,84.6640419540669,737.285744796294
7169,8.877660933593667,84.66994744299774,737.35835334982
7170,8.877800393882575,84.67585252006619,737.4309589112465
7171,8.877939834725023,84.6817571853584,737.5035614811152
7172,8.878079256126435,84.68766143896052,737.5761610599643
7173,8.878218658092228,84.69356528095862,737.6487576483353
7174,8.878358040627822,84.6994687114388,737.7213512467694
7175,8.878497403738631,84.70537173048709,737.7939418558041
7176,8.878636747430072,84.71127433818948,737.866529475981
7177,8.878776071707552,84.71717653463199,737.9391141078387
7178,8.878915376576483,84.72307831990054,738.0116957519168
7179,8.87905466204227,84.72897969408106,738.0842744087555
7180,8.879193928110318,84.73488065725944,738.1568500788916
7181,8.879333174786028,84.74078120952154,738.2294227628668
7182,8.879472402074802,84.74668135095321,738.3019924612167
7183,8.879611609982035,84.75258108164022,738.3745591744829
7184,8.879750798513125,84.75848040166836,738.4471229032009
7185,8.879889967673464,84.76437931112338,738.5196836479106
7186,8.880029117468442,84.77027781009096,738.5922414091489
7187,8.88016824790345,84.77617589865682,738.6647961874552
7188,8.880307358983872,84.78207357690657,738.7373479833665
7189,8.880446450715093,84.78797084492588,738.8098967974191
7190,8.880585523102495,84.7938677028003,738.8824426301517
7191,8.880724576151456,84.79976415061542,738.9549854821005
7192,8.880863609867356,84.80566018845676,739.0275253538038
7193,8.881002624255569,84.81155581640984,739.1000622457964
7194,8.881141619321468,84.8174510345601,739.1725961586164
7195,8.881280595070423,84.823345842993,739.2451270928002
7196,8.881419551507804,84.82924024179398,739.317655048883
7197,8.881558488638976,84.8351342310484,739.3901800274026
7198,8.881697406469304,84.84102781084161,739.4627020288941
7199,8.881836305004146,84.84692098125895,739.5352210538922
7200,8.881975184248867,84.8528137423857,739.6077371029348
7201,8.882114044208821,84.85870609430714,739.6802501765551
7202,8.882252884889363,84.86459803710851,739.7527602752888
7203,8.882391706295847,84.870489570875,739.8252673996727
7204,8.882530508433623,84.87638069569178,739.8977715502396
7205,8.882669291308039,84.88227141164403,739.9702727275254
7206,8.88280805492444,84.88816171881683,740.0427709320642
7207,8.882946799288174,84.8940516172953,740.1152661643915
7208,8.883085524404578,84.8999411071645,740.1877584250394
7209,8.883224230278994,84.90583018850944,740.2602477145437
7210,8.88336291691676,84.91171886141512,740.3327340334371
7211,8.883501584323207,84.91760712596653,740.405217382255
7212,8.883640232503673,84.92349498224858,740.4776977615301
7213,8.883778861463485,84.92938243034621,740.550175171794
7214,8.88391747120797,84.9352694703443,740.6226496135831
7215,8.88405606174246,84.94115610232768,740.6951210874286
7216,8.884194633072273,84.94704232638121,740.7675895938631
7217,8.884333185202735,84.95292814258964,740.8400551334213
7218,8.88447171813916,84.95881355103778,740.9125177066326
7219,8.884610231886873,84.96469855181033,740.9849773140313
7220,8.884748726451182,84.970583144992,741.0574339561499
7221,8.884887201837403,84.97646733066749,741.12988763352
7222,8.885025658050846,84.98235110892143,741.2023383466739
7223,8.88516409509682,84.98823447983844,741.2747860961412
7224,8.885302512980633,84.99411744350311,741.3472308824556
7225,8.885440911707585,85.0,741.4196727061483
7226,8.885579291282982,85.00588214941364,741.492111567749
7227,8.885717651712119,85.01176389182852,741.5645474677907
7228,8.885855993000296,85.01764522732913,741.6369804068025
7229,8.88599431515281,85.0235261559999,741.709410385316
7230,8.886132618174951,85.02940667792525,741.7818374038621
7231,8.886270902072013,85.03528679318957,741.8542614629703
7232,8.886409166849282,85.0411665018772,741.926682563171
7233,8.886547412512042,85.04704580407247,741.9991007049937
7234,8.886685639065584,85.05292469985967,742.071515888969
7235,8.886823846515187,85.05880318932309,742.1439281156272
7236,8.886962034866128,85.06468127254695,742.216337385496
7237,8.887100204123687,85.07055894961546,742.2887436991062
7238,8.88723835429314,85.07643622061282,742.3611470569859
7239,8.887376485379763,85.08231308562314,742.4335474596656
7240,8.88751459738882,85.0881895447306,742.5059449076726
7241,8.887652690325586,85.09406559801923,742.5783394015361
7242,8.887790764195326,85.09994124557313,742.6507309417843
7243,8.887928819003305,85.10581648747635,742.7231195289467
7244,8.888066854754783,85.11169132381285,742.7955051635496
7245,8.888204871455022,85.11756575466664,742.8678878461228
7246,8.888342869109282,85.12343978012167,742.9402675771936
7247,8.888480847722816,85.12931340026184,743.0126443572882
7248,8.888618807300878,85.13518661517105,743.0850181869351
7249,8.88875674784872,85.14105942493316,743.1573890666633
7250,8.888894669371593,85.14693182963201,743.2297569969969
7251,8.889032571874742,85.15280382935138,743.302121978465
7252,8.889170455363413,85.15867542417507,743.3744840115945
7253,8.889308319842847,85.16454661418682,743.4468430969108
7254,8.889446165318288,85.17041739947034,743.5191992349415
7255,8.889583991794973,85.17628778010932,743.5915524262116
7256,8.889721799278137,85.18215775618742,743.6639026712481
7257,8.889859587773016,85.18802732778826,743.7362499705765
7258,8.889997357284841,85.19389649499546,743.8085943247247
7259,8.890135107818843,85.19976525789258,743.8809357342158
7260,8.890272839380247,85.20563361656318,743.953274199576
7261,8.89041055197428,85.21150157109074,744.025609721331
7262,8.890548245606167,85.21736912155878,744.0979423000056
7263,8.890685920281129,85.22323626805074,744.1702719361252
7264,8.890823576004383,85.22910301065006,744.2425986302144
7265,8.890961212781146,85.23496934944014,744.3149223827975
7266,8.891098830616636,85.24083528450434,744.3872431943997
7267,8.891236429516061,85.246700815926,744.4595610655446
7268,8.891374009484636,85.25256594378845,744.5318759967572
7269,8.891511570527564,85.25843066817498,744.6041879885614
7270,8.891649112650057,85.26429498916883,744.6764970414796
7271,8.891786635857315,85.27015890685323,744.7488031560378
7272,8.89192414015454,85.27602242131137,744.8211063327569
7273,8.892061625546935,85.28188553262645,744.893406572162
7274,8.892199092039693,85.28774824088158,744.9657038747762
7275,8.892336539638013,85.2936105461599,745.0379982411218
7276,8.892473968347087,85.29947244854449,745.1102896717223
7277,8.892611378172106,85.30533394811839,745.1825781670997
7278,8.892748769118258,85.31119504496465,745.2548637277765
7279,8.892886141190731,85.31705573916625,745.3271463542762
7280,8.893023494394711,85.32291603080617,745.3994260471205
7281,8.893160828735379,85.32877591996736,745.4717028068304
7282,8.893298144217916,85.33463540673272,745.543976633928
7283,8.8934354408475,85.34049449118513,745.6162475289354
7284,8.893572718629306,85.34635317340748,745.6885154923756
7285,8.89370997756851,85.35221145348257,745.7607805247674
7286,8.893847217670283,85.3580693314932,745.8330426266333
7287,8.893984438939794,85.36392680752216,745.9053017984941
7288,8.894121641382213,85.36978388165218,745.9775580408705
7289,8.894258825002703,85.37564055396598,746.0498113542842
7290,8.89439598980643,85.38149682454625,746.1220617392543
7291,8.894533135798554,85.38735269347563,746.1943091963014
7292,8.894670262984233,85.39320816083678,746.2665537259466
7293,8.894807371368625,85.39906322671227,746.338795328709
7294,8.894944460956886,85.4049178911847,746.4110340051096
7295,8.895081531754167,85.4107721543366,746.4832697556673
7296,8.89521858376562,85.41662601625049,746.5555025809023
7297,8.895355616996392,85.42247947700886,746.6277324813329
7298,8.895492631451633,85.42833253669417,746.6999594574787
7299,8.895629627136483,85.43418519538885,746.77218350986
7300,8.895766604056085,85.44003745317531,746.8444046389931
7301,8.895903562215581,85.44588931013593,746.9166228453996
7302,8.89604050162011,85.45174076635303,746.9888381295965
7303,8.896177422274805,85.45759182190895,747.0610504921033
7304,8.8963143241848,85.46344247688599,747.133259933436
7305,8.896451207355227,85.4692927313664,747.2054664541147
7306,8.896588071791218,85.47514258543241,747.2776700546578
7307,8.896724917497897,85.48099203916622,747.3498707355809
7308,8.896861744480391,85.48684109265004,747.4220684974026
7309,8.896998552743824,85.492689745966,747.494263340641
7310,8.897135342293316,85.49853799919622,747.5664552658128
7311,8.897272113133987,85.5043858524228,747.6386442734348
7312,8.89740886527095,85.5102333057278,747.7108303640244
7313,8.897545598709327,85.51608035919327,747.7830135380993
7314,8.897682313454224,85.5219270129012,747.8551937961739
7315,8.897819009510757,85.5277732669336,747.9273711387665
7316,8.89795568688403,85.53361912137238,747.9995455663927
7317,8.898092345579153,85.53946457629952,748.0717170795683
7318,8.898228985601227,85.54530963179688,748.1438856788096
7319,8.898365606955357,85.55115428794635,748.2160513646327
7320,8.898502209646642,85.55699854482975,748.2882141375544
7321,8.898638793680181,85.56284240252891,748.3603739980877
7322,8.89877535906107,85.56868586112562,748.4325309467489
7323,8.898911905794401,85.57452892070164,748.5046849840529
7324,8.899048433885268,85.58037158133867,748.5768361105163
7325,8.89918494333876,85.58621384311844,748.6489843266517
7326,8.899321434159964,85.59205570612264,748.7211296329766
7327,8.899457906353966,85.59789717043287,748.7932720300016
7328,8.89959435992585,85.60373823613078,748.8654115182446
7329,8.899730794880696,85.60957890329796,748.9375480982189
7330,8.899867211223587,85.61541917201598,749.009681770436
7331,8.900003608959596,85.62125904236635,749.081812535414
7332,8.9001399880938,85.62709851443059,749.1539403936636
7333,8.900276348631271,85.63293758829018,749.2260653456993
7334,8.900412690577083,85.63877626402656,749.2981873920348
7335,8.9005490139363,85.64461454172118,749.3703065331824
7336,8.900685318713995,85.65045242145543,749.4424227696558
7337,8.900821604915228,85.65628990331066,749.5145361019681
7338,8.900957872545062,85.66212698736823,749.586646530632
7339,8.901094121608562,85.66796367370944,749.65875405616
7340,8.901230352110781,85.67379996241559,749.7308586790641
7341,8.90136656405678,85.67963585356792,749.8029603998572
7342,8.90150275745161,85.68547134724766,749.8750592190496
7343,8.901638932300326,85.69130644353604,749.9471551371565
7344,8.901775088607979,85.6971411425142,750.0192481546882
7345,8.901911226379612,85.70297544426332,750.0913382721553
7346,8.902047345620277,85.70880934886448,750.16342549007
7347,8.902183446335016,85.71464285639881,750.2355098089431
7348,8.90231952852887,85.72047596694736,750.3075912292878
7349,8.902455592206882,85.72630868059116,750.379669751613
7350,8.902591637374087,85.73214099741124,750.4517453764295
7351,8.902727664035522,85.73797291748855,750.523818104249
7352,8.902863672196222,85.74380444090407,750.5958879355817
7353,8.902999661861218,85.74963556773871,750.6679548709386
7354,8.903135633035538,85.75546629807339,750.740018910828
7355,8.903271585724212,85.76129663198896,750.8120800557616
7356,8.903407519932264,85.76712656956627,750.8841383062493
7357,8.90354343566472,85.77295611088614,750.9561936627994
7358,8.903679332926599,85.77878525602937,751.0282461259235
7359,8.903815211722922,85.78461400507669,751.100295696128
7360,8.903951072058707,85.79044235810886,751.1723423739256
7361,8.904086913938967,85.7962703152066,751.244386159824
7362,8.904222737368716,85.80209787645055,751.3164270543308
7363,8.904358542352968,85.8079250419214,751.3884650579562
7364,8.90449432889673,85.81375181169973,751.4605001712087
7365,8.904630097005011,85.81957818586619,751.5325323945967
7366,8.904765846682814,85.82540416450132,751.604561728628
7367,8.904901577935142,85.83122974768565,751.6765881738115
7368,8.905037290767,85.83705493549974,751.7486117306545
7369,8.905172985183382,85.84287972802403,751.820632399665
7370,8.905308661189288,85.84870412533901,751.8926501813504
7371,8.905444318789714,85.85452812752511,751.9646650762186
7372,8.90557995798965,85.86035173466273,752.0366770847769
7373,8.90571557879409,85.86617494683223,752.1086862075325
7374,8.905851181208021,85.871997764114,752.1806924449922
7375,8.90598676523643,85.87782018658834,752.2526957976637
7376,8.906122330884303,85.88364221433555,752.3246962660515
7377,8.906257878156621,85.8894638474359,752.3966938506646
7378,8.906393407058367,85.89528508596965,752.468688552009
7379,8.906528917594517,85.901105930017,752.5406803705898
7380,8.906664409770052,85.90692637965812,752.6126693069139
7381,8.906799883589944,85.9127464349732,752.6846553614859
7382,8.906935339059165,85.91856609604235,752.7566385348138
7383,8.907070776182689,85.92438536294571,752.828618827402
7384,8.90720619496548,85.93020423576334,752.9005962397558
7385,8.90734159541251,85.93602271457529,752.9725707723808
7386,8.907476977528738,85.94184079946159,753.0445424257814
7387,8.90761234131913,85.94765849050223,753.1165112004636
7388,8.907747686788648,85.9534757877772,753.1884770969314
7389,8.907883013942248,85.95929269136641,753.2604401156899
7390,8.908018322784887,85.96510920134982,753.3324002572452
7391,8.90815361332152,85.9709253178073,753.404357522099
7392,8.9082888855571,85.97674104081871,753.4763119107563
7393,8.908424139496578,85.98255637046388,753.5482634237205
7394,8.9085593751449,85.98837130682264,753.6202120614978
7395,8.908694592507015,85.99418584997477,753.6921578245901
7396,8.908829791587868,86.0,753.7641007135012
7397,8.908964972392399,86.00581375697809,753.8360407287347
7398,8.90910013492555,86.0116271209887,753.9079778707935
7399,8.909235279192261,86.01744009211156,753.9799121401811
7400,8.909370405197466,86.02325267042627,754.0518435374
7401,8.909505512946101,86.02906485601247,754.1237720629543
7402,8.909640602443098,86.03487664894976,754.1956977173453
7403,8.909775673693389,86.0406880493177,754.267620501076
7404,8.909910726701899,86.04649905719582,754.3395404146484
7405,8.910045761473558,86.05230967266364,754.4114574585642
7406,8.91018077801329,86.05811989580066,754.483371633327
7407,8.910315776326016,86.06392972668631,754.5552829394368
7408,8.910450756416656,86.06973916540005,754.6271913773966
7409,8.910585718290132,86.07554821202127,754.6990969477077
7410,8.910720661951359,86.08135686662938,754.7709996508711
7411,8.91085558740525,86.08716512930368,754.8428994873877
7412,8.910990494656719,86.09297300012354,754.9147964577605
7413,8.911125383710678,86.09878047916823,754.9866905624875
7414,8.911260254572033,86.10458756651704,755.0585818020724
7415,8.91139510724569,86.1103942622492,755.1304701770133
7416,8.911529941736559,86.11620056644394,755.2023556878124
7417,8.911664758049536,86.12200647918046,755.2742383349697
7418,8.911799556189527,86.1278120005379,755.3461181189844
7419,8.911934336161426,86.13361713059541,755.4179950403566
7420,8.912069097970134,86.13942186943211,755.4898690995873
7421,8.912203841620542,86.14522621712709,755.5617402971753
7422,8.912338567117548,86.15103017375938,755.6336086336199
7423,8.912473274466036,86.15683373940804,755.7054741094215
7424,8.9126079636709,86.16263691415206,755.777336725079
7425,8.912742634737025,86.16843969807043,755.849196481091
7426,8.912877287669296,86.17424209124209,755.921053377956
7427,8.913011922472597,86.18004409374598,755.9929074161738
7428,8.913146539151807,86.18584570566097,756.0647585962425
7429,8.913281137711804,86.19164692706596,756.1366069186611
7430,8.91341571815747,86.1974477580398,756.2084523839272
7431,8.913550280493675,86.20324819866129,756.2802949925389
7432,8.913684824725294,86.20904824900923,756.3521347449936
7433,8.913819350857198,86.21484790916237,756.4239716417911
7434,8.913953858894255,86.22064717919949,756.4958056834272
7435,8.914088348841334,86.22644605919926,756.567636870401
7436,8.9142228207033,86.23224454924039,756.6394652032077
7437,8.914357274485015,86.23804264940155,756.7112906823473
7438,8.914491710191342,86.24384035976135,756.7831133083147
7439,8.914626127827137,86.24963768039841,756.8549330816072
7440,8.914760527397261,86.2554346113913,756.9267500027225
7441,8.914894908906568,86.26123115281858,756.9985640721563
7442,8.915029272359911,86.2670273047588,757.0703752904055
7443,8.915163617762142,86.27282306729043,757.142183657966
7444,8.915297945118109,86.27861844049197,757.2139891753346
7445,8.915432254432663,86.28441342444185,757.2857918430063
7446,8.915566545710645,86.2902080192185,757.3575916614769
7447,8.915700818956903,86.29600222490032,757.429388631244
7448,8.915835074176277,86.30179604156567,757.501182752801
7449,8.915969311373605,86.3075894692929,757.5729740266439
7450,8.916103530553727,86.31338250816034,757.6447624532685
7451,8.916237731721479,86.31917515824627,757.7165480331697
7452,8.916371914881694,86.32496741962895,757.7883307668418
7453,8.916506080039204,86.33075929238663,757.8601106547795
7454,8.916640227198839,86.3365507765975,757.9318876974786
7455,8.916774356365426,86.34234187233979,758.0036618954333
7456,8.916908467543795,86.34813257969161,758.0754332491365
7457,8.917042560738766,86.35392289873113,758.1472017590846
7458,8.917176635955164,86.35971282953643,758.2189674257693
7459,8.917310693197807,86.36550237218562,758.2907302496851
7460,8.917444732471514,86.37129152675674,758.362490231327
7461,8.917578753781104,86.37708029332781,758.4342473711868
7462,8.917712757131387,86.38286867197685,758.5060016697598
7463,8.91784674252718,86.38865666278183,758.5777531275381
7464,8.91798070997329,86.39444426582071,758.6495017450143
7465,8.91811465947453,86.40023148117139,758.7212475226819
7466,8.918248591035702,86.4060183089118,758.7929904610337
7467,8.918382504661613,86.41180474911978,758.864730560562
7468,8.918516400357067,86.4175908018732,758.9364678217612
7469,8.918650278126863,86.42337646724988,759.00820224512
7470,8.918784137975802,86.4291617453276,759.079933831134
7471,8.918917979908679,86.43494663618414,759.1516625802941
7472,8.91905180393029,86.44073113989724,759.2233884930916
7473,8.91918561004543,86.44651525654461,759.2951115700193
7474,8.919319398258887,86.45229898620394,759.3668318115671
7475,8.919453168575453,86.45808232895291,759.4385492182278
7476,8.919586920999915,86.46386528486914,759.5102637904923
7477,8.91972065553706,86.46964785403026,759.5819755288522
7478,8.919854372191667,86.47543003651384,759.6536844337982
7479,8.919988070968524,86.48121183239745,759.7253905058197
7480,8.920121751872404,86.48699324175861,759.7970937454095
7481,8.920255414908091,86.49277426467485,759.8687941530577
7482,8.920389060080359,86.49855490122364,759.9404917292535
7483,8.92052268739398,86.50433515148244,760.0121864744884
7484,8.920656296853728,86.51011501552867,760.0838783892522
7485,8.920789888464375,86.51589449343976,760.1555674740338
7486,8.920923462230686,86.52167358529307,760.227253729324
7487,8.921057018157429,86.52745229116596,760.2989371556123
7488,8.921190556249368,86.53323061113575,760.3706177533882
7489,8.921324076511265,86.53900854527974,760.4422955231408
7490,8.921457578947884,86.54478609367523,760.5139704653593
7491,8.921591063563978,86.55056325639943,760.585642580533
7492,8.92172453036431,86.55634003352961,760.6573118691504
7493,8.921857979353632,86.56211642514293,760.7289783317007
7494,8.921991410536698,86.5678924313166,760.8006419686708
7495,8.922124823918258,86.57366805212772,760.8723027805523
7496,8.922258219503062,86.57944328765345,760.9439607678308
7497,8.922391597295857,86.58521813797087,761.0156159309955
7498,8.92252495730139,86.59099260315706,761.0872682705349
7499,8.922658299524402,86.59676668328905,761.1589177869346
7500,8.922791623969637,86.60254037844386,761.2305644806845
7501,8.922924930641832,86.6083136886985,761.302208352272
7502,8.923058219545728,86.61408661412992,761.3738494021824
7503,8.92319149068606,86.61985915481507,761.4454876309056
7504,8.923324744067562,86.62563131083085,761.5171230389275
7505,8.923457979694966,86.63140308225418,761.5887556267348
7506,8.923591197573002,86.6371744691619,761.6603853948149
7507,8.9237243977064,86.64294547163087,761.7320123436533
7508,8.923857580099885,86.64871608973787,761.8036364737382
7509,8.92399074475818,86.65448632355972,761.8752577855546
7510,8.924123891686012,86.66025617317318,761.9468762795893
7511,8.9242570208881,86.66602563865497,762.018491956328
7512,8.92439013236916,86.6717947200818,762.0901048162565
7513,8.924523226133914,86.67756341753038,762.1617148598613
7514,8.924656302187074,86.68333173107735,762.233322087626
7515,8.924789360533357,86.68909966079934,762.3049265000392
7516,8.924922401177469,86.69486720677297,762.3765280975834
7517,8.925055424124123,86.70063436907483,762.448126880745
7518,8.925188429378027,86.70640114778148,762.5197228500102
7519,8.925321416943886,86.71216754296942,762.5913160058607
7520,8.925454386826402,86.7179335547152,762.6629063487842
7521,8.925587339030281,86.72369918309528,762.7344938792638
7522,8.925720273560222,86.7294644281861,762.8060785977843
7523,8.925853190420922,86.73522929006414,762.8776605048287
7524,8.925986089617076,86.74099376880577,762.9492396008839
7525,8.926118971153382,86.74675786448736,763.0208158864318
7526,8.926251835034533,86.75252157718529,763.0923893619561
7527,8.926384681265215,86.75828490697589,763.1639600279414
7528,8.926517509850122,86.76404785393545,763.2355278848709
7529,8.92665032079394,86.76981041814025,763.3070929332273
7530,8.926783114101351,86.77557259966655,763.3786551734952
7531,8.926915889777042,86.78133439859057,763.4502146061567
7532,8.927048647825695,86.78709581498853,763.5217712316949
7533,8.927181388251986,86.7928568489366,763.5933250505933
7534,8.927314111060596,86.79861750051091,763.664876063333
7535,8.927446816256198,86.80437776978762,763.7364242703981
7536,8.92757950384347,86.81013765684283,763.8079696722704
7537,8.92771217382708,86.81589716175259,763.8795122694319
7538,8.927844826211702,86.82165628459296,763.9510520623636
7539,8.927977461002001,86.82741502543998,764.02258905155
7540,8.928110078202646,86.83317338436964,764.0941232374698
7541,8.928242677818302,86.83893136145792,764.1656546206069
7542,8.928375259853631,86.84468895678077,764.2371832014423
7543,8.928507824313293,86.85044617041412,764.3087089804574
7544,8.928640371201949,86.85620300243386,764.3802319581332
7545,8.928772900524256,86.86195945291587,764.4517521349497
7546,8.928905412284868,86.86771552193599,764.5232695113884
7547,8.92903790648844,86.87347120957007,764.5947840879312
7548,8.929170383139624,86.87922651589389,764.6662958650576
7549,8.92930284224307,86.88498144098322,764.7378048432473
7550,8.929435283803425,86.89073598491383,764.809311022982
7551,8.929567707825337,86.89649014776144,764.8808144047418
7552,8.929700114313448,86.90224392960172,764.9523149890064
7553,8.929832503272403,86.90799733051038,765.0238127762552
7554,8.92996487470684,86.91375035056306,765.0953077669681
7555,8.9300972286214,86.91950298983537,765.1667999616251
7556,8.93022956502072,86.92525524840292,765.238289360705
7557,8.930361883909434,86.93100712634129,765.3097759646876
7558,8.930494185292178,86.93675862372602,765.3812597740525
7559,8.930626469173578,86.94250974063263,765.4527407892778
7560,8.93075873555827,86.94826047713663,765.5242190108414
7561,8.930890984450878,86.95401083331349,765.5956944392246
7562,8.93102321585603,86.95976080923866,765.6671670749038
7563,8.931155429778348,86.96551040498757,765.7386369183579
7564,8.931287626222456,86.97125962063559,765.8101039700662
7565,8.931419805192975,86.97700845625813,765.8815682305044
7566,8.931551966694522,86.98275691193054,765.9530297001535
7567,8.931684110731714,86.98850498772812,766.0244883794895
7568,8.931816237309167,86.99425268372619,766.0959442689903
7569,8.931948346431495,87.0,766.1673973691338
7570,8.932080438103307,87.00574693662483,766.2388476803964
7571,8.932212512329214,87.01149349367589,766.3102952032574
7572,8.932344569113823,87.01723967122837,766.3817399381909
7573,8.93247660846174,87.02298546935747,766.4531818856769
7574,8.93260863037757,87.02873088813831,766.5246210461904
7575,8.932740634865914,87.03447592764606,766.5960574202087
7576,8.932872621931374,87.04022058795577,766.6674910082083
7577,8.933004591578547,87.04596486914255,766.7389218106653
7578,8.93313654381203,87.05170877128145,766.8103498280561
7579,8.933268478636418,87.05745229444749,766.8817750608563
7580,8.933400396056303,87.06319543871567,766.9531975095433
7581,8.93353229607628,87.06893820416096,767.0246171745904
7582,8.933664178700935,87.07468059085832,767.0960340564765
7583,8.933796043934858,87.08042259888269,767.1674481556747
7584,8.933927891782632,87.08616422830896,767.2388594726599
7585,8.934059722248843,87.09190547921202,767.3102680079098
7586,8.934191535338075,87.0976463516667,767.3816737618976
7587,8.934323331054905,87.10338684574785,767.4530767350983
7588,8.934455109403913,87.10912696153027,767.5244769279878
7589,8.934586870389676,87.11486669908874,767.59587434104
7590,8.934718614016768,87.12060605849801,767.6672689747302
7591,8.934850340289763,87.12634503983281,767.7386608295308
7592,8.934982049213234,87.13208364316786,767.8100499059185
7593,8.935113740791747,87.13782186857783,767.8814362043647
7594,8.935245415029874,87.14355971613737,767.952819725346
7595,8.935377071932177,87.14929718592113,768.0242004693343
7596,8.935508711503221,87.1550342780037,768.0955784368043
7597,8.935640333747571,87.16077099245967,768.1669536282295
7598,8.935771938669784,87.16650732936361,768.2383260440827
7599,8.935903526274423,87.17224328879004,768.3096956848361
7600,8.936035096566041,87.17797887081348,768.381062550965
7601,8.936166649549195,87.18371407550839,768.4524266429407
7602,8.936298185228436,87.18944890294927,768.5237879612373
7603,8.93642970360832,87.19518335321051,768.5951465063273
7604,8.936561204693394,87.20091742636656,768.6665022786815
7605,8.936692688488204,87.20665112249179,768.737855278774
7606,8.936824154997302,87.21238444166057,768.8092055070756
7607,8.936955604225226,87.21811738394725,768.8805529640607
7608,8.937087036176523,87.2238499494261,768.9518976501988
7609,8.937218450855731,87.22958213817145,769.0232395659629
7610,8.937349848267392,87.23531395025755,769.0945787118231
7611,8.93748122841604,87.24104538575865,769.1659150882533
7612,8.937612591306213,87.24677644474895,769.2372486957237
7613,8.937743936942443,87.25250712730265,769.3085795347052
7614,8.937875265329263,87.25823743349392,769.3799076056695
7615,8.938006576471201,87.2639673633969,769.4512329090868
7616,8.938137870372788,87.26969691708571,769.5225554454289
7617,8.938269147038548,87.27542609463445,769.5938752151653
7618,8.93840040647301,87.28115489611719,769.6651922187681
7619,8.938531648680692,87.28688332160795,769.736506456706
7620,8.938662873666118,87.29261137118078,769.8078179294502
7621,8.938794081433805,87.29833904490967,769.87912663747
7622,8.938925271988273,87.3040663428686,769.9504325812362
7623,8.939056445334039,87.30979326513149,770.0217357612175
7624,8.939187601475613,87.31551981177229,770.0930361778854
7625,8.939318740417509,87.32124598286491,770.1643338317073
7626,8.939449862164238,87.3269717784832,770.2356287231543
7627,8.93958096672031,87.33269719870101,770.3069208526944
7628,8.93971205409023,87.33842224359219,770.3782102207974
7629,8.939843124278502,87.34414691323055,770.449496827933
7630,8.939974177289633,87.34987120768983,770.5207806745686
7631,8.940105213128122,87.35559512704381,770.5920617611727
7632,8.94023623179847,87.36131867136622,770.6633400882149
7633,8.940367233305174,87.36704184073076,770.7346156561626
7634,8.940498217652733,87.37276463521113,770.8058884654855
7635,8.940629184845639,87.37848705488096,770.877158516651
7636,8.940760134888384,87.38420909981392,770.9484258101257
7637,8.940891067785461,87.38993077008358,771.0196903463801
7638,8.94102198354136,87.39565206576354,771.0909521258789
7639,8.941152882160566,87.40137298692738,771.1622111490918
7640,8.941283763647567,87.40709353364863,771.2334674164863
7641,8.941414628006845,87.41281370600079,771.304720928528
7642,8.941545475242885,87.41853350405736,771.3759716856861
7643,8.941676305360163,87.42425292789181,771.4472196884248
7644,8.941807118363164,87.42997197757758,771.5184649372131
7645,8.941937914256359,87.43569065318808,771.5897074325186
7646,8.942068693044225,87.4414089547967,771.6609471748044
7647,8.942199454731238,87.44712688247682,771.7321841645409
7648,8.942330199321866,87.45284443630179,771.8034184021911
7649,8.942460926820582,87.45856161634491,771.874649888223
7650,8.942591637231851,87.46427842267951,771.9458786231016
7651,8.942722330560143,87.46999485537883,772.0171046072942
7652,8.942853006809921,87.47571091451616,772.0883278412647
7653,8.942983665985647,87.48142660016468,772.1595483254804
7654,8.943114308091785,87.48714191239762,772.2307660604057
7655,8.94324493313279,87.49285685128815,772.3019810465062
7656,8.943375541113124,87.49857141690943,772.3731932842464
7657,8.943506132037239,87.50428560933459,772.444402774093
7658,8.943636705909594,87.50999942863673,772.5156095165091
7659,8.943767262734637,87.51571287488893,772.5868135119603
7660,8.94389780251682,87.52142594816426,772.6580147609103
7661,8.944028325260595,87.52713864853574,772.7292132638254
7662,8.944158830970403,87.5328509760764,772.8004090211681
7663,8.944289319650697,87.53856293085921,772.8716020334035
7664,8.944419791305915,87.54427451295716,772.9427923009962
7665,8.9445502459405,87.54998572244315,773.013979824409
7666,8.944680683558895,87.55569655939013,773.0851646041054
7667,8.944811104165534,87.56140702387097,773.156346640551
7668,8.94494150776486,87.56711711595854,773.2275259342075
7669,8.945071894361302,87.5728268357257,773.2987024855389
7670,8.945202263959297,87.57853618324526,773.3698762950075
7671,8.945332616563274,87.58424515859002,773.4410473630778
7672,8.945462952177666,87.58995376183276,773.5122156902119
7673,8.945593270806897,87.5956619930462,773.5833812768731
7674,8.945723572455398,87.60136985230311,773.6545441235241
7675,8.94585385712759,87.60707733967615,773.7257042306269
7676,8.945984124827898,87.61278445523804,773.7968615986435
7677,8.946114375560743,87.6184911990614,773.8680162280382
7678,8.946244609330543,87.62419757121887,773.9391681192706
7679,8.946374826141717,87.62990357178307,774.0103172728027
7680,8.946505025998682,87.63560920082658,774.081463689099
7681,8.94663520890585,87.64131445842195,774.1526073686192
7682,8.946765374867635,87.64701934464172,774.2237483118253
7683,8.946895523888447,87.6527238595584,774.2948865191779
7684,8.947025655972697,87.65842800324451,774.3660219911403
7685,8.94715577112479,87.66413177577246,774.4371547281714
7686,8.947285869349132,87.66983517721475,774.5082847307339
7687,8.947415950650129,87.67553820764375,774.5794119992873
7688,8.94754601503218,87.68124086713189,774.6505365342928
7689,8.94767606249969,87.68694315575154,774.721658336212
7690,8.947806093057054,87.69264507357501,774.7927774055036
7691,8.94793610670867,87.69834662067467,774.8638937426297
7692,8.948066103458935,87.7040477971228,774.9350073480496
7693,8.94819608331224,87.70974860299168,775.0061182222234
7694,8.94832604627298,87.71544903835355,775.077226365611
7695,8.948455992345542,87.72114910328068,775.1483317786713
7696,8.948585921534317,87.72684879784524,775.2194344618656
7697,8.948715833843691,87.73254812211943,775.2905344156519
7698,8.94884572927805,87.7382470761754,775.3616316404914
7699,8.948975607841776,87.74394566008529,775.4327261368417
7700,8.94910546953925,87.74964387392122,775.5038179051619
7701,8.949235314374855,87.75534171775527,775.5749069459121
7702,8.949365142352965,87.76103919165953,775.6459932595501
7703,8.949494953477961,87.76673629570601,775.7170768465346
7704,8.949624747754216,87.77243302996676,775.7881577073254
7705,8.949754525186103,87.77812939451375,775.8592358423787
7706,8.949884285777994,87.78382538941898,775.9303112521541
7707,8.950014029534257,87.78952101475437,776.0013839371111
7708,8.950143756459262,87.79521627059188,776.0724538977047
7709,8.950273466557375,87.80091115700337,776.1435211343949
7710,8.95040315983296,87.80660567406076,776.2145856476394
7711,8.950532836290382,87.8122998218359,776.2856474378942
7712,8.950662495933999,87.8179936004006,776.3567065056188
7713,8.950792138768174,87.82368700982668,776.4277628512681
7714,8.950921764797261,87.82938005018595,776.4988164753009
7715,8.951051374025619,87.83507272155013,776.5698673781745
7716,8.951180966457603,87.840765023991,776.6409155603451
7717,8.951310542097564,87.84645695758026,776.7119610222708
7718,8.951440100949855,87.8521485223896,776.7830037644053
7719,8.951569643018821,87.8578397184907,776.8540437872076
7720,8.951699168308815,87.86353054595519,776.925081091133
7721,8.951828676824181,87.86922100485471,776.9961156766387
7722,8.951958168569265,87.87491109526086,777.067147544179
7723,8.952087643548404,87.88060081724521,777.1381766942114
7724,8.952217101765946,87.88629017087932,777.2092031271928
7725,8.952346543226227,87.89197915623473,777.2802268435756
7726,8.952475967933584,87.89766777338293,777.3512478438178
7727,8.952605375892354,87.90335602239541,777.4222661283737
7728,8.952734767106872,87.90904390334364,777.4932816977001
7729,8.952864141581468,87.91473141629905,777.5642945522501
7730,8.952993499320474,87.92041856133307,777.6353046924792
7731,8.953122840328222,87.92610533851708,777.7063121188442
7732,8.953252164609035,87.93179174792243,777.7773168317979
7733,8.953381472167242,87.9374777896205,777.8483188317947
7734,8.953510763007166,87.94316346368261,777.9193181192899
7735,8.95364003713313,87.94884877018005,777.9903146947383
7736,8.953769294549454,87.95453370918409,778.0613085585928
7737,8.953898535260459,87.960218280766,778.1322997113084
7738,8.95402775927046,87.96590248499699,778.2032881533381
7739,8.954156966583772,87.9715863219483,778.2742738851375
7740,8.954286157204713,87.97726979169109,778.3452569071587
7741,8.954415331137593,87.98295289429652,778.4162372198545
7742,8.954544488386723,87.98863562983574,778.4872148236811
7743,8.954673628956414,87.99431799837987,778.5581897190893
7744,8.954802752850968,88.0,778.6291619065335
7745,8.954931860074698,88.0056816347672,778.7001313864649
7746,8.955060950631902,88.01136290275251,778.7710981593384
7747,8.955190024526887,88.01704380402695,778.8420622256057
7748,8.95531908176395,88.02272433866155,778.9130235857199
7749,8.955448122347393,88.02840450672726,778.9839822401331
7750,8.955577146281511,88.03408430829505,779.0549381892974
7751,8.955706153570603,88.03976374343584,779.1258914336655
7752,8.955835144218959,88.04544281222056,779.1968419736899
7753,8.955964118230874,88.05112151472007,779.2677898098211
7754,8.956093075610639,88.05679985100527,779.3387349425121
7755,8.956222016362542,88.06247782114696,779.4096773722129
7756,8.956350940490871,88.06815542521599,779.4806170993768
7757,8.956479847999912,88.07383266328314,779.5515541244546
7758,8.95660873889395,88.07950953541919,779.6224884478972
7759,8.956737613177264,88.08518604169488,779.6934200701562
7760,8.95686647085414,88.09086218218096,779.7643489916824
7761,8.956995311928852,88.09653795694811,779.8352752129261
7762,8.95712413640568,88.10221336606703,779.9061987343395
7763,8.957252944288902,88.10788840960836,779.9771195563717
7764,8.957381735582787,88.11356308764276,780.0480376794736
7765,8.957510510291613,88.11923740024082,780.1189531040949
7766,8.957639268419648,88.12491134747314,780.1898658306878
7767,8.957768009971161,88.13058492941029,780.2607758597007
7768,8.95789673495042,88.13625814612281,780.3316831915824
7769,8.958025443361693,88.14193099768123,780.4025878267845
7770,8.958154135209242,88.14760348415605,780.4734897657574
7771,8.95828281049733,88.15327560561774,780.5443890089487
7772,8.958411469230219,88.15894736213676,780.6152855568077
7773,8.958540111412168,88.16461875378354,780.6861794097856
7774,8.958668737047434,88.17028978062848,780.7570705683303
7775,8.958797346140274,88.175960442742,780.8279590328909
7776,8.958925938694943,88.18163074019441,780.8988448039149
7777,8.959054514715692,88.1873006730561,780.9697278818534
7778,8.959183074206774,88.19297024139736,781.0406082671532
7779,8.959311617172437,88.19863944528849,781.1114859602635
7780,8.95944014361693,88.20430828479978,781.1823609616338
7781,8.9595686535445,88.20997676000147,781.2532332717101
7782,8.959697146959389,88.21564487096379,781.3241028909416
7783,8.959825623865841,88.22131261775694,781.3949698197753
7784,8.959954084268098,88.2269800004511,781.4658340586599
7785,8.960082528170402,88.23264701911646,781.5366956080445
7786,8.960210955576986,88.23831367382311,781.6075544683735
7787,8.960339366492091,88.24397996464121,781.6784106400951
7788,8.960467760919949,88.24964589164084,781.7492641236587
7789,8.960596138864794,88.25531145489205,781.8201149195094
7790,8.960724500330858,88.26097665446491,781.890963028095
7791,8.960852845322371,88.26664149042944,781.9618084498618
7792,8.96098117384356,88.27230596285564,782.0326511852576
7793,8.961109485898655,88.2779700718135,782.1034912347274
7794,8.961237781491876,88.28363381737297,782.1743285987193
7795,8.961366060627451,88.28929719960398,782.2451632776788
7796,8.9614943233096,88.29496021857646,782.3159952720515
7797,8.961622569542543,88.30062287436029,782.3868245822849
7798,8.961750799330497,88.30628516702534,782.4576512088242
7799,8.961879012677683,88.31194709664146,782.5284751521151
7800,8.962007209588313,88.31760866327846,782.5992964126029
7801,8.962135390066601,88.32326986700618,782.6701149907349
7802,8.962263554116761,88.32893070789434,782.7409308869552
7803,8.962391701743002,88.33459118601274,782.8117441017081
7804,8.962519832949532,88.34025130143111,782.8825546354409
7805,8.96264794774056,88.34591105421914,782.9533624885969
7806,8.962776046120291,88.35157044444654,783.0241676616226
7807,8.962904128092928,88.35722947218298,783.0949701549613
7808,8.963032193662675,88.36288813749809,783.1657699690575
7809,8.963160242833732,88.3685464404615,783.2365671043575
7810,8.963288275610298,88.3742043811428,783.3073615613041
7811,8.96341629199657,88.37986195961159,783.3781533403421
7812,8.963544291996744,88.38551917593742,783.4489424419157
7813,8.963672275615016,88.3911760301898,783.5197288664688
7814,8.963800242855577,88.39683252243827,783.5905126144454
7815,8.96392819372262,88.40248865275231,783.6612936862882
7816,8.96405612822033,88.40814442120137,783.7320720824423
7817,8.9641840463529,88.41379982785493,783.8028478033508
7818,8.964311948124514,88.41945487278238,783.8736208494557
7819,8.964439833539357,88.42510955605314,783.9443912212022
7820,8.964567702601611,88.43076387773658,784.0151589190309
7821,8.96469555531546,88.43641783790206,784.0859239433869
7822,8.96482339168508,88.4420714366189,784.1566862947134
7823,8.964951211714654,88.44772467395643,784.2274459734505
7824,8.965079015408355,88.45337754998393,784.2982029800432
7825,8.965206802770357,88.45903006477066,784.3689573149331
7826,8.965334573804839,88.46468221838589,784.439708978562
7827,8.965462328515967,88.47033401089882,784.5104579713728
7828,8.965590066907914,88.47598544237866,784.5812042938064
7829,8.965717788984849,88.48163651289458,784.6519479463064
7830,8.965845494750937,88.48728722251576,784.7226889293129
7831,8.965973184210347,88.4929375713113,784.7934272432688
7832,8.96610085736724,88.49858755935034,784.8641628886144
7833,8.966228514225776,88.50423718670197,784.9348958657926
7834,8.966356154790121,88.50988645343524,785.0056261752433
7835,8.966483779064431,88.51553535961922,785.0763538174089
7836,8.966611387052865,88.52118390532291,785.1470787927291
7837,8.966738978759576,88.52683209061533,785.217801101645
7838,8.966866554188723,88.53247991556545,785.2885207445989
7839,8.966994113344454,88.53812738024223,785.3592377220297
7840,8.967121656230923,88.54377448471462,785.4299520343775
7841,8.967249182852276,88.54942122905152,785.5006636820835
7842,8.967376693212666,88.55506761332182,785.5713726655897
7843,8.967504187316237,88.5607136375944,785.6420789853336
7844,8.967631665167133,88.56635930193812,785.7127826417549
7845,8.967759126769497,88.57200460642177,785.7834836352959
7846,8.967886572127473,88.57764955111419,785.8541819663941
7847,8.9680140012452,88.58329413608415,785.924877635491
7848,8.968141414126814,88.58893836140041,785.9955706430239
7849,8.968268810776454,88.5945822271317,786.0662609894337
7850,8.968396191198256,88.60022573334675,786.1369486751589
7851,8.968523555396352,88.60586888011426,786.2076337006398
7852,8.968650903374874,88.61151166750288,786.2783160663139
7853,8.968778235137956,88.61715409558128,786.3489957726191
7854,8.96890555068972,88.6227961644181,786.4196728199967
7855,8.969032850034301,88.62843787408192,786.4903472088841
7856,8.969160133175821,88.63407922464135,786.5610189397191
7857,8.969287400118406,88.63972021616495,786.6316880129407
7858,8.969414650866176,88.64536084872124,786.7023544289865
7859,8.969541885423252,88.65100112237876,786.7730181882952
7860,8.969669103793757,88.656641037206,786.8436792913043
7861,8.969796305981806,88.66228059327146,786.9143377384518
7862,8.969923491991516,88.66791979064357,786.9849935301751
7863,8.970050661827003,88.67355862939075,787.0556466669111
7864,8.970177815492379,88.67919710958145,787.1262971490995
7865,8.970304952991755,88.68483523128404,787.1969449771747
7866,8.970432074329242,88.6904729945669,787.2675901515761
7867,8.97055917950895,88.69611039949835,787.3382326727398
7868,8.970686268534983,88.70174744614674,787.4088725411019
7869,8.970813341411448,88.70738413458037,787.4795097571005
7870,8.97094039814245,88.7130204648675,787.5501443211725
7871,8.971067438732089,88.71865643707642,787.6207762337527
7872,8.971194463184467,88.72429205127534,787.6914054952774
7873,8.971321471503682,88.72992730753249,787.7620321061862
7874,8.971448463693834,88.73556220591607,787.8326560669105
7875,8.971575439759016,88.74119674649424,787.9032773778911
7876,8.971702399703325,88.74683092933516,787.97389603956
7877,8.971829343530851,88.75246475450696,788.0445120523536
7878,8.971956271245688,88.75809822207775,788.1151254167095
7879,8.972083182851925,88.7637313321156,788.185736133062
7880,8.97221007835365,88.76936408468859,788.2563442018463
7881,8.97233695775495,88.77499647986475,788.3269496234972
7882,8.972463821059907,88.78062851771213,788.3975523984514
7883,8.97259066827261,88.7862601982987,788.4681525271434
7884,8.972717499397138,88.79189152169245,788.5387500100057
7885,8.972844314437573,88.79752248796134,788.6093448474758
7886,8.97297111339799,88.80315309717331,788.6799370399876
7887,8.973097896282471,88.80878334939625,788.7505265879754
7888,8.97322466309509,88.81441324469807,788.8211134918735
7889,8.97335141383992,88.82004278314665,788.8916977521162
7890,8.973478148521036,88.82567196480981,788.9622793691368
7891,8.973604867142505,88.8313007897554,789.0328583433703
7892,8.973731569708402,88.83692925805124,789.1034346752507
7893,8.973858256222792,88.84255736976509,789.1740083652116
7894,8.973984926689743,88.84818512496471,789.2445794136859
7895,8.974111581113318,88.85381252371785,789.3151478211071
7896,8.97423821949758,88.85943956609225,789.3857135879092
7897,8.974364841846596,88.86506625215557,789.4562767145258
7898,8.97449144816442,88.87069258197553,789.5268372013879
7899,8.974618038455112,88.87631855561975,789.5973950489307
7900,8.974744612722734,88.88194417315589,789.6679502575869
7901,8.974871170971337,88.88756943465155,789.7385028277869
7902,8.974997713204976,88.89319434017432,789.8090527599663
7903,8.975124239427704,88.89881888979178,789.8796000545552
7904,8.975250749643573,88.90444308357148,789.9501447119876
7905,8.97537724385663,88.91006692158093,790.0206867326943
7906,8.975503722070927,88.91569040388767,790.0912261171084
7907,8.975630184290507,88.92131353055915,790.1617628656617
7908,8.975756630519417,88.92693630166283,790.2322969787864
7909,8.9758830607617,88.9325587172662,790.3028284569137
7910,8.976009475021396,88.93818077743664,790.3733573004749
7911,8.976135873302548,88.94380248224157,790.4438835099011
7912,8.976262255609193,88.94942383174835,790.5144070856248
7913,8.97638862194537,88.95504482602435,790.5849280280762
7914,8.976514972315112,88.9606654651369,790.6554463376871
7915,8.976641306722456,88.96628574915331,790.725962014889
7916,8.976767625171433,88.9719056781409,790.7964750601117
7917,8.976893927666076,88.97752525216691,790.8669854737853
7918,8.977020214210413,88.9831444712986,790.9374932563412
7919,8.977146484808472,88.98876333560322,791.0079984082114
7920,8.97727273946428,88.99438184514796,791.0785009298227
7921,8.977398978181862,89.0,791.1490008216092
7922,8.977525200965243,89.00561780022652,791.2194980839989
7923,8.977651407818442,89.01123524589467,791.2899927174205
7924,8.977777598745481,89.01685233707154,791.3604847223065
7925,8.97790377375038,89.02246907382428,791.430974099086
7926,8.978029932837156,89.02808545621994,791.5014608481874
7927,8.978156076009824,89.03370148432559,791.5719449700407
7928,8.978282203272398,89.03931715820826,791.6424264650755
7929,8.978408314628894,89.04493247793498,791.71290533372
7930,8.97853441008332,89.05054744357274,791.783381576405
7931,8.978660489639687,89.05616205518852,791.8538551935582
7932,8.978786553302003,89.06177631284928,791.9243261856088
7933,8.978912601074276,89.06739021662193,791.9947945529856
7934,8.97903863296051,89.07300376657341,792.0652602961178
7935,8.979164648964709,89.07861696277058,792.1357234154325
7936,8.979290649090876,89.08422980528034,792.2061839113584
7937,8.97941663334301,89.08984229416954,792.2766417843247
7938,8.979542601725113,89.09545442950498,792.3470970347583
7939,8.979668554241181,89.1010662113535,792.417549663089
7940,8.97979449089521,89.10667763978185,792.4879996697427
7941,8.979920411691197,89.11228871485683,792.5584470551481
7942,8.980046316633132,89.11789943664516,792.6288918197321
7943,8.980172205725008,89.12350980521357,792.6993339639221
7944,8.980298078970817,89.12911982062877,792.7697734881468
7945,8.980423936374544,89.13472948295743,792.8402103928324
7946,8.98054977794018,89.1403387922662,792.9106446784058
7947,8.980675603671708,89.14594774862175,792.9810763452942
7948,8.980801413573113,89.15155635209068,793.0515053939255
7949,8.980927207648378,89.15716460273958,793.121931824725
7950,8.981052985901483,89.16277250063504,793.1923556381199
7951,8.98117874833641,89.1683800458436,793.2627768345367
7952,8.981304494957135,89.17398723843182,793.3331954144016
7953,8.981430225767635,89.17959407846618,793.403611378141
7954,8.981555940771887,89.1852005660132,793.4740247261809
7955,8.981681639973862,89.19080670113932,793.5444354589482
7956,8.981807323377534,89.19641248391103,793.6148435768672
7957,8.981932990986873,89.20201791439474,793.6852490803644
7958,8.98205864280585,89.20762299265685,793.7556519698657
7959,8.982184278838428,89.21322771876378,793.8260522457965
7960,8.982309899088579,89.21883209278185,793.8964499085828
7961,8.982435503560263,89.22443611477743,793.9668449586476
7962,8.982561092257445,89.23003978481687,794.0372373964186
7963,8.982686665184087,89.23564310296643,794.107627222319
7964,8.98281222234415,89.24124606929242,794.1780144367752
7965,8.982937763741589,89.2468486838611,794.248399040211
7966,8.983063289380366,89.25245094673872,794.3187810330513
7967,8.983188799264434,89.25805285799147,794.3891604157199
7968,8.983314293397749,89.26365441768559,794.4595371886427
7969,8.98343977178426,89.26925562588724,794.5299113522433
7970,8.983565234427923,89.27485648266257,794.6002829069454
7971,8.983690681332686,89.28045698807774,794.6706518531737
7972,8.983816112502495,89.28605714219886,794.7410181913515
7973,8.983941527941301,89.29165694509202,794.811381921903
7974,8.984066927653044,89.2972563968233,794.8817430452516
7975,8.984192311641674,89.30285549745876,794.9521015618219
7976,8.984317679911129,89.30845424706443,795.0224574720348
7977,8.984443032465352,89.31405264570633,795.0928107763168
7978,8.984568369308281,89.31965069345043,795.1631614750896
7979,8.984693690443855,89.32524839036273,795.2335095687756
7980,8.984818995876008,89.33084573650918,795.3038550577984
7981,8.984944285608679,89.3364427319557,795.3741979425804
7982,8.9850695596458,89.3420393767682,795.4445382235455
7983,8.9851948179913,89.34763567101258,795.5148759011145
7984,8.985320060649112,89.3532316147547,795.5852109757111
7985,8.985445287623167,89.35882720806042,795.6555434477579
7986,8.985570498917388,89.36442245099556,795.725873317676
7987,8.985695694535705,89.37001734362593,795.7962005858884
7988,8.985820874482043,89.37561188601732,795.8665252528164
7989,8.98594603876032,89.38120607823548,795.9368473188824
7990,8.986071187374463,89.38679992034618,796.0071667845074
7991,8.98619632032839,89.39239341241513,796.077483650115
7992,8.98632143762602,89.39798655450804,796.1477979161234
7993,8.986446539271268,89.40357934669059,796.2181095829562
7994,8.986571625268054,89.40917178902845,796.2884186510346
7995,8.98669669562029,89.41476388158725,796.3587251207792
7996,8.98682175033189,89.42035562443263,796.4290289926113
7997,8.986946789406764,89.42594701763018,796.4993302669507
7998,8.987071812848821,89.43153806124549,796.5696289442199
7999,8.987196820661973,89.4371287553441,796.6399250248384
8000,8.987321812850125,89.44271909999159,796.7102185092269
8001,8.98744678941718,89.44830909525345,796.7805093978066
8002,8.987571750367046,89.45389874119518,796.8507976909959
8003,8.987696695703624,89.45948803788227,796.9210833892174
8004,8.987821625430815,89.46507698538016,796.991366492889
8005,8.987946539552519,89.47066558375433,797.061647002431
8006,8.988071438072634,89.47625383307015,797.1319249182646
8007,8.988196320995057,89.48184173339304,797.2022002408075
8008,8.988321188323683,89.48742928478838,797.272472970481
8009,8.988446040062405,89.49301648732151,797.3427431077039
8010,8.988570876215118,89.49860334105779,797.4130106528955
8011,8.988695696785708,89.50418984606252,797.4832756064756
8012,8.98882050177807,89.50977600240098,797.5535379688615
8013,8.98894529119609,89.51536181013849,797.6237977404737
8014,8.989070065043654,89.52094726934027,797.6940549217302
8015,8.989194823324645,89.52653238007156,797.7643095130508
8016,8.989319566042951,89.53211714239757,797.8345615148529
8017,8.989444293202451,89.5377015563835,797.9048109275559
8018,8.989569004807029,89.54328562209453,797.9750577515767
8019,8.98969370086056,89.5488693395958,798.0453019873356
8020,8.989818381366925,89.55445270895244,798.1155436352498
8021,8.989943046329998,89.56003573022959,798.1857826957363
8022,8.990067695753655,89.56561840349231,798.2560191692143
8023,8.990192329641772,89.57120072880568,798.3262530561004
8024,8.990316947998217,89.57678270623477,798.3964843568139
8025,8.990441550826862,89.58236433584459,798.4667130717709
8026,8.990566138131577,89.58794561770016,798.5369392013902
8027,8.990690709916228,89.59352655186646,798.6071627460865
8028,8.990815266184685,89.59910713840847,798.6773837062799
8029,8.990939806940807,89.60468737739114,798.7476020823851
8030,8.991064332188461,89.61026726887941,798.8178178748202
8031,8.99118884193151,89.61584681293817,798.8880310840026
8032,8.991313336173812,89.62142600963232,798.9582417103474
8033,8.991437814919227,89.62700485902673,799.0284497542727
8034,8.991562278171614,89.63258336118624,799.0986552161936
8035,8.991686725934825,89.63816151617569,799.1688580965276
8036,8.991811158212718,89.64373932405988,799.2390583956904
8037,8.991935575009146,89.6493167849036,799.3092561140974
8038,8.99205997632796,89.65489389877163,799.3794512521653
8039,8.992184362173012,89.66047066572872,799.4496438103105
8040,8.99230873254815,89.66604708583958,799.5198337889475
8041,8.992433087457218,89.67162315916892,799.5900211884926
8042,8.99255742690407,89.67719888578144,799.6602060093613
8043,8.992681750892542,89.6827742657418,799.730388251968
8044,8.992806059426483,89.68834929911465,799.8005679167303
8045,8.992930352509733,89.69392398596462,799.8707450040606
8046,8.993054630146133,89.69949832635632,799.9409195143767
8047,8.99317889233952,89.70507232035433,800.0110914480897
8048,8.993303139093733,89.71064596802321,800.0812608056183
8049,8.99342737041261,89.71621926942753,800.1514275873755
8050,8.993551586299981,89.7217922246318,800.2215917937749
8051,8.993675786759683,89.72736483370053,800.2917534252331
8052,8.993799971795545,89.73293709669822,800.3619124821628
8053,8.9939241414114,89.73850901368932,800.4320689649786
8054,8.994048295611075,89.74408058473828,800.502222874094
8055,8.994172434398399,89.74965180990955,800.572374209923
8056,8.994296557777195,89.7552226892675,800.6425229728812
8057,8.994420665751292,89.76079322287654,800.7126691633808
8058,8.994544758324512,89.76636341080105,800.7828127818354
8059,8.994668835500674,89.77193325310535,800.8529538286589
8060,8.9947928972836,89.77750274985377,800.9230923042649
8061,8.994916943677111,89.78307190111062,800.9932282090655
8062,8.995040974685022,89.78864070694021,801.063361543475
8063,8.99516499031115,89.79420916740678,801.1334923079063
8064,8.99528899055931,89.7997772825746,801.2036205027724
8065,8.995412975433313,89.80534505250787,801.2737461284836
8066,8.995536944936974,89.81091247727082,801.3438691854558
8067,8.995660899074103,89.81647955692763,801.4139896741005
8068,8.995784837848506,89.82204629154248,801.4841075948302
8069,8.995908761263994,89.8276126811795,801.5542229480577
8070,8.996032669324372,89.83317872590283,801.6243357341938
8071,8.996156562033445,89.83874442577657,801.6944459536505
8072,8.996280439395015,89.8443097808648,801.764553606841
8073,8.996404301412886,89.84987479123163,801.8346586941776
8074,8.996528148090857,89.85543945694106,801.9047612160696
8075,8.996651979432729,89.86100377805714,801.9748611729312
8076,8.996775795442296,89.86656775464388,802.0449585651721
8077,8.996899596123358,89.87213138676528,802.1150533932046
8078,8.997023381479709,89.87769467448528,802.1851456574401
8079,8.997147151515142,89.88325761786786,802.2552353582893
8080,8.997270906233448,89.88882021697692,802.3253224961622
8081,8.997394645638419,89.89438247187641,802.3954070714711
8082,8.997518369733845,89.89994438263018,802.4654890846272
8083,8.997642078523512,89.90550594930212,802.5355685360403
8084,8.997765772011208,89.91106717195609,802.6056454261205
8085,8.997889450200717,89.9166280506559,802.6757197552786
8086,8.998013113095823,89.92218858546538,802.7457915239258
8087,8.998136760700307,89.92774877644831,802.8158607324713
8088,8.998260393017953,89.93330862366847,802.8859273813263
8089,8.998384010052538,89.9388681271896,802.9559914708999
8090,8.99850761180784,89.94442728707543,803.0260530016013
8091,8.998631198287637,89.9499861033897,803.0961119738408
8092,8.998754769495703,89.95554457619608,803.1661683880282
8093,8.998878325435811,89.96110270555825,803.2362222445745
8094,8.999001866111735,89.96666049153987,803.3062735438858
8095,8.999125391527247,89.97221793420455,803.3763222863737
8096,8.999248901686114,89.97777503361594,803.4463684724471
8097,8.999372396592106,89.9833317898376,803.5164121025148
8098,8.99949587624899,89.98888820293314,803.5864531769856
8099,8.99961934066053,89.99444427296609,803.656491696269
8100,8.999742789830492,90.0,803.7265276607718
8101,8.999866223762636,90.00555538409837,803.7965610709047
8102,8.999989642460726,90.01111042532472,803.8665919270752
8103,9.000113045928519,90.0166651237425,803.9366202296918
8104,9.000236434169777,90.0222194794152,804.0066459791625
8105,9.000359807188254,90.02777349240623,804.0766691758964
8106,9.000483164987708,90.033327162779,804.1466898203004
8107,9.000606507571892,90.03888049059695,804.2167079127825
8108,9.000729834944558,90.04443347592343,804.2867234537506
8109,9.000853147109458,90.0499861188218,804.3567364436124
8110,9.000976444070345,90.05553841935541,804.4267468827757
8111,9.001099725830965,90.06109037758759,804.4967547716469
8112,9.001222992395064,90.06664199358161,804.5667601106353
8113,9.001346243766392,90.07219326740079,804.636762900146
8114,9.00146947994869,90.07774419910837,804.7067631405878
8115,9.001592700945706,90.08329478876757,804.7767608323657
8116,9.001715906761175,90.08884503644167,804.8467559758884
8117,9.001839097398843,90.09439494219383,804.9167485715622
8118,9.001962272862446,90.09994450608724,804.986738619793
8119,9.002085433155724,90.10549372818508,805.0567261209875
8120,9.002208578282412,90.11104260855048,805.1267110755526
8121,9.002331708246244,90.11659114724658,805.1966934838944
8122,9.002454823050954,90.12213934433647,805.266673346418
8123,9.002577922700276,90.12768719988325,805.3366506635311
8124,9.002701007197938,90.13323471394999,805.4066254356392
8125,9.002824076547672,90.13878188659973,805.476597663148
8126,9.002947130753205,90.1443287178955,805.5465673464627
8127,9.003070169818264,90.14987520790032,805.6165344859885
8128,9.003193193746572,90.15542135667715,805.6864990821322
8129,9.003316202541857,90.160967164289,805.7564611352984
8130,9.003439196207838,90.1665126307988,805.8264206458929
8131,9.003562174748238,90.17205775626948,805.8963776143203
8132,9.003685138166775,90.17760254076397,805.9663320409846
8133,9.00380808646717,90.18314698434514,806.0362839262926
8134,9.003931019653137,90.18869108707588,806.1062332706485
8135,9.004053937728395,90.19423484901904,806.1761800744565
8136,9.004176840696656,90.19977827023745,806.2461243381221
8137,9.004299728561636,90.20532135079394,806.3160660620474
8138,9.004422601327041,90.21086409075129,806.3860052466397
8139,9.004545458996587,90.21640649017229,806.455941892302
8140,9.004668301573977,90.22194854911969,806.5258759994375
8141,9.004791129062925,90.22749026765624,806.5958075684512
8142,9.004913941467132,90.23303164584463,806.6657365997464
8143,9.005036738790304,90.2385726837476,806.7356630937284
8144,9.005159521036145,90.24411338142782,806.805587050798
8145,9.005282288208358,90.24965373894794,806.8755084713612
8146,9.005405040310642,90.2551937563706,806.9454273558213
8147,9.005527777346696,90.26073343375845,807.0153437045793
8148,9.00565049932022,90.26627277117406,807.0852575180405
8149,9.005773206234908,90.27181176868004,807.1551687966074
8150,9.005895898094458,90.27735042633894,807.2250775406833
8151,9.00601857490256,90.28288874421332,807.2949837506711
8152,9.006141236662911,90.2884267223657,807.3648874269725
8153,9.006263883379198,90.29396436085858,807.4347885699904
8154,9.006386515055114,90.29950165975447,807.504687180128
8155,9.006509131694346,90.30503861911582,807.5745832577878
8156,9.00663173330058,90.31057523900509,807.6444768033722
8157,9.006754319877503,90.31611151948472,807.7143678172819
8158,9.0068768914288,90.3216474606171,807.7842562999199
8159,9.006999447958153,90.32718306246464,807.8541422516882
8160,9.007121989469242,90.33271832508971,807.9240256729886
8161,9.00724451596575,90.33825324855468,807.9939065642228
8162,9.007367027451355,90.34378783292186,808.0637849257929
8163,9.007489523929735,90.34932207825358,808.1336607580987
8164,9.007612005404566,90.35485598461214,808.2035340615441
8165,9.007734471879521,90.36038955205981,808.2734048365282
8166,9.007856923358275,90.36592278065886,808.3432730834526
8167,9.007979359844501,90.37145567047152,808.413138802719
8168,9.00810178134187,90.37698822156003,808.4830019947277
8169,9.008224187854049,90.38252043398657,808.5528626598808
8170,9.008346579384707,90.38805230781334,808.6227207985769
8171,9.008468955937513,90.39358384310249,808.6925764112177
8172,9.00859131751613,90.39911503991618,808.762429498205
8173,9.008713664124222,90.40464589831653,808.8322800599367
8174,9.008835995765454,90.41017641836565,808.9021280968149
8175,9.008958312443486,90.41570660012562,808.971973609238
8176,9.009080614161977,90.42123644365851,809.0418165976077
8177,9.009202900924588,90.4267659490264,809.1116570623234
8178,9.009325172734973,90.43229511629129,809.1814950037847
8179,9.009447429596793,90.43782394551519,809.2513304223903
8180,9.009569671513699,90.44335243676011,809.3211633185417
8181,9.009691898489343,90.44888059008801,809.3909936926384
8182,9.009814110527381,90.45440840556087,809.4608215450775
8183,9.009936307631463,90.4599358832406,809.5306468762595
8184,9.010058489805235,90.46546302318913,809.6004696865837
8185,9.010180657052349,90.47098982546837,809.6702899764498
8186,9.010302809376448,90.47651629014017,809.7401077462554
8187,9.01042494678118,90.48204241726643,809.8099229964001
8188,9.010547069270189,90.48756820690895,809.8797357272814
8189,9.010669176847115,90.49309365912958,809.9495459393004
8190,9.010791269515602,90.49861877399013,810.0193536328518
8191,9.010913347279288,90.50414355155237,810.0891588083376
8192,9.011035410141815,90.50966799187809,810.1589614661541
8193,9.011157458106817,90.515192095029,810.2287616066995
8194,9.01127949117793,90.52071586106685,810.2985592303721
8195,9.011401509358791,90.52623929005335,810.3683543375698
8196,9.011523512653032,90.5317623820502,810.4381469286913
8197,9.011645501064283,90.53728513711906,810.5079370041323
8198,9.011767474596178,90.54280755532159,810.5777245642919
8199,9.011889433252344,90.54832963671942,810.647509609568
8200,9.012011377036412,90.55385138137417,810.7172921403559
8201,9.012133305952004,90.55937278934744,810.7870721570538
8202,9.01225522000275,90.56489386070079,810.8568496600591
8203,9.012377119192271,90.5704145954958,810.9266246497683
8204,9.01249900352419,90.57593499379402,810.9963971265793
8205,9.012620873002131,90.58145505565695,811.0661670908889
8206,9.012742727629712,90.5869747811461,811.1359345430917
8207,9.012864567410551,90.59249417032296,811.2056994835878
8208,9.012986392348266,90.598013223249,811.275461912769
8209,9.013108202446475,90.60353193998566,811.3452218310365
8210,9.01322999770879,90.60905032059435,811.414979238782
8211,9.013351778138825,90.61456836513652,811.4847341364055
8212,9.013473543740192,90.62008607367353,811.554486524301
8213,9.013595294516504,90.62560344626678,811.6242364028643
8214,9.01371703047137,90.6311204829776,811.6939837724916
8215,9.013838751608395,90.63663718386732,811.76372863358
8216,9.013960457931187,90.64215354899729,811.8334709865222
8217,9.014082149443356,90.64766957842876,811.9032108317163
8218,9.0142038261485,90.65318527222306,811.9729481695556
8219,9.014325488050225,90.65870063044142,812.0426830004361
8220,9.014447135152134,90.66421565314509,812.1124153247531
8221,9.014568767457824,90.6697303403953,812.1821451429018
8222,9.014690384970896,90.67524469225324,812.2518724552775
8223,9.014811987694946,90.68075870878012,812.3215972622736
8224,9.014933575633572,90.68627239003708,812.3913195642854
8225,9.015055148790369,90.69178573608527,812.4610393617083
8226,9.01517670716893,90.69729874698585,812.5307566549361
8227,9.015298250772847,90.7028114227999,812.6004714443619
8228,9.015419779605713,90.70832376358854,812.6701837303831
8229,9.015541293671115,90.71383576941281,812.7398935133912
8230,9.015662792972645,90.7193474403338,812.809600793781
8231,9.015784277513886,90.72485877641255,812.8793055719445
8232,9.015905747298426,90.73036977771004,812.9490078482802
8233,9.01602720232985,90.7358804442873,813.0187076231771
8234,9.016148642611741,90.74139077620532,813.088404897031
8235,9.01627006814768,90.74690077352504,813.1580996702355
8236,9.016391478941248,90.75241043630741,813.2277919431825
8237,9.016512874996026,90.75791976461338,813.2974817162666
8238,9.01663425631559,90.76342875850384,813.3671689898822
8239,9.016755622903517,90.76893741803966,813.4368537644189
8240,9.016876974763383,90.77444574328173,813.5065360402716
8241,9.016998311898762,90.77995373429091,813.5762158178331
8242,9.017119634313227,90.78546139112804,813.6458930974966
8243,9.01724094201035,90.79096871385391,813.7155678796544
8244,9.0173622349937,90.79647570252934,813.7852401646975
8245,9.017483513266844,90.80198235721508,813.8549099530203
8246,9.017604776833355,90.80748867797193,813.9245772450137
8247,9.017726025696795,90.8129946648606,813.9942420410695
8248,9.017847259860732,90.81850031794183,814.0639043415819
8249,9.017968479328726,90.82400563727631,814.1335641469416
8250,9.018089684104343,90.82951062292474,814.2032214575403
8251,9.018210874191142,90.83501527494779,814.2728762737687
8252,9.018332049592685,90.84051959340611,814.3425285960204
8253,9.018453210312527,90.84602357836033,814.4121784246861
8254,9.018574356354229,90.85152722987104,814.4818257601571
8255,9.018695487721343,90.85703054799887,814.5514706028249
8256,9.01881660441743,90.86253353280438,814.6211129530798
8257,9.018937706446035,90.86803618434813,814.690752811314
8258,9.019058793810718,90.87353850269065,814.760390177918
8259,9.019179866515024,90.87904048789248,814.830025053284
8260,9.019300924562506,90.8845421400141,814.8996574377992
8261,9.01942196795671,90.89004345911603,814.9692873318583
8262,9.019542996701185,90.89554444525871,815.038914735849
8263,9.019664010799474,90.90104509850258,815.1085396501635
8264,9.019785010255125,90.9065454189081,815.1781620751908
8265,9.019905995071678,90.91204540653565,815.2477820113214
8266,9.020026965252676,90.91754506144565,815.3173994589457
8267,9.020147920801659,90.92304438369845,815.3870144184547
8268,9.020268861722167,90.92854337335444,815.4566268902362
8269,9.020389788017736,90.93404203047393,815.5262368746805
8270,9.020510699691906,90.93954035511726,815.595844372179
8271,9.02063159674821,90.9450383473447,815.6654493831194
8272,9.020752479190183,90.95053600721658,815.7350519078915
8273,9.020873347021357,90.95603333479313,815.8046519468857
8274,9.020994200245264,90.96153033013462,815.8742495004893
8275,9.021115038865434,90.96702699330126,815.9438445690935
8276,9.021235862885396,90.97252332435328,816.0134371530861
8277,9.021356672308677,90.97801932335085,816.0830272528566
8278,9.021477467138807,90.98351499035417,816.1526148687924
8279,9.021598247379305,90.98901032542337,816.2222000012838
