CELL_ID,lat,lon,CELL_X,CELL_Y,PM10_ugm3,datetime
다사54504050,37.4648535312386,126.985479280839,954625,1940625,45.990395,2025-10-01 10:00:00
다사54255675,37.6113064605341,126.981639435315,954375,1956875,41.154465,2025-10-01 10:00:00
다사54255700,37.613559742737706,126.98162379468201,954375,1957125,41.085484,2025-10-01 10:00:00
다사54255725,37.615813024073205,126.98160815230601,954375,1957375,40.263367,2025-10-01 10:00:00
다사54255750,37.618066304540704,126.981592508188,954375,1957625,40.096508,2025-10-01 10:00:00
다사54255575,37.6022933230394,126.98170198043002,954375,1955875,41.33621,2025-10-01 10:00:00
다사54255600,37.6045466087151,126.981686346764,954375,1956125,41.303913,2025-10-01 10:00:00
다사54255625,37.6067998935228,126.98167071135599,954375,1956375,41.26406,2025-10-01 10:00:00
다사54255650,37.6090531774624,126.981655074206,954375,1956625,41.212013,2025-10-01 10:00:00
다사54255875,37.6293326938562,126.981514261452,954375,1958875,39.063698,2025-10-01 10:00:00
다사54255900,37.631585969114795,126.98149860687401,954375,1959125,38.82806,2025-10-01 10:00:00
다사54255925,37.6338392435052,126.981482950553,954375,1959375,38.78922,2025-10-01 10:00:00
다사54255950,37.6360925170274,126.981467292487,954375,1959625,38.544193,2025-10-01 10:00:00
다사54255775,37.6203195841401,126.981576862327,954375,1957875,39.914932,2025-10-01 10:00:00
다사54255800,37.6225728628713,126.981561214723,954375,1958125,39.712284,2025-10-01 10:00:00
다사54255825,37.6248261407344,126.981545565376,954375,1958375,39.499943,2025-10-01 10:00:00
다사54255850,37.6270794177294,126.981529914286,954375,1958625,39.288757,2025-10-01 10:00:00
다사54005750,37.6180538937833,126.97875978754601,954125,1957625,40.02878,2025-10-01 10:00:00
다사54005775,37.6203071723795,126.978744056201,954125,1957875,39.847927,2025-10-01 10:00:00
다사54005800,37.6225604501075,126.978728323104,954125,1958125,39.658813,2025-10-01 10:00:00
다사54005825,37.6248137269673,126.978712588254,954125,1958375,39.448605,2025-10-01 10:00:00
다사54005650,37.6090407707171,126.978822695405,954125,1956625,41.149864,2025-10-01 10:00:00
다사54005675,37.611294052785894,126.978806971068,954125,1956875,41.08726,2025-10-01 10:00:00
다사54005700,37.6135473339865,126.978791244979,954125,1957125,41.018024,2025-10-01 10:00:00
다사54005725,37.6158006143189,126.978775517139,954125,1957375,40.188423,2025-10-01 10:00:00
다사54005950,37.6360800982428,126.978633887708,954125,1959625,38.341167,2025-10-01 10:00:00
다사54006150,37.65410624713079,126.978507875622,954125,1961625,35.777565,2025-10-01 10:00:00
다사54006175,37.6563595118339,126.97849211621401,954125,1961875,35.663326,2025-10-01 10:00:00
다사54006200,37.6586127756686,126.978476355049,954125,1962125,35.564342,2025-10-01 10:00:00
다사54005850,37.627067002958896,126.978696851651,954125,1958625,39.239048,2025-10-01 10:00:00
다사54005875,37.629320278082204,126.97868111329599,954125,1958875,39.02701,2025-10-01 10:00:00
다사54005900,37.6315735523374,126.97866537318701,954125,1959125,38.80393,2025-10-01 10:00:00
다사54005925,37.6338268257242,126.978649631324,954125,1959375,38.576267,2025-10-01 10:00:00
다사54005350,37.5820013181871,126.979011250901,954125,1953625,42.682865,2025-10-01 10:00:00
다사54005375,37.5842546106716,126.97899554756701,954125,1953875,42.68567,2025-10-01 10:00:00
다사54005400,37.5865079022883,126.978979842484,954125,1954125,42.28503,2025-10-01 10:00:00
다사54005425,37.588761193037,126.978964135652,954125,1954375,42.283234,2025-10-01 10:00:00
다사54005250,37.5729881395705,126.97907404674999,954125,1952625,42.622143,2025-10-01 10:00:00
다사54005275,37.5752414355264,126.979058350411,954125,1952875,42.581596,2025-10-01 10:00:00
다사54005300,37.5774947306145,126.979042652323,954125,1953125,42.69635,2025-10-01 10:00:00
다사54005325,37.57974802483471,126.979026952486,954125,1953375,42.68555,2025-10-01 10:00:00
다사54005550,37.6000276337616,126.978885575242,954125,1955625,42.302994,2025-10-01 10:00:00
다사54005575,37.6022809193026,126.97886985790899,954125,1955875,41.28652,2025-10-01 10:00:00
다사54005600,37.604534203975504,126.978854138825,954125,1956125,41.249153,2025-10-01 10:00:00
다사54005625,37.6067874877803,126.97883841799101,954125,1956375,41.20606,2025-10-01 10:00:00
다사54005450,37.5910144829179,126.97894842707,954125,1954625,42.285194,2025-10-01 10:00:00
다사54005475,37.5932677719308,126.978932716738,954125,1954875,42.28819,2025-10-01 10:00:00
다사54005500,37.595521060075704,126.978917004656,954125,1955125,42.290943,2025-10-01 10:00:00
다사54005525,37.5977743473526,126.978901290824,954125,1955375,42.298138,2025-10-01 10:00:00
다사54254475,37.503147894277205,126.98238814080798,954375,1944875,48.809742,2025-10-01 10:00:00
다사54254500,37.505401218126295,126.982372583563,954375,1945125,48.76697,2025-10-01 10:00:00
다사54254525,37.5076545411082,126.982357024586,954375,1945375,48.70125,2025-10-01 10:00:00
다사54254550,37.5099078632229,126.98234146387699,954375,1945625,48.294445,2025-10-01 10:00:00
다사54254375,37.4941345902093,126.982450352465,954375,1943875,48.770576,2025-10-01 10:00:00
다사54254400,37.496387917526995,126.98243480214899,954375,1944125,48.804623,2025-10-01 10:00:00
다사54254425,37.4986412439775,126.98241925010001,954375,1944375,48.83135,2025-10-01 10:00:00
다사54254450,37.5008945695609,126.98240369632,954375,1944625,48.83434,2025-10-01 10:00:00
다사54254675,37.5211744607879,126.98226363433099,954375,1946875,48.515472,2025-10-01 10:00:00
다사54254700,37.523427777699,126.982248063221,954375,1947125,47.825527,2025-10-01 10:00:00
다사54254725,37.5256810937428,126.982232490377,954375,1947375,47.643715,2025-10-01 10:00:00
다사54254750,37.52793440891929,126.982216915799,954375,1947625,47.22705,2025-10-01 10:00:00
다사54254575,37.5121611844704,126.982325901434,954375,1945875,48.195972,2025-10-01 10:00:00
다사54254600,37.514414504850706,126.982310337258,954375,1946125,48.58359,2025-10-01 10:00:00
다사54254625,37.5166678243637,126.98229477135,954375,1946375,48.423153,2025-10-01 10:00:00
다사54254650,37.5189211430094,126.98227920370701,954375,1946625,48.25997,2025-10-01 10:00:00
다사54254075,37.4670945947699,126.982636821271,954375,1940875,46.025772,2025-10-01 10:00:00
다사54254100,37.469347932491395,126.982621291718,954375,1941125,46.187134,2025-10-01 10:00:00
다사54254125,37.471601269345996,126.982605760436,954375,1941375,46.352936,2025-10-01 10:00:00
다사54254150,37.473854605333706,126.982590227425,954375,1941625,46.524826,2025-10-01 10:00:00
다사54253975,37.458081235215396,126.982698922194,954375,1939875,45.513332,2025-10-01 10:00:00
다사54254000,37.46033457640429,126.98268339955601,954375,1940125,45.62794,2025-10-01 10:00:00
다사54254025,37.4625879167263,126.98266787518999,954375,1940375,45.753696,2025-10-01 10:00:00
다사54254050,37.4648412561815,126.982652349095,954375,1940625,45.88117,2025-10-01 10:00:00
다사54254275,37.4851212722681,126.98251253642,954375,1942875,48.69816,2025-10-01 10:00:00
다사54254300,37.487374603054,126.982496993028,954375,1943125,48.75302,2025-10-01 10:00:00
다사54254325,37.4896279329728,126.982481447905,954375,1943375,48.656193,2025-10-01 10:00:00
다사54254350,37.491881262024606,126.982465901051,954375,1943625,48.720135,2025-10-01 10:00:00
다사54254175,37.476107940454504,126.982574692684,954375,1941875,46.693836,2025-10-01 10:00:00
다사54254200,37.4783612747084,126.982559156213,954375,1942125,46.856785,2025-10-01 10:00:00
다사54254225,37.4806146080953,126.982543618012,954375,1942375,47.008133,2025-10-01 10:00:00
다사54254250,37.4828679406151,126.982528078081,954375,1942625,47.140995,2025-10-01 10:00:00
다사54004150,37.4738422586563,126.979762957997,954125,1941625,46.4024,2025-10-01 10:00:00
다사54004175,37.476095592777796,126.979747338379,954125,1941875,46.588566,2025-10-01 10:00:00
다사54004200,37.478348926032204,126.979731717022,954125,1942125,46.767643,2025-10-01 10:00:00
다사54004225,37.4806022584195,126.979716093925,954125,1942375,46.91768,2025-10-01 10:00:00
다사54004050,37.4648289135011,126.97982541907899,954125,1940625,45.74375,2025-10-01 10:00:00
다사54004075,37.4670822510903,126.979809806416,954125,1940875,45.89222,2025-10-01 10:00:00
다사54004100,37.4693355878126,126.97979419201499,954125,1941125,46.053257,2025-10-01 10:00:00
다사54004125,37.471588923668,126.979778575875,954125,1941375,46.21981,2025-10-01 10:00:00
다사54004350,37.4918689073505,126.97963795234301,954125,1943625,48.72086,2025-10-01 10:00:00
다사54004375,37.494122234535396,126.979622318806,954125,1943875,48.85689,2025-10-01 10:00:00
다사54004400,37.4963755608531,126.979606683527,954125,1944125,48.951313,2025-10-01 10:00:00
다사54004425,37.4986288863037,126.979591046507,954125,1944375,49.004486,2025-10-01 10:00:00
다사54004250,37.4828555899399,126.979700469089,954125,1942625,47.032726,2025-10-01 10:00:00
다사54004275,37.485108920593206,126.97968484251301,954125,1942875,48.47965,2025-10-01 10:00:00
다사54004300,37.4873622503794,126.979669214197,954125,1943125,48.419743,2025-10-01 10:00:00
다사54004325,37.4896155792985,126.97965358414,954125,1943375,48.378536,2025-10-01 10:00:00
다사53755775,37.6202946926171,126.97591125182801,953875,1957875,39.78847,2025-10-01 10:00:00
다사53755800,37.6225479693364,126.975895433238,953875,1958125,39.603943,2025-10-01 10:00:00
다사53755825,37.6248012451874,126.975879612885,953875,1958375,39.40286,2025-10-01 10:00:00
다사53755850,37.627054520170105,126.97586379076999,953875,1958625,39.201965,2025-10-01 10:00:00
다사53755675,37.611281577057795,126.975974508573,953875,1956875,41.027035,2025-10-01 10:00:00
다사53755700,37.613534857249896,126.975958697029,953875,1957125,40.95585,2025-10-01 10:00:00
다사53755725,37.6157881365739,126.975942883724,953875,1957375,40.12151,2025-10-01 10:00:00
다사53755750,37.6180414150296,126.975927068657,953875,1957625,39.960537,2025-10-01 10:00:00
다사54003950,37.4558155544753,126.97988785235,954125,1939625,45.276787,2025-10-01 10:00:00
다사54003975,37.4580688955321,126.979872246639,954125,1939875,45.382183,2025-10-01 10:00:00
다사54004000,37.460322235721996,126.97985663918999,954125,1940125,45.492264,2025-10-01 10:00:00
다사54004025,37.462575575045,126.97984103000401,954125,1940375,45.620277,2025-10-01 10:00:00
다사53755875,37.6293077942846,126.975847966893,953875,1958875,39.000168,2025-10-01 10:00:00
다사53755900,37.631561067530704,126.975832141253,953875,1959125,38.787956,2025-10-01 10:00:00
다사53755925,37.6338143399085,126.975816313849,953875,1959375,38.57136,2025-10-01 10:00:00
다사53755950,37.636067611418,126.97580048468299,953875,1959625,38.348442,2025-10-01 10:00:00
다사54004950,37.545948520417106,126.979262266533,954125,1949625,45.180817,2025-10-01 10:00:00
다사54004975,37.548201826785295,126.979246591157,954125,1949875,44.68949,2025-10-01 10:00:00
다사54005000,37.5504551322859,126.979230914035,954125,1950125,43.96719,2025-10-01 10:00:00
다사54005025,37.5527084369189,126.979215235167,954125,1950375,43.812393,2025-10-01 10:00:00
다사54004850,37.5369352862687,126.979324950583,954125,1948625,46.399403,2025-10-01 10:00:00
다사54004875,37.5391885961071,126.979309282189,954125,1948875,45.9408,2025-10-01 10:00:00
다사54004900,37.541441905078,126.979293612049,954125,1949125,45.70094,2025-10-01 10:00:00
다사54004925,37.543695213181294,126.979277940164,954125,1949375,45.442356,2025-10-01 10:00:00
다사54005150,37.5639749470691,126.97913681463001,954125,1951625,42.732147,2025-10-01 10:00:00
다사54005175,37.5662282464961,126.979121125282,954125,1951875,42.75182,2025-10-01 10:00:00
다사54005200,37.5684815450553,126.979105434186,954125,1952125,42.716705,2025-10-01 10:00:00
다사54005225,37.570734842746795,126.979089741342,954125,1952375,42.667965,2025-10-01 10:00:00
다사54005050,37.55496174068429,126.97919955455299,954125,1950625,43.706497,2025-10-01 10:00:00
다사54005075,37.557215043582,126.97918387219299,954125,1950875,42.743793,2025-10-01 10:00:00
다사54005100,37.5594683456121,126.979168188085,954125,1951125,42.769035,2025-10-01 10:00:00
다사54005125,37.5617216467745,126.979152502231,954125,1951375,42.82249,2025-10-01 10:00:00
다사54004550,37.509895500548296,126.97951283528499,954125,1945625,48.120792,2025-10-01 10:00:00
다사54004575,37.512148820795495,126.979497187814,954125,1945875,49.06339,2025-10-01 10:00:00
다사54004600,37.5144021401754,126.979481538601,954125,1946125,48.950493,2025-10-01 10:00:00
다사54004625,37.5166554586879,126.97946588764499,954125,1946375,48.273926,2025-10-01 10:00:00
다사54004450,37.500882210887,126.979575407746,954125,1944625,48.63621,2025-10-01 10:00:00
다사54004475,37.5031355346032,126.979559767244,954125,1944875,48.62826,2025-10-01 10:00:00
다사54004500,37.5053888574522,126.979544125,954125,1945125,48.26581,2025-10-01 10:00:00
다사54004525,37.5076421794339,126.97952848101299,954125,1945375,48.199818,2025-10-01 10:00:00
다사54004750,37.5279220382403,126.979387606717,954125,1947625,47.424904,2025-10-01 10:00:00
다사54004775,37.5301753515486,126.9793719453,954125,1947875,47.03217,2025-10-01 10:00:00
다사54004800,37.53242866398939,126.979356282139,954125,1948125,46.82979,2025-10-01 10:00:00
다사54004825,37.5346819755628,126.979340617233,954125,1948375,46.623302,2025-10-01 10:00:00
다사54004650,37.518908776333106,126.979450234946,954125,1946625,48.52078,2025-10-01 10:00:00
다사54004675,37.521162093111,126.97943458050399,954125,1946875,48.39031,2025-10-01 10:00:00
다사54004700,37.5234154090215,126.97941892431801,954125,1947125,48.25737,2025-10-01 10:00:00
다사54004725,37.5256687240646,126.97940326638901,954125,1947375,47.591553,2025-10-01 10:00:00
다사53754575,37.512136389382206,126.976668475937,953875,1945875,48.83704,2025-10-01 10:00:00
다사53754600,37.5143897077562,126.976652741686,953875,1946125,48.739243,2025-10-01 10:00:00
다사53754625,37.5166430252629,126.976637005683,953875,1946375,48.47807,2025-10-01 10:00:00
다사53754650,37.518896341902106,126.97662126792801,953875,1946625,48.377766,2025-10-01 10:00:00
다사53754475,37.503123107212794,126.97673139542101,953875,1944875,48.838013,2025-10-01 10:00:00
다사53754500,37.5053764290562,126.976715668178,953875,1945125,48.85018,2025-10-01 10:00:00
다사53754525,37.5076297500322,126.976699939182,953875,1945375,48.98125,2025-10-01 10:00:00
다사53754550,37.5098830701409,126.976684208436,953875,1945625,48.91567,2025-10-01 10:00:00
다사53754775,37.5301629120867,126.976542552858,953875,1947875,47.067947,2025-10-01 10:00:00
다사53754800,37.5324162235212,126.97652680458401,953875,1948125,46.884186,2025-10-01 10:00:00
다사53754825,37.5346695340882,126.97651105455601,953875,1948375,46.69253,2025-10-01 10:00:00
다사53754850,37.5369228437876,126.97649530277398,953875,1948625,46.48797,2025-10-01 10:00:00
다사53754675,37.521149657673895,126.97660552842,953875,1946875,48.26894,2025-10-01 10:00:00
다사53754700,37.523402972578296,126.97658978716001,953875,1947125,48.16044,2025-10-01 10:00:00
다사53754725,37.525656286615295,126.976574044146,953875,1947375,47.54789,2025-10-01 10:00:00
다사53754750,37.52790959978471,126.97655829937901,953875,1947625,47.403072,2025-10-01 10:00:00
다사53754175,37.47608317745029,126.97691998581301,953875,1941875,46.43033,2025-10-01 10:00:00
다사53754200,37.4783365096998,126.97690427957,953875,1942125,46.644417,2025-10-01 10:00:00
다사53754225,37.4805898410822,126.976888571578,953875,1942375,46.811535,2025-10-01 10:00:00
다사53754250,37.4828431715975,126.97687286183701,953875,1942625,46.90261,2025-10-01 10:00:00
다사53754075,37.467069839782,126.9769827933,953875,1940875,45.69918,2025-10-01 10:00:00
다사53754100,37.4693231754996,126.976967094051,953875,1941125,45.846523,2025-10-01 10:00:00
다사53754125,37.471576510350204,126.976951393053,953875,1941375,46.023388,2025-10-01 10:00:00
다사53754150,37.4738298443338,126.976935690307,953875,1941625,46.215588,2025-10-01 10:00:00
다사53754375,37.494109811166894,126.976794286887,953875,1943875,48.577957,2025-10-01 10:00:00
다사53754400,37.496363136479296,126.976778566647,953875,1944125,48.672825,2025-10-01 10:00:00
다사53754425,37.498616460924396,126.976762844656,953875,1944375,48.744377,2025-10-01 10:00:00
다사53754450,37.5008697845022,126.976747120914,953875,1944625,48.796726,2025-10-01 10:00:00
다사53754275,37.48509650124571,126.97685715034599,953875,1942875,48.24308,2025-10-01 10:00:00
다사53754300,37.4873498300268,126.976841437106,953875,1943125,48.225708,2025-10-01 10:00:00
다사53754325,37.4896031579407,126.97682572211599,953875,1943375,48.220486,2025-10-01 10:00:00
다사53754350,37.491856484987395,126.976810005377,953875,1943625,48.488728,2025-10-01 10:00:00
다사53755375,37.584242147041,126.97616410979099,953875,1953875,42.123585,2025-10-01 10:00:00
다사53755400,37.5864954376498,126.97614831936701,953875,1954125,42.080784,2025-10-01 10:00:00
다사53755425,37.5887487273907,126.97613252718399,953875,1954375,42.285297,2025-10-01 10:00:00
다사53755450,37.5910020162637,126.976116733242,953875,1954625,42.28789,2025-10-01 10:00:00
다사53755275,37.5752289759262,126.976227253903,953875,1952875,42.61239,2025-10-01 10:00:00
다사53755300,37.577482270006705,126.97621147051301,953875,1953125,42.238724,2025-10-01 10:00:00
다사53755325,37.5797355632194,126.976195685364,953875,1953375,42.1971,2025-10-01 10:00:00
다사53755350,37.581988855564106,126.97617989845699,953875,1953625,42.154026,2025-10-01 10:00:00
다사53755575,37.6022684476079,126.976037737139,953875,1955875,42.297653,2025-10-01 10:00:00
다사53755600,37.604521731272605,126.97602193263799,953875,1956125,41.194706,2025-10-01 10:00:00
다사53755625,37.6067750140691,126.97600612637699,953875,1956375,41.14384,2025-10-01 10:00:00
다사53755650,37.609028295997604,126.975990318355,953875,1956625,41.089943,2025-10-01 10:00:00
다사53755475,37.5932553042686,126.976100937541,953875,1954875,42.289917,2025-10-01 10:00:00
다사53755500,37.595508591405505,126.97608514008002,953875,1955125,42.292343,2025-10-01 10:00:00
다사53755525,37.5977618776744,126.97606934086001,953875,1955375,42.293026,2025-10-01 10:00:00
다사53755550,37.600015163075206,126.976053539879,953875,1955625,42.294945,2025-10-01 10:00:00
다사53754975,37.548189379271,126.97641651754499,953875,1949875,44.676224,2025-10-01 10:00:00
다사53755000,37.5504426837647,126.976400755234,953875,1950125,43.86487,2025-10-01 10:00:00
다사53755025,37.5526959873909,126.976384991167,953875,1950375,43.701237,2025-10-01 10:00:00
다사53755050,37.554949290149295,126.976369225345,953875,1950625,43.58516,2025-10-01 10:00:00
다사53754875,37.5391761526194,126.976479549237,953875,1948875,46.26536,2025-10-01 10:00:00
다사53754900,37.5414294605837,126.976463793946,953875,1949125,45.815235,2025-10-01 10:00:00
다사53754925,37.543682767680394,126.97644803690099,953875,1949375,45.54176,2025-10-01 10:00:00
다사53754950,37.5459360739095,126.97643227809999,953875,1949625,45.216644,2025-10-01 10:00:00
다사53755175,37.5662157909255,126.97629036989099,953875,1951875,42.768017,2025-10-01 10:00:00
다사53755200,37.5684690884774,126.97627459353001,953875,1952125,42.720005,2025-10-01 10:00:00
다사53755225,37.5707223851615,126.97625881541201,953875,1952375,42.67994,2025-10-01 10:00:00
다사53755250,37.5729756809778,126.976243035536,953875,1952625,42.647102,2025-10-01 10:00:00
다사53755075,37.55720259204001,126.97635345776699,953875,1950875,43.49196,2025-10-01 10:00:00
다사53755100,37.559455893063,126.976337688433,953875,1951125,42.60221,2025-10-01 10:00:00
다사53755125,37.5617091932183,126.97632191734199,953875,1951375,42.577507,2025-10-01 10:00:00
다사53755150,37.5639624925058,126.976306144495,953875,1951625,42.510223,2025-10-01 10:00:00
다사53504975,37.5481768639307,126.973586445687,953625,1949875,44.739136,2025-10-01 10:00:00
다사53505000,37.5504301674122,126.973570598188,953625,1950125,43.758232,2025-10-01 10:00:00
다사53505025,37.5526834700259,126.973554748923,953625,1950375,43.64786,2025-10-01 10:00:00
다사53505050,37.5549367717719,126.97353889789301,953625,1950625,43.5381,2025-10-01 10:00:00
다사53504875,37.5391636413278,126.973649818041,953625,1948875,46.45367,2025-10-01 10:00:00
다사53504900,37.5414169482801,126.973633977599,953625,1949125,46.256466,2025-10-01 10:00:00
다사53504925,37.5436702543646,126.97361813539301,953625,1949375,45.82954,2025-10-01 10:00:00
다사53504950,37.545923559581496,126.97360229142201,953625,1949625,45.313023,2025-10-01 10:00:00
다사53505175,37.5662032674851,126.973459616257,953625,1951875,42.404823,2025-10-01 10:00:00
다사53505200,37.5684565640242,126.973443754632,953625,1952125,42.52153,2025-10-01 10:00:00
다사53505225,37.5707098596955,126.973427891239,953625,1952375,42.5365,2025-10-01 10:00:00
다사53505250,37.572963154498794,126.97341202608,953625,1952625,42.51494,2025-10-01 10:00:00
다사53505075,37.5571900726502,126.97352304509701,953625,1950875,42.44071,2025-10-01 10:00:00
다사53505100,37.5594433726606,126.973507190536,953625,1951125,42.35622,2025-10-01 10:00:00
다사53505125,37.5616966718033,126.97349133421001,953625,1951375,42.249664,2025-10-01 10:00:00
다사53505150,37.5639499700781,126.973475476117,953625,1951625,42.254223,2025-10-01 10:00:00
다사53504575,37.5121238902308,126.973839765812,953625,1945875,48.601578,2025-10-01 10:00:00
다사53504600,37.5143772075934,126.97382394652399,953625,1946125,48.53094,2025-10-01 10:00:00
다사53504625,37.516630524088704,126.973808125474,953625,1946375,48.447674,2025-10-01 10:00:00
다사53504650,37.518883839716395,126.973792302663,953625,1946625,48.238064,2025-10-01 10:00:00
다사53504475,37.503110612106205,126.97390302535,953625,1944875,49.591545,2025-10-01 10:00:00
다사53504500,37.5053639329384,126.97388721310699,953625,1945125,49.639465,2025-10-01 10:00:00
다사53504525,37.507617252903295,126.97387139910299,953625,1945375,49.681644,2025-10-01 10:00:00
다사53504550,37.5098705720007,126.973855583338,953625,1945625,48.65727,2025-10-01 10:00:00
다사53504775,37.53015040484279,126.97371316216999,953625,1947875,47.122303,2025-10-01 10:00:00
다사53504800,37.532403715265396,126.973697328783,953625,1948125,46.96417,2025-10-01 10:00:00
다사53504825,37.5346570248205,126.97368149363199,953625,1948375,46.802437,2025-10-01 10:00:00
다사53504850,37.536910333508,126.97366565671801,953625,1948625,46.632957,2025-10-01 10:00:00
다사53504675,37.521137154476705,126.97377647808901,953625,1946875,48.15574,2025-10-01 10:00:00
다사53504700,37.5233904683695,126.97376065175399,953625,1947125,48.06735,2025-10-01 10:00:00
다사53504725,37.5256437813948,126.973744823655,953625,1947375,47.51532,2025-10-01 10:00:00
다사53504750,37.5278970935526,126.973728993794,953625,1947625,47.393105,2025-10-01 10:00:00
다사53505775,37.6202821448531,126.973078449217,953625,1957875,39.735893,2025-10-01 10:00:00
다사53505800,37.6225354205581,126.97306254513398,953625,1958125,39.550545,2025-10-01 10:00:00
다사53505825,37.6247886953948,126.973046639279,953625,1958375,39.362396,2025-10-01 10:00:00
다사53505850,37.627041969363205,126.97303073165199,953625,1958625,39.165062,2025-10-01 10:00:00
다사53505675,37.611269033350204,126.973142047838,953625,1956875,40.963535,2025-10-01 10:00:00
다사53505700,37.613522312528296,126.97312615084,953625,1957125,40.88682,2025-10-01 10:00:00
다사53505725,37.615775590838204,126.97311025206999,953625,1957375,40.06088,2025-10-01 10:00:00
다사53505750,37.618028868279794,126.97309435152901,953625,1957625,39.904526,2025-10-01 10:00:00
다사53753975,37.458056488241894,126.97704557282101,953875,1939875,46.329308,2025-10-01 10:00:00
다사53754000,37.460309827427295,126.977029880562,953875,1940125,46.435856,2025-10-01 10:00:00
다사53754025,37.4625631657458,126.97701418655599,953875,1940375,45.436634,2025-10-01 10:00:00
다사53754050,37.4648165031974,126.976998490802,953875,1940625,45.562325,2025-10-01 10:00:00
다사53505875,37.6292952424633,126.97301482225299,953625,1958875,38.969646,2025-10-01 10:00:00
다사53505900,37.6315485146949,126.972998911082,953625,1959125,38.76944,2025-10-01 10:00:00
다사53505925,37.6338017860582,126.97298299813801,953625,1959375,38.55965,2025-10-01 10:00:00
다사53753950,37.4558031481895,126.977061263333,953875,1939625,46.240414,2025-10-01 10:00:00
다사53505375,37.584229615496504,126.973332673773,953625,1953875,42.142086,2025-10-01 10:00:00
다사53505400,37.586482905092105,126.973316798009,953625,1954125,42.104843,2025-10-01 10:00:00
다사53505425,37.588736193819706,126.97330092047501,953625,1954375,42.76724,2025-10-01 10:00:00
다사53505450,37.5909894816792,126.973285041173,953625,1954625,42.767967,2025-10-01 10:00:00
다사53505275,37.5752164484343,126.97339615915399,953625,1952875,42.486057,2025-10-01 10:00:00
다사53505300,37.5774697415018,126.97338029046001,953625,1953125,42.248962,2025-10-01 10:00:00
다사53505325,37.5797230337013,126.97336441999902,953625,1953375,42.210934,2025-10-01 10:00:00
다사53505350,37.5819763250329,126.97334854777,953625,1953625,42.17354,2025-10-01 10:00:00
다사53505575,37.6022559079557,126.973205618129,953625,1955875,42.28779,2025-10-01 10:00:00
다사53505600,37.604509190606606,126.97318972821199,953625,1956125,41.1425,2025-10-01 10:00:00
다사53505625,37.6067624723893,126.973173836524,953625,1956375,41.08549,2025-10-01 10:00:00
다사53505650,37.609015753303794,126.973157943066,953625,1956625,41.03111,2025-10-01 10:00:00
다사53505475,37.5932427686707,126.973269160103,953625,1954875,42.77489,2025-10-01 10:00:00
다사53505500,37.595496054794104,126.973253277263,953625,1955125,42.290424,2025-10-01 10:00:00
다사53505525,37.5977493400494,126.973237392655,953625,1955375,42.288418,2025-10-01 10:00:00
다사53505550,37.600002624436605,126.97322150627701,953625,1955625,42.287018,2025-10-01 10:00:00
다사53255375,37.5842170160385,126.970501239524,953375,1953875,42.157066,2025-10-01 10:00:00
다사53255400,37.586470304615396,126.97048527841801,953375,1954125,42.12177,2025-10-01 10:00:00
다사53255425,37.5887235923241,126.970469315535,953375,1954375,42.764572,2025-10-01 10:00:00
다사53255450,37.5909768791648,126.97045335087401,953375,1954625,42.76711,2025-10-01 10:00:00
다사53255275,37.5752038530507,126.97056506617099,953375,1952875,42.47984,2025-10-01 10:00:00
다사53255300,37.5774571450997,126.97054911217501,953375,1953125,42.251534,2025-10-01 10:00:00
다사53255325,37.579710436280706,126.970533156402,953375,1953375,42.21743,2025-10-01 10:00:00
다사53255350,37.5819637265936,126.97051719885201,953375,1953625,42.18471,2025-10-01 10:00:00
다사53255575,37.6022433003458,126.970373500889,953375,1955875,42.278217,2025-10-01 10:00:00
다사53255600,37.6044965819775,126.970357525555,953375,1956125,41.096573,2025-10-01 10:00:00
다사53255625,37.6067498627409,126.97034154844101,953375,1956375,41.04001,2025-10-01 10:00:00
다사53255650,37.609003142636105,126.970325569548,953375,1956625,40.980865,2025-10-01 10:00:00
다사53255475,37.59323016513729,126.97043738443399,953375,1954875,42.77606,2025-10-01 10:00:00
다사53255500,37.5954834502417,126.970421416216,953375,1955125,42.7763,2025-10-01 10:00:00
다사53255525,37.5977367344779,126.970405446219,953375,1955375,42.7777,2025-10-01 10:00:00
다사53255550,37.599990017846,126.970389474444,953375,1955625,42.778397,2025-10-01 10:00:00
다사53254975,37.5481642807647,126.970756375595,953375,1949875,46.53581,2025-10-01 10:00:00
다사53255000,37.550417583228395,126.97074044290702,953375,1950125,44.8708,2025-10-01 10:00:00
다사53255025,37.5526708848242,126.97072450844401,953375,1950375,42.900536,2025-10-01 10:00:00
다사53255050,37.554924185552295,126.97070857220601,953375,1950625,42.703938,2025-10-01 10:00:00
다사53254875,37.5391510622324,126.970820088608,953375,1948875,46.712086,2025-10-01 10:00:00
다사53254900,37.541404368167,126.970804163015,953375,1949125,46.621643,2025-10-01 10:00:00
다사53254925,37.543657673234,126.970788235649,953375,1949375,46.206104,2025-10-01 10:00:00
다사53254950,37.5459109774332,126.970772306509,953375,1949625,46.208286,2025-10-01 10:00:00
다사53255175,37.566190676175,126.97062886439,953375,1951875,42.54191,2025-10-01 10:00:00
다사53255200,37.56844397169579,126.9706129175,953375,1952125,42.45346,2025-10-01 10:00:00
다사53255225,37.570697266348795,126.970596968834,953375,1952375,42.49045,2025-10-01 10:00:00
다사53255250,37.572950560133705,126.970581018391,953375,1952625,42.493168,2025-10-01 10:00:00
다사53255075,37.5571774854126,126.970692634194,953375,1950875,42.566814,2025-10-01 10:00:00
다사53255100,37.559430784404995,126.970676694406,953375,1951125,42.44632,2025-10-01 10:00:00
다사53255125,37.5616840825296,126.970660752843,953375,1951375,42.376842,2025-10-01 10:00:00
다사53255150,37.5639373797862,126.970644809504,953375,1951625,42.408043,2025-10-01 10:00:00
다사53504175,37.4760706944723,126.974092634996,953625,1941875,47.040154,2025-10-01 10:00:00
다사53504200,37.4783240257114,126.974076843867,953625,1942125,47.327583,2025-10-01 10:00:00
다사53504225,37.4805773560834,126.97406105098,953625,1942375,47.619244,2025-10-01 10:00:00
다사53504250,37.482830685588205,126.974045256334,953625,1942625,47.577747,2025-10-01 10:00:00
다사53504075,37.467057360845,126.974155781932,953625,1940875,46.43598,2025-10-01 10:00:00
다사53504100,37.469310695552394,126.974139997834,953625,1941125,46.561913,2025-10-01 10:00:00
다사53504125,37.471564029392795,126.974124211979,953625,1941375,46.709293,2025-10-01 10:00:00
다사53504150,37.4738173623661,126.974108424367,953625,1941625,46.876705,2025-10-01 10:00:00
다사53504375,37.4940973201041,126.973966256718,953625,1943875,48.946518,2025-10-01 10:00:00
다사53504400,37.4963506444056,126.97395045151698,953625,1944125,48.391094,2025-10-01 10:00:00
다사53504425,37.4986039678398,126.973934644555,953625,1944375,48.47696,2025-10-01 10:00:00
다사53504450,37.50085729040671,126.97391883583299,953625,1944625,49.515877,2025-10-01 10:00:00
다사53504275,37.4850840142258,126.97402945992901,953625,1942875,47.858902,2025-10-01 10:00:00
다사53504300,37.4873373419962,126.974013661765,953625,1943125,47.81315,2025-10-01 10:00:00
다사53504325,37.489590668899396,126.97399786184299,953625,1943375,48.802696,2025-10-01 10:00:00
다사53504350,37.4918439949354,126.97398206016001,953625,1943625,48.856865,2025-10-01 10:00:00
다사53255775,37.6202695290876,126.970245648378,953375,1957875,39.680737,2025-10-01 10:00:00
다사53255800,37.622522803772895,126.970229658802,953375,1958125,39.507847,2025-10-01 10:00:00
다사53255825,37.6247760775898,126.970213667444,953375,1958375,39.321182,2025-10-01 10:00:00
다사53255850,37.6270293505384,126.970197674306,953375,1958625,39.131714,2025-10-01 10:00:00
다사53255675,37.611256421663,126.97030958887501,953375,1956875,40.908455,2025-10-01 10:00:00
다사53255700,37.6135096998216,126.970293606421,953375,1957125,40.828926,2025-10-01 10:00:00
다사53255725,37.6157629771119,126.970277622187,953375,1957375,39.994144,2025-10-01 10:00:00
다사53255750,37.618016253534,126.970261636173,953375,1957625,39.84373,2025-10-01 10:00:00
다사53503975,37.458044013344896,126.97421890075,953625,1939875,46.04495,2025-10-01 10:00:00
다사53504000,37.4602973515204,126.974203123681,953625,1940125,46.132442,2025-10-01 10:00:00
다사53504025,37.4625506888289,126.974187344855,953625,1940375,46.222687,2025-10-01 10:00:00
다사53504050,37.4648040252705,126.974171564272,953625,1940625,46.330822,2025-10-01 10:00:00
다사53255875,37.6292826226185,126.97018167938499,953375,1958875,38.948036,2025-10-01 10:00:00
다사53255900,37.631535893830204,126.97016568268299,953375,1959125,38.758923,2025-10-01 10:00:00
다사53255925,37.6337891641734,126.97014968419901,953375,1959375,38.556805,2025-10-01 10:00:00
다사53503950,37.4557906743024,126.974234676063,953625,1939625,45.970375,2025-10-01 10:00:00
다사53005800,37.6225101189808,126.967396774251,953125,1958125,39.45914,2025-10-01 10:00:00
다사53005825,37.6247633917725,126.967380697391,953125,1958375,39.279972,2025-10-01 10:00:00
다사53005850,37.627016663695706,126.967364618741,953125,1958625,39.096996,2025-10-01 10:00:00
다사53005875,37.6292699347504,126.967348538299,953125,1958875,38.92225,2025-10-01 10:00:00
다사53005700,37.6134970191301,126.96746106378299,953125,1957125,40.777992,2025-10-01 10:00:00
다사53005725,37.6157502953954,126.967444994085,953125,1957375,39.940914,2025-10-01 10:00:00
다사53005750,37.6180035707923,126.967428922598,953125,1957625,39.791775,2025-10-01 10:00:00
다사53005775,37.620256845320796,126.967412849319,953125,1957875,39.63621,2025-10-01 10:00:00
다사53253975,37.4580314708413,126.971392230436,953375,1939875,45.73864,2025-10-01 10:00:00
다사53254000,37.4602848080014,126.97137636855699,953375,1940125,45.805668,2025-10-01 10:00:00
다사53254025,37.4625381442945,126.971360504912,953375,1940375,45.87422,2025-10-01 10:00:00
다사53254050,37.4647914797205,126.9713446395,953375,1940625,45.94114,2025-10-01 10:00:00
다사53005900,37.6315232049366,126.96733245606701,953125,1959125,38.73195,2025-10-01 10:00:00
다사53253900,37.4512714541588,126.97143980548,953375,1939125,45.58006,2025-10-01 10:00:00
다사53253925,37.4535247939199,126.97142394889799,953375,1939375,45.623573,2025-10-01 10:00:00
다사53253950,37.4557781328141,126.97140809055,953375,1939625,45.68565,2025-10-01 10:00:00
다사53005400,37.5864576362196,126.967653760606,953125,1954125,42.13792,2025-10-01 10:00:00
다사53005425,37.5887109229041,126.967637712373,953125,1954375,42.75544,2025-10-01 10:00:00
다사53005450,37.5909642087203,126.967621662352,953125,1954625,42.762825,2025-10-01 10:00:00
다사53005475,37.5932174936684,126.967605610544,953125,1954875,42.76673,2025-10-01 10:00:00
다사53005300,37.5774444808006,126.967717935667,953125,1953125,42.444893,2025-10-01 10:00:00
다사53005325,37.5796977709575,126.967701894582,953125,1953375,42.21544,2025-10-01 10:00:00
다사53005350,37.5819510602463,126.96768585171101,953125,1953625,42.18569,2025-10-01 10:00:00
다사53005375,37.584204348667,126.967669807052,953125,1953875,42.159004,2025-10-01 10:00:00
다사53005600,37.60448390538561,126.96752532467801,953125,1956125,42.761307,2025-10-01 10:00:00
다사53005625,37.6067371851242,126.96750926213801,953125,1956375,41.318516,2025-10-01 10:00:00
다사53005650,37.608990463994495,126.96749319780899,953125,1956625,41.247055,2025-10-01 10:00:00
다사53005675,37.611243741996496,126.967477131691,953125,1956875,40.854248,2025-10-01 10:00:00
다사53005500,37.5954707777483,126.967589556948,953125,1955125,42.773033,2025-10-01 10:00:00
다사53005525,37.59772406096,126.967573501563,953125,1955375,42.773785,2025-10-01 10:00:00
다사53005550,37.5999773433035,126.96755744439,953125,1955625,42.77469,2025-10-01 10:00:00
다사53005575,37.6022306247786,126.967541385428,953125,1955875,42.771393,2025-10-01 10:00:00
다사53254575,37.5121113233413,126.97101105744801,953375,1945875,48.37641,2025-10-01 10:00:00
다사53254600,37.5143646396871,126.970995153123,953375,1946125,48.33376,2025-10-01 10:00:00
다사53254625,37.5166179551654,126.970979247027,953375,1946375,48.280983,2025-10-01 10:00:00
다사53254650,37.5188712697762,126.97096333916001,953375,1946625,48.226818,2025-10-01 10:00:00
다사53254475,37.5030980492834,126.97107465703999,953375,1944875,49.275463,2025-10-01 10:00:00
다사53254500,37.505351369099,126.971058759797,953375,1945125,49.35173,2025-10-01 10:00:00
다사53254525,37.5076046880472,126.971042860785,953375,1945375,49.411003,2025-10-01 10:00:00
다사53254550,37.509858006128,126.971026960002,953375,1945625,48.412266,2025-10-01 10:00:00
다사53254775,37.530137829817,126.97088377324499,953375,1947875,47.304363,2025-10-01 10:00:00
다사53254800,37.5323911392223,126.97086785474501,953375,1948125,47.06213,2025-10-01 10:00:00
다사53254825,37.534644447759995,126.970851934473,953375,1948375,46.939682,2025-10-01 10:00:00
다사53254850,37.53689775543,126.970836012427,953375,1948625,46.82241,2025-10-01 10:00:00
다사53254675,37.5211245835195,126.970947429521,953375,1946875,48.045837,2025-10-01 10:00:00
다사53254700,37.523377896395296,126.97093151811,953375,1947125,47.98322,2025-10-01 10:00:00
다사53254725,37.5256312084034,126.970915604927,953375,1947375,47.94197,2025-10-01 10:00:00
다사53254750,37.527884519544,126.970899689973,953375,1947625,47.400013,2025-10-01 10:00:00
다사53254175,37.476058143844,126.97126528593701,953375,1941875,46.278873,2025-10-01 10:00:00
다사53254200,37.478311474067205,126.97124940992201,953375,1942125,46.214783,2025-10-01 10:00:00
다사53254225,37.480564803423206,126.97123353213999,953375,1942375,45.373695,2025-10-01 10:00:00
다사53254250,37.482818131912,126.97121765258998,953375,1942625,46.30834,2025-10-01 10:00:00
다사53254075,37.4670448142795,126.971328772321,953375,1940875,46.027355,2025-10-01 10:00:00
다사53254100,37.469298147971294,126.971312903376,953375,1941125,46.09868,2025-10-01 10:00:00
다사53254125,37.471551480796,126.971297032663,953375,1941375,46.178097,2025-10-01 10:00:00
다사53254150,37.4738048127536,126.971281160184,953375,1941625,46.240696,2025-10-01 10:00:00
다사53254375,37.4940847613471,126.97113822831001,953375,1943875,48.55785,2025-10-01 10:00:00
다사53254400,37.4963380846322,126.971122338147,953375,1944125,48.669865,2025-10-01 10:00:00
다사53254425,37.49859140705,126.97110644621401,953375,1944375,48.78114,2025-10-01 10:00:00
다사53254450,37.5008447286004,126.971090552512,953375,1944625,49.173824,2025-10-01 10:00:00
다사53254275,37.4850714595336,126.971201771271,953375,1942875,46.608116,2025-10-01 10:00:00
다사53254300,37.4873247862879,126.971185888184,953375,1943125,46.774963,2025-10-01 10:00:00
다사53254325,37.4895781121749,126.971170003328,953375,1943375,48.31781,2025-10-01 10:00:00
다사53254350,37.491831437194705,126.97115411670299,953375,1943625,48.43824,2025-10-01 10:00:00
다사71755025,37.5534189550733,127.180166456661,971875,1950375,33.306213,2025-10-01 10:00:00
다사71755050,37.5556723163075,127.180156826274,971875,1950625,33.311684,2025-10-01 10:00:00
다사71755075,37.5579256766773,127.180147194815,971875,1950875,33.306103,2025-10-01 10:00:00
다사71755100,37.560179036183,127.18013756228399,971875,1951125,33.31053,2025-10-01 10:00:00
다사71505250,37.5736915366872,127.177248632835,971625,1952625,33.30979,2025-10-01 10:00:00
다사71754950,37.5466588661858,127.180195341385,971875,1949625,33.289906,2025-10-01 10:00:00
다사71754975,37.5489122300125,127.18018571421601,971875,1949875,33.3009,2025-10-01 10:00:00
다사71755000,37.551165592975,127.18017608597401,971875,1950125,33.305004,2025-10-01 10:00:00
다사72005000,37.5511731573402,127.18300634623999,972125,1950125,33.304638,2025-10-01 10:00:00
다사72005025,37.553426520050394,127.182996802136,972125,1950375,33.305023,2025-10-01 10:00:00
다사71755125,37.56243239482429,127.18012792867901,971875,1951375,33.308727,2025-10-01 10:00:00
다사71755150,37.5646857526014,127.180118294002,971875,1951625,33.312042,2025-10-01 10:00:00
다사72004950,37.546666429327395,127.18302543125799,972125,1949625,33.302643,2025-10-01 10:00:00
다사72004975,37.5489197937658,127.18301588928001,972125,1949875,33.30289,2025-10-01 10:00:00
다사71004975,37.548889131752205,127.17169519549401,971125,1949875,33.29255,2025-10-01 10:00:00
다사71005000,37.551142492846395,127.171685311651,971125,1950125,33.295807,2025-10-01 10:00:00
다사71005025,37.553395853076296,127.171675426706,971125,1950375,33.297363,2025-10-01 10:00:00
다사71005050,37.5556492124418,127.171665540661,971125,1950625,33.29991,2025-10-01 10:00:00
다사70755275,37.5759215651398,127.168745322937,970875,1952875,33.436726,2025-10-01 10:00:00
다사70755300,37.578174915226796,127.16873534056002,970875,1953125,33.450375,2025-10-01 10:00:00
다사70755325,37.580428264449296,127.16872535707199,970875,1953375,33.46297,2025-10-01 10:00:00
다사71004950,37.5466357697937,127.171705078237,971125,1949625,33.289276,2025-10-01 10:00:00
다사71005175,37.566915996304004,127.171616093915,971125,1951875,33.30019,2025-10-01 10:00:00
다사71005200,37.5691693504831,127.171606201261,971125,1952125,33.302635,2025-10-01 10:00:00
다사71005225,37.5714227037979,127.171596307505,971125,1952375,33.303337,2025-10-01 10:00:00
다사71005250,37.573676056248104,127.171586412647,971125,1952625,33.43803,2025-10-01 10:00:00
다사71005075,37.557902570943,127.17165565351401,971125,1950875,33.300056,2025-10-01 10:00:00
다사71005100,37.560155928579796,127.17164576526699,971125,1951125,33.299088,2025-10-01 10:00:00
다사71005125,37.562409285352295,127.17163587591801,971125,1951375,33.29885,2025-10-01 10:00:00
다사71005150,37.5646626412603,127.17162598546699,971125,1951625,33.3012,2025-10-01 10:00:00
다사70754975,37.548881296665705,127.168865024776,970875,1949875,33.286392,2025-10-01 10:00:00
다사70755000,37.551134657126106,127.168855055732,970875,1950125,33.30124,2025-10-01 10:00:00
다사70755025,37.5533880167222,127.168845085578,970875,1950375,33.29106,2025-10-01 10:00:00
다사70755050,37.555641375453895,127.168835114313,970875,1950625,33.29467,2025-10-01 10:00:00
다사70505275,37.575913654546795,127.165914130298,970625,1952875,33.439808,2025-10-01 10:00:00
다사70505300,37.5781670039941,127.165904062607,970625,1953125,33.44782,2025-10-01 10:00:00
다사70505325,37.5804203525769,127.165893993795,970625,1953375,33.459957,2025-10-01 10:00:00
다사70754950,37.546627935341,127.16887499271002,970875,1949625,33.284233,2025-10-01 10:00:00
다사70755175,37.5669081561463,127.168785241327,970875,1951875,33.297302,2025-10-01 10:00:00
다사70755200,37.5691615096915,127.16877526339701,970875,1952125,33.295063,2025-10-01 10:00:00
다사70755225,37.5714148623721,127.16876528435499,970875,1952375,33.30262,2025-10-01 10:00:00
다사70755250,37.5736682141882,127.16875530420201,970875,1952625,33.429363,2025-10-01 10:00:00
다사70755075,37.5578947333213,127.168825141937,970875,1950875,33.297234,2025-10-01 10:00:00
다사70755100,37.560148090324205,127.168815168451,970875,1951125,33.293934,2025-10-01 10:00:00
다사70755125,37.5624014464627,127.16880519385401,970875,1951375,33.292255,2025-10-01 10:00:00
다사70755150,37.5646548017367,127.168795218146,970875,1951625,33.293583,2025-10-01 10:00:00
다사71504950,37.5466512352162,127.177365252584,971625,1949625,33.292313,2025-10-01 10:00:00
다사71504975,37.5489045984257,127.177355540224,971625,1949875,33.291,2025-10-01 10:00:00
다사71505000,37.5511579607709,127.177345826781,971625,1950125,33.299824,2025-10-01 10:00:00
다사71505025,37.5534113222519,127.17733611225701,971625,1950375,33.30181,2025-10-01 10:00:00
다사71255275,37.5759371826289,127.17440771154,971375,1952875,33.446575,2025-10-01 10:00:00
다사71255300,37.5781905339789,127.174397899792,971375,1953125,33.45684,2025-10-01 10:00:00
다사71255325,37.580443884464394,127.17438808695199,971375,1953375,32.977654,2025-10-01 10:00:00
다사71255350,37.582697234085394,127.174378273018,971375,1953625,32.974144,2025-10-01 10:00:00
다사71505150,37.564678116692704,127.177287523404,971625,1951625,33.30858,2025-10-01 10:00:00
다사71505175,37.566931472987896,127.177277802386,971625,1951875,33.306133,2025-10-01 10:00:00
다사71505200,37.569184828418706,127.17726808028601,971625,1952125,33.314575,2025-10-01 10:00:00
다사71505225,37.5714381829852,127.17725835710199,971625,1952375,33.315235,2025-10-01 10:00:00
다사71505050,37.5556646828687,127.177326396651,971625,1950625,33.301594,2025-10-01 10:00:00
다사71505075,37.557918042621104,127.177316679963,971625,1950875,33.30754,2025-10-01 10:00:00
다사71505100,37.560171401509294,127.17730696219299,971625,1951125,33.309395,2025-10-01 10:00:00
다사71505125,37.56242475953321,127.17729724333999,971625,1951375,33.310585,2025-10-01 10:00:00
다사71254975,37.548896899005605,127.17452536731301,971375,1949875,33.291954,2025-10-01 10:00:00
다사71255000,37.551150260728,127.17451556866999,971375,1950125,33.29648,2025-10-01 10:00:00
다사71255025,37.553403621586206,127.174505768936,971375,1950375,33.297775,2025-10-01 10:00:00
다사71255050,37.5556569815801,127.17449596811001,971375,1950625,33.299393,2025-10-01 10:00:00
다사71005275,37.575929407833904,127.171576516687,971125,1952875,33.44385,2025-10-01 10:00:00
다사71005300,37.5781827585551,127.171566619625,971125,1953125,33.45673,2025-10-01 10:00:00
다사71005325,37.580436108411895,127.17155672146002,971125,1953375,33.46668,2025-10-01 10:00:00
다사71254950,37.5466435364189,127.17453516486499,971375,1949625,33.286163,2025-10-01 10:00:00
다사71255175,37.5669237685845,127.17444694760401,971375,1951875,33.307014,2025-10-01 10:00:00
다사71255200,37.56917712339229,127.174437140227,971375,1952125,33.30295,2025-10-01 10:00:00
다사71255225,37.5714304773356,127.17442733175699,971375,1952375,33.31077,2025-10-01 10:00:00
다사71255250,37.5736838304145,127.174417522195,971375,1952625,33.4408,2025-10-01 10:00:00
다사71255075,37.557910340709704,127.174486166193,971375,1950875,33.29941,2025-10-01 10:00:00
다사71255100,37.5601636989749,127.174476363184,971375,1951125,33.3021,2025-10-01 10:00:00
다사71255125,37.5624170563758,127.174466559083,971375,1951375,33.296967,2025-10-01 10:00:00
다사71255150,37.5646704129124,127.17445675389,971375,1951625,33.304127,2025-10-01 10:00:00
다사70005000,37.551110742934206,127.160364294675,970125,1950125,33.290188,2025-10-01 10:00:00
다사70005025,37.553364100596,127.160354068892,970125,1950375,33.288094,2025-10-01 10:00:00
다사70005050,37.555617457393296,127.160343841969,970125,1950625,33.285233,2025-10-01 10:00:00
다사70005075,37.557870813326105,127.16033361390801,970125,1950875,33.275738,2025-10-01 10:00:00
다사70004900,37.5420973036427,127.16040518642299,970125,1949125,33.27608,2025-10-01 10:00:00
다사70004925,37.5443506647622,127.160394965194,970125,1949375,33.28142,2025-10-01 10:00:00
다사70004950,37.546604025017295,127.16038474282601,970125,1949625,33.286118,2025-10-01 10:00:00
다사70004975,37.548857384408,127.16037451931999,970125,1949875,33.28488,2025-10-01 10:00:00
다사70005200,37.569137580021895,127.16028245651,970125,1952125,33.27125,2025-10-01 10:00:00
다사70005225,37.5713909307673,127.16027222161101,970125,1952375,33.408268,2025-10-01 10:00:00
다사70005250,37.573644280648104,127.160261985573,970125,1952625,33.415237,2025-10-01 10:00:00
다사70005275,37.575897629664205,127.16025174839399,970125,1952875,33.428383,2025-10-01 10:00:00
다사70005100,37.560124168394395,127.160323384707,970125,1951125,33.27589,2025-10-01 10:00:00
다사70005125,37.5623775225981,127.160313154367,970125,1951375,33.26641,2025-10-01 10:00:00
다사70005150,37.5646308759373,127.160302922888,970125,1951625,33.274475,2025-10-01 10:00:00
다사70005175,37.5668842284119,127.16029269026899,970125,1951875,33.27202,2025-10-01 10:00:00
다사69755050,37.5556093490077,127.157513420121,969875,1950625,33.271133,2025-10-01 10:00:00
다사69755075,37.5578627042847,127.157503106831,969875,1950875,33.270123,2025-10-01 10:00:00
다사69755100,37.5601160586971,127.157492792392,969875,1951125,33.262936,2025-10-01 10:00:00
다사69755125,37.5623694122449,127.157482476805,969875,1951375,33.256985,2025-10-01 10:00:00
다사69754950,37.54659591925461,127.157554661796,969875,1949625,33.29325,2025-10-01 10:00:00
다사69754975,37.5488492779897,127.157544353099,969875,1949875,33.286808,2025-10-01 10:00:00
다사69755000,37.551102635860204,127.157534043255,969875,1950125,33.28437,2025-10-01 10:00:00
다사69755025,37.5533559928662,127.157523732262,969875,1950375,33.27839,2025-10-01 10:00:00
다사69755250,37.5736361670149,127.15743088163,969875,1952625,33.404633,2025-10-01 10:00:00
다사69755275,37.5758895153749,127.157420559147,969875,1952875,33.41056,2025-10-01 10:00:00
다사70004425,37.4992832781574,127.16059917365801,970125,1944375,35.853733,2025-10-01 10:00:00
다사70004450,37.5015366556974,127.16058897403299,970125,1944625,35.76242,2025-10-01 10:00:00
다사69755150,37.5646227649282,127.157472160068,969875,1951625,33.260056,2025-10-01 10:00:00
다사69755175,37.5668761167468,127.157461842183,969875,1951875,33.258976,2025-10-01 10:00:00
다사69755200,37.5691294677008,127.157451523148,969875,1952125,33.26251,2025-10-01 10:00:00
다사69755225,37.5713828177902,127.157441202964,969875,1952375,33.394894,2025-10-01 10:00:00
다사70504975,37.5488733937461,127.166034855168,970625,1949875,33.290756,2025-10-01 10:00:00
다사70505000,37.551126753567296,127.166024800923,970625,1950125,33.2938,2025-10-01 10:00:00
다사70505025,37.5533801125241,127.16601474555901,970625,1950375,33.29108,2025-10-01 10:00:00
다사70505050,37.5556334706165,127.166004689075,970625,1950625,33.287014,2025-10-01 10:00:00
다사70255300,37.578159024857,127.163072785775,970375,1953125,33.44089,2025-10-01 10:00:00
다사70255325,37.5804123727946,127.16306263163901,970375,1953375,33.45496,2025-10-01 10:00:00
다사70504925,37.5443666715107,127.166054960298,970625,1949375,33.27794,2025-10-01 10:00:00
다사70504950,37.546620033060606,127.166044908293,970625,1949625,33.28437,2025-10-01 10:00:00
다사70505175,37.5669002481117,127.16595438985,970625,1951875,33.286793,2025-10-01 10:00:00
다사70505200,37.5691536010173,127.165944326644,970625,1952125,33.291256,2025-10-01 10:00:00
다사70505225,37.57140695305829,127.165934262316,970625,1952375,33.291477,2025-10-01 10:00:00
다사70505250,37.57366030423479,127.165924196868,970625,1952625,33.431786,2025-10-01 10:00:00
다사70505075,37.5578868278445,127.16599463147101,970625,1950875,33.292755,2025-10-01 10:00:00
다사70505100,37.560140184208,127.16598457274598,970625,1951125,33.284935,2025-10-01 10:00:00
다사70505125,37.562393539706996,127.165974512901,970625,1951375,33.295578,2025-10-01 10:00:00
다사70505150,37.5646468943416,127.16596445193599,970625,1951625,33.289955,2025-10-01 10:00:00
다사70255000,37.55111878217,127.163194547235,970375,1950125,33.290012,2025-10-01 10:00:00
다사70255025,37.553372140482004,127.16318440666099,970375,1950375,33.29117,2025-10-01 10:00:00
다사70255050,37.555625497929604,127.16317426495701,970375,1950625,33.291817,2025-10-01 10:00:00
다사70255075,37.5578788545127,127.163164122125,970375,1950875,33.286972,2025-10-01 10:00:00
다사70005300,37.5781509778157,127.160241510075,970125,1953125,33.43623,2025-10-01 10:00:00
다사70254925,37.5443587020474,127.16322496218099,970375,1949375,33.27756,2025-10-01 10:00:00
다사70254950,37.546612062952704,127.16321482499501,970375,1949625,33.284855,2025-10-01 10:00:00
다사70254975,37.5488654229935,127.163204686679,970375,1949875,33.28838,2025-10-01 10:00:00
다사70255200,37.569145624460795,127.163113391012,970375,1952125,33.28299,2025-10-01 10:00:00
다사70255225,37.5713989758567,127.16310324139799,970375,1952375,33.41139,2025-10-01 10:00:00
다사70255250,37.5736523263881,127.163093090655,970375,1952625,33.423977,2025-10-01 10:00:00
다사70255275,37.575905676054894,127.16308293878001,970375,1952875,33.43229,2025-10-01 10:00:00
다사70255100,37.5601322102314,127.163153978162,970375,1951125,33.283386,2025-10-01 10:00:00
다사70255125,37.5623855650855,127.163143833069,970375,1951375,33.282745,2025-10-01 10:00:00
다사70255150,37.5646389190751,127.163133686847,970375,1951625,33.27989,2025-10-01 10:00:00
다사70255175,37.5668922722002,127.163123539494,970375,1951875,33.2815,2025-10-01 10:00:00
다사69255075,37.5578462826379,127.15184209613199,969375,1950875,33.231213,2025-10-01 10:00:00
다사69255100,37.5600996357221,127.151831611218,969375,1951125,33.22408,2025-10-01 10:00:00
다사69255125,37.5623529879417,127.151821125136,969375,1951375,33.221283,2025-10-01 10:00:00
다사69255150,37.5646063392966,127.15181063788602,969375,1951625,33.21829,2025-10-01 10:00:00
다사69254975,37.548832861654795,127.151884024112,969375,1949875,33.267807,2025-10-01 10:00:00
다사69255000,37.5510862181975,127.151873543868,969375,1950125,33.254368,2025-10-01 10:00:00
다사69255025,37.553339573875604,127.15186306245701,969375,1950375,33.250515,2025-10-01 10:00:00
다사69255050,37.5555929286891,127.15185257987801,969375,1950625,33.237125,2025-10-01 10:00:00
다사69504300,37.4880001323546,127.15499441708499,969625,1943125,36.302315,2025-10-01 10:00:00
다사69504325,37.49025351289979,127.154984053249,969625,1943375,36.164593,2025-10-01 10:00:00
다사69504350,37.492506892581,127.15497368825899,969625,1943625,36.044945,2025-10-01 10:00:00
다사69504375,37.4947602713981,127.154963322115,969625,1943875,35.91976,2025-10-01 10:00:00
다사69255175,37.566859689786796,127.151800149468,969375,1951875,33.22055,2025-10-01 10:00:00
다사69255200,37.5691130394123,127.151789659882,969375,1952125,33.36314,2025-10-01 10:00:00
다사69255225,37.571366388173104,127.151779169128,969375,1952375,33.3701,2025-10-01 10:00:00
다사69255250,37.573619736069105,127.15176867720501,969375,1952625,33.382786,2025-10-01 10:00:00
다사69254425,37.4992587990131,127.152114294442,969375,1944375,35.618404,2025-10-01 10:00:00
다사69254450,37.501512174572,127.15210383984301,969375,1944625,35.5007,2025-10-01 10:00:00
다사69254475,37.503765549266795,127.15209338408,969375,1944875,35.387722,2025-10-01 10:00:00
다사69254750,37.5285526138676,127.151978293805,969375,1947625,34.698814,2025-10-01 10:00:00
다사69254325,37.490245288135796,127.152156101199,969375,1943375,36.127064,2025-10-01 10:00:00
다사69254350,37.492498667151295,127.152145651255,969375,1943625,35.9891,2025-10-01 10:00:00
다사69254375,37.494752045302704,127.152135200148,969375,1943875,35.85957,2025-10-01 10:00:00
다사69254400,37.49700542259,127.15212474787701,969375,1944125,35.733395,2025-10-01 10:00:00
다사69254875,37.539819426838704,127.151925933419,969375,1948875,33.285202,2025-10-01 10:00:00
다사69254900,37.5420727868395,127.15191545784201,969375,1949125,33.304394,2025-10-01 10:00:00
다사69254925,37.544326145975795,127.151904981099,969375,1949375,33.293205,2025-10-01 10:00:00
다사69254950,37.5465795042476,127.151894503189,969375,1949625,33.28324,2025-10-01 10:00:00
다사69254775,37.530805978190706,127.15196782406,969375,1947875,34.82826,2025-10-01 10:00:00
다사69254800,37.5330593416493,127.151957353149,969375,1948125,33.106514,2025-10-01 10:00:00
다사69254825,37.5353127042436,127.151946881072,969375,1948375,33.193012,2025-10-01 10:00:00
다사69254850,37.537566065973394,127.151936407828,969375,1948625,33.25534,2025-10-01 10:00:00
다사69505225,37.5713746369254,127.154610185466,969625,1952375,33.38044,2025-10-01 10:00:00
다사69505250,37.5736279854885,127.154599778838,969625,1952625,33.394558,2025-10-01 10:00:00
다사69754325,37.490261669973705,127.157812006454,969875,1943375,36.208817,2025-10-01 10:00:00
다사69754350,37.492515050315,127.157801726417,969875,1943625,36.089222,2025-10-01 10:00:00
다사69505125,37.562361234026106,127.15465180039101,969625,1951375,33.242508,2025-10-01 10:00:00
다사69505150,37.564614586047895,127.154641398398,969625,1951625,33.237106,2025-10-01 10:00:00
다사69505175,37.5668679372051,127.154630995246,969625,1951875,33.24053,2025-10-01 10:00:00
다사69505200,37.5691212874976,127.15462059093599,969625,1952125,33.24322,2025-10-01 10:00:00
다사69754475,37.5037819390608,127.15775030906,969875,1944875,35.592113,2025-10-01 10:00:00
다사69754875,37.539835837862796,127.157585580998,969875,1948875,33.250534,2025-10-01 10:00:00
다사69754900,37.5420891991912,127.15757527574499,969875,1949125,33.275425,2025-10-01 10:00:00
다사69754925,37.544342559655206,127.15756496934401,969875,1949375,33.282536,2025-10-01 10:00:00
다사69754375,37.494768429792295,127.157791445236,969875,1943875,35.979645,2025-10-01 10:00:00
다사69754400,37.4970218084056,127.15778116290899,969875,1944125,35.873642,2025-10-01 10:00:00
다사69754425,37.4992751861548,127.157770879438,969875,1944375,35.772926,2025-10-01 10:00:00
다사69754450,37.5015285630398,127.15776059482201,969875,1944625,35.68001,2025-10-01 10:00:00
다사69504825,37.5353209423281,127.154776533988,969625,1948375,33.189598,2025-10-01 10:00:00
다사69504850,37.537574304724295,127.154766145887,969625,1948625,33.231983,2025-10-01 10:00:00
다사69504875,37.5398276662561,127.15475575663,969625,1948875,33.267925,2025-10-01 10:00:00
다사69504900,37.5420810269235,127.154745366215,969625,1949125,33.28084,2025-10-01 10:00:00
다사69504400,37.4970136493511,127.154952954816,969625,1944125,35.8028,2025-10-01 10:00:00
다사69504425,37.4992670264399,127.15494258636299,969625,1944375,35.693058,2025-10-01 10:00:00
다사69504450,37.5015204026647,127.15493221675501,969625,1944625,35.58572,2025-10-01 10:00:00
다사69504475,37.5037737780253,127.15492184599199,969625,1944875,35.491627,2025-10-01 10:00:00
다사69505025,37.5533478172927,127.15469339678002,969625,1950375,33.263027,2025-10-01 10:00:00
다사69505050,37.555601172773,127.15468299941999,969625,1950625,33.25511,2025-10-01 10:00:00
다사69505075,37.5578545273886,127.154672600902,969625,1950875,33.24696,2025-10-01 10:00:00
다사69505100,37.5601078811397,127.154662201226,969625,1951125,33.247612,2025-10-01 10:00:00
다사69504925,37.5443343867263,127.154734974643,969625,1949375,33.288754,2025-10-01 10:00:00
다사69504950,37.5465877456647,127.15472458191401,969625,1949625,33.287743,2025-10-01 10:00:00
다사69504975,37.5488411037386,127.154714188027,969625,1949875,33.282383,2025-10-01 10:00:00
다사69505000,37.5510944609479,127.154703792982,969625,1950125,33.27099,2025-10-01 10:00:00
다사68754925,37.544309461009995,127.146244997521,968875,1949375,33.272095,2025-10-01 10:00:00
다사68754950,37.546562817932205,127.14623434925,968875,1949625,33.2318,2025-10-01 10:00:00
다사68754975,37.5488161739896,127.146223699793,968875,1949875,33.203888,2025-10-01 10:00:00
다사68755000,37.5510695291825,127.14621304915,968875,1950125,33.17914,2025-10-01 10:00:00
다사68754825,37.5352960246756,127.146287578748,968875,1948375,33.24148,2025-10-01 10:00:00
다사68754850,37.5375493850561,127.14627693521999,968875,1948625,33.324398,2025-10-01 10:00:00
다사68754875,37.539802744572,127.146266290506,968875,1948875,33.335453,2025-10-01 10:00:00
다사68754900,37.542056103223295,127.146255644606,968875,1949125,33.312588,2025-10-01 10:00:00
다사68755125,37.5623362921765,127.146159778139,968875,1951375,33.16656,2025-10-01 10:00:00
다사68755150,37.5645896421811,127.146149120376,968875,1951625,33.170364,2025-10-01 10:00:00
다사68755175,37.5668429913209,127.14613846142599,968875,1951875,33.177315,2025-10-01 10:00:00
다사68755200,37.569096339596,127.14612780128901,968875,1952125,33.322395,2025-10-01 10:00:00
다사68755025,37.5533228835107,127.14620239732099,968875,1950375,33.16591,2025-10-01 10:00:00
다사68755050,37.555576236974204,127.146191744305,968875,1950625,33.16055,2025-10-01 10:00:00
다사68755075,37.557829589573004,127.146181090103,968875,1950875,33.16086,2025-10-01 10:00:00
다사68755100,37.5600829413071,127.146170434714,968875,1951125,33.166565,2025-10-01 10:00:00
다사68754350,37.492482013205496,127.14648958074801,968875,1943625,35.912884,2025-10-01 10:00:00
다사68754375,37.494735390009104,127.14647895971599,968875,1943875,35.765526,2025-10-01 10:00:00
다사68754400,37.4969887659485,127.14646833750099,968875,1944125,35.61995,2025-10-01 10:00:00
다사68754425,37.4992421410236,127.146457714103,968875,1944375,35.4713,2025-10-01 10:00:00
다사68754250,37.4834684973494,127.146532053053,968875,1942625,36.552372,2025-10-01 10:00:00
다사68754275,37.4857218776097,127.14652143674999,968875,1942875,36.394295,2025-10-01 10:00:00
다사68754300,37.48797525700579,127.146510819265,968875,1943125,36.224216,2025-10-01 10:00:00
다사68754325,37.490228635537704,127.146500200598,968875,1943375,36.06378,2025-10-01 10:00:00
다사68754725,37.5262825745086,127.146330141011,968875,1947375,34.078754,2025-10-01 10:00:00
다사68754750,37.528535938347105,127.146319502223,968875,1947625,34.23525,2025-10-01 10:00:00
다사68754775,37.5307893013211,127.14630886224899,968875,1947875,34.47503,2025-10-01 10:00:00
다사68754800,37.5330426634306,127.146298221091,968875,1948125,34.748547,2025-10-01 10:00:00
다사68754450,37.5014955152345,127.146447089522,968875,1944625,35.327034,2025-10-01 10:00:00
다사68754475,37.5037488885811,127.146436463758,968875,1944875,35.18532,2025-10-01 10:00:00
다사68754500,37.5060022610634,127.14642583681001,968875,1945125,35.043766,2025-10-01 10:00:00
다사68754700,37.524029209805704,127.146340778615,968875,1947125,33.995296,2025-10-01 10:00:00
다사69004975,37.5488245517385,127.149053861364,969125,1949875,33.24576,2025-10-01 10:00:00
다사69005000,37.551077907609,127.149043295921,969125,1950125,33.22975,2025-10-01 10:00:00
다사69005025,37.5533312626149,127.1490327293,969125,1950375,33.21004,2025-10-01 10:00:00
다사69005050,37.5555846167561,127.14902216150298,969125,1950625,33.208637,2025-10-01 10:00:00
다사69004875,37.5398111196106,127.14909611137399,969125,1948875,33.310547,2025-10-01 10:00:00
다사69004900,37.5420644789394,127.149085550636,969125,1949125,33.310974,2025-10-01 10:00:00
다사69004925,37.5443178374037,127.149074988722,969125,1949375,33.293724,2025-10-01 10:00:00
다사69004950,37.5465711950034,127.14906442563101,969125,1949625,33.27231,2025-10-01 10:00:00
다사69005175,37.5668513744921,127.148969304858,969125,1951875,33.20207,2025-10-01 10:00:00
다사69005200,37.5691047234451,127.148958729997,969125,1952125,33.33898,2025-10-01 10:00:00
다사69005225,37.5713580715333,127.14894815395701,969125,1952375,33.354168,2025-10-01 10:00:00
다사69254300,37.4879919082562,127.152166549979,969375,1943125,36.257782,2025-10-01 10:00:00
다사69005075,37.5578379700327,127.14901159252899,969125,1950875,33.19807,2025-10-01 10:00:00
다사69005100,37.5600913224446,127.14900102237699,969125,1951125,33.193382,2025-10-01 10:00:00
다사69005125,37.562344673991795,127.148990451048,969125,1951375,33.194855,2025-10-01 10:00:00
다사69005150,37.5645980246743,127.14897987854201,969125,1951625,33.194794,2025-10-01 10:00:00
다사69004375,37.4947437515063,127.149307079345,969125,1943875,35.814945,2025-10-01 10:00:00
다사69004400,37.496997128122395,127.149296542102,969125,1944125,35.67636,2025-10-01 10:00:00
다사69004425,37.4992505038743,127.14928600368602,969125,1944375,35.5405,2025-10-01 10:00:00
다사69004450,37.501503878761895,127.149275464096,969125,1944625,35.40862,2025-10-01 10:00:00
다사69004275,37.4857302364006,127.149349216586,969125,1942875,36.396317,2025-10-01 10:00:00
다사69004300,37.4879836164732,127.149338684035,969125,1943125,36.243404,2025-10-01 10:00:00
다사69004325,37.4902369956818,127.149328150312,969125,1943375,36.095753,2025-10-01 10:00:00
다사69004350,37.492490374026104,127.149317615415,969125,1943625,35.952267,2025-10-01 10:00:00
다사69004775,37.530797673650206,127.149138342567,969125,1947875,34.683807,2025-10-01 10:00:00
다사69004800,37.533051036437,127.149127786532,969125,1948125,33.081818,2025-10-01 10:00:00
다사69004825,37.5353043983594,127.149117229322,969125,1948375,33.205177,2025-10-01 10:00:00
다사69004850,37.5375577594173,127.14910667093599,969125,1948625,33.28378,2025-10-01 10:00:00
다사69004475,37.5037572527853,127.149264923332,969125,1944875,35.282074,2025-10-01 10:00:00
다사69004500,37.5060106259445,127.149254381394,969125,1945125,35.16358,2025-10-01 10:00:00
다사69004725,37.526290945483204,127.14915945111,969125,1947375,34.376644,2025-10-01 10:00:00
다사69004750,37.5285443099989,127.14914889742599,969125,1947625,34.516876,2025-10-01 10:00:00
다사68255125,37.5623193249499,127.140498435889,968375,1951375,33.09463,2025-10-01 10:00:00
다사68255150,37.5645726735822,127.140487607614,968375,1951625,33.10426,2025-10-01 10:00:00
다사68255175,37.5668260213498,127.14047677813299,968375,1951875,33.24767,2025-10-01 10:00:00
다사68255200,37.569079368252396,127.140465947446,968375,1952125,33.27005,2025-10-01 10:00:00
다사68255025,37.5533059217723,127.140541736931,968375,1950375,33.03836,2025-10-01 10:00:00
다사68255050,37.5555592738639,127.140530913479,968375,1950625,33.05454,2025-10-01 10:00:00
다사68255075,37.557812625090705,127.14052008882099,968375,1950875,33.071243,2025-10-01 10:00:00
다사68255100,37.5600659754527,127.14050926295799,968375,1951125,33.083298,2025-10-01 10:00:00
다사68504275,37.4857134511399,127.14369365809601,968625,1942875,36.393135,2025-10-01 10:00:00
다사68504300,37.487966829854,127.143682955677,968625,1943125,36.212185,2025-10-01 10:00:00
다사68504325,37.4902202077039,127.14367225206699,968625,1943375,36.051056,2025-10-01 10:00:00
다사68504350,37.4924735846895,127.143661547264,968625,1943625,35.888474,2025-10-01 10:00:00
다사68504175,37.476699927641896,127.143736455857,968625,1941875,37.05167,2025-10-01 10:00:00
다사68504200,37.4789533098126,127.143725758204,968625,1942125,36.89976,2025-10-01 10:00:00
다사68504225,37.481206691119205,127.143715059359,968625,1942375,36.728268,2025-10-01 10:00:00
다사68504250,37.4834600715616,127.14370435932399,968625,1942625,36.567616,2025-10-01 10:00:00
다사68254725,37.5262656292269,127.140671524377,968375,1947375,33.15621,2025-10-01 10:00:00
다사68254750,37.5285189916945,127.14066071538001,968375,1947625,33.124928,2025-10-01 10:00:00
다사68254775,37.5307723532975,127.140649905179,968375,1947875,33.259865,2025-10-01 10:00:00
다사68254800,37.533025714035894,127.140639093774,968375,1948125,34.026913,2025-10-01 10:00:00
다사68254625,37.5172521707115,127.14071474833,968375,1946375,33.997314,2025-10-01 10:00:00
다사68254650,37.5195055366371,127.14070394414699,968375,1946625,33.84423,2025-10-01 10:00:00
다사68254675,37.521758901698206,127.14069313876001,968375,1946875,33.35089,2025-10-01 10:00:00
다사68254700,37.524012265894896,127.14068233216999,968375,1947125,33.237415,2025-10-01 10:00:00
다사68254925,37.5442925047585,127.140585018687,968375,1949375,33.115425,2025-10-01 10:00:00
다사68254950,37.546545860309,127.14057420005501,968375,1949625,33.03996,2025-10-01 10:00:00
다사68254975,37.548799214994794,127.140563380219,968375,1949875,33.020985,2025-10-01 10:00:00
다사68255000,37.5510525688159,127.140552559177,968375,1950125,33.03081,2025-10-01 10:00:00
다사68254825,37.5352790739097,127.140628281166,968375,1948375,33.46819,2025-10-01 10:00:00
다사68254850,37.537532432918894,127.14061746735202,968375,1948625,33.38439,2025-10-01 10:00:00
다사68254875,37.5397857910634,127.140606652335,968375,1948875,33.296528,2025-10-01 10:00:00
다사68254900,37.5420391483433,127.140595836113,968375,1949125,33.216793,2025-10-01 10:00:00
다사68504975,37.5488077284084,127.143393539408,968625,1949875,33.13113,2025-10-01 10:00:00
다사68505000,37.5510610829181,127.143382803566,968625,1950125,33.113117,2025-10-01 10:00:00
다사68505025,37.5533144365631,127.143372066528,968625,1950375,33.107655,2025-10-01 10:00:00
다사68505050,37.5555677893434,127.14336132829399,968625,1950625,33.113968,2025-10-01 10:00:00
다사68504875,37.5397943017229,127.143436470823,968625,1948875,33.352524,2025-10-01 10:00:00
다사68504900,37.54204765969121,127.143425739762,968625,1949125,33.292656,2025-10-01 10:00:00
다사68504925,37.5443010167949,127.14341500750601,968625,1949375,33.220173,2025-10-01 10:00:00
다사68504950,37.546554373034,127.143404274055,968625,1949625,33.16842,2025-10-01 10:00:00
다사68505175,37.5668345402734,127.143307619182,968625,1951875,33.14785,2025-10-01 10:00:00
다사68505200,37.569087887865,127.14329687376998,968625,1952125,33.294155,2025-10-01 10:00:00
다사68754200,37.478961734236606,127.14655328211201,968875,1942125,36.86663,2025-10-01 10:00:00
다사68754225,37.4812151162251,127.14654266817301,968875,1942375,36.720295,2025-10-01 10:00:00
다사68505075,37.557821141259,127.143350588864,968625,1950875,33.113895,2025-10-01 10:00:00
다사68505100,37.5600744923098,127.14333984823799,968625,1951125,33.120754,2025-10-01 10:00:00
다사68505125,37.5623278424958,127.14332910641599,968625,1951375,33.12622,2025-10-01 10:00:00
다사68505150,37.564581191817005,127.143318363397,968625,1951625,33.136513,2025-10-01 10:00:00
다사68504475,37.5037404566541,127.143608005367,968625,1944875,35.090797,2025-10-01 10:00:00
다사68504500,37.5059938284541,127.14359729341001,968625,1945125,34.93193,2025-10-01 10:00:00
다사68504625,37.517260674488604,127.143543715727,968625,1946375,34.23299,2025-10-01 10:00:00
다사68504650,37.5195140411023,127.14353299661,968625,1946625,34.126495,2025-10-01 10:00:00
다사68504375,37.494726960811,127.143650841269,968625,1943875,35.72818,2025-10-01 10:00:00
다사68504400,37.4969803360682,127.143640134083,968625,1944125,35.569702,2025-10-01 10:00:00
다사68504425,37.4992337104611,127.143629425703,968625,1944375,35.411205,2025-10-01 10:00:00
다사68504450,37.501487083989794,127.143618716131,968625,1944625,35.257412,2025-10-01 10:00:00
다사68504775,37.530780861203496,127.14347938311701,968625,1947875,34.10616,2025-10-01 10:00:00
다사68504800,37.53303422263021,127.14346865683599,968625,1948125,34.572372,2025-10-01 10:00:00
다사68504825,37.53528758319229,127.143457929359,968625,1948375,33.310993,2025-10-01 10:00:00
다사68504850,37.5375409428899,127.143447200689,968625,1948625,33.38545,2025-10-01 10:00:00
다사68504675,37.5217674068515,127.14352227629999,968625,1946875,33.66249,2025-10-01 10:00:00
다사68504700,37.524020771736296,127.143511554795,968625,1947125,33.62418,2025-10-01 10:00:00
다사68504725,37.5262741357565,127.14350083209699,968625,1947375,33.663136,2025-10-01 10:00:00
다사68504750,37.5285274989123,127.143490108204,968625,1947625,33.800976,2025-10-01 10:00:00
다사68004600,37.5149902330823,127.13789667017201,968125,1946125,34.001907,2025-10-01 10:00:00
다사68004625,37.5172435991789,127.13788578213499,968125,1946375,33.816322,2025-10-01 10:00:00
다사68004650,37.519496964411005,127.137874892886,968125,1946625,33.626556,2025-10-01 10:00:00
다사68004675,37.5217503287786,127.137864002424,968125,1946875,33.429382,2025-10-01 10:00:00
다사68004500,37.505976760051105,127.13794021019699,968125,1945125,34.760876,2025-10-01 10:00:00
다사68004525,37.5082301296056,127.13792932700899,968125,1945375,34.576164,2025-10-01 10:00:00
다사68004550,37.5104834982956,127.137918442609,968125,1945625,34.385956,2025-10-01 10:00:00
다사68004575,37.5127368661212,127.13790755699699,968125,1945875,34.19431,2025-10-01 10:00:00
다사68004800,37.533017137647704,127.137809531917,968125,1948125,31.434835,2025-10-01 10:00:00
다사68004825,37.5352704968277,127.13779863417601,968125,1948375,32.45855,2025-10-01 10:00:00
다사68004850,37.537523855143,127.13778773522101,968125,1948625,33.038754,2025-10-01 10:00:00
다사68004875,37.539777212593606,127.137776835052,968125,1948875,33.18937,2025-10-01 10:00:00
다사68004700,37.5240036922816,127.13785311074899,968125,1947125,32.912884,2025-10-01 10:00:00
다사68004725,37.52625705492,127.137842217861,968125,1947375,32.722416,2025-10-01 10:00:00
다사68004750,37.5285104166938,127.13783132376001,968125,1947625,32.530178,2025-10-01 10:00:00
다사68004775,37.5307637776031,127.137820428445,968125,1947875,32.285583,2025-10-01 10:00:00
다사68004200,37.478936257977296,127.13807071397,968125,1942125,36.985836,2025-10-01 10:00:00
다사68004225,37.481189637903704,127.138059845315,968125,1942375,36.799644,2025-10-01 10:00:00
다사68004250,37.4834430169659,127.13804897544901,968125,1942625,36.633453,2025-10-01 10:00:00
다사68004275,37.4856963951638,127.138038104373,968125,1942875,36.432907,2025-10-01 10:00:00
다사67755175,37.5668087798741,127.13481509966499,967875,1951875,33.179153,2025-10-01 10:00:00
다사67755200,37.569062125382295,127.13480409842899,967875,1952125,33.214348,2025-10-01 10:00:00
다사68004150,37.474429495532,127.13809244765,968125,1941625,37.664112,2025-10-01 10:00:00
다사68004175,37.476682877186704,127.13808158141501,968125,1941875,37.14455,2025-10-01 10:00:00
다사68004400,37.4969632731891,127.137983730832,968125,1944125,35.522617,2025-10-01 10:00:00
다사68004425,37.499216646201205,127.137972852491,968125,1944375,35.338394,2025-10-01 10:00:00
다사68004450,37.5014700183489,127.137961972938,968125,1944625,35.145252,2025-10-01 10:00:00
다사68004475,37.5037233896322,127.137951092173,968125,1944875,34.951027,2025-10-01 10:00:00
다사68004300,37.4879497724975,127.138027232087,968125,1943125,36.24316,2025-10-01 10:00:00
다사68004325,37.4902031489668,127.138016358589,968125,1943375,36.060272,2025-10-01 10:00:00
다사68004350,37.4924565245719,127.138005483881,968125,1943625,35.879818,2025-10-01 10:00:00
다사68004375,37.4947098993127,127.137994607962,968125,1943875,35.70103,2025-10-01 10:00:00
다사68254325,37.490211712180205,127.140844304727,968375,1943375,36.0489,2025-10-01 10:00:00
다사68254350,37.4924650884783,127.140833514972,968375,1943625,35.87037,2025-10-01 10:00:00
다사68254375,37.4947184639122,127.14082272401501,968375,1943875,35.70888,2025-10-01 10:00:00
다사68254400,37.496971838481706,127.140811931856,968375,1944125,35.53659,2025-10-01 10:00:00
다사68254225,37.4811981983453,127.14088745173599,968375,1942375,36.767944,2025-10-01 10:00:00
다사68254250,37.4834515781004,127.140876666786,968375,1942625,36.592045,2025-10-01 10:00:00
다사68254275,37.485704956991206,127.140865880634,968375,1942875,36.4031,2025-10-01 10:00:00
다사68254300,37.487958335017794,127.140855093281,968375,1943125,36.226994,2025-10-01 10:00:00
다사68254525,37.508238698364394,127.140757953033,968375,1945375,34.663017,2025-10-01 10:00:00
다사68254550,37.5104920677478,127.140747153661,968375,1945625,34.4912,2025-10-01 10:00:00
다사68254575,37.5127454362668,127.14073635308701,968375,1945875,34.328465,2025-10-01 10:00:00
다사68254600,37.5149988039214,127.14072555131,968375,1946125,34.155518,2025-10-01 10:00:00
다사68254425,37.4992252121869,127.140801138496,968375,1944375,35.36699,2025-10-01 10:00:00
다사68254450,37.5014785850279,127.140790343934,968375,1944625,35.192627,2025-10-01 10:00:00
다사68254475,37.5037319570044,127.14077954816901,968375,1944875,35.01981,2025-10-01 10:00:00
다사68254500,37.5059853281166,127.14076875120199,968375,1945125,34.838787,2025-10-01 10:00:00
다사68005000,37.5510439868761,127.137722315994,968125,1950125,32.951344,2025-10-01 10:00:00
다사68005025,37.5532973391383,127.137711408539,968125,1950375,32.978195,2025-10-01 10:00:00
다사68005050,37.555550690535604,127.137700499869,968125,1950625,33.000988,2025-10-01 10:00:00
다사68005075,37.5578040410682,127.13768958998399,968125,1950875,33.01923,2025-10-01 10:00:00
다사68004900,37.5420305691796,127.137765933669,968125,1949125,33.224083,2025-10-01 10:00:00
다사68004925,37.544283924900796,127.137755031072,968125,1949375,33.052254,2025-10-01 10:00:00
다사68004950,37.546537279757295,127.13774412726002,968125,1949625,32.86289,2025-10-01 10:00:00
다사68004975,37.54879063374911,127.137733222234,968125,1949875,32.921383,2025-10-01 10:00:00
다사68005200,37.569070780758096,127.13763502233,968125,1952125,33.2368,2025-10-01 10:00:00
다사68254150,37.4744380538952,127.14091979938401,968375,1941625,37.2469,2025-10-01 10:00:00
다사68254175,37.4766914362427,127.14090901803499,968375,1941875,37.093014,2025-10-01 10:00:00
다사68254200,37.4789448177261,127.14089823548599,968375,1942125,36.929073,2025-10-01 10:00:00
다사68005100,37.560057390736,127.13767867888399,968125,1951125,33.036644,2025-10-01 10:00:00
다사68005125,37.5623107395388,127.13766776656901,968125,1951375,33.050735,2025-10-01 10:00:00
다사68005150,37.564564087476796,127.13765685303801,968125,1951625,33.0674,2025-10-01 10:00:00
다사68005175,37.5668174345499,127.13764593829201,968125,1951875,33.218155,2025-10-01 10:00:00
다사67505150,37.564546711654394,127.13199534754101,967625,1951625,33.00309,2025-10-01 10:00:00
다사67505175,37.566800057322205,127.131984262265,967625,1951875,33.15872,2025-10-01 10:00:00
다사67505200,37.5690534021251,127.131973175753,967625,1952125,33.1875,2025-10-01 10:00:00
다사67754150,37.474420869517495,127.13526509712601,967875,1941625,37.721367,2025-10-01 10:00:00
다사67505050,37.5555333203334,127.132039676304,967625,1950625,32.908302,2025-10-01 10:00:00
다사67505075,37.5577866694611,127.13202859596501,967625,1950875,32.93761,2025-10-01 10:00:00
다사67505100,37.5600400177238,127.13201751439101,967625,1951125,32.95821,2025-10-01 10:00:00
다사67505125,37.562293365121604,127.13200643158301,967625,1951375,32.979122,2025-10-01 10:00:00
다사67754275,37.485687765657794,127.135210329323,967875,1942875,36.484753,2025-10-01 10:00:00
다사67754300,37.487941142293,127.135199372103,967875,1943125,36.277363,2025-10-01 10:00:00
다사67754325,37.490194518063895,127.135188413662,967875,1943375,36.08433,2025-10-01 10:00:00
다사67754350,37.4924478929704,127.135177454002,967875,1943625,35.897514,2025-10-01 10:00:00
다사67754175,37.476674250474,127.13525414600402,967875,1941875,37.56653,2025-10-01 10:00:00
다사67754200,37.478927630566396,127.135243193663,967875,1942125,37.04375,2025-10-01 10:00:00
다사67754225,37.4811810097944,127.135232240103,967875,1942375,36.859936,2025-10-01 10:00:00
다사67754250,37.4834343881582,127.13522128532301,967875,1942625,36.679413,2025-10-01 10:00:00
다사67504750,37.5284930633443,127.132172544168,967625,1947625,32.505993,2025-10-01 10:00:00
다사67504775,37.5307464228496,127.132161478627,967625,1947875,32.541607,2025-10-01 10:00:00
다사67504800,37.532999781490204,127.132150411853,967625,1948125,32.05374,2025-10-01 10:00:00
다사67504825,37.535253139266096,127.132139343847,967625,1948375,32.119514,2025-10-01 10:00:00
다사67504650,37.5194796166763,127.132216794012,967625,1946625,33.424137,2025-10-01 10:00:00
다사67504675,37.5217329796403,127.13220573339899,967625,1946875,33.221638,2025-10-01 10:00:00
다사67504700,37.5239863417396,127.13219467155399,967625,1947125,32.730904,2025-10-01 10:00:00
다사67504725,37.526239702974294,127.132183608477,967625,1947375,32.59465,2025-10-01 10:00:00
다사67504950,37.546519915173995,127.132083985323,967625,1949625,33.0065,2025-10-01 10:00:00
다사67504975,37.5487732677612,127.13207290991899,967625,1949875,32.9078,2025-10-01 10:00:00
다사67505000,37.5510266194835,127.132061833281,967625,1950125,32.885506,2025-10-01 10:00:00
다사67505025,37.5532799703409,127.13205075541,967625,1950375,32.89374,2025-10-01 10:00:00
다사67504850,37.5375064961772,127.13212827460801,967625,1948625,32.519222,2025-10-01 10:00:00
다사67504875,37.539759852223604,127.132117204137,967625,1948875,32.856808,2025-10-01 10:00:00
다사67504900,37.542013207405205,127.132106132432,967625,1949125,33.067947,2025-10-01 10:00:00
다사67504925,37.544266561722004,127.132095059494,967625,1949375,33.109856,2025-10-01 10:00:00
다사67754875,37.539768566313704,127.13494701898199,967875,1948875,33.040146,2025-10-01 10:00:00
다사67754900,37.542021922200206,127.134936032439,967875,1949125,33.278065,2025-10-01 10:00:00
다사67754925,37.544275277222,127.13492504467101,967875,1949375,33.368935,2025-10-01 10:00:00
다사67754950,37.5465286313789,127.13491405568001,967875,1949625,33.00639,2025-10-01 10:00:00
다사67754775,37.5307551341204,127.134990952924,967875,1947875,32.308327,2025-10-01 10:00:00
다사67754800,37.53300849346579,127.13497997127399,967875,1948125,31.809471,2025-10-01 10:00:00
다사67754825,37.5352618519465,127.1349689884,967875,1948375,32.099472,2025-10-01 10:00:00
다사67754850,37.5375152095624,127.134958004303,967875,1948625,32.669952,2025-10-01 10:00:00
다사67755075,37.5577953891917,127.134859092362,967875,1950875,32.974155,2025-10-01 10:00:00
다사67755100,37.5600487381596,127.13484809602501,967875,1951125,32.997326,2025-10-01 10:00:00
다사67755125,37.562302086262704,127.13483709846399,967875,1951375,33.01767,2025-10-01 10:00:00
다사67755150,37.56455543350079,127.13482609967699,967875,1951625,33.03252,2025-10-01 10:00:00
다사67754975,37.5487819846711,127.134903065465,967875,1949875,32.908348,2025-10-01 10:00:00
다사67755000,37.5510353370985,127.134892074025,967875,1950125,32.906757,2025-10-01 10:00:00
다사67755025,37.553288688661105,127.134881081362,967875,1950375,32.928493,2025-10-01 10:00:00
다사67755050,37.5555420393588,127.134870087474,967875,1950625,32.948254,2025-10-01 10:00:00
다사67754475,37.5037147545375,127.13512263738899,967875,1944875,34.91929,2025-10-01 10:00:00
다사67754500,37.505968124257606,127.135111670404,967875,1945125,34.721516,2025-10-01 10:00:00
다사67754525,37.5082214931133,127.135100702197,967875,1945375,34.509212,2025-10-01 10:00:00
다사67754550,37.5104748611045,127.135089732768,967875,1945625,34.30392,2025-10-01 10:00:00
다사67754375,37.4947012670126,127.13516649312099,967875,1943875,35.711216,2025-10-01 10:00:00
다사67754400,37.4969546401905,127.135155531019,967875,1944125,35.513622,2025-10-01 10:00:00
다사67754425,37.4992080125039,127.135144567697,967875,1944375,35.316563,2025-10-01 10:00:00
다사67754450,37.5014613839529,127.135133603153,967875,1944625,35.127728,2025-10-01 10:00:00
다사67754675,37.5217416880925,127.13503486729999,967875,1946875,33.268066,2025-10-01 10:00:00
다사67754700,37.5239950508965,127.13502389053998,967875,1947125,32.7415,2025-10-01 10:00:00
다사67754725,37.5262484128358,127.135012912558,967875,1947375,32.57163,2025-10-01 10:00:00
다사67754750,37.5285017739104,127.13500193335199,967875,1947625,32.402863,2025-10-01 10:00:00
다사67754575,37.512728228231204,127.13507876211901,967875,1945875,34.10012,2025-10-01 10:00:00
다사67754600,37.5149815944934,127.135067790247,967875,1946125,33.892643,2025-10-01 10:00:00
다사67754625,37.517234959891,127.135056817153,967875,1946375,33.698296,2025-10-01 10:00:00
다사67754650,37.5194883244241,127.135045842838,967875,1946625,33.47737,2025-10-01 10:00:00
다사67254675,37.5217242034219,127.12937660073,967375,1946875,33.274235,2025-10-01 10:00:00
다사67254700,37.523977564811204,127.12936545379999,967375,1947125,33.125492,2025-10-01 10:00:00
다사67254725,37.5262309253357,127.12935430562901,967375,1947375,32.710594,2025-10-01 10:00:00
다사67254750,37.528484284995606,127.129343156216,967375,1947625,32.68242,2025-10-01 10:00:00
다사67254575,37.5127107492183,127.12942117603701,967375,1945875,34.05748,2025-10-01 10:00:00
다사67254600,37.5149641140661,127.129410034072,967375,1946125,33.845676,2025-10-01 10:00:00
다사67254625,37.517217478049396,127.129398890865,967375,1946375,33.641975,2025-10-01 10:00:00
다사67254650,37.519470841168,127.129387746418,967375,1946625,33.443714,2025-10-01 10:00:00
다사67254875,37.5397510703235,127.12928739052401,967375,1948875,32.68741,2025-10-01 10:00:00
다사67254900,37.542004424794705,127.129276233659,967375,1949125,32.852364,2025-10-01 10:00:00
다사67254925,37.544257778401104,127.12926507555099,967375,1949375,32.9181,2025-10-01 10:00:00
다사67254950,37.5465111311426,127.12925391620001,967375,1949625,32.903496,2025-10-01 10:00:00
다사67254775,37.5307376437907,127.12933200556101,967375,1947875,32.02124,2025-10-01 10:00:00
다사67254800,37.5329910017211,127.129320853665,967375,1948125,32.18822,2025-10-01 10:00:00
다사67254825,37.5352443587867,127.129309700527,967375,1948375,32.155396,2025-10-01 10:00:00
다사67254850,37.5374977149875,127.12929854614599,967375,1948625,32.430405,2025-10-01 10:00:00
다사67254275,37.4856703036101,127.129554782891,967375,1942875,36.622345,2025-10-01 10:00:00
다사67254300,37.487923678832004,127.129543655804,967375,1943125,36.401924,2025-10-01 10:00:00
다사67254325,37.4901770531895,127.129532527478,967375,1943375,36.193882,2025-10-01 10:00:00
다사67254350,37.4924304266826,127.129521397913,967375,1943625,35.987053,2025-10-01 10:00:00
다사67254175,37.4766567940787,127.12959927885099,967375,1941875,37.726513,2025-10-01 10:00:00
다사67254200,37.478910172758106,127.129588156719,967375,1942125,37.5585,2025-10-01 10:00:00
다사67254225,37.4811635505731,127.12957703334801,967375,1942375,37.018425,2025-10-01 10:00:00
다사67254250,37.4834169275238,127.129565908739,967375,1942625,36.830086,2025-10-01 10:00:00
다사67254475,37.503697281181005,127.12946573149401,967375,1944875,34.93011,2025-10-01 10:00:00
다사67254500,37.505950649487204,127.12945459449,967375,1945125,34.709496,2025-10-01 10:00:00
다사67254525,37.508204016928794,127.129443456246,967375,1945375,34.488594,2025-10-01 10:00:00
다사67254550,37.510457383505795,127.129432316762,967375,1945625,34.275135,2025-10-01 10:00:00
다사67254375,37.494683799311204,127.129510267109,967375,1943875,35.77006,2025-10-01 10:00:00
다사67254400,37.496937171075395,127.129499135065,967375,1944125,35.577324,2025-10-01 10:00:00
다사67254425,37.4991905419751,127.12948800178101,967375,1944375,35.36867,2025-10-01 10:00:00
다사67254450,37.501443912010295,127.129476867257,967375,1944625,35.143955,2025-10-01 10:00:00
다사67504350,37.492439193674,127.132349425343,967625,1943625,35.92812,2025-10-01 10:00:00
다사67504375,37.4946925670121,127.13233837950001,967625,1943875,35.734177,2025-10-01 10:00:00
다사67504400,37.4969459394859,127.13232733242701,967625,1944125,35.53744,2025-10-01 10:00:00
다사67504425,37.499199311095204,127.13231628412399,967625,1944375,35.338623,2025-10-01 10:00:00
다사67504250,37.483425691677496,127.132393596416,967625,1942625,36.7396,2025-10-01 10:00:00
다사67504275,37.485679068473104,127.132382555492,967625,1942875,36.548367,2025-10-01 10:00:00
다사67504300,37.4879324444045,127.13237151333901,967625,1943125,36.32826,2025-10-01 10:00:00
다사67504325,37.4901858194714,127.132360469955,967625,1943375,36.131607,2025-10-01 10:00:00
다사67504550,37.5104661561745,127.13226102415001,967625,1945625,34.268505,2025-10-01 10:00:00
다사67504575,37.512719522596896,127.132249968462,967625,1945875,34.05427,2025-10-01 10:00:00
다사67504600,37.5149728881546,127.132238911544,967625,1946125,33.846855,2025-10-01 10:00:00
다사67504625,37.5172262528478,127.132227853394,967625,1946375,33.627857,2025-10-01 10:00:00
다사67504450,37.50145268184,127.13230523458999,967625,1944625,35.12307,2025-10-01 10:00:00
다사67504475,37.5037060517204,127.132294183826,967625,1944875,34.908276,2025-10-01 10:00:00
다사67504500,37.505959420736296,127.132283131831,967625,1945125,34.698997,2025-10-01 10:00:00
다사67504525,37.508212788887704,127.132272078606,967625,1945375,34.483154,2025-10-01 10:00:00
다사67255075,37.5577778818766,127.12919810080099,967375,1950875,32.89283,2025-10-01 10:00:00
다사67255100,37.5600312294286,127.129186933991,967375,1951125,32.92251,2025-10-01 10:00:00
다사67255125,37.5622845761156,127.129175765938,967375,1951375,32.95368,2025-10-01 10:00:00
다사67255150,37.5645379219376,127.12916459664,967375,1951625,33.095104,2025-10-01 10:00:00
다사67254975,37.548764483019205,127.129242755607,967375,1949875,32.85878,2025-10-01 10:00:00
다사67255000,37.5510178340309,127.12923159376999,967375,1950125,32.853607,2025-10-01 10:00:00
다사67255025,37.5532711841778,127.12922043069099,967375,1950375,32.8615,2025-10-01 10:00:00
다사67255050,37.5555245334597,127.12920926636801,967375,1950625,32.881912,2025-10-01 10:00:00
다사67504150,37.474412175851796,127.132437747821,967625,1941625,37.805653,2025-10-01 10:00:00
다사67504175,37.476665556104706,127.132426711813,967625,1941875,37.63368,2025-10-01 10:00:00
다사67504200,37.478918935493205,127.132415674576,967625,1942125,37.465538,2025-10-01 10:00:00
다사67504225,37.4811723140175,127.13240463611099,967625,1942375,36.9385,2025-10-01 10:00:00
다사67255175,37.566791266894604,127.129153426098,967375,1951875,33.134747,2025-10-01 10:00:00
다사67255200,37.5690446109865,127.129142254312,967375,1952125,33.16217,2025-10-01 10:00:00
다사67504100,37.4699054127534,127.13245981615,967625,1941125,38.09732,2025-10-01 10:00:00
다사67504125,37.4721587947347,127.13244878259898,967625,1941375,37.95241,2025-10-01 10:00:00
다사67004175,37.47664796439629,127.126771847127,967125,1941875,37.83118,2025-10-01 10:00:00
다사67004200,37.478901342361,127.126760640099,967125,1942125,37.652893,2025-10-01 10:00:00
다사67004225,37.4811547194613,127.126749431824,967125,1942375,37.47251,2025-10-01 10:00:00
다사67004250,37.4834080956971,127.126738222301,967125,1942625,36.926617,2025-10-01 10:00:00
다사66755175,37.566773482412,127.12349175750799,966875,1951875,33.080074,2025-10-01 10:00:00
다사67004100,37.4698878253163,127.12680546072201,967125,1941125,38.278564,2025-10-01 10:00:00
다사67004125,37.472141205874,127.126794257438,967125,1941375,38.14071,2025-10-01 10:00:00
다사67004150,37.474394585567296,127.12678305290599,967125,1941625,37.989964,2025-10-01 10:00:00
다사67004375,37.49467496391,127.126682155957,967125,1943875,35.837803,2025-10-01 10:00:00
다사67004400,37.4969283349592,127.126670938942,967125,1944125,35.62846,2025-10-01 10:00:00
다사67004425,37.4991817051438,127.126659720678,967125,1944375,35.41061,2025-10-01 10:00:00
다사67004450,37.5014350744639,127.12664850116501,967125,1944625,35.19688,2025-10-01 10:00:00
다사67004275,37.4856614710686,127.12672701152901,967125,1942875,36.724323,2025-10-01 10:00:00
다사67004300,37.4879148455757,127.12671579950899,967125,1943125,36.502937,2025-10-01 10:00:00
다사67004325,37.490168219218205,127.126704586241,967125,1943375,36.27126,2025-10-01 10:00:00
다사67004350,37.4924215919964,127.12669337172301,967125,1943625,36.058475,2025-10-01 10:00:00
다사66754875,37.539733303093705,127.123627767035,966875,1948875,32.464565,2025-10-01 10:00:00
다사66754900,37.5419866561276,127.123616439849,966875,1949125,32.5708,2025-10-01 10:00:00
다사66754925,37.5442400082966,127.123605111401,966875,1949375,32.65009,2025-10-01 10:00:00
다사66754950,37.5464933596007,127.12359378169201,966875,1949625,32.70829,2025-10-01 10:00:00
다사66754775,37.530719882309,127.12367306316601,966875,1947875,32.268467,2025-10-01 10:00:00
다사66754800,37.5329732388025,127.123661741025,966875,1948125,32.372723,2025-10-01 10:00:00
다사66754825,37.5352265944311,127.12365041762301,966875,1948375,32.512688,2025-10-01 10:00:00
다사66754850,37.5374799491948,127.12363909295901,966875,1948625,32.32722,2025-10-01 10:00:00
다사66755075,37.55776010314629,127.123537114215,966875,1950875,32.842983,2025-10-01 10:00:00
다사66755100,37.560013449260296,127.12352577693301,966875,1951125,32.872242,2025-10-01 10:00:00
다사66755125,37.5622667945093,127.12351443838699,966875,1951375,32.894375,2025-10-01 10:00:00
다사66755150,37.5645201388932,127.12350309857901,966875,1951625,33.043434,2025-10-01 10:00:00
다사66754975,37.548746710039794,127.123582450721,966875,1949875,32.73491,2025-10-01 10:00:00
다사66755000,37.5510000596139,127.123571118488,966875,1950125,32.765354,2025-10-01 10:00:00
다사66755025,37.5532534083231,127.123559784993,966875,1950375,32.791733,2025-10-01 10:00:00
다사66755050,37.555506756167205,127.123548450235,966875,1950625,32.81787,2025-10-01 10:00:00
다사67004975,37.5487556304454,127.126412602538,967125,1949875,32.793507,2025-10-01 10:00:00
다사67005000,37.5510089807411,127.126401355503,967125,1950125,32.81201,2025-10-01 10:00:00
다사67005025,37.5532623301718,127.126390107215,967125,1950375,32.82475,2025-10-01 10:00:00
다사67005050,37.5555156787375,127.126378857675,967125,1950625,32.85004,2025-10-01 10:00:00
다사67004875,37.5397422206135,127.126457578153,967125,1948875,32.54879,2025-10-01 10:00:00
다사67004900,37.5419955743688,127.12644633612801,967125,1949125,32.685204,2025-10-01 10:00:00
다사67004925,37.544248927259204,127.12643509285,967125,1949375,32.76855,2025-10-01 10:00:00
다사67004950,37.546502279284795,127.12642384831999,967125,1949625,32.79705,2025-10-01 10:00:00
다사67005175,37.5667824085911,127.12632259117599,967125,1951875,33.103794,2025-10-01 10:00:00
다사67254100,37.4698966528549,127.129632637817,967375,1941125,38.179035,2025-10-01 10:00:00
다사67254125,37.472150034127104,127.1296215194,967375,1941375,38.0396,2025-10-01 10:00:00
다사67254150,37.474403414535104,127.129610399744,967375,1941625,37.88993,2025-10-01 10:00:00
다사67005075,37.5577690264383,127.126367606882,967125,1950875,32.867985,2025-10-01 10:00:00
다사67005100,37.5600223732741,127.126356354835,967125,1951125,32.89432,2025-10-01 10:00:00
다사67005125,37.562275719244795,127.126345101536,967125,1951375,32.92449,2025-10-01 10:00:00
다사67005150,37.5645290643505,127.12633384698299,967125,1951625,33.072975,2025-10-01 10:00:00
다사67004575,37.5127019080956,127.126592384853,967125,1945875,34.104034,2025-10-01 10:00:00
다사67004600,37.5149552722281,127.126581157841,967125,1946125,33.8978,2025-10-01 10:00:00
다사67004625,37.5172086354959,127.126569929578,967125,1946375,33.704323,2025-10-01 10:00:00
다사67004650,37.519461997899,127.126558700065,967125,1946625,33.532875,2025-10-01 10:00:00
다사67004475,37.5036884429194,127.126637280402,967125,1944875,34.977905,2025-10-01 10:00:00
다사67004500,37.5059418105104,127.126626058389,967125,1945125,34.752647,2025-10-01 10:00:00
다사67004525,37.50819517723671,127.12661483512699,967125,1945375,34.526726,2025-10-01 10:00:00
다사67004550,37.510448543098505,127.126603610615,967125,1945625,34.308945,2025-10-01 10:00:00
다사67004775,37.5307287969438,127.126502533738,967125,1947875,32.170273,2025-10-01 10:00:00
다사67004800,37.5329821541585,127.126491296719,967125,1948125,32.29185,2025-10-01 10:00:00
다사67004825,37.5352355105083,127.126480058449,967125,1948375,32.47788,2025-10-01 10:00:00
다사67004850,37.537488865993296,127.12646881892701,967125,1948625,32.365788,2025-10-01 10:00:00
다사67004675,37.5217153594375,127.12654746930099,967125,1946875,33.37514,2025-10-01 10:00:00
다사67004700,37.523968720111206,127.12653623728701,967125,1947125,33.25272,2025-10-01 10:00:00
다사67004725,37.5262220799201,127.12652500402201,967125,1947375,32.86731,2025-10-01 10:00:00
다사67004750,37.5284754388644,127.12651376950501,967125,1947625,32.84712,2025-10-01 10:00:00
다사66504775,37.5307108998864,127.120843593855,966625,1947875,32.346497,2025-10-01 10:00:00
다사66504800,37.532964255653205,127.120832186591,966625,1948125,32.43006,2025-10-01 10:00:00
다사66504825,37.5352176105551,127.12082077805701,966625,1948375,32.543896,2025-10-01 10:00:00
다사66504850,37.537470964591996,127.120809368253,966625,1948625,32.301556,2025-10-01 10:00:00
다사66504675,37.52169746817071,127.12088921020701,966625,1946875,33.632587,2025-10-01 10:00:00
다사66504700,37.523950827396895,127.120877808024,966625,1947125,33.550564,2025-10-01 10:00:00
다사66504725,37.526204185758296,127.120866404571,966625,1947375,33.49729,2025-10-01 10:00:00
다사66504750,37.528457543254795,127.120854999848,966625,1947625,32.283363,2025-10-01 10:00:00
다사66504975,37.5487377218025,127.120752300166,966625,1949875,32.690773,2025-10-01 10:00:00
다사66505000,37.5509910706496,127.120740882735,966625,1950125,32.723976,2025-10-01 10:00:00
다사66505025,37.5532444186317,127.120729464032,966625,1950375,32.754936,2025-10-01 10:00:00
다사66505050,37.555497765748704,127.120718044058,966625,1950625,32.783817,2025-10-01 10:00:00
다사66504875,37.539724317764104,127.120797957178,966625,1948875,32.41314,2025-10-01 10:00:00
다사66504900,37.5419776700711,127.120786544832,966625,1949125,32.51032,2025-10-01 10:00:00
다사66504925,37.5442310215133,127.120775131214,966625,1949375,32.583065,2025-10-01 10:00:00
다사66504950,37.5464843720904,127.12076371632601,966625,1949625,32.64427,2025-10-01 10:00:00
다사66504375,37.4946570900071,127.121025937411,966625,1943875,36.035233,2025-10-01 10:00:00
다사66504400,37.49691045960979,127.121014550454,966625,1944125,35.80207,2025-10-01 10:00:00
다사66504425,37.4991638283478,127.12100316223,966625,1944375,35.58555,2025-10-01 10:00:00
다사66504450,37.501417196221205,127.12099177273701,966625,1944625,35.355324,2025-10-01 10:00:00
다사66504275,37.485643602950894,127.12107147256,966625,1942875,37.327812,2025-10-01 10:00:00
다사66504300,37.4878969760118,127.12106009067399,966625,1943125,36.755905,2025-10-01 10:00:00
다사66504325,37.490150348208104,127.121048707521,966625,1943375,36.5211,2025-10-01 10:00:00
다사66504350,37.4924037195399,127.1210373231,966625,1943625,36.27422,2025-10-01 10:00:00
다사66504575,37.5126840226182,127.120934806244,966625,1945875,34.257256,2025-10-01 10:00:00
다사66504600,37.514937385303504,127.12092340913901,966625,1946125,34.069035,2025-10-01 10:00:00
다사66504625,37.517190747124,127.120912010764,966625,1946375,33.904335,2025-10-01 10:00:00
다사66504650,37.519444108079796,127.12090061111999,966625,1946625,33.754738,2025-10-01 10:00:00
다사66504475,37.503670563229896,127.120980381975,966625,1944875,35.12513,2025-10-01 10:00:00
다사66504500,37.505923929374,127.12096898994601,966625,1945125,34.892715,2025-10-01 10:00:00
다사66504525,37.5081772946535,127.12095759664699,966625,1945375,34.676453,2025-10-01 10:00:00
다사66504550,37.510430659068206,127.12094620208,966625,1945625,34.460793,2025-10-01 10:00:00
다사66754475,37.5036795369357,127.123808830559,966875,1944875,35.038193,2025-10-01 10:00:00
다사66754500,37.505932903806,127.123797523538,966875,1945125,34.819576,2025-10-01 10:00:00
다사66754525,37.5081862698116,127.123786215257,966875,1945375,34.59294,2025-10-01 10:00:00
다사66754550,37.510439634952604,127.12377490571801,966875,1945625,34.375748,2025-10-01 10:00:00
다사66754375,37.494666060808605,127.12385404605499,966875,1943875,35.927273,2025-10-01 10:00:00
다사66754400,37.49691943113729,127.12384274406901,966875,1944125,35.70754,2025-10-01 10:00:00
다사66754425,37.49917280060129,127.12383144082399,966875,1944375,35.48315,2025-10-01 10:00:00
다사66754450,37.5014261692008,127.12382013632099,966875,1944625,35.263775,2025-10-01 10:00:00
다사66754675,37.521706447687,127.123718339124,966875,1946875,33.50105,2025-10-01 10:00:00
다사66754700,37.523959807639706,127.12370702202499,966875,1947125,33.3962,2025-10-01 10:00:00
다사66754725,37.5262131667276,127.123695703666,966875,1947375,33.004726,2025-10-01 10:00:00
다사66754750,37.5284665249507,127.123684384046,966875,1947625,32.19768,2025-10-01 10:00:00
다사66754575,37.512692999228896,127.123763594919,966875,1945875,34.16261,2025-10-01 10:00:00
다사66754600,37.5149463626405,127.12375228286001,966875,1946125,33.97146,2025-10-01 10:00:00
다사66754625,37.517199725187396,127.12374096954099,966875,1946375,33.79513,2025-10-01 10:00:00
다사66754650,37.5194530868696,127.123729654963,966875,1946625,33.628265,2025-10-01 10:00:00
다사66754075,37.467625549435795,127.123989571769,966875,1940875,38.52257,2025-10-01 10:00:00
다사66754100,37.469878930137796,127.123978284875,966875,1941125,38.383957,2025-10-01 10:00:00
다사66754125,37.4721323099754,127.123966996724,966875,1941375,38.250614,2025-10-01 10:00:00
다사66754150,37.4743856889487,127.123955707316,966875,1941625,38.09979,2025-10-01 10:00:00
다사66505075,37.5577511120006,127.120706622811,966625,1950875,32.812714,2025-10-01 10:00:00
다사66505100,37.5600044573875,127.12069520029301,966625,1951125,32.836155,2025-10-01 10:00:00
다사66505125,37.562257801909205,127.120683776502,966625,1951375,32.868248,2025-10-01 10:00:00
다사66505150,37.564511145565795,127.120672351439,966625,1951625,33.01804,2025-10-01 10:00:00
다사66754275,37.4856525708489,127.123899241416,966875,1942875,36.835545,2025-10-01 10:00:00
다사66754300,37.4879059446356,127.12388794446301,966875,1943125,36.61363,2025-10-01 10:00:00
다사66754325,37.4901593175578,127.123876646252,966875,1943375,36.38791,2025-10-01 10:00:00
다사66754350,37.492412689615506,127.123865346782,966875,1943625,36.153248,2025-10-01 10:00:00
다사66754175,37.4766390670575,127.123944416651,966875,1941875,37.94098,2025-10-01 10:00:00
다사66754200,37.478892444302,127.123933124728,966875,1942125,37.767563,2025-10-01 10:00:00
다사66754225,37.4811458206821,127.123921831548,966875,1942375,37.591183,2025-10-01 10:00:00
다사66754250,37.4833991961977,127.123910537111,966875,1942625,37.39871,2025-10-01 10:00:00
다사66254350,37.492394681769795,127.11820930068501,966375,1943625,36.43363,2025-10-01 10:00:00
다사66254375,37.49464805150561,127.118197830035,966375,1943875,36.17054,2025-10-01 10:00:00
다사66254400,37.496901420376794,127.118186358108,966375,1944125,35.928474,2025-10-01 10:00:00
다사66254425,37.4991547883833,127.118174884903,966375,1944375,35.69224,2025-10-01 10:00:00
다사66254250,37.4833811941807,127.118255170513,966375,1942625,37.681164,2025-10-01 10:00:00
다사66254275,37.485634567374895,127.11824370497101,966375,1942875,37.482296,2025-10-01 10:00:00
다사66254300,37.4878879397044,127.118232238153,966375,1943125,37.26525,2025-10-01 10:00:00
다사66254325,37.4901413111694,127.118220770057,966375,1943375,36.680107,2025-10-01 10:00:00
다사66254550,37.5104216154454,127.118117499711,966375,1945625,34.561573,2025-10-01 10:00:00
다사66254575,37.5126749782637,127.118106018838,966375,1945875,34.367134,2025-10-01 10:00:00
다사66254600,37.5149283402171,127.118094536687,966375,1946125,34.18753,2025-10-01 10:00:00
다사66254625,37.517181701305795,127.11808305325701,966375,1946375,34.01955,2025-10-01 10:00:00
다사66254450,37.501408155525105,127.118163410421,966375,1944625,35.458374,2025-10-01 10:00:00
다사66254475,37.5036615218023,127.11815193466002,966375,1944875,35.22644,2025-10-01 10:00:00
다사66254500,37.5059148872147,127.11814045762199,966375,1945125,34.999058,2025-10-01 10:00:00
다사66254525,37.5081682517625,127.118128979306,966375,1945375,34.774406,2025-10-01 10:00:00
다사66005725,37.6163195867279,127.11474380603701,966125,1957375,34.26675,2025-10-01 10:00:00
다사66005750,37.618572908142795,127.11473217942499,966125,1957625,34.284103,2025-10-01 10:00:00
다사66005775,37.6208262286921,127.114720551519,966125,1957875,34.302845,2025-10-01 10:00:00
다사66254025,37.4631007965315,127.11835830296002,966375,1940375,38.952282,2025-10-01 10:00:00
다사66005625,37.60730629241171,127.114790299535,966125,1956375,33.564594,2025-10-01 10:00:00
다사66005650,37.6095596172891,127.11477867810301,966125,1956625,33.60268,2025-10-01 10:00:00
다사66005675,37.611812941301,127.114767055375,966125,1956875,34.239567,2025-10-01 10:00:00
다사66005700,37.6140662644472,127.11475543135401,966125,1957125,34.25153,2025-10-01 10:00:00
다사66254150,37.474367692758996,127.118301019916,966375,1941625,38.35635,2025-10-01 10:00:00
다사66254175,37.4766210694112,127.11828955948,966375,1941875,38.20513,2025-10-01 10:00:00
다사66254200,37.4788744451989,127.11827809776699,966375,1942125,38.051666,2025-10-01 10:00:00
다사66254225,37.481127820122104,127.11826663477801,966375,1942375,37.87277,2025-10-01 10:00:00
다사66254050,37.4653541775058,127.118346848902,966375,1940625,38.85516,2025-10-01 10:00:00
다사66254075,37.46760755761579,127.118335393569,966375,1940875,38.741863,2025-10-01 10:00:00
다사66254100,37.469860936861295,127.118323936961,966375,1941125,38.618572,2025-10-01 10:00:00
다사66254125,37.4721143152424,127.11831247907601,966375,1941375,38.494297,2025-10-01 10:00:00
다사66255600,37.605062109032204,127.117634200469,966375,1956125,33.52522,2025-10-01 10:00:00
다사66255625,37.607315435514295,127.117622665767,966375,1956375,33.560608,2025-10-01 10:00:00
다사66255650,37.6095687611309,127.117611129779,966375,1956625,33.597595,2025-10-01 10:00:00
다사66504050,37.465363206502104,127.12117385252199,966625,1940625,38.737534,2025-10-01 10:00:00
다사66255050,37.5554887074821,127.11788763915199,966375,1950625,32.75434,2025-10-01 10:00:00
다사66255075,37.5577420530014,127.117876132679,966375,1950875,32.78861,2025-10-01 10:00:00
다사66255100,37.5599953976556,127.117864624925,966375,1951125,32.819916,2025-10-01 10:00:00
다사66255125,37.5622487414446,127.11785311588899,966375,1951375,32.95699,2025-10-01 10:00:00
다사66504175,37.4766301020625,127.121116987432,966625,1941875,38.067112,2025-10-01 10:00:00
다사66504200,37.478883478581295,127.121105610614,966625,1942125,37.90095,2025-10-01 10:00:00
다사66504225,37.4811368542357,127.12109423253,966625,1942375,37.722336,2025-10-01 10:00:00
다사66504250,37.4833902290255,127.12108285317801,966625,1942625,37.52825,2025-10-01 10:00:00
다사66504075,37.467616587342896,127.121162482036,966625,1940875,38.61852,2025-10-01 10:00:00
다사66504100,37.4698699673194,127.121151110285,966625,1941125,38.49942,2025-10-01 10:00:00
다사66504125,37.4721233464315,127.121139737267,966625,1941375,38.362507,2025-10-01 10:00:00
다사66504150,37.4743767246792,127.121128362983,966625,1941625,38.2243,2025-10-01 10:00:00
다사66254750,37.5284484937766,127.118025616919,966375,1947625,32.367516,2025-10-01 10:00:00
다사66254775,37.530701849676106,127.118014125814,966375,1947875,32.42534,2025-10-01 10:00:00
다사66254800,37.5329552047107,127.118002633428,966375,1948125,32.497974,2025-10-01 10:00:00
다사66254825,37.5352085588804,127.11799113976299,966375,1948375,32.58124,2025-10-01 10:00:00
다사66254650,37.519435061529705,127.118071568547,966375,1946625,33.882336,2025-10-01 10:00:00
다사66254675,37.52168842088871,127.118060082559,966375,1946875,33.7703,2025-10-01 10:00:00
다사66254700,37.523941779382895,127.118048595292,966375,1947125,33.692745,2025-10-01 10:00:00
다사66254725,37.5261951370122,127.11803710674499,966375,1947375,33.640907,2025-10-01 10:00:00
다사66254950,37.546475316754,127.117933652231,966375,1949625,32.60136,2025-10-01 10:00:00
다사66254975,37.5487286657336,127.117922150883,966375,1949875,32.65133,2025-10-01 10:00:00
다사66255000,37.550982013848206,127.117910648254,966375,1950125,32.68814,2025-10-01 10:00:00
다사66255025,37.553235361097705,127.11789914434401,966375,1950375,32.725407,2025-10-01 10:00:00
다사66254850,37.5374619121851,127.11797964481701,966375,1948625,32.294548,2025-10-01 10:00:00
다사66254875,37.539715264624796,127.117968148591,966375,1948875,32.375423,2025-10-01 10:00:00
다사66254900,37.541968616199604,127.117956651085,966375,1949125,32.45899,2025-10-01 10:00:00
다사66254925,37.5442219669093,127.117945152299,966375,1949375,32.54211,2025-10-01 10:00:00
다사66004175,37.4766119691038,127.115462132804,966125,1941875,38.35218,2025-10-01 10:00:00
다사66004200,37.4788653441549,127.115450586196,966125,1942125,38.20309,2025-10-01 10:00:00
다사66004225,37.4811187183414,127.115439038303,966125,1942375,38.03479,2025-10-01 10:00:00
다사66004250,37.4833720916634,127.115427489125,966125,1942625,37.848904,2025-10-01 10:00:00
다사66004075,37.4675984602544,127.115508306378,966125,1940875,38.865715,2025-10-01 10:00:00
다사66004100,37.469851838763496,127.115496764912,966125,1941125,38.746784,2025-10-01 10:00:00
다사66004125,37.4721052164081,127.11548522216101,966125,1941375,38.626617,2025-10-01 10:00:00
다사66004150,37.47435859318821,127.115473678125,966125,1941625,38.492588,2025-10-01 10:00:00
다사66004375,37.4946389453042,127.115369723936,966125,1943875,36.340244,2025-10-01 10:00:00
다사66004400,37.496892313438394,127.115358167038,966125,1944125,36.086864,2025-10-01 10:00:00
다사66004425,37.4991456807079,127.11534660885401,966125,1944375,35.82382,2025-10-01 10:00:00
다사66004450,37.501399047112706,127.115335049382,966125,1944625,35.578987,2025-10-01 10:00:00
다사66004275,37.4856254641208,127.11541593866,966125,1942875,37.653347,2025-10-01 10:00:00
다사66004300,37.4878788357136,127.115404386908,966125,1943125,37.440247,2025-10-01 10:00:00
다사66004325,37.4901322064418,127.115392833871,966125,1943375,37.208355,2025-10-01 10:00:00
다사66004350,37.492385576305296,127.11538127954701,966125,1943625,36.60296,2025-10-01 10:00:00
다사65755700,37.6140570511364,127.111922810054,965875,1957125,34.236168,2025-10-01 10:00:00
다사65755725,37.6163103726722,127.11191109926399,965875,1957375,34.2518,2025-10-01 10:00:00
다사65755750,37.6185636933424,127.111899387169,965875,1957625,34.274155,2025-10-01 10:00:00
다사65755775,37.6208170131468,127.11188767376998,965875,1957875,34.287315,2025-10-01 10:00:00
다사65755600,37.6050437563364,127.111969640171,965875,1956125,33.530083,2025-10-01 10:00:00
다사65755625,37.6072970813348,127.11195793459801,965875,1956375,33.563457,2025-10-01 10:00:00
다사65755650,37.6095504054676,127.111946227721,965875,1956625,33.601562,2025-10-01 10:00:00
다사65755675,37.6118037287348,127.11193451953899,965875,1956875,34.219685,2025-10-01 10:00:00
다사65756000,37.641096852427,127.11178219443998,965875,1960125,34.455196,2025-10-01 10:00:00
다사66004000,37.4608383195404,127.115542923065,966125,1940125,39.16102,2025-10-01 10:00:00
다사66004025,37.46309170064279,127.115531385454,966125,1940375,39.07256,2025-10-01 10:00:00
다사66004050,37.465345080880795,127.115519846558,966125,1940625,38.97127,2025-10-01 10:00:00
다사65755900,37.6320835991828,127.111829087198,965875,1959125,34.37952,2025-10-01 10:00:00
다사65755925,37.6343369137927,127.111817365968,965875,1959375,34.391888,2025-10-01 10:00:00
다사65755950,37.6365902275366,127.111805643431,965875,1959625,34.412933,2025-10-01 10:00:00
다사65755975,37.6388435404148,127.111793919589,965875,1959875,34.435318,2025-10-01 10:00:00
다사66004975,37.54871954183329,127.115092002881,966125,1949875,32.624615,2025-10-01 10:00:00
다사66005000,37.550972889209795,127.115080415054,966125,1950125,32.66321,2025-10-01 10:00:00
다사66005025,37.5532262357213,127.115068825937,966125,1950375,32.69949,2025-10-01 10:00:00
다사66005050,37.5554795813676,127.115057235528,966125,1950625,32.73321,2025-10-01 10:00:00
다사66004875,37.539706143676,127.115138341286,966125,1948875,32.381947,2025-10-01 10:00:00
다사66004900,37.541959494512895,127.11512675862,966125,1949125,32.444668,2025-10-01 10:00:00
다사66004925,37.5442128444848,127.115115174664,966125,1949375,32.522427,2025-10-01 10:00:00
다사66004950,37.5464661935916,127.115103589418,966125,1949625,32.57344,2025-10-01 10:00:00
다사66005525,37.5982929842462,127.11483677232201,966125,1955375,33.401863,2025-10-01 10:00:00
다사66005550,37.6005463125859,127.114825156066,966125,1955625,33.44591,2025-10-01 10:00:00
다사66005575,37.60279964006,127.114813538517,966125,1955875,33.48695,2025-10-01 10:00:00
다사66005600,37.6050529666686,127.114801919673,966125,1956125,33.525402,2025-10-01 10:00:00
다사66005075,37.557732926148795,127.115045643829,966125,1950875,32.76321,2025-10-01 10:00:00
다사66005100,37.5599862700648,127.115034050839,966125,1951125,32.787704,2025-10-01 10:00:00
다사66005475,37.593786324970495,127.11486000095199,966125,1954875,33.61236,2025-10-01 10:00:00
다사66005500,37.5960396550411,127.114848387284,966125,1955125,33.359043,2025-10-01 10:00:00
다사66004575,37.5126658661654,127.115277232711,966125,1945875,34.476547,2025-10-01 10:00:00
다사66004600,37.514919227381505,127.11526566551399,966125,1946125,34.299194,2025-10-01 10:00:00
다사66004625,37.517172587732894,127.11525409702801,966125,1946375,34.14204,2025-10-01 10:00:00
다사66004650,37.5194259472193,127.11524252725401,966125,1946625,34.00957,2025-10-01 10:00:00
다사66004475,37.5036524126528,127.115323488623,966125,1944875,35.337597,2025-10-01 10:00:00
다사66004500,37.5059057773281,127.115311926577,966125,1945125,35.113415,2025-10-01 10:00:00
다사66004525,37.5081591411387,127.11530036324301,966125,1945375,34.88234,2025-10-01 10:00:00
다사66004550,37.5104125040844,127.11528879862101,966125,1945625,34.670223,2025-10-01 10:00:00
다사66004775,37.53069273167821,127.11518465905199,966125,1947875,32.482018,2025-10-01 10:00:00
다사66004800,37.532946085975105,127.115173081545,966125,1948125,32.542606,2025-10-01 10:00:00
다사66004825,37.5351994394071,127.115161502748,966125,1948375,32.616943,2025-10-01 10:00:00
다사66004850,37.537452791974104,127.11514992266198,966125,1948625,32.298416,2025-10-01 10:00:00
다사66004675,37.5216793058409,127.115230956191,966125,1946875,33.90094,2025-10-01 10:00:00
다사66004700,37.523932663597606,127.11521938383999,966125,1947125,33.83124,2025-10-01 10:00:00
다사66004725,37.5261860204894,127.1152078102,966125,1947375,33.780647,2025-10-01 10:00:00
다사66004750,37.528439376516296,127.115196235271,966125,1947625,32.433968,2025-10-01 10:00:00
다사65754175,37.4766028011404,127.11263470741301,965875,1941875,38.51052,2025-10-01 10:00:00
다사65754200,37.4788561754494,127.112623075911,965875,1942125,38.35802,2025-10-01 10:00:00
다사65754225,37.4811095488939,127.11261144311399,965875,1942375,38.199303,2025-10-01 10:00:00
다사65754250,37.483362921473606,127.112599809022,965875,1942625,38.033596,2025-10-01 10:00:00
다사65754075,37.4675892952589,127.112681220471,965875,1940875,38.992645,2025-10-01 10:00:00
다사65754100,37.469842673026,127.112669594149,965875,1941125,38.886463,2025-10-01 10:00:00
다사65754125,37.4720960499287,127.112657966532,965875,1941375,38.77198,2025-10-01 10:00:00
다사65754150,37.4743494259668,127.11264633761999,965875,1941625,38.644188,2025-10-01 10:00:00
다사65754375,37.4946297714029,127.11254161912399,965875,1943875,36.536175,2025-10-01 10:00:00
다사65754400,37.4968831387947,127.11252997725599,965875,1944125,36.254982,2025-10-01 10:00:00
다사65754425,37.4991365053217,127.112518334092,965875,1944375,35.978355,2025-10-01 10:00:00
다사65754450,37.501389870984,127.112506689631,965875,1944625,35.711254,2025-10-01 10:00:00
다사65754275,37.4856162931888,127.112588173634,965875,1942875,37.84562,2025-10-01 10:00:00
다사65754300,37.487869664039394,127.11257653695101,965875,1943125,37.633545,2025-10-01 10:00:00
다사65754325,37.4901230340252,127.112564898971,965875,1943375,37.406097,2025-10-01 10:00:00
다사65754350,37.4923764031464,127.112553259696,965875,1943625,37.164856,2025-10-01 10:00:00
다사65505775,37.620807729594496,127.109054797327,965625,1957875,34.27809,2025-10-01 10:00:00
다사65505800,37.6230610477828,127.109042997121,965625,1958125,34.291756,2025-10-01 10:00:00
다사65505875,37.629820997153004,127.10900758861601,965625,1958875,34.359295,2025-10-01 10:00:00
다사65505900,37.632074311878,127.108995783151,965625,1959125,34.37766,2025-10-01 10:00:00
다사65505675,37.6117944481836,127.109101985008,965625,1956875,34.19362,2025-10-01 10:00:00
다사65505700,37.6140477698349,127.109090190058,965625,1957125,34.213745,2025-10-01 10:00:00
다사65505725,37.616301090620496,127.10907839379499,965625,1957375,34.235588,2025-10-01 10:00:00
다사65505750,37.6185544105404,127.109066596218,965625,1957625,34.254044,2025-10-01 10:00:00
다사65506025,37.643340872515104,127.108936736097,965625,1960375,34.47643,2025-10-01 10:00:00
다사65754000,37.460829156770394,127.112716091672,965875,1940125,39.26936,2025-10-01 10:00:00
다사65754025,37.463082537131,127.112704469233,965875,1940375,39.17838,2025-10-01 10:00:00
다사65754050,37.465335916627204,127.112692845499,965875,1940625,39.093803,2025-10-01 10:00:00
다사65505925,37.63432762573721,127.10898397637101,965625,1959375,34.39268,2025-10-01 10:00:00
다사65505950,37.6365809387305,127.10897216827601,965625,1959625,34.411304,2025-10-01 10:00:00
다사65505975,37.638834250858004,127.10896035886499,965625,1959875,34.437183,2025-10-01 10:00:00
다사65506000,37.6410875621195,127.108948548139,965625,1960125,34.45576,2025-10-01 10:00:00
다사65754975,37.5487103501015,127.112261856169,965875,1949875,32.601696,2025-10-01 10:00:00
다사65755000,37.5509636967346,127.11225018314501,965875,1950125,32.642372,2025-10-01 10:00:00
다사65755025,37.553217042502496,127.11223850882,965875,1950375,32.67504,2025-10-01 10:00:00
다사65755050,37.55547038740529,127.112226833195,965875,1950625,32.706474,2025-10-01 10:00:00
다사65754875,37.5396969549177,127.11230853527,965875,1948875,32.366627,2025-10-01 10:00:00
다사65754900,37.5419503050113,127.112296867444,965875,1949125,32.438927,2025-10-01 10:00:00
다사65754925,37.544203654239794,127.112285198319,965875,1949375,32.501026,2025-10-01 10:00:00
다사65754950,37.546457002603205,127.112273527894,965875,1949625,32.557835,2025-10-01 10:00:00
다사65755500,37.59603044768679,127.11201644942801,965875,1955125,33.367683,2025-10-01 10:00:00
다사65755525,37.5982837761475,127.112004749069,965875,1955375,33.408283,2025-10-01 10:00:00
다사65755550,37.6005371037427,127.111993047406,965875,1955625,33.44725,2025-10-01 10:00:00
다사65755575,37.6027904304723,127.11198134443998,965875,1955875,33.49238,2025-10-01 10:00:00
다사65755075,37.55772373144279,127.11221515626998,965875,1950875,32.734062,2025-10-01 10:00:00
다사65755100,37.559977074615105,127.112203478044,965875,1951125,32.76217,2025-10-01 10:00:00
다사65755450,37.5915237881687,127.112039846236,965875,1954625,33.567898,2025-10-01 10:00:00
다사65755475,37.5937771183605,127.112028148483,965875,1954875,33.62106,2025-10-01 10:00:00
다사65754575,37.512656686323396,127.112448447873,965875,1945875,34.585785,2025-10-01 10:00:00
다사65754600,37.5149100467968,127.11243679562901,965875,1946125,34.41619,2025-10-01 10:00:00
다사65754625,37.517163406405295,127.112425142088,965875,1946375,34.25614,2025-10-01 10:00:00
다사65754650,37.5194167651489,127.112413487248,965875,1946625,34.126686,2025-10-01 10:00:00
다사65754475,37.503643235781496,127.11249504387399,965875,1944875,35.466125,2025-10-01 10:00:00
다사65754500,37.505896599714205,127.112483396819,965875,1945125,35.22846,2025-10-01 10:00:00
다사65754525,37.5081499627821,127.112471748467,965875,1945375,35.000156,2025-10-01 10:00:00
다사65754550,37.510403324985205,127.11246009881901,965875,1945625,34.784557,2025-10-01 10:00:00
다사65754775,37.5306835458927,127.11235519358,965875,1947875,32.53627,2025-10-01 10:00:00
다사65754800,37.532936899446504,127.11234353095101,965875,1948125,32.590103,2025-10-01 10:00:00
다사65754825,37.535190252135294,127.11233186702299,965875,1948375,32.642956,2025-10-01 10:00:00
다사65754850,37.537443603959105,127.112320201796,965875,1948625,32.294384,2025-10-01 10:00:00
다사65754675,37.521670123027604,127.11240183111099,965875,1946875,34.03196,2025-10-01 10:00:00
다사65754700,37.5239234800413,127.11239017367599,965875,1947125,33.94972,2025-10-01 10:00:00
다사65754725,37.526176836190096,127.112378514943,965875,1947375,33.893394,2025-10-01 10:00:00
다사65754750,37.5284301914739,127.112366854911,965875,1947625,32.497,2025-10-01 10:00:00
다사65504325,37.490113793919896,127.10973696536699,965625,1943375,37.628063,2025-10-01 10:00:00
다사65504350,37.4923671622933,127.10972524114099,965625,1943625,37.38686,2025-10-01 10:00:00
다사65504375,37.4946205298019,127.109713515609,965625,1943875,37.122692,2025-10-01 10:00:00
다사65504400,37.4968738964458,127.109701788771,965625,1944125,36.462357,2025-10-01 10:00:00
다사65504225,37.4811003117794,127.109783849221,965625,1942375,38.381447,2025-10-01 10:00:00
다사65504250,37.4833536836115,127.10977213021499,965625,1942625,38.219868,2025-10-01 10:00:00
다사65504275,37.485607054579,127.109760409904,965625,1942875,38.043583,2025-10-01 10:00:00
다사65504300,37.4878604246818,127.10974868828899,965625,1943125,37.84971,2025-10-01 10:00:00
다사65504525,37.508140716693,127.109643134989,965625,1945375,35.116817,2025-10-01 10:00:00
다사65504550,37.5103940781479,127.109631400314,965625,1945625,34.888935,2025-10-01 10:00:00
다사65504575,37.5126474387379,127.10961966433099,965625,1945875,34.695892,2025-10-01 10:00:00
다사65504600,37.514900798463,127.109607927042,965625,1946125,34.519962,2025-10-01 10:00:00
다사65504425,37.499127262224896,127.109690060627,965625,1944375,36.15925,2025-10-01 10:00:00
다사65504450,37.5013806271391,127.10967833117701,965625,1944625,35.868572,2025-10-01 10:00:00
다사65504475,37.5036339911886,127.10966660042101,965625,1944875,35.59554,2025-10-01 10:00:00
다사65504500,37.5058873543732,127.109654868358,965625,1945125,35.345127,2025-10-01 10:00:00
다사65255975,37.6388248932502,127.106126799457,965375,1959875,34.440342,2025-10-01 10:00:00
다사65256000,37.6410782037555,127.106114903153,965375,1960125,34.461708,2025-10-01 10:00:00
다사65256025,37.643331513394706,127.106103005524,965375,1960375,34.48379,2025-10-01 10:00:00
다사65256050,37.645584822168004,127.10609110656901,965375,1960625,34.498253,2025-10-01 10:00:00
다사65255875,37.62981164256979,127.106174371424,965375,1958875,34.35009,2025-10-01 10:00:00
다사65255900,37.6320649565388,127.106162480419,965375,1959125,34.370014,2025-10-01 10:00:00
다사65255925,37.6343182696419,127.10615058808997,965375,1959375,34.390385,2025-10-01 10:00:00
다사65255950,37.636571581879004,127.106138694436,965375,1959625,34.414436,2025-10-01 10:00:00
다사65504125,37.4720868158044,127.109830712197,965625,1941375,38.91271,2025-10-01 10:00:00
다사65504150,37.4743401910951,127.10981899841002,965625,1941625,38.79851,2025-10-01 10:00:00
다사65504175,37.4765935655211,127.109807283318,965625,1941875,38.663994,2025-10-01 10:00:00
다사65504200,37.4788469390826,127.109795566922,965625,1942125,38.528008,2025-10-01 10:00:00
다사65504025,37.463073305996105,127.109877554306,965625,1940375,39.300465,2025-10-01 10:00:00
다사65504050,37.465326684745,127.109865845734,965625,1940625,39.218555,2025-10-01 10:00:00
다사65504075,37.4675800626293,127.109854135859,965625,1940875,39.124744,2025-10-01 10:00:00
다사65504100,37.46983343964921,127.10984242468001,965625,1941125,39.020977,2025-10-01 10:00:00
다사65505375,37.5847545208485,127.109243421967,965625,1953875,33.388184,2025-10-01 10:00:00
다사65505400,37.587007852887,127.109231642773,965625,1954125,33.456936,2025-10-01 10:00:00
다사65505425,37.58926118406,127.109219862267,965625,1954375,33.515923,2025-10-01 10:00:00
다사65505450,37.591514514367496,127.109208080448,965625,1954625,33.57139,2025-10-01 10:00:00
다사65505025,37.5532077814414,127.109408193004,965625,1950375,32.655544,2025-10-01 10:00:00
다사65505050,37.5554611255951,127.109396432163,965625,1950625,32.679337,2025-10-01 10:00:00
다사65505075,37.5577144688835,127.10938467001101,965625,1950875,32.708263,2025-10-01 10:00:00
다사65505100,37.559967811306706,127.10937290655,965625,1951125,32.724365,2025-10-01 10:00:00
다사65505575,37.6027811529216,127.10914915166799,965625,1955875,33.48351,2025-10-01 10:00:00
다사65505600,37.605034478035606,127.109137361973,965625,1956125,33.522987,2025-10-01 10:00:00
다사65505625,37.6072878022839,127.109125570965,965625,1956375,33.56137,2025-10-01 10:00:00
다사65505650,37.6095411256666,127.10911377864299,965625,1956625,34.178677,2025-10-01 10:00:00
다사65505475,37.5937678438095,127.10919629731801,965625,1954875,33.625687,2025-10-01 10:00:00
다사65505500,37.596021172385896,127.109184512874,965625,1955125,33.37498,2025-10-01 10:00:00
다사65505525,37.5982745000967,127.109172727118,965625,1955375,33.412872,2025-10-01 10:00:00
다사65505550,37.6005278269419,127.10916094004999,965625,1955625,33.444736,2025-10-01 10:00:00
다사65504725,37.5261675841143,127.10954922098401,965625,1947375,33.996788,2025-10-01 10:00:00
다사65504750,37.5284209386496,127.10953747584999,965625,1947625,32.5482,2025-10-01 10:00:00
다사65504775,37.5306742923198,127.10952572940701,965625,1947875,32.578835,2025-10-01 10:00:00
다사65504800,37.532927645125,127.109513981656,965625,1948125,32.62407,2025-10-01 10:00:00
다사65504625,37.517154157323205,127.109596188445,965625,1946375,34.37507,2025-10-01 10:00:00
다사65504650,37.5194075153184,127.109584448541,965625,1946625,34.243187,2025-10-01 10:00:00
다사65504675,37.5216608724487,127.10957270733,965625,1946875,34.1345,2025-10-01 10:00:00
다사65504700,37.523914228714,127.109560964811,965625,1947125,34.047264,2025-10-01 10:00:00
다사65504925,37.5441943961746,127.109455223274,965625,1949375,32.498474,2025-10-01 10:00:00
다사65504950,37.5464477437891,127.10944346767,965625,1949625,32.551315,2025-10-01 10:00:00
다사65504975,37.548701090538394,127.109431710758,965625,1949875,32.591995,2025-10-01 10:00:00
다사65505000,37.5509544364225,127.10941995253599,965625,1950125,32.629826,2025-10-01 10:00:00
다사65504825,37.5351809970651,127.10950223259701,965625,1948375,32.679195,2025-10-01 10:00:00
다사65504850,37.5374343481402,127.109490482229,965625,1948625,32.2956,2025-10-01 10:00:00
다사65504875,37.5396876983501,127.109478730553,965625,1948875,32.36597,2025-10-01 10:00:00
다사65504900,37.5419410476949,127.10946697756799,965625,1949125,32.429432,2025-10-01 10:00:00
다사65254475,37.503624678874104,127.106838158274,965375,1944875,35.733364,2025-10-01 10:00:00
다사65254500,37.5058780413052,127.106826341204,965375,1945125,35.464542,2025-10-01 10:00:00
다사65254525,37.5081314028714,127.106814522818,965375,1945375,35.215218,2025-10-01 10:00:00
다사65254550,37.5103847635726,127.10680270311501,965375,1945625,34.99292,2025-10-01 10:00:00
다사65254375,37.4946112205013,127.10688541339898,965375,1943875,37.36709,2025-10-01 10:00:00
다사65254400,37.496864586391794,127.10687360159099,965375,1944125,37.07112,2025-10-01 10:00:00
다사65254425,37.4991179514174,127.106861788468,965375,1944375,36.367493,2025-10-01 10:00:00
다사65254450,37.501371315578204,127.106849974029,965375,1944625,36.039005,2025-10-01 10:00:00
다사65254675,37.5216515541044,127.10674358485599,965375,1946875,34.22498,2025-10-01 10:00:00
다사65254700,37.5239049096158,127.106731757253,965375,1947125,34.139805,2025-10-01 10:00:00
다사65254725,37.52615826426221,127.106719928334,965375,1947375,34.084503,2025-10-01 10:00:00
다사65254750,37.5284116180434,127.106708098097,965375,1947625,32.56934,2025-10-01 10:00:00
다사65254575,37.5126381234089,127.106790882097,965375,1945875,34.797478,2025-10-01 10:00:00
다사65254600,37.51489148238029,127.106779059762,965375,1946125,34.620686,2025-10-01 10:00:00
다사65254625,37.5171448404867,127.10676723611,965375,1946375,34.46661,2025-10-01 10:00:00
다사65254650,37.5193981977281,127.106755411141,965375,1946625,34.338074,2025-10-01 10:00:00
다사65254075,37.4675707623659,127.107027052551,965375,1940875,39.248283,2025-10-01 10:00:00
다사65254100,37.4698241386329,127.107015256516,965375,1941125,39.15927,2025-10-01 10:00:00
다사65254125,37.4720775140352,127.107003459167,965375,1941375,39.05461,2025-10-01 10:00:00
다사65254150,37.4743308885729,127.106991660504,965375,1941625,38.948704,2025-10-01 10:00:00
다사65006025,37.6433220862126,127.103269276276,965125,1960375,34.49018,2025-10-01 10:00:00
다사65006050,37.6455753942241,127.103257291725,965125,1960625,34.508556,2025-10-01 10:00:00
다사65254025,37.463064007238295,127.10705064068199,965375,1940375,39.426807,2025-10-01 10:00:00
다사65254050,37.4653173852344,127.107038847273,965375,1940625,39.344376,2025-10-01 10:00:00
다사65254275,37.485597748291504,127.10693264748001,965375,1942875,38.251682,2025-10-01 10:00:00
다사65254300,37.4878511176411,127.106920840932,965375,1943125,38.06795,2025-10-01 10:00:00
다사65254325,37.4901044861259,127.106909033069,965375,1943375,37.861412,2025-10-01 10:00:00
다사65254350,37.492357853746,127.106897223891,965375,1943625,37.62905,2025-10-01 10:00:00
다사65254175,37.476584262246,127.106979860527,965375,1941875,38.83034,2025-10-01 10:00:00
다사65254200,37.4788376350544,127.106968059237,965375,1942125,38.705738,2025-10-01 10:00:00
다사65254225,37.481091006998206,127.106956256632,965375,1942375,38.56665,2025-10-01 10:00:00
다사65254250,37.4833443780772,127.106944452713,965375,1942625,38.42048,2025-10-01 10:00:00
다사65255500,37.5960118291385,127.10635257763398,965375,1955125,33.364666,2025-10-01 10:00:00
다사65255525,37.598265156093895,127.10634070648099,965375,1955375,33.40306,2025-10-01 10:00:00
다사65255550,37.6005184821837,127.106328834006,965375,1955625,33.439785,2025-10-01 10:00:00
다사65255575,37.6027718074078,127.10631696020799,965375,1955875,33.471317,2025-10-01 10:00:00
다사65255400,37.5869985126608,127.106400049025,965375,1954125,33.464493,2025-10-01 10:00:00
다사65255425,37.58925184307861,127.10638818316002,965375,1954375,33.523712,2025-10-01 10:00:00
다사65255450,37.5915051726308,127.106376315973,965375,1954625,33.569473,2025-10-01 10:00:00
다사65255475,37.593758501317396,127.106364447465,965375,1954875,33.62009,2025-10-01 10:00:00
다사65255700,37.614038420543,127.10625757137699,965375,1957125,34.188503,2025-10-01 10:00:00
다사65255725,37.6162917405728,127.106245689641,965375,1957375,34.211155,2025-10-01 10:00:00
다사65255750,37.6185450597369,127.106233806581,965375,1957625,34.237087,2025-10-01 10:00:00
다사65255775,37.620798378035204,127.106221922198,965375,1957875,34.251747,2025-10-01 10:00:00
다사65255600,37.6050251317663,127.10630508508801,965375,1956125,33.509857,2025-10-01 10:00:00
다사65255625,37.607278455259,127.106293208645,965375,1956375,34.126156,2025-10-01 10:00:00
다사65255650,37.6095317778861,127.106281330879,965375,1956625,34.146584,2025-10-01 10:00:00
다사65255675,37.6117850996474,127.106269451789,965375,1956875,34.166367,2025-10-01 10:00:00
다사65254875,37.5396783739732,127.106648927145,965375,1948875,32.360657,2025-10-01 10:00:00
다사65254900,37.5419317225637,127.10663708900101,965375,1949125,32.43325,2025-10-01 10:00:00
다사65254925,37.5441850702891,127.106625249538,965375,1949375,32.49474,2025-10-01 10:00:00
다사65254950,37.546438417149204,127.106613408756,965375,1949625,32.55738,2025-10-01 10:00:00
다사65254775,37.5306649709596,127.106696266542,965375,1947875,32.60537,2025-10-01 10:00:00
다사65254800,37.532918323010705,127.10668443366998,965375,1948125,32.6379,2025-10-01 10:00:00
다사65254825,37.535171674196704,127.10667259948,965375,1948375,32.695686,2025-10-01 10:00:00
다사65254850,37.537425024517496,127.106660763971,965375,1948625,32.7599,2025-10-01 10:00:00
다사65255075,37.5577051384711,127.106554185063,965375,1950875,32.65413,2025-10-01 10:00:00
다사65255100,37.559958480139606,127.106542336366,965375,1951125,32.80506,2025-10-01 10:00:00
다사65255350,37.582491849228504,127.10642377679,965375,1953625,33.32728,2025-10-01 10:00:00
다사65255375,37.5847451813774,127.106411913568,965375,1953875,33.399487,2025-10-01 10:00:00
다사65254975,37.5486917631441,127.106601566655,965375,1949875,32.584805,2025-10-01 10:00:00
다사65255000,37.5509451082737,127.10658972323601,965375,1950125,32.615845,2025-10-01 10:00:00
다사65255025,37.5531984525381,127.106577878498,965375,1950375,32.63253,2025-10-01 10:00:00
다사65255050,37.555451795937294,127.10656603244,965375,1950625,32.638603,2025-10-01 10:00:00
다사65004750,37.5284022296555,127.10387872166099,965125,1947625,32.58164,2025-10-01 10:00:00
다사65004775,37.5306555818121,127.10386680499501,965125,1947875,32.5957,2025-10-01 10:00:00
다사65004800,37.5329089331036,127.103854887001,965125,1948125,32.62864,2025-10-01 10:00:00
다사65004825,37.53516228353,127.10384296768,965125,1948375,32.679825,2025-10-01 10:00:00
다사65004650,37.5193888123779,127.10392637505801,965125,1946625,34.412724,2025-10-01 10:00:00
다사65004675,37.5216421679949,127.103914463699,965125,1946875,34.3047,2025-10-01 10:00:00
다사65004700,37.5238955227468,127.103902551013,965125,1947125,34.21724,2025-10-01 10:00:00
다사65004725,37.5261488766337,127.103890637001,965125,1947375,34.126434,2025-10-01 10:00:00
다사65004950,37.546429022683704,127.10378335116002,965125,1949625,32.55409,2025-10-01 10:00:00
다사65004975,37.5486823679187,127.10377142387199,965125,1949875,32.58196,2025-10-01 10:00:00
다사65005000,37.5509357122884,127.10375949525499,965125,1950125,32.59588,2025-10-01 10:00:00
다사65005025,37.5531890557928,127.10374756531,965125,1950375,32.597954,2025-10-01 10:00:00
다사65004850,37.5374156330911,127.10383104703199,965125,1948625,32.750954,2025-10-01 10:00:00
다사65004875,37.5396689817871,127.103819125056,965125,1948875,32.34181,2025-10-01 10:00:00
다사65004900,37.5419223296179,127.10380720175199,965125,1949125,32.4306,2025-10-01 10:00:00
다사65004925,37.5441756765834,127.10379527712,965125,1949375,32.503838,2025-10-01 10:00:00
다사65004350,37.4923484775046,127.104069207957,965125,1943625,37.89392,2025-10-01 10:00:00
다사65004375,37.4946018435011,127.10405731250401,965125,1943875,37.64048,2025-10-01 10:00:00
다사65004400,37.4968552086327,127.10404541572599,965125,1944125,37.34178,2025-10-01 10:00:00
다사65004425,37.4991085728994,127.104033517624,965125,1944375,37.00238,2025-10-01 10:00:00
다사65004250,37.4833350048707,127.104116776526,965125,1942625,38.616295,2025-10-01 10:00:00
다사65004275,37.4855883743264,127.10410488637,965125,1942875,38.466183,2025-10-01 10:00:00
다사65004300,37.4878417429173,127.10409299488998,965125,1943125,38.300575,2025-10-01 10:00:00
다사65004325,37.490095110643395,127.10408110208598,965125,1943375,38.107334,2025-10-01 10:00:00
다사65004550,37.5103753812594,127.103974007233,965125,1945625,35.081318,2025-10-01 10:00:00
다사65004575,37.5126287403365,127.10396210117901,965125,1945875,34.88408,2025-10-01 10:00:00
다사65004600,37.5148820985487,127.10395019379801,965125,1946125,34.71189,2025-10-01 10:00:00
다사65004625,37.5171354558958,127.103938285091,965125,1946375,34.557373,2025-10-01 10:00:00
다사65004450,37.5013619363013,127.10402161819599,965125,1944625,36.23795,2025-10-01 10:00:00
다사65004475,37.503615298838206,127.104009717444,965125,1944875,35.88332,2025-10-01 10:00:00
다사65004500,37.5058686605102,127.103997815366,965125,1945125,35.577747,2025-10-01 10:00:00
다사65004525,37.5081220213173,127.103985911962,965125,1945375,35.30792,2025-10-01 10:00:00
다사65005725,37.6162823225294,127.10341298681001,965125,1957375,34.18508,2025-10-01 10:00:00
다사65005750,37.6185356409321,127.10340101826799,965125,1957625,34.21521,2025-10-01 10:00:00
다사65005775,37.620788958469,127.103389048393,965125,1957875,34.226105,2025-10-01 10:00:00
다사65005800,37.62304227514,127.10337707718399,965125,1958125,34.25529,2025-10-01 10:00:00
다사65005625,37.6072690402603,127.103460847648,965125,1956375,34.084343,2025-10-01 10:00:00
다사65005650,37.6095223621262,127.103448884438,965125,1956625,34.105225,2025-10-01 10:00:00
다사65005675,37.611775683126396,127.103436919895,965125,1956875,34.13337,2025-10-01 10:00:00
다사65005700,37.6140290032608,127.10342495401899,965125,1957125,34.161457,2025-10-01 10:00:00
다사65005925,37.6343088455067,127.10331720113399,965125,1959375,34.388027,2025-10-01 10:00:00
다사65005950,37.6365621569822,127.103305221922,965125,1959625,34.41322,2025-10-01 10:00:00
다사65005975,37.638815467591705,127.10329324137501,965125,1959875,34.444054,2025-10-01 10:00:00
다사65006000,37.6410687773351,127.103281259493,965125,1960125,34.471245,2025-10-01 10:00:00
다사65005825,37.6252955909452,127.103365104642,965125,1958375,34.287388,2025-10-01 10:00:00
다사65005850,37.6275489058845,127.103353130766,965125,1958625,34.31733,2025-10-01 10:00:00
다사65005875,37.629802219957796,127.103341155556,965125,1958875,34.342922,2025-10-01 10:00:00
다사65005900,37.6320555331652,127.103329179012,965125,1959125,34.36694,2025-10-01 10:00:00
다사65005250,37.573469108390796,127.103640135992,965125,1952625,32.994522,2025-10-01 10:00:00
다사65005350,37.5824824425992,127.103592355052,965125,1953625,33.326992,2025-10-01 10:00:00
다사65005375,37.5847357739874,127.10358040649099,965125,1953875,33.405766,2025-10-01 10:00:00
다사65005400,37.5869891045101,127.103568456598,965125,1954125,33.473026,2025-10-01 10:00:00
다사65005050,37.5554423984319,127.10373563403601,965125,1950625,32.596123,2025-10-01 10:00:00
다사65005075,37.5576957402056,127.103723701434,965125,1950875,32.603924,2025-10-01 10:00:00
다사65005100,37.559949081114,127.103711767502,965125,1951125,32.755318,2025-10-01 10:00:00
다사65005225,37.5712157726749,127.103652077902,965125,1952375,32.944794,2025-10-01 10:00:00
다사65005525,37.5982557441392,127.103508687166,965125,1955375,33.3812,2025-10-01 10:00:00
다사65005550,37.600509069468,127.103496729285,965125,1955625,33.41576,2025-10-01 10:00:00
다사65005575,37.6027623939312,127.10348477007099,965125,1955875,34.10798,2025-10-01 10:00:00
다사65005600,37.6050157175286,127.10347280952601,965125,1956125,34.122425,2025-10-01 10:00:00
다사65005425,37.589242434167204,127.10355650537399,965125,1954375,33.523037,2025-10-01 10:00:00
다사65005450,37.5914957629586,127.10354455282,965125,1954625,33.559753,2025-10-01 10:00:00
다사65005475,37.5937490908845,127.10353259893299,965125,1954875,33.600594,2025-10-01 10:00:00
다사65005500,37.5960024179447,127.103520643716,965125,1955125,33.349846,2025-10-01 10:00:00
다사64755225,37.57120630196211,127.100821084049,964875,1952375,32.877087,2025-10-01 10:00:00
다사64755250,37.573459636912,127.100809056848,964875,1952625,32.942596,2025-10-01 10:00:00
다사64755275,37.5757129709965,127.100797028307,964875,1952875,33.01883,2025-10-01 10:00:00
다사64755300,37.5779663042154,127.10078499842699,964875,1953125,33.113697,2025-10-01 10:00:00
다사64755125,37.56219295350729,127.100869179461,964875,1951375,32.718002,2025-10-01 10:00:00
다사64755150,37.564446291919204,127.100857157617,964875,1951625,32.753582,2025-10-01 10:00:00
다사64755175,37.5666996294656,127.100845134434,964875,1951875,32.787426,2025-10-01 10:00:00
다사64755200,37.568952966146604,127.10083310991101,964875,1952125,32.828976,2025-10-01 10:00:00
다사64755425,37.5892329573259,127.10072482892001,964875,1954375,33.51595,2025-10-01 10:00:00
다사64755450,37.5914862853512,127.100712790998,964875,1954625,33.535625,2025-10-01 10:00:00
다사64755475,37.5937396125107,127.10070075173401,964875,1954875,33.561726,2025-10-01 10:00:00
다사64755500,37.5959929388046,127.100688711129,964875,1955125,34.00805,2025-10-01 10:00:00
다사64755325,37.58021963656871,127.100772967206,964875,1953375,33.20936,2025-10-01 10:00:00
다사64755350,37.5824729680564,127.10076093464501,964875,1953625,33.31849,2025-10-01 10:00:00
다사64755375,37.5847262986786,127.100748900744,964875,1953875,33.41879,2025-10-01 10:00:00
다사64755400,37.5869796284351,127.100736865502,964875,1954125,33.47758,2025-10-01 10:00:00
다사64754825,37.535152825065204,127.101013337208,964875,1948375,32.619125,2025-10-01 10:00:00
다사64754850,37.5374061738612,127.10100133142001,964875,1948625,32.68139,2025-10-01 10:00:00
다사64754875,37.5396595217919,127.10098932429399,964875,1948875,32.273983,2025-10-01 10:00:00
다사64754900,37.541912868857395,127.10097731583099,964875,1949125,32.40278,2025-10-01 10:00:00
다사64754725,37.526139421229104,127.101061346994,964875,1947375,34.162888,2025-10-01 10:00:00
다사64754750,37.5283927734859,127.101049346553,964875,1947625,32.56244,2025-10-01 10:00:00
다사64754775,37.5306461248775,127.10103734477501,964875,1947875,32.561977,2025-10-01 10:00:00
다사64754800,37.532899475404,127.10102534166,964875,1948125,32.581158,2025-10-01 10:00:00
다사64755025,37.5531795912054,127.100917253452,964875,1950375,32.52643,2025-10-01 10:00:00
다사64755050,37.555432933079,127.10090523696199,964875,1950625,32.52444,2025-10-01 10:00:00
다사64755075,37.5576862740872,127.10089321913401,964875,1950875,32.526196,2025-10-01 10:00:00
다사64755100,37.5599396142299,127.100881199967,964875,1951125,32.53748,2025-10-01 10:00:00
다사64754925,37.5441662150577,127.100965306031,964875,1949375,32.51613,2025-10-01 10:00:00
다사64754950,37.54641956039261,127.100953294893,964875,1949625,32.567364,2025-10-01 10:00:00
다사64754975,37.5486729048622,127.100941282417,964875,1949875,32.568855,2025-10-01 10:00:00
다사64755000,37.5509262484665,127.100929268603,964875,1950125,32.542225,2025-10-01 10:00:00
다사64756025,37.6433125909688,127.10043554836399,964875,1960375,34.50391,2025-10-01 10:00:00
다사64756050,37.6455658982129,127.100423478216,964875,1960625,34.52311,2025-10-01 10:00:00
다사65004000,37.460801262755105,127.104235605296,965125,1940125,39.61793,2025-10-01 10:00:00
다사65004025,37.4630546408575,127.104223728372,965125,1940375,39.539627,2025-10-01 10:00:00
다사64755925,37.634299353331706,127.100483815512,964875,1959375,34.391113,2025-10-01 10:00:00
다사64755950,37.6365526640401,127.10047175074101,964875,1959625,34.417767,2025-10-01 10:00:00
다사64755975,37.6388059738824,127.100459684626,964875,1959875,34.450745,2025-10-01 10:00:00
다사64756000,37.6410592828586,127.10044761716699,964875,1960125,34.477787,2025-10-01 10:00:00
다사65004150,37.4743215184005,127.10416432391199,965125,1941625,39.104343,2025-10-01 10:00:00
다사65004175,37.4765748913152,127.10415243905001,965125,1941875,38.99903,2025-10-01 10:00:00
다사65004200,37.4788282633651,127.104140552866,965125,1942125,38.879093,2025-10-01 10:00:00
다사65004225,37.48108163455029,127.104128665358,965125,1942375,38.75347,2025-10-01 10:00:00
다사65004050,37.4653080180954,127.104211850126,965125,1940625,39.467445,2025-10-01 10:00:00
다사65004075,37.4675613944687,127.104199970556,965125,1940875,39.38289,2025-10-01 10:00:00
다사65004100,37.4698147699773,127.10418808966499,965125,1941125,39.29857,2025-10-01 10:00:00
다사65004125,37.472068144621204,127.10417620745001,965125,1941375,39.203693,2025-10-01 10:00:00
다사64755625,37.6072595572878,127.10062848798401,964875,1956375,34.03779,2025-10-01 10:00:00
다사64755650,37.6095128783871,127.10061643932899,964875,1956625,34.065342,2025-10-01 10:00:00
다사64755675,37.6117661986206,127.100604389333,964875,1956875,34.093884,2025-10-01 10:00:00
다사64755700,37.6140195179883,127.100592337994,964875,1957125,34.128216,2025-10-01 10:00:00
다사64755525,37.5982462642327,127.100676669183,964875,1955375,34.00963,2025-10-01 10:00:00
다사64755550,37.6004995887951,127.100664625896,964875,1955625,34.025352,2025-10-01 10:00:00
다사64755575,37.6027529124918,127.100652581267,964875,1955875,34.04431,2025-10-01 10:00:00
다사64755600,37.605006235322705,127.100640535296,964875,1956125,34.065105,2025-10-01 10:00:00
다사64755825,37.6252861018385,127.100532061159,964875,1958375,34.271587,2025-10-01 10:00:00
다사64755850,37.627539416010706,127.100520001762,964875,1958625,34.301266,2025-10-01 10:00:00
다사64755875,37.6297927293171,127.10050794102301,964875,1958875,34.332928,2025-10-01 10:00:00
다사64755900,37.6320460417574,127.100495878939,964875,1959125,34.365295,2025-10-01 10:00:00
다사64755725,37.616272836490104,127.100580285312,964875,1957375,34.154305,2025-10-01 10:00:00
다사64755750,37.618526154126,127.100568231288,964875,1957625,34.169983,2025-10-01 10:00:00
다사64755775,37.6207794708961,127.100556175921,964875,1957875,34.197994,2025-10-01 10:00:00
다사64755800,37.6230327868003,127.10054411921101,964875,1958125,34.233925,2025-10-01 10:00:00
다사64505700,37.6140099647256,127.097759723311,964625,1957125,34.09095,2025-10-01 10:00:00
다사64505725,37.6162632824552,127.097747585157,964625,1957375,34.107746,2025-10-01 10:00:00
다사64505750,37.618516599318795,127.097735445651,964625,1957625,34.141426,2025-10-01 10:00:00
다사64505775,37.6207699153166,127.09772330479299,964625,1957875,34.176125,2025-10-01 10:00:00
다사64505600,37.6049966851486,127.09780826240801,964625,1956125,33.946156,2025-10-01 10:00:00
다사64505625,37.6072500063416,127.097796129661,964625,1956375,33.98236,2025-10-01 10:00:00
다사64505650,37.60950332666879,127.09778399556299,964625,1956625,34.01977,2025-10-01 10:00:00
다사64505675,37.6117566461302,127.09777186011299,964625,1956875,34.053722,2025-10-01 10:00:00
다사64505900,37.6320364823155,127.09766258021001,964625,1959125,34.36402,2025-10-01 10:00:00
다사64505925,37.634289793117205,127.097650431234,964625,1959375,34.39462,2025-10-01 10:00:00
다사64505950,37.636543103052794,127.097638280905,964625,1959625,34.427124,2025-10-01 10:00:00
다사64505975,37.638796412122396,127.097626129223,964625,1959875,34.460476,2025-10-01 10:00:00
다사64505800,37.6230232304483,127.097711162582,964625,1958125,34.212162,2025-10-01 10:00:00
다사64505825,37.625276544714104,127.097699019018,964625,1958375,34.251938,2025-10-01 10:00:00
다사64505850,37.6275298581139,127.097686874102,964625,1958625,34.291805,2025-10-01 10:00:00
다사64505875,37.629783170647706,127.09767472783301,964625,1958875,34.329174,2025-10-01 10:00:00
다사64505300,37.577956763302495,127.09795375001,964625,1953125,33.020077,2025-10-01 10:00:00
다사64505325,37.58021009488429,127.097941633469,964625,1953375,33.13313,2025-10-01 10:00:00
다사64505350,37.5824634256004,127.097929515578,964625,1953625,33.284756,2025-10-01 10:00:00
다사64505375,37.584716755451005,127.097917396338,964625,1953875,33.428326,2025-10-01 10:00:00
다사64505200,37.568943428319294,127.098002202681,964625,1952125,32.610798,2025-10-01 10:00:00
다사64505225,37.571196763363396,127.097990091537,964625,1952375,32.80606,2025-10-01 10:00:00
다사64505250,37.573450097542,127.097977979044,964625,1952625,32.872932,2025-10-01 10:00:00
다사64505275,37.575703430855,127.09796586520099,964625,1952875,32.940006,2025-10-01 10:00:00
다사64505500,37.5959833917182,127.097856779884,964625,1955125,33.88815,2025-10-01 10:00:00
다사64505525,37.5982367163745,127.09784465254101,964625,1955375,33.905987,2025-10-01 10:00:00
다사64505550,37.600490040165,127.097832523848,964625,1955625,33.929966,2025-10-01 10:00:00
다사64505575,37.60274336308971,127.097820393804,964625,1955875,33.965214,2025-10-01 10:00:00
다사64505400,37.5869700844358,127.097905275747,964625,1954125,33.463234,2025-10-01 10:00:00
다사64505425,37.589223412555,127.097893153807,964625,1954375,33.445515,2025-10-01 10:00:00
다사64505450,37.5914767398085,127.09788103051599,964625,1954625,33.444427,2025-10-01 10:00:00
다사64505475,37.5937300661962,127.09786890587499,964625,1954875,33.87901,2025-10-01 10:00:00
다사64754425,37.4990991266711,127.10120524810499,964875,1944375,37.28638,2025-10-01 10:00:00
다사64754450,37.5013524893085,127.101193263689,964875,1944625,36.870945,2025-10-01 10:00:00
다사64754475,37.5036058510809,127.101181277938,964875,1944875,36.03323,2025-10-01 10:00:00
다사64754500,37.505859211988394,127.10116929085301,964875,1945125,35.66843,2025-10-01 10:00:00
다사64754325,37.49008566747229,127.101253172426,964875,1943375,38.360516,2025-10-01 10:00:00
다사64754350,37.492339033569294,127.101241193347,964875,1943625,38.171093,2025-10-01 10:00:00
다사64754375,37.4945923988015,127.101229212934,964875,1943875,37.93865,2025-10-01 10:00:00
다사64754400,37.4968457631687,127.101217231187,964875,1944125,37.644077,2025-10-01 10:00:00
다사64754625,37.5171260035507,127.101109335399,964875,1946375,34.62573,2025-10-01 10:00:00
다사64754650,37.519379359267894,127.10109734030199,964875,1946625,34.482185,2025-10-01 10:00:00
다사64754675,37.5216327141201,127.101085343869,964875,1946875,34.35934,2025-10-01 10:00:00
다사64754700,37.5238860681072,127.10107334610001,964875,1947125,34.249607,2025-10-01 10:00:00
다사64754525,37.508112572030896,127.101157302433,964875,1945375,35.385693,2025-10-01 10:00:00
다사64754550,37.5103659312084,127.101145312677,964875,1945625,35.157364,2025-10-01 10:00:00
다사64754575,37.5126192895209,127.10113332158701,964875,1945875,34.954025,2025-10-01 10:00:00
다사64754600,37.5148726469683,127.10112132916099,964875,1946125,34.781303,2025-10-01 10:00:00
다사64754025,37.463045206854,127.101396817384,964875,1940375,39.6662,2025-10-01 10:00:00
다사64754050,37.465298583328206,127.10138485430001,964875,1940625,39.594738,2025-10-01 10:00:00
다사64754075,37.467551958937705,127.101372889885,964875,1940875,39.522545,2025-10-01 10:00:00
다사64754100,37.4698053336825,127.101360924136,964875,1941125,39.433903,2025-10-01 10:00:00
다사64506000,37.641049720325896,127.09761397618601,964625,1960125,34.48706,2025-10-01 10:00:00
다사64506025,37.6433030276633,127.097601821796,964625,1960375,34.516647,2025-10-01 10:00:00
다사64506050,37.6455563341345,127.09758966605101,964625,1960625,34.538437,2025-10-01 10:00:00
다사64754000,37.4607918295152,127.10140877913601,964875,1940125,39.728287,2025-10-01 10:00:00
다사64754225,37.4810721944358,127.10130107540701,964875,1942375,38.93639,2025-10-01 10:00:00
다사64754250,37.483325563992096,127.101289101662,964875,1942625,38.8098,2025-10-01 10:00:00
다사64754275,37.4855789326837,127.101277126584,964875,1942875,38.680862,2025-10-01 10:00:00
다사64754300,37.4878323005104,127.10126515017201,964875,1943125,38.529797,2025-10-01 10:00:00
다사64754125,37.472058707562596,127.101348957056,964875,1941375,39.347008,2025-10-01 10:00:00
다사64754150,37.474312080577995,127.101336988643,964875,1941625,39.257736,2025-10-01 10:00:00
다사64754175,37.47656545272871,127.101325018897,964875,1941875,39.158066,2025-10-01 10:00:00
다사64754200,37.4788188240146,127.101313047818,964875,1942125,39.04719,2025-10-01 10:00:00
다사64504100,37.469795829748605,127.098533759941,964625,1941125,39.57096,2025-10-01 10:00:00
다사64504125,37.472049202859395,127.09852170799499,964625,1941375,39.493404,2025-10-01 10:00:00
다사64504150,37.4743025751054,127.09850965470699,964625,1941625,39.400078,2025-10-01 10:00:00
다사64504175,37.476555946486705,127.098497600077,964625,1941875,39.31346,2025-10-01 10:00:00
다사64504000,37.460782328658205,127.09858195430799,964625,1940125,39.836914,2025-10-01 10:00:00
다사64504025,37.463035705227796,127.098569907728,964625,1940375,39.78014,2025-10-01 10:00:00
다사64504050,37.4652890809328,127.098557859807,964625,1940625,39.719944,2025-10-01 10:00:00
다사64504075,37.4675424557731,127.098545810545,964625,1940875,39.647488,2025-10-01 10:00:00
다사64504300,37.4878227904207,127.098437306788,964625,1943125,38.752037,2025-10-01 10:00:00
다사64504325,37.49007615661289,127.09842524410101,964625,1943375,38.605038,2025-10-01 10:00:00
다사64504350,37.4923295219401,127.09841318007099,964625,1943625,38.45021,2025-10-01 10:00:00
다사64504375,37.494582886402505,127.098401114698,964625,1943875,38.248745,2025-10-01 10:00:00
다사64504200,37.478809317003204,127.09848554410401,964625,1942125,39.208496,2025-10-01 10:00:00
다사64504225,37.481062686654795,127.098473486789,964625,1942375,39.11576,2025-10-01 10:00:00
다사64504250,37.483316055441605,127.098461428132,964625,1942625,38.997276,2025-10-01 10:00:00
다사64504275,37.4855694233636,127.09844936813101,964625,1942875,38.876392,2025-10-01 10:00:00
다사64256250,37.66357311634779,127.094657875406,964375,1962625,35.15709,2025-10-01 10:00:00
다사64256275,37.6658264142442,127.094645621786,964375,1962875,35.139996,2025-10-01 10:00:00
다사64256300,37.6680797112744,127.0946333668,964375,1963125,35.118073,2025-10-01 10:00:00
다사64256325,37.6703330074381,127.09462111044901,964375,1963375,35.10175,2025-10-01 10:00:00
다사64255975,37.638786782312,127.094792575173,964375,1959875,34.473022,2025-10-01 10:00:00
다사64256000,37.6410400897372,127.09478033655898,964375,1960125,34.506657,2025-10-01 10:00:00
다사64256025,37.64329339629629,127.09476809658199,964375,1960375,34.533882,2025-10-01 10:00:00
다사64256050,37.645546701989105,127.09475585524099,964375,1960625,34.555664,2025-10-01 10:00:00
다사64256525,37.688359345556606,127.09452301046801,964375,1965375,34.995125,2025-10-01 10:00:00
다사64256550,37.69061263392221,127.094510741821,964375,1965625,34.98541,2025-10-01 10:00:00
다사64503950,37.4562755729249,127.098606043443,964625,1939625,39.94587,2025-10-01 10:00:00
다사64503975,37.4585289512238,127.098593999546,964625,1939875,39.89684,2025-10-01 10:00:00
다사64256350,37.6725863027355,127.094608852733,964375,1963625,35.080566,2025-10-01 10:00:00
다사64256375,37.6748395971664,127.09459659365,964375,1963875,35.069065,2025-10-01 10:00:00
다사64256475,37.6838527662258,127.09454754366101,964375,1964875,35.022163,2025-10-01 10:00:00
다사64256500,37.6861060563244,127.094535277748,964375,1965125,35.008705,2025-10-01 10:00:00
다사64504900,37.5419033402826,127.098147431248,964625,1949125,32.24874,2025-10-01 10:00:00
다사64504925,37.544156685712,127.09813533627899,964625,1949375,32.512146,2025-10-01 10:00:00
다사64504950,37.5464100302761,127.098123239963,964625,1949625,32.552406,2025-10-01 10:00:00
다사64504975,37.5486633739748,127.0981111423,964625,1949875,32.45825,2025-10-01 10:00:00
다사64504800,37.5328899499118,127.098195797655,964625,1948125,32.476765,2025-10-01 10:00:00
다사64504825,37.5351432988024,127.09818370807301,964625,1948375,32.48149,2025-10-01 10:00:00
다사64504850,37.5373966468277,127.098171617145,964625,1948625,32.51405,2025-10-01 10:00:00
다사64504875,37.5396499939878,127.09815952487,964625,1948875,32.074448,2025-10-01 10:00:00
다사64505100,37.5599300794875,127.098050633771,964625,1951125,32.439144,2025-10-01 10:00:00
다사64505125,37.5621834179937,127.098038528021,964625,1951375,32.62563,2025-10-01 10:00:00
다사64505150,37.5644367556344,127.098026420923,964625,1951625,32.66842,2025-10-01 10:00:00
다사64505175,37.5666900924096,127.09801431247601,964625,1951875,32.706284,2025-10-01 10:00:00
다사64505000,37.5509167168082,127.09809904328999,964625,1950125,32.4155,2025-10-01 10:00:00
다사64505025,37.5531700587762,127.098086942932,964625,1950375,32.40802,2025-10-01 10:00:00
다사64505050,37.555423399878705,127.09807484122601,964625,1950625,32.408573,2025-10-01 10:00:00
다사64505075,37.557676740115795,127.098062738172,964625,1950875,32.417633,2025-10-01 10:00:00
다사64504500,37.5058496957399,127.098340767675,964625,1945125,35.730724,2025-10-01 10:00:00
다사64504525,37.5081030550123,127.09832869423799,964625,1945375,35.445423,2025-10-01 10:00:00
다사64504550,37.51035641341971,127.098316619456,964625,1945625,35.21362,2025-10-01 10:00:00
다사64504575,37.512609770962,127.09830454333,964625,1945875,35.020046,2025-10-01 10:00:00
다사64504400,37.4968362499999,127.098389047981,964625,1944125,38.002884,2025-10-01 10:00:00
다사64504425,37.4990896127324,127.098376979921,964625,1944375,37.64546,2025-10-01 10:00:00
다사64504450,37.5013429745999,127.098364910516,964625,1944625,37.146103,2025-10-01 10:00:00
다사64504475,37.503596335602396,127.09835283976801,964625,1944875,36.605247,2025-10-01 10:00:00
다사64504700,37.5238765456969,127.09824414252199,964625,1947125,34.274143,2025-10-01 10:00:00
다사64504725,37.5261298980485,127.09823205832399,964625,1947375,34.161446,2025-10-01 10:00:00
다사64504750,37.5283832495348,127.098219972781,964625,1947625,32.51078,2025-10-01 10:00:00
다사64504775,37.530636600155894,127.098207885891,964625,1947875,32.48655,2025-10-01 10:00:00
다사64504600,37.5148631276392,127.09829246585899,964625,1946125,34.8425,2025-10-01 10:00:00
다사64504625,37.5171164834514,127.098280387043,964625,1946375,34.68165,2025-10-01 10:00:00
다사64504650,37.5193698383984,127.09826830688101,964625,1946625,34.534206,2025-10-01 10:00:00
다사64504675,37.5216231924802,127.09825622537399,964625,1946875,34.4052,2025-10-01 10:00:00
다사64254875,37.53964039837479,127.09532972679199,964375,1948875,31.637226,2025-10-01 10:00:00
다사64254900,37.5418937438933,127.095317548011,964375,1949125,31.524052,2025-10-01 10:00:00
다사64254925,37.5441470885465,127.09530536787399,964375,1949375,30.949848,2025-10-01 10:00:00
다사64254950,37.5464004323343,127.095293186381,964375,1949625,31.909624,2025-10-01 10:00:00
다사64254775,37.5306270076473,127.095378428354,964375,1947875,32.38629,2025-10-01 10:00:00
다사64254800,37.5328803566271,127.095366254997,964375,1948125,32.326275,2025-10-01 10:00:00
다사64254825,37.5351337047417,127.09535408028499,964375,1948375,32.26548,2025-10-01 10:00:00
다사64254850,37.5373870519909,127.095341904216,964375,1948625,32.198296,2025-10-01 10:00:00
다사64255075,37.557667138291706,127.095232258559,964375,1950875,32.28053,2025-10-01 10:00:00
다사64255100,37.559920476886795,127.095220068923,964375,1951125,32.313595,2025-10-01 10:00:00
다사64255125,37.5621738146164,127.095207877929,964375,1951375,32.38595,2025-10-01 10:00:00
다사64255150,37.564427151480395,127.095195685577,964375,1951625,32.441963,2025-10-01 10:00:00
다사64254975,37.548653775256604,127.09528100353,964375,1949875,32.066612,2025-10-01 10:00:00
다사64255000,37.5509071173136,127.09526881932301,964375,1950125,32.136345,2025-10-01 10:00:00
다사64255025,37.553160458505104,127.095256633759,964375,1950375,32.19737,2025-10-01 10:00:00
다사64255050,37.555413798831204,127.095244446838,964375,1950625,32.239784,2025-10-01 10:00:00
다사64254475,37.503586752402704,127.095524402942,964375,1944875,36.700478,2025-10-01 10:00:00
다사64254500,37.505840111764705,127.095512245842,964375,1945125,36.133205,2025-10-01 10:00:00
다사64254525,37.5080934702616,127.095500087388,964375,1945375,35.482162,2025-10-01 10:00:00
다사64254550,37.5103468278934,127.09548792758001,964375,1945625,35.27354,2025-10-01 10:00:00
다사64254375,37.4945733063043,127.09557301780599,964375,1943875,38.567867,2025-10-01 10:00:00
다사64254400,37.4968266691264,127.09556086612,964375,1944125,38.39074,2025-10-01 10:00:00
다사64254425,37.4990800310835,127.095548713081,964375,1944375,38.10993,2025-10-01 10:00:00
다사64254450,37.5013333921756,127.095536558688,964375,1944625,37.534077,2025-10-01 10:00:00
다사64254675,37.5216136030754,127.09542710822599,964375,1946875,34.427097,2025-10-01 10:00:00
다사64254700,37.523866955516205,127.09541494029,964375,1947125,34.28087,2025-10-01 10:00:00
다사64254725,37.5261203070918,127.09540277100001,964375,1947375,34.140682,2025-10-01 10:00:00
다사64254750,37.528373657802206,127.09539060035499,964375,1947625,32.44632,2025-10-01 10:00:00
다사64254575,37.5126001846601,127.095475766418,964375,1945875,35.083096,2025-10-01 10:00:00
다사64254600,37.5148535405616,127.09546360390199,964375,1946125,34.90497,2025-10-01 10:00:00
다사64254625,37.517106895598104,127.095451440031,964375,1946375,34.73734,2025-10-01 10:00:00
다사64254650,37.5193602497693,127.095439274806,964375,1946625,34.576683,2025-10-01 10:00:00
다사64255675,37.611747025655106,127.094939332245,964375,1956875,34.014668,2025-10-01 10:00:00
다사64255700,37.6140003434729,127.09492710998,964375,1957125,34.032967,2025-10-01 10:00:00
다사64255725,37.616253660424704,127.094914886354,964375,1957375,34.07444,2025-10-01 10:00:00
다사64255750,37.6185069765106,127.094902661366,964375,1957625,34.115986,2025-10-01 10:00:00
다사64255575,37.602733745725004,127.094988207692,964375,1955875,33.878105,2025-10-01 10:00:00
다사64255600,37.6049870670064,127.094975990872,964375,1956125,33.879593,2025-10-01 10:00:00
다사64255625,37.607240387421896,127.094963772691,964375,1956375,33.924877,2025-10-01 10:00:00
다사64255650,37.6094937069714,127.09495155314899,964375,1956625,33.971928,2025-10-01 10:00:00
다사64255875,37.629773543949796,127.094841515996,964375,1958875,34.327858,2025-10-01 10:00:00
다사64255900,37.6320268548395,127.094829282834,964375,1959125,34.366547,2025-10-01 10:00:00
다사64255925,37.6342801648631,127.09481704831002,964375,1959375,34.40342,2025-10-01 10:00:00
다사64255950,37.6365334740206,127.094804812423,964375,1959625,34.43959,2025-10-01 10:00:00
다사64255775,37.6207602917305,127.094890435016,964375,1957875,34.152733,2025-10-01 10:00:00
다사64255800,37.6230136060843,127.09487820730499,964375,1958125,34.191154,2025-10-01 10:00:00
다사64255825,37.6252669195722,127.09486597823098,964375,1958375,34.239697,2025-10-01 10:00:00
다사64255850,37.627520232194,127.094853747794,964375,1958625,34.285656,2025-10-01 10:00:00
다사64255275,37.575693822816895,127.095134703445,964375,1952875,32.81204,2025-10-01 10:00:00
다사64255300,37.5779471544874,127.095122502942,964375,1953125,32.866947,2025-10-01 10:00:00
다사64255325,37.5802004852922,127.09511030108101,964375,1953375,32.92343,2025-10-01 10:00:00
다사64255350,37.5824538152313,127.095098097861,964375,1953625,33.062443,2025-10-01 10:00:00
다사64255175,37.5666804874789,127.095183491867,964375,1951875,32.48469,2025-10-01 10:00:00
다사64255200,37.5689338226118,127.095171296799,964375,1952125,32.529705,2025-10-01 10:00:00
다사64255225,37.5711871568791,127.095159100373,964375,1952375,32.713734,2025-10-01 10:00:00
다사64255250,37.573440490280795,127.095146902588,964375,1952625,32.76531,2025-10-01 10:00:00
다사64255475,37.5937204519411,127.095037061367,964375,1954875,33.67338,2025-10-01 10:00:00
다사64255500,37.595973776685796,127.09502484998899,964375,1955125,33.726944,2025-10-01 10:00:00
다사64255525,37.598227100564706,127.095012637251,964375,1955375,33.779285,2025-10-01 10:00:00
다사64255550,37.60048042357779,127.095000423152,964375,1955625,33.831875,2025-10-01 10:00:00
다사64255375,37.5847071443047,127.09508589328199,964375,1953875,33.429775,2025-10-01 10:00:00
다사64255400,37.586960472512395,127.095073687343,964375,1954125,33.226917,2025-10-01 10:00:00
다사64255425,37.5892137998544,127.09506148004401,964375,1954375,33.204067,2025-10-01 10:00:00
다사64255450,37.591467126330706,127.09504927138599,964375,1954625,33.25258,2025-10-01 10:00:00
다사64005900,37.6320171593295,127.091995986821,964125,1959125,34.378754,2025-10-01 10:00:00
다사64005925,37.6342704685696,127.091983666749,964125,1959375,34.420853,2025-10-01 10:00:00
다사64005950,37.6365237769434,127.09197134530399,964125,1959625,34.45547,2025-10-01 10:00:00
다사64005975,37.638777084451,127.091959022486,964125,1959875,34.494698,2025-10-01 10:00:00
다사64005800,37.6230039137084,127.09204525338998,964125,1958125,34.18272,2025-10-01 10:00:00
다사64005825,37.6252572264128,127.092032938806,964125,1958375,34.229244,2025-10-01 10:00:00
다사64005850,37.6275105382512,127.09202062285,964125,1958625,34.281578,2025-10-01 10:00:00
다사64005875,37.6297638492234,127.09200830552099,964125,1958875,34.33245,2025-10-01 10:00:00
다사64006100,37.65004360899621,127.091897387801,964125,1961125,35.241405,2025-10-01 10:00:00
다사64006125,37.6522969113065,127.091885056744,964125,1961375,35.23412,2025-10-01 10:00:00
다사64006150,37.654550212750394,127.09187272431299,964125,1961625,35.225838,2025-10-01 10:00:00
다사64006175,37.6568035133281,127.091860390509,964125,1961875,35.21475,2025-10-01 10:00:00
다사64006000,37.6410303910925,127.091946698295,964125,1960125,34.525463,2025-10-01 10:00:00
다사64006025,37.6432836968678,127.09193437273198,964125,1960375,34.555176,2025-10-01 10:00:00
다사64006050,37.645537001776795,127.091922045795,964125,1960625,35.2554,2025-10-01 10:00:00
다사64006075,37.647790305819704,127.09190971748501,964125,1960875,35.250645,2025-10-01 10:00:00
다사64005500,37.5959640937074,127.092192921455,964125,1955125,33.55182,2025-10-01 10:00:00
다사64005525,37.5982174168034,127.09218062331999,964125,1955375,33.639427,2025-10-01 10:00:00
다사64005550,37.6004707390335,127.092168323816,964125,1955625,33.721645,2025-10-01 10:00:00
다사64005575,37.6027240603978,127.092156022941,964125,1955875,33.797745,2025-10-01 10:00:00
다사64005400,37.586950792665,127.092242100297,964125,1954125,33.182198,2025-10-01 10:00:00
다사64005425,37.5892041192243,127.09222980764099,964125,1954375,33.597244,2025-10-01 10:00:00
다사64005450,37.5914574449178,127.092217513615,964125,1954625,33.83396,2025-10-01 10:00:00
다사64005475,37.5937107697455,127.09220521821999,964125,1954875,33.442177,2025-10-01 10:00:00
다사64005700,37.61399065423021,127.092094498011,964125,1957125,33.99826,2025-10-01 10:00:00
다사64005725,37.6162439703988,127.092082188913,964125,1957375,34.04432,2025-10-01 10:00:00
다사64005750,37.6184972857014,127.092069878443,964125,1957625,34.086964,2025-10-01 10:00:00
다사64005775,37.620750600137896,127.092057566602,964125,1957875,34.13445,2025-10-01 10:00:00
다사64005600,37.6049773808962,127.09214372069599,964125,1956125,33.82176,2025-10-01 10:00:00
다사64005625,37.6072307005286,127.09213141708099,964125,1956375,33.875797,2025-10-01 10:00:00
다사64005650,37.6094840192951,127.09211911209499,964125,1956625,33.923668,2025-10-01 10:00:00
다사64005675,37.6117373371956,127.09210680573901,964125,1956875,33.95447,2025-10-01 10:00:00
다사64254075,37.4675328849749,127.095718732547,964375,1940875,39.77522,2025-10-01 10:00:00
다사64254100,37.4697862581757,127.095706597087,964375,1941125,39.706284,2025-10-01 10:00:00
다사64254125,37.4720396305117,127.095694460276,964375,1941375,39.62662,2025-10-01 10:00:00
다사64254150,37.4742930019829,127.09568232211299,964375,1941625,39.54861,2025-10-01 10:00:00
다사64253975,37.4585193835243,127.095767260877,964375,1939875,40.00529,2025-10-01 10:00:00
다사64254000,37.460772760184,127.095755130821,964375,1940125,39.958954,2025-10-01 10:00:00
다사64254025,37.4630261359791,127.095742999414,964375,1940375,39.900864,2025-10-01 10:00:00
다사64254050,37.4652795109094,127.095730866656,964375,1940625,39.839085,2025-10-01 10:00:00
다사64254275,37.4855598463661,127.095621611022,964375,1942875,39.06343,2025-10-01 10:00:00
다사64254300,37.4878132126481,127.09560946474701,964375,1943125,38.952114,2025-10-01 10:00:00
다사64254325,37.4900665780651,127.095597317119,964375,1943375,38.833626,2025-10-01 10:00:00
다사64254350,37.4923199426172,127.095585168139,964375,1943625,38.710358,2025-10-01 10:00:00
다사64254175,37.4765463725893,127.095670182598,964375,1941875,39.460716,2025-10-01 10:00:00
다사64254200,37.4787997423308,127.09565804173201,964375,1942125,39.37058,2025-10-01 10:00:00
다사64254225,37.4810531112074,127.09564589951401,964375,1942375,39.270786,2025-10-01 10:00:00
다사64254250,37.4833064792192,127.09563375594401,964375,1942625,39.16253,2025-10-01 10:00:00
다사64006300,37.668070003221004,127.091798700869,964125,1963125,35.11407,2025-10-01 10:00:00
다사64006325,37.670323298600394,127.091786358817,964125,1963375,35.09435,2025-10-01 10:00:00
다사64006350,37.6725765931134,127.09177401539,964125,1963625,35.081768,2025-10-01 10:00:00
다사64006375,37.674829886759895,127.091761670588,964125,1963875,35.066566,2025-10-01 10:00:00
다사64006200,37.6590568130394,127.09184805533,964125,1962125,35.200447,2025-10-01 10:00:00
다사64006225,37.6613101118844,127.091835718776,964125,1962375,35.178883,2025-10-01 10:00:00
다사64006250,37.663563409863,127.091823380849,964125,1962625,35.161163,2025-10-01 10:00:00
다사64006275,37.6658167069752,127.091811041546,964125,1962875,35.138943,2025-10-01 10:00:00
다사64006500,37.6860963419949,127.09169992594101,964125,1965125,35.005077,2025-10-01 10:00:00
다사64006525,37.688349630442296,127.09168757288401,964125,1965375,34.99574,2025-10-01 10:00:00
다사64006550,37.6906029180231,127.09167521844999,964125,1965625,34.980392,2025-10-01 10:00:00
다사64253950,37.4562660059998,127.095779389583,964375,1939625,40.0528,2025-10-01 10:00:00
다사64006400,37.6770831795399,127.09174932441002,964125,1964125,35.049843,2025-10-01 10:00:00
다사64006425,37.6793364714534,127.091736976856,964125,1964375,35.04528,2025-10-01 10:00:00
다사64006450,37.6815897625005,127.091724627927,964125,1964625,35.033676,2025-10-01 10:00:00
다사64006475,37.683843052681,127.091712277622,964125,1964875,35.016903,2025-10-01 10:00:00
다사64004300,37.4878035671928,127.092781624058,964125,1943125,39.10903,2025-10-01 10:00:00
다사64004325,37.4900569318292,127.09276939148998,964125,1943375,38.99961,2025-10-01 10:00:00
다사64004350,37.4923102956006,127.09275715756,964125,1943625,38.8973,2025-10-01 10:00:00
다사64004375,37.4945636585069,127.092744922267,964125,1943875,38.78209,2025-10-01 10:00:00
다사64004200,37.4787900999976,127.092830540712,964125,1942125,39.51045,2025-10-01 10:00:00
다사64004225,37.481043468093795,127.09281831359101,964125,1942375,39.41802,2025-10-01 10:00:00
다사64004250,37.483296835325106,127.092806085109,964125,1942625,39.318356,2025-10-01 10:00:00
다사64004275,37.485550201691396,127.09279385526399,964125,1942875,39.21871,2025-10-01 10:00:00
다사64004500,37.5058304600629,127.092683725362,964125,1945125,36.175293,2025-10-01 10:00:00
다사64004525,37.5080838177788,127.092671481892,964125,1945375,35.954426,2025-10-01 10:00:00
다사64004550,37.510337174629605,127.09265923705799,964125,1945625,35.358078,2025-10-01 10:00:00
다사64004575,37.5125905306152,127.092646990861,964125,1945875,35.160923,2025-10-01 10:00:00
다사64004400,37.4968170205483,127.09273268561199,964125,1944125,38.68032,2025-10-01 10:00:00
다사64004425,37.4990703817246,127.09272044759399,964125,1944375,38.566853,2025-10-01 10:00:00
다사64004450,37.5013237420358,127.09270820821301,964125,1944625,38.43594,2025-10-01 10:00:00
다사64004475,37.5035771014819,127.09269596746901,964125,1944875,36.499985,2025-10-01 10:00:00
다사63756525,37.6883398471566,127.08885213667601,963875,1965375,34.9914,2025-10-01 10:00:00
다사63756550,37.690593133947104,127.08883969645599,963875,1965625,34.976944,2025-10-01 10:00:00
다사64003950,37.456256371468704,127.092952737073,964125,1939625,41.105465,2025-10-01 10:00:00
다사64003975,37.4585097482131,127.092940523558,964125,1939875,41.065563,2025-10-01 10:00:00
다사63756425,37.6793266913284,127.088901883701,963875,1964375,35.039074,2025-10-01 10:00:00
다사63756450,37.6815799815854,127.088889449023,963875,1964625,35.030903,2025-10-01 10:00:00
다사63756475,37.683833270975704,127.08887701296001,963875,1964875,35.016094,2025-10-01 10:00:00
다사63756500,37.6860865594995,127.088864575511,963875,1965125,34.998604,2025-10-01 10:00:00
다사64004100,37.4697766189639,127.092879435584,964125,1941125,39.83172,2025-10-01 10:00:00
다사64004125,37.4720299905196,127.09286721390801,964125,1941375,39.763374,2025-10-01 10:00:00
다사64004150,37.474283361210496,127.09285499087099,964125,1941625,39.69122,2025-10-01 10:00:00
다사64004175,37.476536731036504,127.092842766472,964125,1941875,39.598946,2025-10-01 10:00:00
다사64004000,37.4607631240928,127.09292830868401,964125,1940125,40.071594,2025-10-01 10:00:00
다사64004025,37.463016499107795,127.09291609245001,964125,1940375,40.01902,2025-10-01 10:00:00
다사64004050,37.465269873258,127.092903874855,964125,1940625,39.957947,2025-10-01 10:00:00
다사64004075,37.4675232465433,127.0928916559,964125,1940875,39.89828,2025-10-01 10:00:00
다사64005100,37.559910806428,127.092389505432,964125,1951125,32.184742,2025-10-01 10:00:00
다사64005125,37.5621641433754,127.092377229194,964125,1951375,32.2942,2025-10-01 10:00:00
다사64005150,37.564417479457205,127.09236495158899,964125,1951625,32.3593,2025-10-01 10:00:00
다사64005175,37.5666708146735,127.092352672616,964125,1951875,32.402622,2025-10-01 10:00:00
다사64005000,37.5508974499828,127.092438596714,964125,1950125,31.784693,2025-10-01 10:00:00
다사64005025,37.5531507903924,127.092426325944,964125,1950375,31.943447,2025-10-01 10:00:00
다사64005050,37.5554041299364,127.09241405380699,964125,1950625,32.040462,2025-10-01 10:00:00
다사64005075,37.557657468615,127.092401780303,964125,1950875,32.120853,2025-10-01 10:00:00
다사64005300,37.577937477770206,127.092291257234,964125,1953125,32.671875,2025-10-01 10:00:00
다사64005325,37.580190807792505,127.092278970053,964125,1953375,33.50405,2025-10-01 10:00:00
다사64005350,37.5824441369491,127.09226668150299,964125,1953625,33.23592,2025-10-01 10:00:00
다사64005375,37.5846974652399,127.092254391585,964125,1953875,32.810646,2025-10-01 10:00:00
다사64005200,37.5689241490241,127.092340392276,964125,1952125,32.582798,2025-10-01 10:00:00
다사64005225,37.571177482509206,127.092328110567,964125,1952375,32.62048,2025-10-01 10:00:00
다사64005250,37.573430815128496,127.09231582749099,964125,1952625,32.65298,2025-10-01 10:00:00
다사64005275,37.5756841468822,127.09230354304701,964125,1952875,32.66956,2025-10-01 10:00:00
다사64004700,37.523857297564994,127.092585739414,964125,1947125,34.26963,2025-10-01 10:00:00
다사64004725,37.5261106483593,127.092573485031,964125,1947375,34.10188,2025-10-01 10:00:00
다사64004750,37.5283639982882,127.092561229284,964125,1947625,33.932755,2025-10-01 10:00:00
다사64004775,37.5306173473519,127.092548972172,964125,1947875,32.27904,2025-10-01 10:00:00
다사64004600,37.5148438857356,127.0926347433,964125,1946125,34.975094,2025-10-01 10:00:00
다사64004625,37.5170972399908,127.09262249437401,964125,1946375,34.79411,2025-10-01 10:00:00
다사64004650,37.51935059338079,127.09261024408501,964125,1946625,34.616024,2025-10-01 10:00:00
다사64004675,37.5216039459055,127.092597992432,964125,1946875,34.442116,2025-10-01 10:00:00
다사64004900,37.5418840796898,127.092487666131,964125,1949125,30.948084,2025-10-01 10:00:00
다사64004925,37.5441374235612,127.09247540082599,964125,1949375,30.770063,2025-10-01 10:00:00
다사64004950,37.5463907665672,127.09246313415501,964125,1949625,31.113707,2025-10-01 10:00:00
다사64004975,37.548644108707705,127.09245086611799,964125,1949875,31.53207,2025-10-01 10:00:00
다사64004800,37.5328706955502,127.092536713694,964125,1948125,32.167942,2025-10-01 10:00:00
다사64004825,37.5351240428831,127.09252445385201,964125,1948375,32.039417,2025-10-01 10:00:00
다사64004850,37.537377389350794,127.09251219264401,964125,1948625,31.878582,2025-10-01 10:00:00
다사64004875,37.539630734953,127.09249993007,964125,1948875,31.215029,2025-10-01 10:00:00
다사63755325,37.5801810623854,127.089447640393,963875,1953375,33.217876,2025-10-01 10:00:00
다사63755350,37.582434390753996,127.089435266514,963875,1953625,33.021725,2025-10-01 10:00:00
다사63755375,37.5846877182567,127.089422891257,963875,1953875,32.906315,2025-10-01 10:00:00
다사63755400,37.586941044893706,127.089410514621,963875,1954125,33.033405,2025-10-01 10:00:00
다사63755225,37.5711677402537,127.08949712213001,963875,1952375,32.543354,2025-10-01 10:00:00
다사63755250,37.5734210720852,127.089484753762,963875,1952625,32.559372,2025-10-01 10:00:00
다사63755275,37.575674403050996,127.08947238401699,963875,1952875,32.565014,2025-10-01 10:00:00
다사63755300,37.5779277331511,127.089460012894,963875,1953125,33.367336,2025-10-01 10:00:00
다사63755525,37.598207665090705,127.08934861076,963875,1955375,33.53653,2025-10-01 10:00:00
다사63755550,37.6004609865324,127.08933622584999,963875,1955625,33.644283,2025-10-01 10:00:00
다사63755575,37.6027143071082,127.08932383956001,963875,1955875,33.73067,2025-10-01 10:00:00
다사63755600,37.6049676268181,127.089311451891,963875,1956125,33.811584,2025-10-01 10:00:00
다사63755425,37.5891943706648,127.089398136607,963875,1954375,33.304382,2025-10-01 10:00:00
다사63755450,37.5914476955701,127.089385757213,963875,1954625,33.56181,2025-10-01 10:00:00
다사63755475,37.5937010196095,127.089373376441,963875,1954875,33.2676,2025-10-01 10:00:00
다사63755500,37.5959543427831,127.08936099428999,963875,1955125,33.41346,2025-10-01 10:00:00
다사63754925,37.5441276907563,127.089645435144,963875,1949375,30.872286,2025-10-01 10:00:00
다사63754950,37.546381032975,127.089633083295,963875,1949625,31.036268,2025-10-01 10:00:00
다사63754975,37.5486343743282,127.08962073007099,963875,1949875,31.29501,2025-10-01 10:00:00
다사63755000,37.5508877148159,127.089608375471,963875,1950125,31.538761,2025-10-01 10:00:00
다사63754825,37.5351143132269,127.089694828785,963875,1948375,31.886978,2025-10-01 10:00:00
다사63754850,37.5373676589074,127.089682482437,963875,1948625,31.702595,2025-10-01 10:00:00
다사63754875,37.5396210037225,127.089670134715,963875,1948875,31.061686,2025-10-01 10:00:00
다사63754900,37.5418743476721,127.089657785617,963875,1949125,30.902208,2025-10-01 10:00:00
다사63755125,37.5621544042709,127.089546581827,963875,1951375,32.205387,2025-10-01 10:00:00
다사63755150,37.5644077395651,127.089534218968,963875,1951625,32.273952,2025-10-01 10:00:00
다사63755175,37.5666610739936,127.08952185473301,963875,1951875,32.332176,2025-10-01 10:00:00
다사63755200,37.5689144075565,127.08950948911999,963875,1952125,32.508297,2025-10-01 10:00:00
다사63755025,37.553141054438,127.08959601949499,963875,1950375,31.721779,2025-10-01 10:00:00
다사63755050,37.555394393194604,127.089583662143,963875,1950625,31.87459,2025-10-01 10:00:00
다사63755075,37.5576477310856,127.089571303414,963875,1950875,31.977488,2025-10-01 10:00:00
다사63755100,37.5599010681111,127.089558943309,963875,1951125,32.05705,2025-10-01 10:00:00
다사63756125,37.652287140659,127.089050991827,963875,1961375,35.249825,2025-10-01 10:00:00
다사63756150,37.6545404413134,127.089038573762,963875,1961625,35.239655,2025-10-01 10:00:00
다사63756175,37.656793741101495,127.08902615431299,963875,1961875,35.22274,2025-10-01 10:00:00
다사63756200,37.659047040023204,127.08901373348101,963875,1962125,35.205036,2025-10-01 10:00:00
다사63756025,37.643273929378,127.08910065025499,963875,1960375,35.26514,2025-10-01 10:00:00
다사63756050,37.6455272334977,127.089088237722,963875,1960625,35.26905,2025-10-01 10:00:00
다사63756075,37.64778053675111,127.089075823807,963875,1960875,35.26517,2025-10-01 10:00:00
다사63756100,37.6500338391382,127.089063408508,963875,1961125,35.26033,2025-10-01 10:00:00
다사63756325,37.6703135216354,127.08895160856001,963875,1963375,35.09427,2025-10-01 10:00:00
다사63756350,37.6725668153584,127.08893917942301,963875,1963625,35.07805,2025-10-01 10:00:00
다사63756375,37.674820108214995,127.0889267489,963875,1963875,35.06863,2025-10-01 10:00:00
다사63756400,37.677073400205,127.08891431699301,963875,1964125,35.052128,2025-10-01 10:00:00
다사63756225,37.6613003380785,127.089001311265,963875,1962375,35.18641,2025-10-01 10:00:00
다사63756250,37.6635536352674,127.08898888766501,963875,1962625,35.167553,2025-10-01 10:00:00
다사63756275,37.6658069315898,127.088976462681,963875,1962875,35.141438,2025-10-01 10:00:00
다사63756300,37.6680602270458,127.088964036313,963875,1963125,35.117558,2025-10-01 10:00:00
다사63755725,37.6162342123775,127.089249492843,963875,1957375,34.01694,2025-10-01 10:00:00
다사63755750,37.6184875268913,127.08923709689199,963875,1957625,34.06594,2025-10-01 10:00:00
다사63755775,37.620740840539,127.08922469956,963875,1957875,34.11747,2025-10-01 10:00:00
다사63755800,37.622994153320604,127.089212300847,963875,1958125,34.170456,2025-10-01 10:00:00
다사63755625,37.607220945662,127.089299062842,963875,1956375,33.875923,2025-10-01 10:00:00
다사63755650,37.609474263639896,127.08928667241301,963875,1956625,33.87231,2025-10-01 10:00:00
다사63755675,37.6117275807518,127.08927428060301,963875,1956875,33.925488,2025-10-01 10:00:00
다사63755700,37.6139808969977,127.089261887413,963875,1957125,33.971256,2025-10-01 10:00:00
다사63755925,37.6342607042367,127.08915028656,963875,1959375,34.434708,2025-10-01 10:00:00
다사63755950,37.6365140118214,127.089137879557,963875,1959625,34.480324,2025-10-01 10:00:00
다사63755975,37.6387673185398,127.08912547117201,963875,1959875,34.518417,2025-10-01 10:00:00
다사63756000,37.641020624392,127.08911306140399,963875,1960125,35.26015,2025-10-01 10:00:00
다사63755825,37.6252474652361,127.08919990075199,963875,1958375,34.22606,2025-10-01 10:00:00
다사63755850,37.6275007762855,127.089187499277,963875,1958625,34.28814,2025-10-01 10:00:00
다사63755875,37.6297540864687,127.089175096419,963875,1958875,34.34341,2025-10-01 10:00:00
다사63755900,37.6320073957858,127.08916269218001,963875,1959125,34.38767,2025-10-01 10:00:00
다사63506400,37.677063552726295,127.086079310961,963625,1964125,35.05346,2025-10-01 10:00:00
다사63506425,37.6793168430542,127.08606679193001,963625,1964375,35.03603,2025-10-01 10:00:00
다사63506450,37.6815701325155,127.086054271504,963625,1964625,35.02258,2025-10-01 10:00:00
다사63506475,37.6838234211102,127.086041749683,963625,1964875,35.011677,2025-10-01 10:00:00
다사63506300,37.6680503827489,127.086129373141,963625,1963125,35.11548,2025-10-01 10:00:00
다사63506325,37.6703036765431,127.08611685968799,963625,1963375,35.096832,2025-10-01 10:00:00
다사63506350,37.672556969470705,127.08610434484,963625,1963625,35.08176,2025-10-01 10:00:00
다사63506375,37.674810261531796,127.086091828598,963625,1963875,35.066235,2025-10-01 10:00:00
다사63753925,37.453993292507896,127.09013838287599,963875,1939375,41.241962,2025-10-01 10:00:00
다사63753950,37.456246669331605,127.090126085923,963875,1939625,41.20129,2025-10-01 10:00:00
다사63753975,37.458500045290606,127.0901137876,963875,1939875,41.164227,2025-10-01 10:00:00
다사63754000,37.4607534203848,127.090101487908,963875,1940125,41.128017,2025-10-01 10:00:00
다사63506500,37.68607670883829,127.086029226467,963625,1965125,34.99609,2025-10-01 10:00:00
다사63506525,37.6883299956997,127.08601670185499,963625,1965375,34.985363,2025-10-01 10:00:00
다사63506550,37.6905832816944,127.086004175848,963625,1965625,34.971485,2025-10-01 10:00:00
다사63753900,37.4517399148194,127.09015067846,963875,1939125,41.27145,2025-10-01 10:00:00
다사63506000,37.6410107896358,127.086279425896,963625,1960125,35.27654,2025-10-01 10:00:00
다사63506025,37.643264093827,127.08626692916,963625,1960375,35.28208,2025-10-01 10:00:00
다사63506050,37.6455173971518,127.086254431032,963625,1960625,35.289528,2025-10-01 10:00:00
다사63506075,37.6477706996104,127.086241931511,963625,1960875,35.28387,2025-10-01 10:00:00
다사63505900,37.6319975642083,127.086329398922,963625,1959125,34.420544,2025-10-01 10:00:00
다사63505925,37.6342508718646,127.08631690775299,963625,1959375,35.22084,2025-10-01 10:00:00
다사63505950,37.6365041786546,127.08630441519199,963625,1959625,35.23796,2025-10-01 10:00:00
다사63505975,37.6387574845784,127.08629192123999,963625,1959875,35.261803,2025-10-01 10:00:00
다사63506200,37.6590371989073,127.086179413017,963625,1962125,35.219696,2025-10-01 10:00:00
다사63506225,37.661290496167396,127.086166905138,963625,1962375,35.19615,2025-10-01 10:00:00
다사63506250,37.663543792561,127.08615439586599,963625,1962625,35.17025,2025-10-01 10:00:00
다사63506275,37.665797088088205,127.086141885201,963625,1962875,35.14199,2025-10-01 10:00:00
다사63506100,37.6500240012025,127.086229430598,963625,1961125,35.27954,2025-10-01 10:00:00
다사63506125,37.652277301928294,127.086216928292,963625,1961375,35.26667,2025-10-01 10:00:00
다사63506150,37.654530601787705,127.08620442459299,963625,1961625,35.257984,2025-10-01 10:00:00
다사63506175,37.6567839007807,127.08619191950199,963625,1961875,35.241093,2025-10-01 10:00:00
다사63754525,37.508074097564204,127.089842877759,963875,1945375,36.14732,2025-10-01 10:00:00
다사63754550,37.5103274536284,127.08983054790001,963875,1945625,35.906563,2025-10-01 10:00:00
다사63754575,37.5125808088274,127.089818216667,963875,1945875,35.671917,2025-10-01 10:00:00
다사63754600,37.514834163161105,127.089805884061,963875,1946125,35.050762,2025-10-01 10:00:00
다사63754425,37.4990606646556,127.089892183469,963875,1944375,38.47132,2025-10-01 10:00:00
다사63754450,37.501314024180495,127.089879859101,963875,1944625,37.937042,2025-10-01 10:00:00
다사63754475,37.5035673828402,127.08986753336,963875,1944875,37.008835,2025-10-01 10:00:00
다사63754500,37.505820740634796,127.089855206246,963875,1945125,36.5123,2025-10-01 10:00:00
다사63754725,37.526100921851004,127.08974420042699,963875,1947375,34.071697,2025-10-01 10:00:00
다사63754750,37.528354270993,127.089731859578,963875,1947625,33.86646,2025-10-01 10:00:00
다사63754775,37.5306076192697,127.08971951735501,963875,1947875,32.186813,2025-10-01 10:00:00
다사63754800,37.532860966681,127.089707173757,963875,1948125,32.052406,2025-10-01 10:00:00
다사63754625,37.51708751662971,127.08979355008199,963875,1946375,34.855183,2025-10-01 10:00:00
다사63754650,37.5193408692329,127.089781214729,963875,1946625,34.659218,2025-10-01 10:00:00
다사63754675,37.5215942209709,127.08976887800199,963875,1946875,34.459682,2025-10-01 10:00:00
다사63754700,37.5238475718436,127.089756539902,963875,1947125,34.26556,2025-10-01 10:00:00
다사63754125,37.4720202828833,127.09003996890101,963875,1941375,39.887592,2025-10-01 10:00:00
다사63754150,37.4742736527883,127.090027660989,963875,1941625,39.81514,2025-10-01 10:00:00
다사63754175,37.476527021828495,127.090015351707,963875,1941875,39.73502,2025-10-01 10:00:00
다사63754200,37.478780390003706,127.090003041054,963875,1942125,39.650154,2025-10-01 10:00:00
다사63754025,37.4630067946142,127.09008918684601,963875,1940375,41.078346,2025-10-01 10:00:00
다사63754050,37.4652601679787,127.090076884415,963875,1940625,40.0821,2025-10-01 10:00:00
다사63754075,37.46751354047839,127.090064580614,963875,1940875,40.023273,2025-10-01 10:00:00
다사63754100,37.46976691211329,127.090052275443,963875,1941125,39.959644,2025-10-01 10:00:00
다사63754325,37.4900472179052,127.089941467223,963875,1943375,39.1149,2025-10-01 10:00:00
다사63754350,37.4923005808904,127.089929148342,963875,1943625,39.00126,2025-10-01 10:00:00
다사63754375,37.4945539430105,127.08991682808998,963875,1943875,38.86839,2025-10-01 10:00:00
다사63754400,37.4968073042656,127.08990450646601,963875,1944125,38.707344,2025-10-01 10:00:00
다사63754225,37.481033757314,127.08999072902999,963875,1942375,39.554924,2025-10-01 10:00:00
다사63754250,37.4832871237593,127.08997841563499,963875,1942625,39.451912,2025-10-01 10:00:00
다사63754275,37.4855404893396,127.089966100869,963875,1942875,39.345695,2025-10-01 10:00:00
다사63754300,37.4877938540549,127.089953784732,963875,1943125,39.236168,2025-10-01 10:00:00
다사63504800,37.532851170019704,127.08687763519501,963625,1948125,31.986444,2025-10-01 10:00:00
다사63504825,37.5351045157731,127.086865205092,963625,1948375,31.826687,2025-10-01 10:00:00
다사63504850,37.537357860661004,127.086852773605,963625,1948625,31.655596,2025-10-01 10:00:00
다사63504875,37.539611204683396,127.086840340734,963625,1948875,31.50585,2025-10-01 10:00:00
다사63504700,37.523837778352,127.086927341764,963625,1947125,34.27612,2025-10-01 10:00:00
다사63504725,37.526091127567,127.08691491719699,963625,1947375,34.057003,2025-10-01 10:00:00
다사63504750,37.5283444759166,127.086902491247,963625,1947625,33.82937,2025-10-01 10:00:00
다사63504775,37.530597823400896,127.086890063913,963625,1947875,32.14178,2025-10-01 10:00:00
다사63505000,37.5508779118129,127.086778155604,963625,1950125,31.432636,2025-10-01 10:00:00
다사63505025,37.5531312506422,127.086765714422,963625,1950375,31.603996,2025-10-01 10:00:00
다사63505050,37.5553845886058,127.08675327185499,963625,1950625,31.755814,2025-10-01 10:00:00
다사63505075,37.557637925703794,127.08674082790199,963625,1950875,31.86831,2025-10-01 10:00:00
다사63504900,37.5418645478404,127.086827906478,963625,1949125,30.974718,2025-10-01 10:00:00
다사63504925,37.5441178901318,127.086815470837,963625,1949375,30.97766,2025-10-01 10:00:00
다사63504950,37.5463712315578,127.086803033812,963625,1949625,31.074177,2025-10-01 10:00:00
다사63504975,37.5486245721181,127.086790595401,963625,1949875,31.244295,2025-10-01 10:00:00
다사63504400,37.4967975202785,127.08707632869199,963625,1944125,38.63406,2025-10-01 10:00:00
다사63504425,37.499050879876705,127.08706392071801,963625,1944375,38.29925,2025-10-01 10:00:00
다사63504450,37.501304238609706,127.08705151136101,963625,1944625,37.818657,2025-10-01 10:00:00
다사63504475,37.503557596477606,127.087039100623,963625,1944875,37.270237,2025-10-01 10:00:00
다사63504300,37.4877840732345,127.08712594677701,963625,1943125,39.33568,2025-10-01 10:00:00
다사63504325,37.4900374362931,127.087113544328,963625,1943375,39.19937,2025-10-01 10:00:00
다사63504350,37.49229079848671,127.087101140497,963625,1943625,39.046246,2025-10-01 10:00:00
다사63504375,37.4945441598152,127.087088735285,963625,1943875,38.868114,2025-10-01 10:00:00
다사63504600,37.5148243728384,127.08697702619601,963625,1946125,35.590103,2025-10-01 10:00:00
다사63504625,37.517077725514795,127.086964607163,963625,1946375,34.92541,2025-10-01 10:00:00
다사63504650,37.519331077325894,127.086952186746,963625,1946625,34.709637,2025-10-01 10:00:00
다사63504675,37.5215844282716,127.08693976494699,963625,1946875,34.49212,2025-10-01 10:00:00
다사63504500,37.5058109534802,127.08702668850201,963625,1945125,36.81465,2025-10-01 10:00:00
다사63504525,37.50806430961771,127.087014274999,963625,1945375,36.381245,2025-10-01 10:00:00
다사63504550,37.5103176648898,127.087001860114,963625,1945625,36.096146,2025-10-01 10:00:00
다사63504575,37.5125710192968,127.086989443847,963625,1945875,35.836,2025-10-01 10:00:00
다사63505600,37.6049578047723,127.086479184466,963625,1956125,33.788788,2025-10-01 10:00:00
다사63505625,37.6072111228221,127.086466709983,963625,1956375,33.860863,2025-10-01 10:00:00
다사63505650,37.6094644400059,127.08645423411001,963625,1956625,33.85723,2025-10-01 10:00:00
다사63505675,37.611717756323706,127.08644175684799,963625,1956875,33.90796,2025-10-01 10:00:00
다사63505500,37.5959445239129,127.086529068505,963625,1955125,33.34503,2025-10-01 10:00:00
다사63505525,37.598197845426704,127.08651659957899,963625,1955375,33.47669,2025-10-01 10:00:00
다사63505550,37.6004511660745,127.086504129263,963625,1955625,33.59502,2025-10-01 10:00:00
다사63505575,37.6027044858564,127.086491657559,963625,1955875,33.700176,2025-10-01 10:00:00
다사63505800,37.622984324921106,127.086379349685,963625,1958125,34.1712,2025-10-01 10:00:00
다사63505825,37.6252376360422,127.08636686408,963625,1958375,34.233337,2025-10-01 10:00:00
다사63505850,37.6274909462971,127.086354377085,963625,1958625,34.307228,2025-10-01 10:00:00
다사63505875,37.6297442556858,127.086341888699,963625,1958875,34.36433,2025-10-01 10:00:00
다사63505700,37.613971071775396,127.086429278196,963625,1957125,33.95443,2025-10-01 10:00:00
다사63505725,37.616224386361,127.086416798153,963625,1957375,33.99785,2025-10-01 10:00:00
다사63505750,37.6184777000805,127.086404316721,963625,1957625,34.049465,2025-10-01 10:00:00
다사63505775,37.620731012933895,127.08639183389799,963625,1957875,34.10631,2025-10-01 10:00:00
다사63505200,37.568904598209,127.08667858734199,963625,1952125,32.444324,2025-10-01 10:00:00
다사63505225,37.5711579301129,127.08666613507,963625,1952375,32.48171,2025-10-01 10:00:00
다사63505250,37.5734112611511,127.086653681411,963625,1952625,32.502884,2025-10-01 10:00:00
다사63505275,37.5756645913235,127.08664122636499,963625,1952875,33.340965,2025-10-01 10:00:00
다사63505100,37.5598912619362,127.08672838256201,963625,1951125,31.957344,2025-10-01 10:00:00
다사63505125,37.5621445973029,127.086715935837,963625,1951375,32.135567,2025-10-01 10:00:00
다사63505150,37.564397931803896,127.08670348772499,963625,1951625,32.214626,2025-10-01 10:00:00
다사63505175,37.5666512654393,127.086691038227,963625,1951875,32.2746,2025-10-01 10:00:00
다사63505400,37.5869312291985,127.08657893032301,963625,1954125,33.099403,2025-10-01 10:00:00
다사63505425,37.589184554175894,127.08656646695101,963625,1954375,33.26399,2025-10-01 10:00:00
다사63505450,37.5914378782875,127.08655400219101,963625,1954625,33.466045,2025-10-01 10:00:00
다사63505475,37.593691201533204,127.086541536042,963625,1954875,33.671688,2025-10-01 10:00:00
다사63505300,37.5779179206301,127.086628769932,963625,1953125,33.25712,2025-10-01 10:00:00
다사63505325,37.580171249070894,127.08661631211201,963625,1953375,33.153954,2025-10-01 10:00:00
다사63505350,37.582424576646,127.08660385290301,963625,1953625,33.05221,2025-10-01 10:00:00
다사63505375,37.5846779033551,127.086591392307,963625,1953875,33.02479,2025-10-01 10:00:00
다사63256000,37.641000886824,127.08344579178001,963375,1960125,35.300346,2025-10-01 10:00:00
다사63256025,37.6432541902148,127.08343320945801,963375,1960375,35.307602,2025-10-01 10:00:00
다사63256050,37.6455074927394,127.083420625734,963375,1960625,35.312515,2025-10-01 10:00:00
다사63256075,37.6477607943975,127.083408040608,963375,1960875,35.31171,2025-10-01 10:00:00
다사63255900,37.631987664597204,127.083496107054,963375,1959125,35.21478,2025-10-01 10:00:00
다사63255925,37.634240971453295,127.083483530337,963375,1959375,35.241158,2025-10-01 10:00:00
다사63255950,37.636494277443205,127.08347095222,963375,1959625,35.269196,2025-10-01 10:00:00
다사63255975,37.63874758256679,127.08345837270001,963375,1959875,35.28246,2025-10-01 10:00:00
다사63256200,37.6590272896917,127.08334509394501,963375,1962125,35.23703,2025-10-01 10:00:00
다사63256225,37.6612805861511,127.083332500405,963375,1962375,35.20291,2025-10-01 10:00:00
다사63256250,37.663533881744,127.08331990546101,963375,1962625,35.16927,2025-10-01 10:00:00
다사63256275,37.665787176470396,127.083307309114,963375,1962875,35.1355,2025-10-01 10:00:00
다사63256100,37.650014095189206,127.083395454081,963375,1961125,35.305225,2025-10-01 10:00:00
다사63256125,37.6522673951145,127.08338286615101,963375,1961375,35.291912,2025-10-01 10:00:00
다사63256150,37.6545206941733,127.083370276818,963375,1961625,35.277866,2025-10-01 10:00:00
다사63256175,37.6567739923657,127.08335768608299,963375,1961875,35.256527,2025-10-01 10:00:00
다사63255600,37.604947914758704,127.08364691843,963375,1956125,33.80068,2025-10-01 10:00:00
다사63255625,37.607201232009004,127.083634358513,963375,1956375,33.823765,2025-10-01 10:00:00
다사63255650,37.609454548393295,127.083621797198,963375,1956625,33.88181,2025-10-01 10:00:00
다사63255675,37.6117078639114,127.08360923448299,963375,1956875,33.924324,2025-10-01 10:00:00
다사63255500,37.595934637097,127.08369714410802,963375,1955125,33.697277,2025-10-01 10:00:00
다사63255525,37.5981879578115,127.08368458978599,963375,1955375,33.636555,2025-10-01 10:00:00
다사63255550,37.6004412776599,127.08367203406601,963375,1955625,33.77328,2025-10-01 10:00:00
다사63255575,37.6026945966424,127.083659476947,963375,1955875,33.704086,2025-10-01 10:00:00
다사63255800,37.6229744285099,127.083546399913,963375,1958125,34.183655,2025-10-01 10:00:00
다사63255825,37.6252277388311,127.083533828799,963375,1958375,34.263588,2025-10-01 10:00:00
다사63255850,37.627481048286,127.083521256285,963375,1958625,35.143314,2025-10-01 10:00:00
다사63255875,37.62973435687471,127.08350868237,963375,1958875,35.183205,2025-10-01 10:00:00
다사63255700,37.6139611785634,127.08359667036801,963375,1957125,33.95476,2025-10-01 10:00:00
다사63255725,37.61621449234929,127.083584104854,963375,1957375,33.989586,2025-10-01 10:00:00
다사63255750,37.618467805269,127.083571537941,963375,1957625,34.0386,2025-10-01 10:00:00
다사63255775,37.6207211173226,127.08355896962699,963375,1957875,34.10499,2025-10-01 10:00:00
다사63504000,37.4607436490599,127.087274668501,963625,1940125,41.22419,2025-10-01 10:00:00
다사63504025,37.4629970224983,127.087262282613,963625,1940375,41.181602,2025-10-01 10:00:00
다사63504050,37.4652503950717,127.087249895345,963625,1940625,41.13527,2025-10-01 10:00:00
다사63504075,37.4675037667803,127.087237506698,963625,1940875,41.080296,2025-10-01 10:00:00
다사63503900,37.4517301466582,127.087324198267,963625,1939125,41.35184,2025-10-01 10:00:00
다사63503925,37.4539835235558,127.087311817894,963625,1939375,41.32306,2025-10-01 10:00:00
다사63503950,37.4562368995887,127.087299436142,963625,1939625,41.28945,2025-10-01 10:00:00
다사63503975,37.458490274756706,127.087287053011,963625,1939875,41.25996,2025-10-01 10:00:00
다사63504200,37.4787706123492,127.087175542766,963625,1942125,39.775723,2025-10-01 10:00:00
다사63504225,37.4810239788681,127.08716314584,963625,1942375,39.677845,2025-10-01 10:00:00
다사63504250,37.4832773445219,127.087150747533,963625,1942625,39.57573,2025-10-01 10:00:00
다사63504275,37.4855307093107,127.087138347845,963625,1942875,39.464485,2025-10-01 10:00:00
다사63504100,37.469757137624,127.08722511667101,963625,1941125,40.087048,2025-10-01 10:00:00
다사63504125,37.472010507602704,127.087212725265,963625,1941375,40.01734,2025-10-01 10:00:00
다사63504150,37.4742638767165,127.087200332479,963625,1941625,39.942226,2025-10-01 10:00:00
다사63504175,37.4765172449654,127.087187938312,963625,1941875,39.870728,2025-10-01 10:00:00
다사63256400,37.677053637103896,127.083244306324,963375,1964125,35.048046,2025-10-01 10:00:00
다사63256425,37.679306926630794,127.083231701554,963375,1964375,35.029305,2025-10-01 10:00:00
다사63256450,37.681560215291,127.08321909538,963375,1964625,35.009697,2025-10-01 10:00:00
다사63256475,37.6838135030845,127.083206487801,963375,1964875,35.00265,2025-10-01 10:00:00
다사63256300,37.6680404703303,127.083294711363,963375,1963125,35.11279,2025-10-01 10:00:00
다사63256325,37.670293763323606,127.08328211220899,963375,1963375,35.092075,2025-10-01 10:00:00
다사63256350,37.672547055450295,127.08326951165199,963375,1963625,35.079624,2025-10-01 10:00:00
다사63256375,37.6748003467104,127.08325690969,963375,1963875,35.066578,2025-10-01 10:00:00
다사63256600,37.6950799290515,127.083143428832,963375,1966125,34.949524,2025-10-01 10:00:00
다사63503825,37.4449700107766,127.087361331119,963625,1938375,41.507603,2025-10-01 10:00:00
다사63503850,37.447223390268505,127.08734895488001,963625,1938625,41.494305,2025-10-01 10:00:00
다사63503875,37.4494767688957,127.08733657726299,963625,1938875,41.477306,2025-10-01 10:00:00
다사63256500,37.686066790011395,127.083193878818,963375,1965125,34.99267,2025-10-01 10:00:00
다사63256525,37.6883200760715,127.08318126842899,963375,1965375,34.975277,2025-10-01 10:00:00
다사63256550,37.690573361264896,127.083168656635,963375,1965625,34.97055,2025-10-01 10:00:00
다사63256575,37.6928266455916,127.083156043437,963375,1965875,34.95951,2025-10-01 10:00:00
다사63254400,37.4967876685871,127.08424815229999,963375,1944125,38.60907,2025-10-01 10:00:00
다사63254425,37.499041027388,127.084235659347,963375,1944375,38.268456,2025-10-01 10:00:00
다사63254450,37.5012943853237,127.084223165003,963375,1944625,37.879066,2025-10-01 10:00:00
다사63254475,37.503547742394204,127.084210669268,963375,1944875,37.45104,2025-10-01 10:00:00
다사63254300,37.4877742247316,127.084298110203,963375,1943125,39.420837,2025-10-01 10:00:00
다사63254325,37.4900275869932,127.084285622813,963375,1943375,39.26602,2025-10-01 10:00:00
다사63254350,37.4922809483897,127.084273134033,963375,1943625,39.081543,2025-10-01 10:00:00
다사63254375,37.494534308921,127.084260643862,963375,1943875,38.865677,2025-10-01 10:00:00
다사63254600,37.5148145147676,127.084148169714,963375,1946125,35.74069,2025-10-01 10:00:00
다사63254625,37.51706786664629,127.084135665627,963375,1946375,35.475628,2025-10-01 10:00:00
다사63254650,37.5193212176597,127.084123160147,963375,1946625,35.21636,2025-10-01 10:00:00
다사63254675,37.521574567807605,127.08411065327499,963375,1946875,34.5363,2025-10-01 10:00:00
다사63254500,37.5058010985995,127.084198172141,963375,1945125,37.048225,2025-10-01 10:00:00
다사63254525,37.5080544539394,127.084185673622,963375,1945375,36.606136,2025-10-01 10:00:00
다사63254550,37.510307808414105,127.084173173712,963375,1945625,36.294308,2025-10-01 10:00:00
다사63254575,37.5125611620235,127.084160672409,963375,1945875,36.007538,2025-10-01 10:00:00
다사63254000,37.4607338101183,127.084447850473,963375,1940125,41.315975,2025-10-01 10:00:00
다사63254025,37.46298718276021,127.08443537975799,963375,1940375,41.280346,2025-10-01 10:00:00
다사63254050,37.465240554537104,127.084422907654,963375,1940625,41.239258,2025-10-01 10:00:00
다사63254075,37.467493925449,127.084410434161,963375,1940875,41.189156,2025-10-01 10:00:00
다사63253900,37.4517203109022,127.084497719453,963375,1939125,41.541306,2025-10-01 10:00:00
다사63253925,37.4539736870035,127.08448525428999,963375,1939375,41.41402,2025-10-01 10:00:00
다사63253950,37.45622706224,127.08447278773899,963375,1939625,41.383965,2025-10-01 10:00:00
다사63253975,37.4584804366116,127.08446031980101,963375,1939875,41.354645,2025-10-01 10:00:00
다사63254200,37.4787607670342,127.08434804585899,963375,1942125,39.899914,2025-10-01 10:00:00
다사63254225,37.48101413275621,127.08433556403,963375,1942375,39.799698,2025-10-01 10:00:00
다사63254250,37.4832674976131,127.084323080811,963375,1942625,39.687088,2025-10-01 10:00:00
다사63254275,37.4855208616049,127.08431059620199,963375,1942875,39.56122,2025-10-01 10:00:00
다사63254100,37.4697472954961,127.084397959279,963375,1941125,41.132004,2025-10-01 10:00:00
다사63254125,37.4720006646781,127.084385483008,963375,1941375,41.06588,2025-10-01 10:00:00
다사63254150,37.474254032995205,127.084373005348,963375,1941625,40.071415,2025-10-01 10:00:00
다사63254175,37.476507400447204,127.08436052629801,963375,1941875,39.996838,2025-10-01 10:00:00
다사63255200,37.5688947209816,127.08384768695,963375,1952125,32.414402,2025-10-01 10:00:00
다사63255225,37.5711480520867,127.08383514939699,963375,1952375,33.335377,2025-10-01 10:00:00
다사63255250,37.573401382326104,127.083822610447,963375,1952625,33.324047,2025-10-01 10:00:00
다사63255275,37.5756547116996,127.083810070101,963375,1952875,33.292053,2025-10-01 10:00:00
다사63255100,37.5598813879035,127.083897823202,963375,1951125,31.896095,2025-10-01 10:00:00
다사63255125,37.5621347224716,127.083885291233,963375,1951375,32.09084,2025-10-01 10:00:00
다사63255150,37.564388056174,127.08387275786801,963375,1951625,32.17574,2025-10-01 10:00:00
다사63255175,37.5666413890107,127.083860223107,963375,1951875,32.23669,2025-10-01 10:00:00
다사63255400,37.5869213455795,127.083747347414,963375,1954125,33.202896,2025-10-01 10:00:00
다사63255425,37.589174669757796,127.083734798684,963375,1954375,33.32465,2025-10-01 10:00:00
다사63255450,37.591427993070205,127.083722248557,963375,1954625,33.48336,2025-10-01 10:00:00
다사63255475,37.5936813155166,127.08370969703199,963375,1954875,33.659985,2025-10-01 10:00:00
다사63255300,37.5779080402073,127.083797528358,963375,1953125,33.234848,2025-10-01 10:00:00
다사63255325,37.5801613678492,127.08378498521799,963375,1953375,33.177906,2025-10-01 10:00:00
다사63255350,37.5824146946252,127.08377244068001,963375,1953625,33.135357,2025-10-01 10:00:00
다사63255375,37.5846680205353,127.083759894746,963375,1953875,33.14146,2025-10-01 10:00:00
다사63254800,37.53284130556629,127.084048098016,963375,1948125,31.991968,2025-10-01 10:00:00
다사63254825,37.5350946505217,127.084035582784,963375,1948375,31.8356,2025-10-01 10:00:00
다사63254850,37.5373479946115,127.08402306615801,963375,1948625,31.703842,2025-10-01 10:00:00
다사63254875,37.5396013378359,127.08401054813801,963375,1948875,31.585958,2025-10-01 10:00:00
다사63254700,37.5238279170902,127.08409814500901,963375,1947125,34.30802,2025-10-01 10:00:00
다사63254725,37.5260812655074,127.08408563535102,963375,1947375,34.072426,2025-10-01 10:00:00
다사63254750,37.5283346130592,127.084073124299,963375,1947625,33.82786,2025-10-01 10:00:00
다사63254775,37.530587959745496,127.084060611855,963375,1947875,32.14127,2025-10-01 10:00:00
다사63255000,37.5508680409741,127.083947937123,963375,1950125,31.412745,2025-10-01 10:00:00
다사63255025,37.5531213790049,127.083935410736,963375,1950375,31.552025,2025-10-01 10:00:00
다사63255050,37.5553747161701,127.08392288295299,963375,1950625,31.683138,2025-10-01 10:00:00
다사63255075,37.5576280524696,127.08391035377501,963375,1950875,31.79509,2025-10-01 10:00:00
다사63254900,37.5418546801947,127.083998028724,963375,1949125,31.0738,2025-10-01 10:00:00
다사63254925,37.5441080216879,127.083985507916,963375,1949375,31.077475,2025-10-01 10:00:00
다사63254950,37.5463613623156,127.083972985713,963375,1949625,31.140142,2025-10-01 10:00:00
다사63254975,37.5486147020776,127.083960462115,963375,1949875,31.264439,2025-10-01 10:00:00
다사63005625,37.6071912732229,127.08080200844299,963125,1956375,33.899452,2025-10-01 10:00:00
다사63005650,37.609444588802,127.080789361684,963125,1956625,33.955112,2025-10-01 10:00:00
다사63005675,37.6116979035151,127.080776713517,963125,1956875,33.988655,2025-10-01 10:00:00
다사63005700,37.6139512173619,127.080764063941,963125,1957125,33.99019,2025-10-01 10:00:00
다사63005525,37.5981780022452,127.08085258139299,963125,1955375,33.67789,2025-10-01 10:00:00
다사63005550,37.600431321288795,127.080839940268,963125,1955625,33.815582,2025-10-01 10:00:00
다사63005575,37.602684639466204,127.08082729773399,963125,1955875,33.75954,2025-10-01 10:00:00
다사63005600,37.604937956777604,127.080814653793,963125,1956125,33.863262,2025-10-01 10:00:00
다사63005825,37.625217773603,127.080700794919,963125,1958375,35.122856,2025-10-01 10:00:00
다사63005850,37.6274710822524,127.080688136885,963125,1958625,35.177586,2025-10-01 10:00:00
다사63005875,37.6297243900356,127.080675477441,963125,1958875,35.21898,2025-10-01 10:00:00
다사63005900,37.631977696952504,127.08066281658701,963125,1959125,35.248795,2025-10-01 10:00:00
다사63005725,37.6162045303425,127.080751412955,963125,1957375,33.99543,2025-10-01 10:00:00
다사63005750,37.618457842457,127.08073876056001,963125,1957625,34.039867,2025-10-01 10:00:00
다사63005775,37.6207111537052,127.080726106756,963125,1957875,34.12511,2025-10-01 10:00:00
다사63005800,37.622964464087204,127.080713451542,963125,1958125,35.04935,2025-10-01 10:00:00
다사63005225,37.5711381061754,127.081004165121,963125,1952375,33.31377,2025-10-01 10:00:00
다사63005250,37.5733914356104,127.08099154088,963125,1952625,33.311073,2025-10-01 10:00:00
다사63005275,37.5756447641796,127.080978915233,963125,1952875,33.29502,2025-10-01 10:00:00
다사63005300,37.57789809188289,127.08096628818001,963125,1953125,33.27455,2025-10-01 10:00:00
다사63005125,37.562124779777,127.081054648025,963125,1951375,32.071007,2025-10-01 10:00:00
다사63005150,37.56437811267529,127.081042029407,963125,1951625,32.155815,2025-10-01 10:00:00
다사63005175,37.5666314447078,127.081029409384,963125,1951875,32.22509,2025-10-01 10:00:00
다사63005200,37.5688847758745,127.081016787955,963125,1952125,33.285553,2025-10-01 10:00:00
다사63005425,37.589164717410604,127.08090313181499,963125,1954375,33.42437,2025-10-01 10:00:00
다사63005450,37.591418039918295,127.08089049632099,963125,1954625,33.723286,2025-10-01 10:00:00
다사63005475,37.59367136156,127.080877859419,963125,1954875,33.88761,2025-10-01 10:00:00
다사63005500,37.5959246823356,127.08086522111,963125,1955125,33.533348,2025-10-01 10:00:00
다사63005325,37.5801514187203,127.08095365972099,963125,1953375,33.24881,2025-10-01 10:00:00
다사63005350,37.58240474469179,127.080941029855,963125,1953625,33.238277,2025-10-01 10:00:00
다사63005375,37.5846580697974,127.080928398582,963125,1953875,33.26266,2025-10-01 10:00:00
다사63005400,37.586911394036996,127.080915765902,963125,1954125,33.32426,2025-10-01 10:00:00
다사63006425,37.67929694205829,127.080396612583,963125,1964375,35.02659,2025-10-01 10:00:00
다사63006450,37.6815502299119,127.08038392066099,963125,1964625,35.008804,2025-10-01 10:00:00
다사63006475,37.683803516898706,127.08037122732401,963125,1964875,34.995163,2025-10-01 10:00:00
다사63006500,37.6860568030189,127.080358532573,963125,1965125,34.98316,2025-10-01 10:00:00
다사63006325,37.6702837819771,127.080447366135,963125,1963375,35.092255,2025-10-01 10:00:00
다사63006350,37.6725370732974,127.080434679867,963125,1963625,35.07251,2025-10-01 10:00:00
다사63006375,37.674790363751,127.08042199218599,963125,1963875,35.059334,2025-10-01 10:00:00
다사63006400,37.677043653337996,127.080409303092,963125,1964125,35.043365,2025-10-01 10:00:00
다사63006625,37.6973232206179,127.08029503759899,963125,1966375,34.93156,2025-10-01 10:00:00
다사63253825,37.44496017740929,127.08453510661501,963375,1938375,41.583614,2025-10-01 10:00:00
다사63253850,37.447213556105,127.08452264561501,963375,1938625,41.568974,2025-10-01 10:00:00
다사63253875,37.449466933936,127.08451018322799,963375,1938875,41.556873,2025-10-01 10:00:00
다사63006525,37.688310088272296,127.080345836408,963125,1965375,34.975735,2025-10-01 10:00:00
다사63006550,37.69056337265889,127.080333138828,963125,1965625,34.96624,2025-10-01 10:00:00
다사63006575,37.69281665617871,127.080320439834,963125,1965875,34.95254,2025-10-01 10:00:00
다사63006600,37.6950699388317,127.080307739424,963125,1966125,34.9485,2025-10-01 10:00:00
다사63006025,37.6432442185417,127.080599491157,963125,1960375,35.33701,2025-10-01 10:00:00
다사63006050,37.64549752026029,127.080586821838,963125,1960625,35.33997,2025-10-01 10:00:00
다사63006075,37.6477508211125,127.080574151108,963125,1960875,35.3388,2025-10-01 10:00:00
다사63006100,37.6500041210983,127.080561478965,963125,1961125,35.33045,2025-10-01 10:00:00
다사63005925,37.6342310030031,127.08065015432301,963125,1959375,35.278336,2025-10-01 10:00:00
다사63005950,37.6364843081873,127.080637490648,963125,1959625,35.30155,2025-10-01 10:00:00
다사63005975,37.6387376125051,127.080624825562,963125,1959875,35.31631,2025-10-01 10:00:00
다사63006000,37.6409909159566,127.080612159065,963125,1960125,35.32776,2025-10-01 10:00:00
다사63006225,37.661270608029795,127.080498097074,963125,1962375,35.211765,2025-10-01 10:00:00
다사63006250,37.6635239028165,127.08048541645901,963125,1962625,35.170765,2025-10-01 10:00:00
다사63006275,37.665777196736606,127.08047273443,963125,1962875,35.135185,2025-10-01 10:00:00
다사63006300,37.6680304897902,127.080460050989,963125,1963125,35.11548,2025-10-01 10:00:00
다사63006125,37.6522574202176,127.080548805411,963125,1961375,35.31565,2025-10-01 10:00:00
다사63006150,37.6545107184704,127.080536130445,963125,1961625,35.297844,2025-10-01 10:00:00
다사63006175,37.656764015856794,127.080523454067,963125,1961875,35.276276,2025-10-01 10:00:00
다사63006200,37.6590173123766,127.08051077627701,963125,1962125,35.247704,2025-10-01 10:00:00
다사63004025,37.4629772754,127.08160847829201,963125,1940375,41.38771,2025-10-01 10:00:00
다사63004050,37.4652306463749,127.081595921352,963125,1940625,41.343952,2025-10-01 10:00:00
다사63004075,37.467484016484796,127.081583363013,963125,1940875,41.30812,2025-10-01 10:00:00
다사63004100,37.4697373857297,127.08157080327601,963125,1941125,41.249237,2025-10-01 10:00:00
다사63003925,37.453963782851,127.081658692074,963125,1939375,43.6039,2025-10-01 10:00:00
다사63003950,37.4562171572856,127.081646140725,963125,1939625,41.467827,2025-10-01 10:00:00
다사63003975,37.4584705308553,127.081633587979,963125,1939875,41.44599,2025-10-01 10:00:00
다사63004000,37.4607239035601,127.081621033834,963125,1940125,41.42487,2025-10-01 10:00:00
다사63004225,37.4810042189784,127.08150798361,963125,1942375,39.92238,2025-10-01 10:00:00
다사63004250,37.4832575830329,127.081495415479,963125,1942625,39.80314,2025-10-01 10:00:00
다사63004275,37.4855109462223,127.081482845949,963125,1942875,39.67471,2025-10-01 10:00:00
다사63004300,37.4877643085465,127.081470275019,963125,1943125,39.52027,2025-10-01 10:00:00
다사63004125,37.4719907541095,127.081558242141,963125,1941375,41.186,2025-10-01 10:00:00
다사63004150,37.4742441216244,127.081545679606,963125,1941625,41.117893,2025-10-01 10:00:00
다사63004175,37.476497488274106,127.08153311567301,963125,1941875,41.03907,2025-10-01 10:00:00
다사63004200,37.478750854058795,127.081520550341,963125,1942125,40.950787,2025-10-01 10:00:00
다사62756475,37.683793462553,127.077535968262,962875,1964875,34.98937,2025-10-01 10:00:00
다사62756500,37.6860467478609,127.077523187744,962875,1965125,34.97963,2025-10-01 10:00:00
다사62756525,37.688300032301996,127.077510405802,962875,1965375,34.965244,2025-10-01 10:00:00
다사62756550,37.6905533158763,127.07749762243601,962875,1965625,34.95497,2025-10-01 10:00:00
다사62756375,37.6747803126536,127.077587076096,962875,1963875,35.051064,2025-10-01 10:00:00
다사62756400,37.6770336014286,127.077574301273,962875,1964125,35.03764,2025-10-01 10:00:00
다사62756425,37.679286889336794,127.077561525026,962875,1964375,35.01693,2025-10-01 10:00:00
다사62756450,37.6815401763783,127.07754874735599,962875,1964625,35.00741,2025-10-01 10:00:00
다사63003825,37.4449502764636,127.081708883498,963125,1938375,41.653065,2025-10-01 10:00:00
다사63003850,37.44720365435779,127.081696337738,963125,1938625,41.649437,2025-10-01 10:00:00
다사63003875,37.449457031387,127.08168379058,963125,1938875,43.620644,2025-10-01 10:00:00
다사63003900,37.451710407551396,127.081671242026,963125,1939125,43.611908,2025-10-01 10:00:00
다사62756575,37.6928065985838,127.077484837645,962875,1965875,34.94918,2025-10-01 10:00:00
다사62756600,37.6950598804244,127.077472051431,962875,1966125,34.941654,2025-10-01 10:00:00
다사62756625,37.6973131613981,127.07745926379101,962875,1966375,34.930004,2025-10-01 10:00:00
다사63003800,37.4426968977047,127.08172142786199,963125,1938125,42.426926,2025-10-01 10:00:00
다사63004825,37.5350847174729,127.08120596187,963125,1948375,31.906487,2025-10-01 10:00:00
다사63004850,37.537338060759204,127.081193360105,963125,1948625,31.78967,2025-10-01 10:00:00
다사63004875,37.5395914031799,127.081180756937,963125,1948875,31.697214,2025-10-01 10:00:00
다사63004900,37.5418447447351,127.081168152365,963125,1949125,31.178114,2025-10-01 10:00:00
다사63004725,37.5260713356724,127.08125635489799,963125,1947375,34.10647,2025-10-01 10:00:00
다사63004750,37.528324682420795,127.081243758745,963125,1947625,33.863094,2025-10-01 10:00:00
다사63004775,37.5305780283037,127.08123116118999,963125,1947875,32.17878,2025-10-01 10:00:00
다사63004800,37.5328313733211,127.081218562232,963125,1948125,32.036346,2025-10-01 10:00:00
다사63005025,37.553111439526404,127.081105108444,963125,1950375,31.554035,2025-10-01 10:00:00
다사63005050,37.5553647758877,127.081092495446,963125,1950625,31.670424,2025-10-01 10:00:00
다사63005075,37.557618111383206,127.081079881044,963125,1950875,31.77175,2025-10-01 10:00:00
다사63005100,37.559871446013,127.08106726523701,963125,1951125,31.980938,2025-10-01 10:00:00
다사63004925,37.5440980854246,127.08115554638901,963125,1949375,31.182484,2025-10-01 10:00:00
다사63004950,37.5463514252486,127.081142939009,963125,1949625,31.240904,2025-10-01 10:00:00
다사63004975,37.54860476420679,127.081130330225,963125,1949875,31.327337,2025-10-01 10:00:00
다사63005000,37.5508581022995,127.081117720037,963125,1950125,31.43638,2025-10-01 10:00:00
다사63004425,37.4990311071896,127.081407399369,963125,1944375,38.33482,2025-10-01 10:00:00
다사63004450,37.5012844643226,127.081394820037,963125,1944625,37.978256,2025-10-01 10:00:00
다사63004475,37.5035378205902,127.081382239305,963125,1944875,37.61298,2025-10-01 10:00:00
다사63004500,37.5057911759925,127.081369657171,963125,1945125,37.240475,2025-10-01 10:00:00
다사63004325,37.4900176700055,127.08145770268999,963125,1943375,39.34533,2025-10-01 10:00:00
다사63004350,37.4922710305994,127.08144512896001,963125,1943625,39.148216,2025-10-01 10:00:00
다사63004375,37.494524390328,127.08143255383001,963125,1943875,38.918896,2025-10-01 10:00:00
다사63004400,37.4967777491914,127.081419977299,963125,1944125,38.642982,2025-10-01 10:00:00
다사63004625,37.5170579400242,127.081306725483,963125,1946375,35.610416,2025-10-01 10:00:00
다사63004650,37.5193112902344,127.08129413494,963125,1946625,35.339546,2025-10-01 10:00:00
다사63004675,37.5215646395792,127.081281542995,963125,1946875,35.06498,2025-10-01 10:00:00
다사63004700,37.523817988058504,127.08126894964799,963125,1947125,34.351627,2025-10-01 10:00:00
다사63004525,37.5080445305296,127.08135707363701,963125,1945375,36.801834,2025-10-01 10:00:00
다사63004550,37.5102978842013,127.081344488701,963125,1945625,36.47897,2025-10-01 10:00:00
다사63004575,37.51255123700761,127.08133190236299,963125,1945875,36.17672,2025-10-01 10:00:00
다사63004600,37.5148045889486,127.08131931462401,963125,1946125,35.89294,2025-10-01 10:00:00
다사62755275,37.5756347487635,127.078147761772,962875,1952875,33.33972,2025-10-01 10:00:00
다사62755300,37.5778880756569,127.07813504940901,962875,1953125,33.33603,2025-10-01 10:00:00
다사62755325,37.5801414016844,127.07812233563101,962875,1953375,33.34141,2025-10-01 10:00:00
다사62755350,37.5823947268458,127.078109620436,962875,1953625,33.511463,2025-10-01 10:00:00
다사62755175,37.5666214325308,127.078198597066,962875,1951875,32.938244,2025-10-01 10:00:00
다사62755200,37.568874762887795,127.078185890366,962875,1952125,33.28668,2025-10-01 10:00:00
다사62755225,37.5711280923789,127.07817318225,962875,1952375,33.320408,2025-10-01 10:00:00
다사62755250,37.57338142100421,127.078160472719,962875,1952625,33.33772,2025-10-01 10:00:00
다사62755475,37.5936613396633,127.078046023214,962875,1954875,33.9817,2025-10-01 10:00:00
다사62755500,37.595914659628704,127.078033299519,962875,1955125,33.616497,2025-10-01 10:00:00
다사62755525,37.5981679787279,127.078020574407,962875,1955375,33.759308,2025-10-01 10:00:00
다사62755550,37.6004212969611,127.078007847877,962875,1955625,33.89741,2025-10-01 10:00:00
다사62755375,37.5846480511414,127.078096903825,962875,1953875,33.550983,2025-10-01 10:00:00
다사62755400,37.5869013745709,127.07808418579701,962875,1954125,33.61363,2025-10-01 10:00:00
다사62755425,37.5891546971344,127.078071466353,962875,1954375,33.713284,2025-10-01 10:00:00
다사62755450,37.5914080188319,127.078058745492,962875,1954625,33.832108,2025-10-01 10:00:00
다사62754875,37.5395814007158,127.078350967139,962875,1948875,31.831194,2025-10-01 10:00:00
다사62754900,37.5418347414618,127.078338277409,962875,1949125,31.290913,2025-10-01 10:00:00
다사62754925,37.5440880813421,127.078325586266,962875,1949375,31.302101,2025-10-01 10:00:00
다사62754950,37.5463414203568,127.078312893709,962875,1949625,31.34301,2025-10-01 10:00:00
다사62754775,37.5305680290756,127.07840171192801,962875,1947875,32.254845,2025-10-01 10:00:00
다사62754800,37.532821373284,127.07838902785,962875,1948125,32.125343,2025-10-01 10:00:00
다사62754825,37.535074716626795,127.07837634235901,962875,1948375,32.00498,2025-10-01 10:00:00
다사62754850,37.5373280591041,127.078363655455,962875,1948625,31.902283,2025-10-01 10:00:00
다사62755075,37.557608102444604,127.078249409718,962875,1950875,31.78241,2025-10-01 10:00:00
다사62755100,37.5598614362648,127.07823670867701,962875,1951125,31.990189,2025-10-01 10:00:00
다사62755125,37.5621147692193,127.078224006222,962875,1951375,32.08678,2025-10-01 10:00:00
다사62755150,37.564368101308,127.078211302352,962875,1951625,32.883537,2025-10-01 10:00:00
다사62754975,37.5485947585058,127.078300199739,962875,1949875,31.405731,2025-10-01 10:00:00
다사62755000,37.55084809578911,127.07828750435499,962875,1950125,31.494356,2025-10-01 10:00:00
다사62755025,37.5531014322067,127.078274807557,962875,1950375,31.591833,2025-10-01 10:00:00
다사62755050,37.5553547677585,127.07826210934499,962875,1950625,31.691263,2025-10-01 10:00:00
다사62756075,37.6477407797557,127.07774026301901,962875,1960875,35.362625,2025-10-01 10:00:00
다사62756100,37.64999407893,127.07772750526199,962875,1961125,35.359863,2025-10-01 10:00:00
다사62756125,37.6522473772379,127.077714746084,962875,1961375,35.345055,2025-10-01 10:00:00
다사62756150,37.654500674679106,127.077701985485,962875,1961625,35.33118,2025-10-01 10:00:00
다사62755975,37.6387275743936,127.077791279835,962875,1959875,35.353397,2025-10-01 10:00:00
다사62756000,37.6409808770338,127.07777852776199,962875,1960125,35.36393,2025-10-01 10:00:00
다사62756025,37.6432341788076,127.077765774268,962875,1960375,35.36432,2025-10-01 10:00:00
다사62756050,37.6454874797149,127.077753019354,962875,1960625,35.365017,2025-10-01 10:00:00
다사62756275,37.6657671488869,127.07763816116001,962875,1962875,35.131798,2025-10-01 10:00:00
다사62756300,37.668020441128604,127.07762539202801,962875,1963125,35.106087,2025-10-01 10:00:00
다사62756325,37.6702737325036,127.077612621474,962875,1963375,35.089657,2025-10-01 10:00:00
다사62756350,37.672527023012,127.077599849496,962875,1963625,35.065025,2025-10-01 10:00:00
다사62756175,37.6567539712539,127.07768922346399,962875,1961875,35.29589,2025-10-01 10:00:00
다사62756200,37.659007266962,127.077676460021,962875,1962125,35.259716,2025-10-01 10:00:00
다사62756225,37.6612605618036,127.077663695156,962875,1962375,35.206932,2025-10-01 10:00:00
다사62756250,37.6635138557785,127.077650928869,962875,1962625,35.157013,2025-10-01 10:00:00
다사62755675,37.6116878751347,127.07794419396002,962875,1956875,34.15455,2025-10-01 10:00:00
다사62755700,37.6139411881709,127.07793145892201,962875,1957125,34.133705,2025-10-01 10:00:00
다사62755725,37.6161945003408,127.077918722465,962875,1957375,34.8737,2025-10-01 10:00:00
다사62755750,37.6184478116445,127.07790598458901,962875,1957625,34.8965,2025-10-01 10:00:00
다사62755575,37.6026746143281,127.07799511993,962875,1955875,33.856606,2025-10-01 10:00:00
다사62755600,37.604927930829,127.077982390564,962875,1956125,34.09569,2025-10-01 10:00:00
다사62755625,37.607181246463796,127.077969659781,962875,1956375,34.037018,2025-10-01 10:00:00
다사62755650,37.6094345612324,127.07795692758002,962875,1956625,34.114098,2025-10-01 10:00:00
다사62755875,37.6297143551686,127.077842273923,962875,1958875,35.280647,2025-10-01 10:00:00
다사62755900,37.6319676612744,127.077829527531,962875,1959125,35.30585,2025-10-01 10:00:00
다사62755925,37.6342209665139,127.07781677971902,962875,1959375,35.3255,2025-10-01 10:00:00
다사62755950,37.6364742708869,127.077804030487,962875,1959625,35.345505,2025-10-01 10:00:00
다사62755775,37.6207011220819,127.07789324529499,962875,1957875,35.029938,2025-10-01 10:00:00
다사62755800,37.622954431653106,127.07788050458099,962875,1958125,35.13082,2025-10-01 10:00:00
다사62755825,37.6252077403579,127.07786776244801,962875,1958375,35.20074,2025-10-01 10:00:00
다사62755850,37.627461048196395,127.077855018895,962875,1958625,35.244236,2025-10-01 10:00:00
다사53004200,37.4782988547672,126.96842197774599,953125,1942125,44.88761,2025-10-01 10:00:00
다사53004225,37.4805521831018,126.968406015068,953125,1942375,44.42232,2025-10-01 10:00:00
다사53004250,37.4828055105691,126.96839005061399,953125,1942625,44.880795,2025-10-01 10:00:00
다사53004275,37.485058837169206,126.96837408438101,953125,1942875,45.57985,2025-10-01 10:00:00
다사53004100,37.469285532756295,126.968485810684,953125,1941125,45.590187,2025-10-01 10:00:00
다사53004125,37.4715388645598,126.96846985511499,953125,1941375,45.587234,2025-10-01 10:00:00
다사53004150,37.4737921954962,126.968453897769,953125,1941625,45.519085,2025-10-01 10:00:00
다사53004175,37.4760455255653,126.96843793864599,953125,1941875,45.33631,2025-10-01 10:00:00
다사53004400,37.496325457159294,126.968294226546,953125,1944125,48.285046,2025-10-01 10:00:00
다사53004425,37.4985787785552,126.968278249643,953125,1944375,48.421772,2025-10-01 10:00:00
다사53004450,37.5008320990836,126.96826227096099,953125,1944625,48.83794,2025-10-01 10:00:00
다사53004475,37.5030854187447,126.968246290499,953125,1944875,48.954727,2025-10-01 10:00:00
다사53004300,37.487312162901894,126.96835811637101,953125,1943125,46.027596,2025-10-01 10:00:00
다사53004325,37.489565487767294,126.96834214658199,953125,1943375,47.73832,2025-10-01 10:00:00
다사53004350,37.4918188117653,126.968326175016,953125,1943625,47.95372,2025-10-01 10:00:00
다사53004375,37.494072134896,126.96831020167,953125,1943875,48.128468,2025-10-01 10:00:00
다사52755850,37.6270039088352,126.964531564967,952875,1958625,39.063522,2025-10-01 10:00:00
다사52755875,37.629257178859,126.964515399005,952875,1958875,38.88665,2025-10-01 10:00:00
다사52755900,37.631510448014296,126.964499231242,952875,1959125,38.713757,2025-10-01 10:00:00
다사53003875,37.4490055075034,126.968629330893,953125,1938875,45.295933,2025-10-01 10:00:00
다사52755750,37.6179908200549,126.96459621081199,952875,1957625,39.735634,2025-10-01 10:00:00
다사52755775,37.62024409355271,126.96458005205099,952875,1957875,39.580948,2025-10-01 10:00:00
다사52755800,37.6224973661821,126.96456389148999,952875,1958125,39.412323,2025-10-01 10:00:00
다사52755825,37.6247506379429,126.96454772912901,952875,1958375,39.244076,2025-10-01 10:00:00
다사53004000,37.4602721968705,126.968549615199,953125,1940125,45.450504,2025-10-01 10:00:00
다사53004025,37.4625255321426,126.968533666734,953125,1940375,45.499752,2025-10-01 10:00:00
다사53004050,37.464778866547704,126.968517716494,953125,1940625,45.53089,2025-10-01 10:00:00
다사53004075,37.467032200085605,126.96850176447701,953125,1940875,45.569256,2025-10-01 10:00:00
다사53003900,37.45125884711089,126.968613391304,953125,1939125,45.31493,2025-10-01 10:00:00
다사53003925,37.453512185851395,126.968597449941,953125,1939375,45.345333,2025-10-01 10:00:00
다사53003950,37.4557655237248,126.96858150680201,953125,1939625,45.378723,2025-10-01 10:00:00
다사53003975,37.4580188607312,126.96856556188801,953125,1939875,45.41393,2025-10-01 10:00:00
다사53005000,37.5504049312134,126.96791028940001,953125,1950125,45.686085,2025-10-01 10:00:00
다사53005025,37.5526582317859,126.96789426973899,953125,1950375,43.579636,2025-10-01 10:00:00
다사53005050,37.5549115314906,126.96787824829399,953125,1950625,43.106586,2025-10-01 10:00:00
다사53005075,37.557164830327395,126.967862225065,953125,1950875,42.829746,2025-10-01 10:00:00
다사53004900,37.541391720244796,126.967974350205,953125,1949125,46.917896,2025-10-01 10:00:00
다사53004925,37.5436450242887,126.96795833767901,953125,1949375,46.962643,2025-10-01 10:00:00
다사53004950,37.545898327464705,126.96794232337,953125,1949625,45.672928,2025-10-01 10:00:00
다사53004975,37.548151629773,126.967926307277,953125,1949875,45.673153,2025-10-01 10:00:00
다사53005200,37.5684313114924,126.967782082144,953125,1952125,42.459553,2025-10-01 10:00:00
다사53005225,37.5706846051215,126.967766048204,953125,1952375,42.477863,2025-10-01 10:00:00
다사53005250,37.572937897882596,126.967750012478,953125,1952625,42.476196,2025-10-01 10:00:00
다사53005275,37.5751911897756,126.967733974966,953125,1952875,42.463898,2025-10-01 10:00:00
다사53005100,37.5594181282963,126.967846200051,953125,1951125,42.66321,2025-10-01 10:00:00
다사53005125,37.56167142539729,126.967830173252,953125,1951375,42.57272,2025-10-01 10:00:00
다사53005150,37.56392472163029,126.96781414466801,953125,1951625,42.56352,2025-10-01 10:00:00
다사53005175,37.566178016995394,126.96779811429899,953125,1951875,42.603188,2025-10-01 10:00:00
다사53004600,37.5143520040374,126.96816636149299,953125,1946125,48.144333,2025-10-01 10:00:00
다사53004625,37.5166053184933,126.96815037035101,953125,1946375,48.113914,2025-10-01 10:00:00
다사53004650,37.5188586320817,126.968134377428,953125,1946625,48.078865,2025-10-01 10:00:00
다사53004675,37.5211119448025,126.968118382724,953125,1946875,48.055767,2025-10-01 10:00:00
다사53004500,37.5053387375382,126.968230308258,953125,1945125,49.055973,2025-10-01 10:00:00
다사53004525,37.50759205546429,126.96821432423701,953125,1945375,48.163692,2025-10-01 10:00:00
다사53004550,37.5098453725228,126.968198338436,953125,1945625,48.176395,2025-10-01 10:00:00
다사53004575,37.5120986887139,126.968182350855,953125,1945875,48.16823,2025-10-01 10:00:00
다사53004800,37.532378495391896,126.968038382481,953125,1948125,47.173225,2025-10-01 10:00:00
다사53004825,37.5346318029067,126.96802237708599,953125,1948375,47.081333,2025-10-01 10:00:00
다사53004850,37.5368851095539,126.96800636990801,953125,1948625,47.00931,2025-10-01 10:00:00
다사53004875,37.539138415333206,126.96799036094801,953125,1948875,46.96238,2025-10-01 10:00:00
다사53004700,37.5233652566557,126.968102386239,953125,1947125,48.02418,2025-10-01 10:00:00
다사53004725,37.5256185676412,126.968086387972,953125,1947375,47.888493,2025-10-01 10:00:00
다사53004750,37.527871877759104,126.96807038792299,953125,1947625,47.399162,2025-10-01 10:00:00
다사53004775,37.5301251870093,126.968054386093,953125,1947875,47.33238,2025-10-01 10:00:00
다사52754650,37.5188459266329,126.965305417478,952875,1946625,47.93902,2025-10-01 10:00:00
다사52754675,37.521099238325704,126.96528933770901,952875,1946875,47.92954,2025-10-01 10:00:00
다사52754700,37.52335254915089,126.965273256149,952875,1947125,47.926243,2025-10-01 10:00:00
다사52754725,37.525605859108296,126.965257172798,952875,1947375,47.915306,2025-10-01 10:00:00
다사52754550,37.5098326711853,126.965369718651,952875,1945625,47.940502,2025-10-01 10:00:00
다사52754575,37.5120859863486,126.965353646043,952875,1945875,47.96272,2025-10-01 10:00:00
다사52754600,37.514339300644394,126.965337571644,952875,1946125,47.959896,2025-10-01 10:00:00
다사52754625,37.5165926140725,126.96532149545601,952875,1946375,47.957733,2025-10-01 10:00:00
다사52754850,37.536872395879605,126.965176729173,952875,1948625,47.14861,2025-10-01 10:00:00
다사52754875,37.5391257006305,126.965160635072,952875,1948875,47.101383,2025-10-01 10:00:00
다사52754900,37.5413790045136,126.96514453917901,952875,1949125,47.09976,2025-10-01 10:00:00
다사52754925,37.543632307528796,126.965128441493,952875,1949375,47.09922,2025-10-01 10:00:00
다사52754750,37.527859168198106,126.965241087656,952875,1947625,48.27788,2025-10-01 10:00:00
다사52754775,37.5301124764201,126.965225000723,952875,1947875,48.02646,2025-10-01 10:00:00
다사52754800,37.532365783774296,126.965208911998,952875,1948125,47.963806,2025-10-01 10:00:00
다사52754825,37.5346190902608,126.965192821481,952875,1948375,47.197784,2025-10-01 10:00:00
다사52754250,37.4827928215597,126.965562450415,952875,1942625,44.593628,2025-10-01 10:00:00
다사52754275,37.4850461471327,126.965546399269,952875,1942875,45.010914,2025-10-01 10:00:00
다사52754300,37.4872994718384,126.965530346336,952875,1943125,45.41579,2025-10-01 10:00:00
다사52754325,37.4895527956767,126.96551429161501,952875,1943375,45.74665,2025-10-01 10:00:00
다사52754150,37.4737795105941,126.96562663713001,952875,1941625,44.95064,2025-10-01 10:00:00
다사52754175,37.4760328396365,126.965610593131,952875,1941875,44.76709,2025-10-01 10:00:00
다사52754200,37.4782861678115,126.965594547346,952875,1942125,44.536407,2025-10-01 10:00:00
다사52754225,37.480539495119295,126.965578499774,952875,1942375,44.38039,2025-10-01 10:00:00
다사52754450,37.500819401856496,126.965433991189,952875,1944625,48.499542,2025-10-01 10:00:00
다사52754475,37.50307272049,126.965417925738,952875,1944875,48.645985,2025-10-01 10:00:00
다사52754500,37.505326038256,126.96540185849899,952875,1945125,48.57876,2025-10-01 10:00:00
다사52754525,37.5075793551544,126.96538578946999,952875,1945375,47.914444,2025-10-01 10:00:00
다사52754350,37.491806118647496,126.965498235106,952875,1943625,47.481766,2025-10-01 10:00:00
다사52754375,37.494059440751,126.96548217681001,952875,1943875,47.706993,2025-10-01 10:00:00
다사52754400,37.4963127619869,126.96546611672501,952875,1944125,47.89644,2025-10-01 10:00:00
다사52754425,37.498566082355396,126.965450054851,952875,1944375,48.064617,2025-10-01 10:00:00
다사52755450,37.590951470346106,126.964789975619,952875,1954625,42.753166,2025-10-01 10:00:00
다사52755475,37.5932047542643,126.964773838442,952875,1954875,42.76161,2025-10-01 10:00:00
다사52755500,37.5954580373142,126.96475769946699,952875,1955125,42.771374,2025-10-01 10:00:00
다사52755525,37.597711319495794,126.964741558695,952875,1955375,42.77389,2025-10-01 10:00:00
다사52755350,37.5819383259912,126.964854506357,952875,1953625,42.180153,2025-10-01 10:00:00
다사52755375,37.5841916133822,126.964838376367,952875,1953875,42.15521,2025-10-01 10:00:00
다사52755400,37.586444899905096,126.964822244581,952875,1954125,42.135517,2025-10-01 10:00:00
다사52755425,37.5886981855597,126.96480611099899,952875,1954375,42.744717,2025-10-01 10:00:00
다사52755650,37.608977717379105,126.96466082786002,952875,1956625,41.204773,2025-10-01 10:00:00
다사52755675,37.611230994350706,126.964644676297,952875,1956875,41.11921,2025-10-01 10:00:00
다사52755700,37.613484270453796,126.96462852293502,952875,1957125,41.03413,2025-10-01 10:00:00
다사52755725,37.6157375456886,126.964612367774,952875,1957375,39.88483,2025-10-01 10:00:00
다사52755550,37.5999646008091,126.96472541612499,952875,1955625,42.770687,2025-10-01 10:00:00
다사52755575,37.6022178812542,126.964709271756,952875,1955875,42.764313,2025-10-01 10:00:00
다사52755600,37.6044711608308,126.96469312558901,952875,1956125,42.7553,2025-10-01 10:00:00
다사52755625,37.60672443953921,126.964676977624,952875,1956375,41.275303,2025-10-01 10:00:00
다사52755050,37.554898809586895,126.96504792616699,952875,1950625,43.45343,2025-10-01 10:00:00
다사52755075,37.55715210739479,126.965031817721,952875,1950875,43.12022,2025-10-01 10:00:00
다사52755100,37.559405404334605,126.965015707481,952875,1951125,42.912033,2025-10-01 10:00:00
다사52755125,37.5616587004065,126.96499959544599,952875,1951375,42.783142,2025-10-01 10:00:00
다사52754950,37.545885609676205,126.96511234201401,952875,1949625,45.65486,2025-10-01 10:00:00
다사52754975,37.5481389109558,126.965096240742,952875,1949875,45.461246,2025-10-01 10:00:00
다사52755000,37.550392211367395,126.965080137677,952875,1950125,44.98593,2025-10-01 10:00:00
다사52755025,37.552645510911105,126.965064032819,952875,1950375,43.923084,2025-10-01 10:00:00
다사52755250,37.5729251677456,126.964919008352,952875,1952625,42.62919,2025-10-01 10:00:00
다사52755275,37.5751784586092,126.964902885547,952875,1952875,42.299274,2025-10-01 10:00:00
다사52755300,37.5774317486047,126.964886760946,952875,1953125,42.273956,2025-10-01 10:00:00
다사52755325,37.579685037732,126.964870634549,952875,1953375,42.248367,2025-10-01 10:00:00
다사52755150,37.5639119956104,126.964983481617,952875,1951625,42.72296,2025-10-01 10:00:00
다사52755175,37.5661652899463,126.964967365993,952875,1951875,42.638252,2025-10-01 10:00:00
다사52755200,37.5684185834141,126.964951248575,952875,1952125,42.636536,2025-10-01 10:00:00
다사52755225,37.5706718760139,126.964935129361,952875,1952375,42.633698,2025-10-01 10:00:00
다사52505175,37.566152495028,126.96213661948299,952625,1951875,42.737846,2025-10-01 10:00:00
다사52505200,37.568405787460996,126.9621204168,952625,1952125,42.68901,2025-10-01 10:00:00
다사52505225,37.570659079026,126.96210421231301,952625,1952375,42.650967,2025-10-01 10:00:00
다사52505250,37.57291236972279,126.962088006021,952625,1952625,42.62176,2025-10-01 10:00:00
다사52505075,37.557139316614794,126.962201412171,952625,1950875,43.354984,2025-10-01 10:00:00
다사52505100,37.559392612520206,126.962185216705,952625,1951125,43.09115,2025-10-01 10:00:00
다사52505125,37.561645907557505,126.96216901943501,952625,1951375,42.919975,2025-10-01 10:00:00
다사52505150,37.5638992017268,126.962152820361,952625,1951625,42.80677,2025-10-01 10:00:00
다사52505375,37.584178810184206,126.962006947479,952625,1953875,42.17805,2025-10-01 10:00:00
다사52505400,37.586432095671796,126.961990730353,952625,1954125,42.303207,2025-10-01 10:00:00
다사52505425,37.588685380291096,126.96197451142099,952625,1954375,42.717613,2025-10-01 10:00:00
다사52505450,37.5909386640422,126.96195829068199,952625,1954625,42.735096,2025-10-01 10:00:00
다사52505275,37.5751656595515,126.96207179792299,952625,1952875,42.28938,2025-10-01 10:00:00
다사52505300,37.577418948512,126.96205558802099,952625,1953125,42.253986,2025-10-01 10:00:00
다사52505325,37.579672236604296,126.962039376313,952625,1953375,42.223713,2025-10-01 10:00:00
다사52505350,37.581925523828296,126.962023162799,952625,1953625,42.196537,2025-10-01 10:00:00
다사52504775,37.5300996980493,126.962395617144,952625,1947875,48.070774,2025-10-01 10:00:00
다사52504800,37.532353004369796,126.962379443307,952625,1948125,48.021496,2025-10-01 10:00:00
다사52504825,37.5346063098225,126.96236326766899,952625,1948375,47.982124,2025-10-01 10:00:00
다사52504850,37.5368596144073,126.962347090229,952625,1948625,45.97037,2025-10-01 10:00:00
다사52504675,37.5210864640894,126.962460294484,952625,1946875,47.81175,2025-10-01 10:00:00
다사52504700,37.523339773881,126.96244412784999,952625,1947125,47.82003,2025-10-01 10:00:00
다사52504725,37.525593082804896,126.962427959415,952625,1947375,47.833965,2025-10-01 10:00:00
다사52504750,37.527846390861,126.96241178918001,952625,1947625,48.255116,2025-10-01 10:00:00
다사52504975,37.5481261243132,126.962266176001,952625,1949875,45.16051,2025-10-01 10:00:00
다사52505000,37.5503794236906,126.962249987748,952625,1950125,44.805893,2025-10-01 10:00:00
다사52505025,37.552632722199995,126.962233797692,952625,1950375,44.38223,2025-10-01 10:00:00
다사52505050,37.5548860198414,126.96221760583299,952625,1950625,43.982174,2025-10-01 10:00:00
다사52504875,37.539112918124296,126.962330910988,952625,1948875,46.02594,2025-10-01 10:00:00
다사52504900,37.541366220973394,126.96231472994499,952625,1949125,46.07224,2025-10-01 10:00:00
다사52504925,37.5436195229546,126.962298547099,952625,1949375,46.09252,2025-10-01 10:00:00
다사52504950,37.5458728240678,126.96228236245199,952625,1949625,45.53141,2025-10-01 10:00:00
다사52505975,37.6382574222078,126.96161723747299,952625,1959875,38.184116,2025-10-01 10:00:00
다사52753875,37.4489928338917,126.965803003265,952875,1938875,45.237183,2025-10-01 10:00:00
다사52753900,37.4512461724731,126.965786978904,952875,1939125,45.253025,2025-10-01 10:00:00
다사52753925,37.4534995101874,126.965770952759,952875,1939375,45.262676,2025-10-01 10:00:00
다사52505875,37.6292443549446,126.961682261511,952625,1958875,38.858498,2025-10-01 10:00:00
다사52505900,37.631497623063396,126.961666008218,952625,1959125,38.691406,2025-10-01 10:00:00
다사52505925,37.6337508903135,126.96164975311399,952625,1959375,38.519005,2025-10-01 10:00:00
다사52505950,37.636004156695,126.961633496199,952625,1959625,38.352917,2025-10-01 10:00:00
다사52754050,37.464766185752104,126.965690795264,952875,1940625,45.110703,2025-10-01 10:00:00
다사52754075,37.4670195182634,126.96567475840901,952875,1940875,45.11532,2025-10-01 10:00:00
다사52754100,37.469272849907604,126.965658719769,952875,1941125,45.100952,2025-10-01 10:00:00
다사52754125,37.4715261806845,126.965642679342,952875,1941375,45.0496,2025-10-01 10:00:00
다사52753950,37.4557528470347,126.96575492483,952875,1939625,45.270332,2025-10-01 10:00:00
다사52753975,37.458006183014795,126.965738895116,952875,1939875,45.284794,2025-10-01 10:00:00
다사52754000,37.46025951812771,126.965722863617,952875,1940125,45.295017,2025-10-01 10:00:00
다사52754025,37.4625128523735,126.965706830333,952875,1940375,45.30631,2025-10-01 10:00:00
다사52505575,37.6022050697725,126.961877159883,952625,1955875,42.75692,2025-10-01 10:00:00
다사52505600,37.6044583483135,126.9618609283,952625,1956125,42.74231,2025-10-01 10:00:00
다사52505625,37.606711625986,126.961844694909,952625,1956375,41.23049,2025-10-01 10:00:00
다사52505650,37.608964902790106,126.96182845971,952625,1956625,41.161808,2025-10-01 10:00:00
다사52505475,37.5931919469249,126.96194206813699,952625,1954875,42.753643,2025-10-01 10:00:00
다사52505500,37.5954452289394,126.961925843784,952625,1955125,42.767746,2025-10-01 10:00:00
다사52505525,37.5976985100855,126.96190961762501,952625,1955375,42.769165,2025-10-01 10:00:00
다사52505550,37.5999517903632,126.961893389657,952625,1955625,42.76612,2025-10-01 10:00:00
다사52505775,37.620231273783496,126.96174725658301,952625,1957875,39.53367,2025-10-01 10:00:00
다사52505800,37.6224845453767,126.96173101053002,952625,1958125,39.37627,2025-10-01 10:00:00
다사52505825,37.6247378161012,126.961714762667,952625,1958375,39.205585,2025-10-01 10:00:00
다사52505850,37.6269910859572,126.961698512994,952625,1958625,39.032505,2025-10-01 10:00:00
다사52505675,37.61121817872579,126.961812222703,952625,1956875,41.07992,2025-10-01 10:00:00
다사52505700,37.613471453793004,126.96179598388599,952625,1957125,40.991837,2025-10-01 10:00:00
다사52505725,37.615724727991704,126.96177974326099,952625,1957375,40.89367,2025-10-01 10:00:00
다사52505750,37.617978001321895,126.961763500827,952625,1957625,39.685184,2025-10-01 10:00:00
다사52255875,37.6292314630072,126.958849125828,952375,1958875,38.829533,2025-10-01 10:00:00
다사52255900,37.6314847300841,126.95883278700501,952375,1959125,38.663605,2025-10-01 10:00:00
다사52255925,37.633737996292204,126.95881644636101,952375,1959375,38.501743,2025-10-01 10:00:00
다사52255950,37.6359912616316,126.958800103897,952375,1959625,38.344257,2025-10-01 10:00:00
다사52255775,37.6202183860134,126.958914462925,952375,1957875,39.482643,2025-10-01 10:00:00
다사52255800,37.6224716565648,126.95889813138001,952375,1958125,39.327892,2025-10-01 10:00:00
다사52255825,37.6247249262476,126.958881798016,952375,1958375,39.16448,2025-10-01 10:00:00
다사52255850,37.626978195061795,126.958865462832,952375,1958625,39.000206,2025-10-01 10:00:00
다사52256075,37.647257575297296,126.958718364263,952375,1960875,37.553585,2025-10-01 10:00:00
다사52503800,37.4422200748432,126.963024994058,952625,1938125,45.002956,2025-10-01 10:00:00
다사52503825,37.4444734149944,126.963008890305,952625,1938375,44.983746,2025-10-01 10:00:00
다사52503850,37.4467267542786,126.96299278475901,952625,1938625,44.971104,2025-10-01 10:00:00
다사52255975,37.638244526102206,126.958783759612,952375,1959875,38.1808,2025-10-01 10:00:00
다사52256000,37.640497789704206,126.958767413507,952375,1960125,38.015617,2025-10-01 10:00:00
다사52256025,37.6427510524373,126.95875106558,952375,1960375,37.861927,2025-10-01 10:00:00
다사52256050,37.64500431430171,126.958734715833,952375,1960625,37.70489,2025-10-01 10:00:00
다사52255475,37.5931790716506,126.959110299639,952375,1954875,42.74463,2025-10-01 10:00:00
다사52255500,37.595432352624,126.95909398990901,952375,1955125,42.766647,2025-10-01 10:00:00
다사52255525,37.5976856327291,126.95907767836201,952375,1955375,42.772472,2025-10-01 10:00:00
다사52255550,37.5999389119657,126.95906136499799,952375,1955625,42.764275,2025-10-01 10:00:00
다사52255375,37.5841659390731,126.959175520397,952375,1953875,42.13071,2025-10-01 10:00:00
다사52255400,37.586419223520004,126.959159217932,952375,1954125,42.259872,2025-10-01 10:00:00
다사52255425,37.5886725070985,126.95914291365,952375,1954375,42.2624,2025-10-01 10:00:00
다사52255450,37.5909257898088,126.959126607553,952375,1954625,42.27471,2025-10-01 10:00:00
다사52255675,37.6112052951219,126.958979770917,952375,1956875,41.03206,2025-10-01 10:00:00
다사52255700,37.6134585691476,126.95896344664699,952375,1957125,40.944397,2025-10-01 10:00:00
다사52255725,37.6157118423048,126.958947120558,952375,1957375,40.848915,2025-10-01 10:00:00
다사52255750,37.617965114593396,126.958930792651,952375,1957625,40.74527,2025-10-01 10:00:00
다사52255575,37.6021921903339,126.95904504981701,952375,1955875,42.748604,2025-10-01 10:00:00
다사52255600,37.6044454678336,126.959028732818,952375,1956125,42.733368,2025-10-01 10:00:00
다사52255625,37.6066987444649,126.959012414002,952375,1956375,42.712486,2025-10-01 10:00:00
다사52255650,37.608952020227605,126.95899609336901,952375,1956625,41.111996,2025-10-01 10:00:00
다사52504375,37.494046678912,126.96265415373699,952625,1943875,47.309513,2025-10-01 10:00:00
다사52504400,37.4962999991152,126.962638008692,952625,1944125,47.534317,2025-10-01 10:00:00
다사52504425,37.4985533184509,126.96262186184799,952625,1944375,47.72486,2025-10-01 10:00:00
다사52504450,37.500806636918995,126.962605713207,952625,1944625,47.85583,2025-10-01 10:00:00
다사52504275,37.485033389424295,126.962718715945,952625,1942875,44.666683,2025-10-01 10:00:00
다사52504300,37.487286713097504,126.96270257808901,952625,1943125,44.9795,2025-10-01 10:00:00
다사52504325,37.489540035903104,126.962686438436,952625,1943375,45.27687,2025-10-01 10:00:00
다사52504350,37.491793357841296,126.962670296985,952625,1943625,47.052647,2025-10-01 10:00:00
다사52504575,37.5120732162458,126.96252494302,952625,1945875,47.754288,2025-10-01 10:00:00
다사52504600,37.5143265295082,126.962508783586,952625,1946125,47.78051,2025-10-01 10:00:00
다사52504625,37.516579841903,126.962492622352,952625,1946375,47.796253,2025-10-01 10:00:00
다사52504650,37.51883315343,126.96247645931801,952625,1946625,47.798264,2025-10-01 10:00:00
다사52504475,37.5030599545196,126.962589562767,952625,1944875,48.15147,2025-10-01 10:00:00
다사52504500,37.5053132712525,126.962573410528,952625,1945125,48.30095,2025-10-01 10:00:00
다사52504525,37.50756658711789,126.962557256491,952625,1945375,48.427,2025-10-01 10:00:00
다사52504550,37.5098199021157,126.962541100655,952625,1945625,48.54471,2025-10-01 10:00:00
다사52503975,37.4579934376921,126.962912230128,952625,1939875,44.923485,2025-10-01 10:00:00
다사52504000,37.46024677177321,126.96289611382,952625,1940125,44.911747,2025-10-01 10:00:00
다사52504025,37.4625001049871,126.96287999571699,952625,1940375,44.895576,2025-10-01 10:00:00
다사52504050,37.4647534373338,126.962863875819,952625,1940625,44.864845,2025-10-01 10:00:00
다사52503875,37.44898009269561,126.96297667741999,952625,1938875,44.95947,2025-10-01 10:00:00
다사52503900,37.4512334302455,126.962960568288,952625,1939125,44.95043,2025-10-01 10:00:00
다사52503925,37.45348676692821,126.962944457362,952625,1939375,44.946167,2025-10-01 10:00:00
다사52503950,37.455740102743704,126.962928344642,952625,1939625,44.938316,2025-10-01 10:00:00
다사52504175,37.4760200860577,126.962783249404,952625,1941875,44.593693,2025-10-01 10:00:00
다사52504200,37.4782734132004,126.96276711873399,952625,1942125,44.5117,2025-10-01 10:00:00
다사52504225,37.4805267394758,126.962750986267,952625,1942375,44.30016,2025-10-01 10:00:00
다사52504250,37.4827800648838,126.96273485200399,952625,1942625,44.417664,2025-10-01 10:00:00
다사52504075,37.46700676881321,126.96284775412701,952625,1940875,44.841072,2025-10-01 10:00:00
다사52504100,37.4692600994253,126.962831630639,952625,1941125,44.790043,2025-10-01 10:00:00
다사52504125,37.4715134291701,126.962815505356,952625,1941375,44.739883,2025-10-01 10:00:00
다사52504150,37.473766758047496,126.962799378278,952625,1941625,44.669292,2025-10-01 10:00:00
다사52254275,37.485020564044206,126.959891034417,952375,1942875,44.36443,2025-10-01 10:00:00
다사52254300,37.4872738866793,126.959874811639,952375,1943125,44.62099,2025-10-01 10:00:00
다사52254325,37.4895272084469,126.95985858705299,952375,1943375,44.89054,2025-10-01 10:00:00
다사52254350,37.4917805293469,126.95984236066099,952375,1943625,45.13483,2025-10-01 10:00:00
다사52254175,37.476007264828894,126.959955907472,952375,1941875,44.2156,2025-10-01 10:00:00
다사52254200,37.4782605909339,126.959939691917,952375,1942125,44.37929,2025-10-01 10:00:00
다사52254225,37.480513916171496,126.959923474556,952375,1942375,44.18957,2025-10-01 10:00:00
다사52254250,37.4827672405416,126.95990725539,952375,1942625,44.148808,2025-10-01 10:00:00
다사52254475,37.5030471208336,126.959761201593,952375,1944875,47.86146,2025-10-01 10:00:00
다사52254500,37.505300436528,126.959744964357,952375,1945125,48.028824,2025-10-01 10:00:00
다사52254525,37.50755375135479,126.959728725312,952375,1945375,48.176968,2025-10-01 10:00:00
다사52254550,37.5098070653139,126.959712484459,952375,1945625,48.317234,2025-10-01 10:00:00
다사52254375,37.4940338493794,126.95982613246201,952375,1943875,46.94941,2025-10-01 10:00:00
다사52254400,37.4962871685444,126.959809902456,952375,1944125,47.18957,2025-10-01 10:00:00
다사52254425,37.498540486841705,126.95979367064301,952375,1944375,47.401836,2025-10-01 10:00:00
다사52254450,37.500793804271495,126.959777437022,952375,1944625,47.602505,2025-10-01 10:00:00
다사52253875,37.448967283915295,126.960150353369,952375,1938875,44.694103,2025-10-01 10:00:00
다사52253900,37.4512206204282,126.96013415946501,952375,1939125,44.667343,2025-10-01 10:00:00
다사52253925,37.4534739560738,126.960117963758,952375,1939375,44.641777,2025-10-01 10:00:00
다사52253950,37.4557272908522,126.960101766248,952375,1939625,44.605938,2025-10-01 10:00:00
다사52006150,37.6540043815852,126.95583522341002,952125,1961625,36.04352,2025-10-01 10:00:00
다사52253800,37.4422072691737,126.96019892426399,952375,1938125,44.770126,2025-10-01 10:00:00
다사52253825,37.444460608288104,126.96018273576901,952375,1938375,44.75133,2025-10-01 10:00:00
다사52253850,37.4467139465353,126.96016654546999,952375,1938625,44.718307,2025-10-01 10:00:00
다사52254075,37.4669939517349,126.96002075164,952375,1940875,44.381626,2025-10-01 10:00:00
다사52254100,37.4692472813095,126.96000454330499,952375,1941125,44.318573,2025-10-01 10:00:00
다사52254125,37.471500610016705,126.95998833316601,952375,1941375,44.245434,2025-10-01 10:00:00
다사52254150,37.4737539378565,126.959972121222,952375,1941625,44.190594,2025-10-01 10:00:00
다사52253975,37.457980624763294,126.960085566934,952375,1939875,44.577984,2025-10-01 10:00:00
다사52254000,37.460233957807205,126.96006936581699,952375,1940125,44.5413,2025-10-01 10:00:00
다사52254025,37.4624872899837,126.960053162895,952375,1940375,44.496166,2025-10-01 10:00:00
다사52254050,37.464740621293004,126.96003695817,952375,1940625,44.4473,2025-10-01 10:00:00
다사52255075,37.5571264579876,126.959371008424,952375,1950875,43.82807,2025-10-01 10:00:00
다사52255100,37.559379752853,126.95935472773199,952375,1951125,43.252995,2025-10-01 10:00:00
다사52255125,37.5616330468503,126.95933844522699,952375,1951375,43.064465,2025-10-01 10:00:00
다사52255150,37.5638863399794,126.95932216090901,952375,1951625,42.922737,2025-10-01 10:00:00
다사52254975,37.548113269845295,126.95943611306299,952375,1949875,45.04414,2025-10-01 10:00:00
다사52255000,37.550366568182994,126.959419839622,952375,1950125,44.76595,2025-10-01 10:00:00
다사52255025,37.5526198656526,126.959403564369,952375,1950375,44.443214,2025-10-01 10:00:00
다사52255050,37.5548731622541,126.959387287303,952375,1950625,44.114338,2025-10-01 10:00:00
다사52255275,37.5751527926027,126.959240712105,952375,1952875,42.57238,2025-10-01 10:00:00
다사52255300,37.57740608052271,126.959224416901,952375,1953125,42.233707,2025-10-01 10:00:00
다사52255325,37.5796593675745,126.95920811988199,952375,1953375,42.18802,2025-10-01 10:00:00
다사52255350,37.5819126537579,126.959191821047,952375,1953625,42.158707,2025-10-01 10:00:00
다사52255175,37.5661396322405,126.959305874776,952375,1951875,42.820892,2025-10-01 10:00:00
다사52255200,37.5683929236333,126.95928958683001,952375,1952125,42.741158,2025-10-01 10:00:00
다사52255225,37.570646214158,126.95927329706899,952375,1952375,42.674576,2025-10-01 10:00:00
다사52255250,37.5728995038144,126.95925700549499,952375,1952625,42.62101,2025-10-01 10:00:00
다사52254675,37.5210736220936,126.959631253059,952375,1946875,47.688133,2025-10-01 10:00:00
다사52254700,37.5233269308462,126.959615001351,952375,1947125,47.718864,2025-10-01 10:00:00
다사52254725,37.525580238730996,126.959598747833,952375,1947375,47.746754,2025-10-01 10:00:00
다사52254750,37.527833545748,126.95958249250499,952375,1947625,47.79271,2025-10-01 10:00:00
다사52254575,37.5120603784053,126.959696241797,952375,1945875,48.44317,2025-10-01 10:00:00
다사52254600,37.514313690629,126.95967999732599,952375,1946125,48.558315,2025-10-01 10:00:00
다사52254625,37.516567001985,126.959663751047,952375,1946375,47.639038,2025-10-01 10:00:00
다사52254650,37.5188203124732,126.95964750295799,952375,1946625,47.662647,2025-10-01 10:00:00
다사52254875,37.5391000678148,126.959501188706,952375,1948875,46.07293,2025-10-01 10:00:00
다사52254900,37.5413533696244,126.95948492251301,952375,1949125,46.07897,2025-10-01 10:00:00
다사52254925,37.543606670566,126.959468654508,952375,1949375,45.334587,2025-10-01 10:00:00
다사52254950,37.545859970639704,126.959452384692,952375,1949625,45.23745,2025-10-01 10:00:00
다사52254775,37.5300868518971,126.95956623536699,952375,1947875,48.91496,2025-10-01 10:00:00
다사52254800,37.532340157178396,126.959549976418,952375,1948125,46.485687,2025-10-01 10:00:00
다사52254825,37.5345934615918,126.959533715658,952375,1948375,46.53347,2025-10-01 10:00:00
다사52254850,37.536846765137206,126.959517453088,952375,1948625,46.045063,2025-10-01 10:00:00
다사52005050,37.55486023682529,126.95655697058599,952125,1950625,44.192966,2025-10-01 10:00:00
다사52005075,37.5571135315134,126.95654060649099,952125,1950875,43.945,2025-10-01 10:00:00
다사52005100,37.55936682533329,126.956524240574,952125,1951125,43.351387,2025-10-01 10:00:00
다사52005125,37.561620118285,126.956507872833,952125,1951375,43.161777,2025-10-01 10:00:00
다사52004950,37.545847049391796,126.956622408743,952125,1949625,45.125275,2025-10-01 10:00:00
다사52004975,37.54810034755229,126.956606051937,952125,1949875,44.955887,2025-10-01 10:00:00
다사52005000,37.550353644844705,126.95658969330799,952125,1950125,44.720028,2025-10-01 10:00:00
다사52005025,37.552606941269104,126.95657333285801,952125,1950375,44.46487,2025-10-01 10:00:00
다사52005250,37.5728865700206,126.956426006783,952125,1952625,42.611572,2025-10-01 10:00:00
다사52005275,37.5751398577629,126.956409628102,952125,1952875,42.538933,2025-10-01 10:00:00
다사52005300,37.577393144637,126.956393247596,952125,1953125,42.19949,2025-10-01 10:00:00
다사52005325,37.579646430642704,126.956376865266,952125,1953375,42.13618,2025-10-01 10:00:00
다사52005150,37.5638734103686,126.95649150327,952125,1951625,43.00719,2025-10-01 10:00:00
다사52005175,37.5661267015839,126.956475131884,952125,1951875,42.87937,2025-10-01 10:00:00
다사52005200,37.5683799919311,126.95645875867399,952125,1952125,42.77797,2025-10-01 10:00:00
다사52005225,37.57063328141,126.95644238364099,952125,1952375,42.68898,2025-10-01 10:00:00
다사52004650,37.5188074037625,126.956818548407,952125,1946625,45.26503,2025-10-01 10:00:00
다사52004675,37.5210607123385,126.956802213444,952125,1946875,45.35158,2025-10-01 10:00:00
다사52004700,37.5233140200466,126.95678587666201,952125,1947125,45.437317,2025-10-01 10:00:00
다사52004725,37.5255673268869,126.95676953806101,952125,1947375,45.535843,2025-10-01 10:00:00
다사52004550,37.509794160780295,126.956883870071,952125,1945625,48.093224,2025-10-01 10:00:00
다사52004575,37.512047472827504,126.95686754238301,952125,1945875,48.238976,2025-10-01 10:00:00
다사52004600,37.514300784007,126.95685121287599,952125,1946125,48.375748,2025-10-01 10:00:00
다사52004625,37.5165540943186,126.956834881551,952125,1946375,48.502697,2025-10-01 10:00:00
다사52004850,37.5368338480694,126.956687817757,952125,1948625,46.50024,2025-10-01 10:00:00
다사52004875,37.539087149702,126.956671468235,952125,1948875,46.51245,2025-10-01 10:00:00
다사52004900,37.541340450466706,126.956655116892,952125,1949125,45.650845,2025-10-01 10:00:00
다사52004925,37.5435937503633,126.956638763729,952125,1949375,45.236732,2025-10-01 10:00:00
다사52004750,37.527820632859296,126.95675319764,952125,1947625,46.018066,2025-10-01 10:00:00
다사52004775,37.53007393796371,126.95673685540001,952125,1947875,46.128242,2025-10-01 10:00:00
다사52004800,37.5323272422002,126.956720511339,952125,1948125,47.17229,2025-10-01 10:00:00
다사52004825,37.534580545568794,126.95670416545799,952125,1948375,46.472584,2025-10-01 10:00:00
다사52005850,37.626965236149005,126.956032414489,952125,1958625,38.960197,2025-10-01 10:00:00
다사52005875,37.629218503047106,126.956015991965,952125,1958875,38.793915,2025-10-01 10:00:00
다사52005900,37.6314717690764,126.955999567611,952125,1959125,38.636536,2025-10-01 10:00:00
다사52005925,37.633725034236996,126.95598314142799,952125,1959375,38.47706,2025-10-01 10:00:00
다사52005750,37.6179521598696,126.956098086294,952125,1957625,40.703503,2025-10-01 10:00:00
다사52005775,37.6202054302424,126.95608167108601,952125,1957875,40.590084,2025-10-01 10:00:00
다사52005800,37.6224586997466,126.956065254049,952125,1958125,39.276054,2025-10-01 10:00:00
다사52005825,37.6247119683822,126.956048835183,952125,1958375,39.120266,2025-10-01 10:00:00
다사52006050,37.644991347008,126.95590098306101,952125,1960625,37.712704,2025-10-01 10:00:00
다사52006075,37.6472446069556,126.955884545895,952125,1960875,37.57008,2025-10-01 10:00:00
다사52006100,37.649497866034395,126.95586810689801,952125,1961125,37.433033,2025-10-01 10:00:00
다사52006125,37.6517511242443,126.95585166607,952125,1961375,36.15219,2025-10-01 10:00:00
다사52005950,37.6359782985288,126.955966713416,952125,1959625,38.32332,2025-10-01 10:00:00
다사52005975,37.63823156195179,126.955950283573,952125,1959875,38.169327,2025-10-01 10:00:00
다사52006000,37.640484824506004,126.95593385189899,952125,1960125,38.017506,2025-10-01 10:00:00
다사52006025,37.64273808619139,126.955917418395,952125,1960375,37.86538,2025-10-01 10:00:00
다사52005450,37.590912847645896,126.95629492623999,952125,1954625,42.23486,2025-10-01 10:00:00
다사52005475,37.5931661284413,126.956278532958,952125,1954875,42.276688,2025-10-01 10:00:00
다사52005500,37.59541940836829,126.95626213785,952125,1955125,42.29206,2025-10-01 10:00:00
다사52005525,37.597672687426794,126.956245740916,952125,1955375,42.770607,2025-10-01 10:00:00
다사52005350,37.581899715780104,126.95636048111099,952125,1953625,42.09001,2025-10-01 10:00:00
다사52005375,37.5841530000491,126.956344095131,952125,1953875,42.183228,2025-10-01 10:00:00
다사52005400,37.5864062834498,126.956327707326,952125,1954125,42.178272,2025-10-01 10:00:00
다사52005425,37.588659565982,126.956311317696,952125,1954375,42.192577,2025-10-01 10:00:00
다사52005650,37.60893906969179,126.956163728845,952125,1956625,41.064304,2025-10-01 10:00:00
다사52005675,37.6111923435392,126.956147320949,952125,1956875,40.984867,2025-10-01 10:00:00
다사52005700,37.61344561651789,126.95613091122499,952125,1957125,40.89655,2025-10-01 10:00:00
다사52005725,37.6156988886281,126.956114499674,952125,1957375,40.80529,2025-10-01 10:00:00
다사52005550,37.5999259656169,126.95622934215599,952125,1955625,42.756577,2025-10-01 10:00:00
다사52005575,37.6021792429384,126.956212941568,952125,1955875,42.73404,2025-10-01 10:00:00
다사52005600,37.6044325193914,126.95619653915399,952125,1956125,42.70968,2025-10-01 10:00:00
다사52005625,37.6066857949759,126.95618013491301,952125,1956375,42.68384,2025-10-01 10:00:00
다사51755875,37.629205475064204,126.95318285993099,951875,1958875,38.74856,2025-10-01 10:00:00
다사51755900,37.6314587400406,126.95316635004801,951875,1959125,38.590477,2025-10-01 10:00:00
다사51755925,37.6337120041482,126.953149838326,951875,1959375,38.44576,2025-10-01 10:00:00
다사51755950,37.6359652673869,126.95313332476401,951875,1959625,38.29902,2025-10-01 10:00:00
다사51755775,37.62019240647079,126.953248881075,951875,1957875,40.54462,2025-10-01 10:00:00
다사51755800,37.6224456749223,126.953232378547,951875,1958125,39.219795,2025-10-01 10:00:00
다사51755825,37.624698942505,126.95321587418002,951875,1958375,39.068928,2025-10-01 10:00:00
다사51755850,37.626952209219,126.953199367975,951875,1958625,38.910557,2025-10-01 10:00:00
다사51756075,37.6472315705473,126.95305072935801,951875,1960875,37.581318,2025-10-01 10:00:00
다사51756100,37.6494848285727,126.953034204755,951875,1961125,37.453842,2025-10-01 10:00:00
다사51756125,37.651738085729,126.953017678311,951875,1961375,37.319843,2025-10-01 10:00:00
다사51756150,37.6539913420164,126.953001150027,951875,1961625,36.06232,2025-10-01 10:00:00
다사51755975,37.6382185297568,126.953116809363,951875,1959875,38.151318,2025-10-01 10:00:00
다사51756000,37.640471791257795,126.953100292122,951875,1960125,38.006496,2025-10-01 10:00:00
다사51756025,37.6427250518899,126.953083773041,951875,1960375,37.858673,2025-10-01 10:00:00
다사51756050,37.644978311653105,126.95306725212,951875,1960625,37.71968,2025-10-01 10:00:00
다사51755475,37.5931531172973,126.953446768103,951875,1954875,42.25131,2025-10-01 10:00:00
다사51755500,37.595406396172294,126.953430287618,951875,1955125,42.304596,2025-10-01 10:00:00
다사51755525,37.59765967417879,126.95341380529699,951875,1955375,42.267616,2025-10-01 10:00:00
다사51755550,37.599912951316796,126.95339732113999,951875,1955625,42.2158,2025-10-01 10:00:00
다사51755375,37.584139993112295,126.95351267168999,951875,1953875,42.051666,2025-10-01 10:00:00
다사51755400,37.586393275461205,126.953496198546,951875,1954125,42.02156,2025-10-01 10:00:00
다사51755425,37.588646556941704,126.953479723566,951875,1954375,42.0337,2025-10-01 10:00:00
다사51755450,37.5908998375537,126.953463246752,951875,1954625,42.125755,2025-10-01 10:00:00
다사51755675,37.6111793239777,126.95331487280899,951875,1956875,40.938408,2025-10-01 10:00:00
다사51755700,37.613432595904,126.95329837763201,951875,1957125,40.84648,2025-10-01 10:00:00
다사51755725,37.615685866961606,126.95328188061701,951875,1957375,40.754864,2025-10-01 10:00:00
다사51755750,37.6179391371506,126.95326538176501,951875,1957625,40.65187,2025-10-01 10:00:00
다사51755575,37.6021662275862,126.953380835147,951875,1955875,42.69452,2025-10-01 10:00:00
다사51755600,37.604419502987,126.953364347318,951875,1956125,42.668674,2025-10-01 10:00:00
다사51755625,37.6066727775192,126.95334785765199,951875,1956375,42.644512,2025-10-01 10:00:00
다사51755650,37.60892605118279,126.953331366149,951875,1956625,41.011406,2025-10-01 10:00:00
다사52004250,37.4827543485332,126.957079660581,952125,1942625,43.713852,2025-10-01 10:00:00
다사52004275,37.485007670992296,126.957063354696,952125,1942875,43.999256,2025-10-01 10:00:00
다사52004300,37.487260992584,126.95704704699499,952125,1943125,44.26933,2025-10-01 10:00:00
다사52004325,37.489514313308,126.95703073747801,952125,1943375,44.52664,2025-10-01 10:00:00
다사52004150,37.473741050021204,126.95714486597001,952125,1941625,43.52873,2025-10-01 10:00:00
다사52004175,37.4759943759505,126.957128567346,952125,1941875,43.17814,2025-10-01 10:00:00
다사52004200,37.4782477010122,126.957112266906,952125,1942125,42.903183,2025-10-01 10:00:00
다사52004225,37.4805010252065,126.95709596465099,952125,1942375,43.45111,2025-10-01 10:00:00
다사52004450,37.5007809039139,126.956949162645,952125,1944625,47.3104,2025-10-01 10:00:00
다사52004475,37.5030342194321,126.956932842228,952125,1944875,47.64202,2025-10-01 10:00:00
다사52004500,37.5052875340825,126.956916519993,952125,1945125,47.76647,2025-10-01 10:00:00
다사52004525,37.50754084786529,126.956900195941,952125,1945375,47.939972,2025-10-01 10:00:00
다사52004350,37.4917676331645,126.95701442614401,952125,1943625,44.778976,2025-10-01 10:00:00
다사52004375,37.4940209521533,126.956998112995,952125,1943875,46.630474,2025-10-01 10:00:00
다사52004400,37.4962742702745,126.956981798028,952125,1944125,46.87513,2025-10-01 10:00:00
다사52004425,37.498527587528,126.956965481245,952125,1944375,47.101475,2025-10-01 10:00:00
다사52003850,37.4467010712134,126.95734030798401,952125,1938625,44.47445,2025-10-01 10:00:00
다사52003875,37.448954407551,126.957324031121,952125,1938875,44.4314,2025-10-01 10:00:00
다사52003900,37.4512077430213,126.957307752446,952125,1939125,44.393826,2025-10-01 10:00:00
다사52003925,37.4534610776244,126.957291471958,952125,1939375,44.341904,2025-10-01 10:00:00
다사51756175,37.6562445974348,126.952984619901,951875,1961875,35.966022,2025-10-01 10:00:00
다사52003775,37.439941056997206,126.95738912770099,952125,1937875,44.597027,2025-10-01 10:00:00
다사52003800,37.4421943959365,126.957372856273,952125,1938125,44.55145,2025-10-01 10:00:00
다사52003825,37.444447734008605,126.957356583035,952125,1938375,44.514744,2025-10-01 10:00:00
다사52004050,37.464727737629794,126.957210042325,952125,1940625,44.051144,2025-10-01 10:00:00
다사52004075,37.4669810670288,126.95719375095699,952125,1940875,43.965446,2025-10-01 10:00:00
다사52004100,37.4692343955604,126.957177457776,952125,1941125,43.85559,2025-10-01 10:00:00
다사52004125,37.4714877232245,126.95716116278,952125,1941375,43.72093,2025-10-01 10:00:00
다사52003950,37.455714411360205,126.95727518965799,952125,1939625,44.302025,2025-10-01 10:00:00
다사52003975,37.457967744228604,126.957258905545,952125,1939875,44.238262,2025-10-01 10:00:00
다사52004000,37.4602210762297,126.957242619618,952125,1940125,44.185562,2025-10-01 10:00:00
다사52004025,37.4624744073635,126.95722633187799,952125,1940375,44.12278,2025-10-01 10:00:00
다사51754275,37.484994710269,126.95423567678999,951875,1942875,43.670044,2025-10-01 10:00:00
다사51754300,37.4872480308116,126.95421928416701,951875,1943125,43.948368,2025-10-01 10:00:00
다사51754325,37.489501350486705,126.954202889718,951875,1943375,44.21346,2025-10-01 10:00:00
다사51754350,37.491754669294,126.954186493444,951875,1943625,44.456715,2025-10-01 10:00:00
다사51754175,37.475981419422396,126.954301229034,951875,1941875,42.894356,2025-10-01 10:00:00
다사51754200,37.478234743435394,126.95428484371,951875,1942125,42.86495,2025-10-01 10:00:00
다사51754225,37.4804880665809,126.954268456562,951875,1942375,43.047066,2025-10-01 10:00:00
다사51754250,37.482741388858706,126.954252067589,951875,1942625,43.3751,2025-10-01 10:00:00
다사51754475,37.50302125031521,126.95410448468,951875,1944875,45.053207,2025-10-01 10:00:00
다사51754500,37.5052745639162,126.954088077448,951875,1945125,45.509052,2025-10-01 10:00:00
다사51754525,37.5075278766495,126.95407166838801,951875,1945375,45.677856,2025-10-01 10:00:00
다사51754550,37.5097811885149,126.954055257501,951875,1945625,45.835716,2025-10-01 10:00:00
다사51754375,37.4940079872337,126.95417009534401,951875,1943875,42.470833,2025-10-01 10:00:00
다사51754400,37.496261304305705,126.954153695417,951875,1944125,44.490715,2025-10-01 10:00:00
다사51754425,37.498514620509894,126.95413729366501,951875,1944375,44.68743,2025-10-01 10:00:00
다사51754450,37.5007679358465,126.954120890086,951875,1944625,44.8759,2025-10-01 10:00:00
다사51753875,37.44894146360271,126.954497710685,951875,1938875,44.187923,2025-10-01 10:00:00
다사51753900,37.4511947980251,126.954481347239,951875,1939125,44.1273,2025-10-01 10:00:00
다사51753925,37.4534481315801,126.954464981971,951875,1939375,44.06941,2025-10-01 10:00:00
다사51753950,37.4557014642678,126.954448614881,951875,1939625,44.006493,2025-10-01 10:00:00
다사51753775,37.43992811724021,126.954563146255,951875,1937875,44.40009,2025-10-01 10:00:00
다사51753800,37.442181455131795,126.954546790094,951875,1938125,44.345757,2025-10-01 10:00:00
다사51753825,37.4444347921561,126.954530432113,951875,1938375,44.296436,2025-10-01 10:00:00
다사51753850,37.446688128313,126.95451407231,951875,1938625,44.24543,2025-10-01 10:00:00
다사51754075,37.466968114695,126.954366752089,951875,1940875,43.58619,2025-10-01 10:00:00
다사51754100,37.4692214421781,126.954350374061,951875,1941125,43.458065,2025-10-01 10:00:00
다사51754125,37.471474768793705,126.95433399420901,951875,1941375,43.30579,2025-10-01 10:00:00
다사51754150,37.4737280945418,126.95431761253401,951875,1941625,43.09887,2025-10-01 10:00:00
다사51753975,37.457954796087996,126.954432245968,951875,1939875,43.944595,2025-10-01 10:00:00
다사51754000,37.46020812704089,126.954415875233,951875,1940125,43.86722,2025-10-01 10:00:00
다사51754025,37.462461457126395,126.95439950267401,951875,1940375,43.784008,2025-10-01 10:00:00
다사51754050,37.4647147863444,126.954383128293,951875,1940625,43.693512,2025-10-01 10:00:00
다사51755075,37.5571005371922,126.95371020638001,951875,1950875,44.012405,2025-10-01 10:00:00
다사51755100,37.5593538299611,126.95369375523701,951875,1951125,43.40768,2025-10-01 10:00:00
다사51755125,37.5616071218618,126.95367730226299,951875,1951375,43.217255,2025-10-01 10:00:00
다사51755150,37.5638604128943,126.95366084745501,951875,1951625,43.058723,2025-10-01 10:00:00
다사51754975,37.5480873574343,126.953775992632,951875,1949875,44.87148,2025-10-01 10:00:00
다사51755000,37.5503406536761,126.953759548817,951875,1950125,44.67888,2025-10-01 10:00:00
다사51755025,37.5525939490496,126.95374310317,951875,1950375,44.457348,2025-10-01 10:00:00
다사51755050,37.554847243555,126.953726655691,951875,1950625,44.23059,2025-10-01 10:00:00
다사51755275,37.575126855032295,126.95357854592301,951875,1952875,42.492817,2025-10-01 10:00:00
다사51755300,37.5773801408549,126.953562080116,951875,1953125,42.406307,2025-10-01 10:00:00
다사51755325,37.5796334258091,126.953545612475,951875,1953375,42.06101,2025-10-01 10:00:00
다사51755350,37.5818867098949,126.953529143,951875,1953625,41.992638,2025-10-01 10:00:00
다사51755175,37.5661137030585,126.95364439081499,951875,1951875,42.91909,2025-10-01 10:00:00
다사51755200,37.5683669923544,126.953627932342,951875,1952125,42.795597,2025-10-01 10:00:00
다사51755225,37.5706202807821,126.953611472036,951875,1952375,42.686325,2025-10-01 10:00:00
다사51755250,37.5728735683414,126.95359500989599,951875,1952625,42.585705,2025-10-01 10:00:00
다사51754675,37.52104773482421,126.953973175649,951875,1946875,45.30387,2025-10-01 10:00:00
다사51754700,37.5233010414823,126.953956753793,951875,1947125,45.403282,2025-10-01 10:00:00
다사51754725,37.5255543472726,126.953940330109,951875,1947375,45.497856,2025-10-01 10:00:00
다사51754750,37.5278076521949,126.95392390459499,951875,1947625,46.004116,2025-10-01 10:00:00
다사51754575,37.5120344995124,126.95403884478701,951875,1945875,48.042553,2025-10-01 10:00:00
다사51754600,37.514287809642205,126.95402243024401,951875,1946125,48.191963,2025-10-01 10:00:00
다사51754625,37.5165411189041,126.954006013874,951875,1946375,45.118282,2025-10-01 10:00:00
다사51754650,37.518794427298104,126.953989595675,951875,1946625,45.213173,2025-10-01 10:00:00
다사51754875,37.539074163786296,126.953841749585,951875,1948875,46.47973,2025-10-01 10:00:00
다사51754900,37.5413274635005,126.95382531309299,951875,1949125,45.594025,2025-10-01 10:00:00
다사51754925,37.5435807623465,126.95380887476999,951875,1949375,45.537548,2025-10-01 10:00:00
다사51754950,37.5458340603245,126.953792434617,951875,1949625,45.029858,2025-10-01 10:00:00
다사51754775,37.5300609562492,126.953907477253,951875,1947875,46.104042,2025-10-01 10:00:00
다사51754800,37.5323142594355,126.953891048081,951875,1948125,47.16956,2025-10-01 10:00:00
다사51754825,37.534567561753796,126.953874617079,951875,1948375,46.478977,2025-10-01 10:00:00
다사51754850,37.536820863204106,126.953858184247,951875,1948625,46.486256,2025-10-01 10:00:00
다사51505100,37.5593407667367,126.95086327173401,951625,1951125,43.426178,2025-10-01 10:00:00
다사51505125,37.5615940575809,126.950846733524,951625,1951375,43.24633,2025-10-01 10:00:00
다사51505150,37.563847347556795,126.950830193473,951625,1951625,43.08342,2025-10-01 10:00:00
다사51505175,37.5661006366644,126.950813651579,951625,1951875,42.93343,2025-10-01 10:00:00
다사51505000,37.550327594677,126.950929406156,951625,1950125,44.635174,2025-10-01 10:00:00
다사51505025,37.5525808889943,126.950912875313,951625,1950375,44.44426,2025-10-01 10:00:00
다사51505050,37.5548341824434,126.950896342628,951625,1950625,44.24366,2025-10-01 10:00:00
다사51505075,37.557087475024204,126.950879808101,951625,1950875,44.04796,2025-10-01 10:00:00
다사51505300,37.5773670691766,126.95073091446999,951625,1953125,42.31733,2025-10-01 10:00:00
다사51505325,37.5796203530738,126.950714361518,951625,1953375,41.965538,2025-10-01 10:00:00
다사51505350,37.5818736361025,126.950697806723,951625,1953625,41.85383,2025-10-01 10:00:00
다사51505375,37.5841269182628,126.95068125008301,951625,1953875,41.863335,2025-10-01 10:00:00
다사51505200,37.568353924903604,126.950797107843,951625,1952125,42.79533,2025-10-01 10:00:00
다사51505225,37.570607212274496,126.950780562264,951625,1952375,42.668083,2025-10-01 10:00:00
다사51505250,37.5728604987769,126.950764014842,951625,1952625,42.54816,2025-10-01 10:00:00
다사51505275,37.575113784411,126.950747465578,951625,1952875,42.432426,2025-10-01 10:00:00
다사51504700,37.523287995153495,126.95112763275299,951625,1947125,45.348545,2025-10-01 10:00:00
다사51504725,37.525541299888296,126.951111123985,951625,1947375,45.881435,2025-10-01 10:00:00
다사51504750,37.527794603755005,126.95109461338001,951625,1947625,45.97152,2025-10-01 10:00:00
다사51504775,37.5300479067537,126.951078100935,951625,1947875,46.06758,2025-10-01 10:00:00
다사51504600,37.51427476753479,126.95119364943999,951625,1946125,46.060257,2025-10-01 10:00:00
다사51504625,37.5165280757414,126.951177148025,951625,1946375,45.049698,2025-10-01 10:00:00
다사51504650,37.5187813830801,126.95116064477199,951625,1946625,45.14808,2025-10-01 10:00:00
다사51504675,37.521034689550795,126.951144139682,951625,1946875,45.251637,2025-10-01 10:00:00
다사51504900,37.541314408725796,126.950995511124,951625,1949125,45.460007,2025-10-01 10:00:00
다사51504925,37.5435677065159,126.950978987643,951625,1949375,45.380066,2025-10-01 10:00:00
다사51504950,37.545821003437794,126.950962462321,951625,1949625,45.271072,2025-10-01 10:00:00
다사51504975,37.5480742994915,126.950945935159,951625,1949875,45.118702,2025-10-01 10:00:00
다사51504800,37.5323012088843,126.95106158665199,951625,1948125,47.15634,2025-10-01 10:00:00
다사51504825,37.5345545101468,126.951045070529,951625,1948375,46.469727,2025-10-01 10:00:00
다사51504850,37.5368078105413,126.95102855256701,951625,1948625,46.462208,2025-10-01 10:00:00
다사51504875,37.5390611100676,126.951012032766,951625,1948875,46.433784,2025-10-01 10:00:00
다사51505900,37.6314456429767,126.950333134324,951625,1959125,38.540466,2025-10-01 10:00:00
다사51505925,37.6336989060258,126.950316537063,951625,1959375,38.398083,2025-10-01 10:00:00
다사51505950,37.6359521682059,126.95029993795299,951625,1959625,38.26109,2025-10-01 10:00:00
다사51505975,37.6382054295171,126.950283336994,951625,1959875,38.12365,2025-10-01 10:00:00
다사51505800,37.622432582091896,126.95039950488301,951625,1958125,40.369846,2025-10-01 10:00:00
다사51505825,37.624685848616295,126.950382915015,951625,1958375,39.00198,2025-10-01 10:00:00
다사51505850,37.626939114272,126.9503663233,951625,1958625,38.85076,2025-10-01 10:00:00
다사51505875,37.62919237905879,126.950349729736,951625,1958875,38.697433,2025-10-01 10:00:00
다사51506100,37.6494717230389,126.95020030445299,951625,1961125,37.46295,2025-10-01 10:00:00
다사51506125,37.651724979136205,126.950183692394,951625,1961375,37.340015,2025-10-01 10:00:00
다사51506150,37.6539782343645,126.950167078485,951625,1961625,36.078674,2025-10-01 10:00:00
다사51506175,37.656231488723705,126.950150462724,951625,1961875,35.981304,2025-10-01 10:00:00
다사51506000,37.640458689959395,126.950266734185,951625,1960125,37.98577,2025-10-01 10:00:00
다사51506025,37.642711949532796,126.95025012952699,951625,1960375,37.846394,2025-10-01 10:00:00
다사51506050,37.6449652082371,126.95023352301901,951625,1960625,37.720474,2025-10-01 10:00:00
다사51506075,37.6472184660725,126.95021691466101,951625,1960875,37.586334,2025-10-01 10:00:00
다사51505500,37.59539331603621,126.950598439221,951625,1955125,42.28062,2025-10-01 10:00:00
다사51505525,37.5976465929852,126.95058187151301,951625,1955375,42.188644,2025-10-01 10:00:00
다사51505550,37.5998998690656,126.95056530196001,951625,1955625,42.130417,2025-10-01 10:00:00
다사51505575,37.602153144277295,126.950548730562,951625,1955875,42.08545,2025-10-01 10:00:00
다사51505400,37.5863801995545,126.9506646916,951625,1954125,41.76988,2025-10-01 10:00:00
다사51505425,37.5886334799778,126.95064813127199,951625,1954375,41.705254,2025-10-01 10:00:00
다사51505450,37.5908867595325,126.9506315691,951625,1954625,41.717007,2025-10-01 10:00:00
다사51505475,37.5931400382186,126.95061500508301,951625,1954875,42.092674,2025-10-01 10:00:00
다사51505700,37.613419507306,126.95046584587601,951625,1957125,40.79381,2025-10-01 10:00:00
다사51505725,37.615672777305605,126.950449263399,951625,1957375,40.69769,2025-10-01 10:00:00
다사51505750,37.6179260464365,126.950432679074,951625,1957625,40.59794,2025-10-01 10:00:00
다사51505775,37.6201793146986,126.95041609290199,951625,1957875,40.48819,2025-10-01 10:00:00
다사51505600,37.6044064186204,126.95053215731701,951625,1956125,42.043934,2025-10-01 10:00:00
다사51505625,37.6066596920949,126.950515582227,951625,1956375,42.581417,2025-10-01 10:00:00
다사51505650,37.6089129647006,126.95049900529,951625,1956625,42.561493,2025-10-01 10:00:00
다사51505675,37.611166236437704,126.950482426506,951625,1956875,40.877975,2025-10-01 10:00:00
다사51255975,37.6381922612331,126.947449866474,951375,1959875,38.081966,2025-10-01 10:00:00
다사51256000,37.6404455206112,126.947433178098,951375,1960125,37.952717,2025-10-01 10:00:00
다사51256025,37.642698779120295,126.94741648786301,951375,1960375,37.829483,2025-10-01 10:00:00
다사51256050,37.644952036760294,126.947399795769,951375,1960625,37.6961,2025-10-01 10:00:00
다사51255875,37.6291792150309,126.94751660139,951375,1958875,38.6333,2025-10-01 10:00:00
다사51255900,37.6314324778849,126.947499920448,951375,1959125,38.48442,2025-10-01 10:00:00
다사51255925,37.63368573987,126.947483237649,951375,1959375,38.344437,2025-10-01 10:00:00
다사51255950,37.635939000986,126.947466552991,951375,1959625,38.209923,2025-10-01 10:00:00
다사51256175,37.656218311924206,126.947316307399,951375,1961875,35.99353,2025-10-01 10:00:00
다사51256200,37.6584715643497,126.947299604144,951375,1962125,35.902073,2025-10-01 10:00:00
다사51256225,37.6607248159059,126.947282899028,951375,1962375,35.831738,2025-10-01 10:00:00
다사51503775,37.4399151099213,126.95173716662902,951625,1937875,44.205376,2025-10-01 10:00:00
다사51256075,37.6472052935313,126.94738310181499,951375,1960875,37.579403,2025-10-01 10:00:00
다사51256100,37.649458549433206,126.947366406001,951375,1961125,37.46042,2025-10-01 10:00:00
다사51256125,37.651711804466,126.947349708328,951375,1961375,37.345074,2025-10-01 10:00:00
다사51256150,37.6539650586297,126.947333008794,951375,1961625,37.23163,2025-10-01 10:00:00
다사51255575,37.602139993012,126.94771662782301,951375,1955875,41.946316,2025-10-01 10:00:00
다사51255600,37.6043932662919,126.947699969163,951375,1956125,41.946056,2025-10-01 10:00:00
다사51255625,37.6066465387031,126.947683308648,951375,1956375,41.9323,2025-10-01 10:00:00
다사51255650,37.6088998102455,126.94766664627701,951375,1956625,41.90633,2025-10-01 10:00:00
다사51255475,37.5931268912055,126.947783243908,951375,1954875,40.919422,2025-10-01 10:00:00
다사51255500,37.5953801679601,126.947766592669,951375,1955125,41.63259,2025-10-01 10:00:00
다사51255525,37.5976334438461,126.947749939575,951375,1955375,41.879173,2025-10-01 10:00:00
다사51255550,37.599886718863395,126.94773328462601,951375,1955625,41.939182,2025-10-01 10:00:00
다사51255775,37.6201661549259,126.947583306577,951375,1957875,40.4189,2025-10-01 10:00:00
다사51255800,37.6224194212555,126.947566633067,951375,1958125,40.30162,2025-10-01 10:00:00
다사51255825,37.6246726867162,126.947549957699,951375,1958375,40.18101,2025-10-01 10:00:00
다사51255850,37.626925951307996,126.94753328047301,951375,1958625,38.78888,2025-10-01 10:00:00
다사51255675,37.6111530809192,126.94764998205,951375,1956875,40.811546,2025-10-01 10:00:00
다사51255700,37.6134063507241,126.94763331596701,951375,1957125,40.731422,2025-10-01 10:00:00
다사51255725,37.6156596196602,126.947616648027,951375,1957375,40.638767,2025-10-01 10:00:00
다사51255750,37.6179128877275,126.947599978231,951375,1957625,40.529217,2025-10-01 10:00:00
다사51504300,37.4872350013625,126.951391523165,951625,1943125,41.756203,2025-10-01 10:00:00
다사51504325,37.489488319983,126.95137504378401,951625,1943375,41.9416,2025-10-01 10:00:00
다사51504350,37.49174163773571,126.95135856256901,951625,1943625,42.107117,2025-10-01 10:00:00
다사51504375,37.493994954620796,126.95134207951901,951625,1943875,42.26089,2025-10-01 10:00:00
다사51504200,37.4782217182036,126.951457422339,951625,1942125,42.66559,2025-10-01 10:00:00
다사51504225,37.48047504029479,126.951440950297,951625,1942375,42.819424,2025-10-01 10:00:00
다사51504250,37.4827283615184,126.951424476421,951625,1942625,43.06265,2025-10-01 10:00:00
다사51504275,37.4849816818743,126.95140800071002,951625,1942875,41.56382,2025-10-01 10:00:00
다사51504500,37.50526152602921,126.95125963672899,951625,1945125,45.36687,2025-10-01 10:00:00
다사51504525,37.507514837707504,126.951243142662,951625,1945375,45.55379,2025-10-01 10:00:00
다사51504550,37.50976814851779,126.951226646759,951625,1945625,45.726646,2025-10-01 10:00:00
다사51504575,37.512021458460204,126.951210149018,951625,1945875,45.894646,2025-10-01 10:00:00
다사51504400,37.496248270638105,126.951325594633,951625,1944125,44.315697,2025-10-01 10:00:00
다사51504425,37.4985015857876,126.951309107911,951625,1944375,44.517944,2025-10-01 10:00:00
다사51504450,37.500754900069296,126.95129261935301,951625,1944625,44.71372,2025-10-01 10:00:00
다사51504475,37.503008213483206,126.95127612895901,951625,1944875,44.89577,2025-10-01 10:00:00
다사51503900,37.4511817854396,126.95165494385401,951625,1939125,43.88464,2025-10-01 10:00:00
다사51503925,37.453435117941105,126.951638493806,951625,1939375,43.814873,2025-10-01 10:00:00
다사51503950,37.4556884495751,126.951622041926,951625,1939625,43.744022,2025-10-01 10:00:00
다사51503975,37.4579417803418,126.951605588214,951625,1939875,43.664925,2025-10-01 10:00:00
다사51503800,37.4421684467597,126.95172072573601,951625,1938125,44.15237,2025-10-01 10:00:00
다사51503825,37.4444217827307,126.951704283012,951625,1938375,44.08248,2025-10-01 10:00:00
다사51503850,37.446675117834296,126.95168783845699,951625,1938625,44.025997,2025-10-01 10:00:00
다사51503875,37.448928452070604,126.951671392071,951625,1938875,43.95285,2025-10-01 10:00:00
다사51504100,37.469208421162705,126.951523292169,951625,1941125,43.15755,2025-10-01 10:00:00
다사51504125,37.471461746724295,126.95150682746201,951625,1941375,43.02899,2025-10-01 10:00:00
다사51504150,37.4737150714184,126.951490360921,951625,1941625,41.031883,2025-10-01 10:00:00
다사51504175,37.4759683952448,126.951473892547,951625,1941875,40.97678,2025-10-01 10:00:00
다사51504000,37.460195110240996,126.95158913267001,951625,1940125,43.585026,2025-10-01 10:00:00
다사51504025,37.462448439272706,126.951572675294,951625,1940375,43.48813,2025-10-01 10:00:00
다사51504050,37.4647017674369,126.951556216085,951625,1940625,43.395676,2025-10-01 10:00:00
다사51504075,37.4669550947336,126.951539755044,951625,1940875,43.280987,2025-10-01 10:00:00
다사51254375,37.493981854314704,126.948514065529,951375,1943875,42.08278,2025-10-01 10:00:00
다사51254400,37.4962351692718,126.948497495683,951375,1944125,42.220425,2025-10-01 10:00:00
다사51254425,37.4984884833611,126.948480923993,951375,1944375,44.367443,2025-10-01 10:00:00
다사51254450,37.500741796582496,126.948464350457,951375,1944625,44.56624,2025-10-01 10:00:00
다사51254275,37.484968585808296,126.94858032646401,951375,1942875,41.451866,2025-10-01 10:00:00
다사51254300,37.4872219042365,126.948563763997,951375,1943125,41.615852,2025-10-01 10:00:00
다사51254325,37.4894752217971,126.94854719968599,951375,1943375,41.780235,2025-10-01 10:00:00
다사51254350,37.491728538489795,126.94853063353001,951375,1943625,41.940716,2025-10-01 10:00:00
다사51254575,37.512008349671,126.94838145508699,951375,1945875,45.79836,2025-10-01 10:00:00
다사51254600,37.5142616576849,126.948364870474,951375,1946125,45.969254,2025-10-01 10:00:00
다사51254625,37.5165149648308,126.948348284014,951375,1946375,46.146645,2025-10-01 10:00:00
다사51254650,37.518768271108705,126.948331695707,951375,1946625,46.020103,2025-10-01 10:00:00
다사51254475,37.502995108936,126.948447775075,951375,1944875,44.758507,2025-10-01 10:00:00
다사51254500,37.50524842042171,126.948431197847,951375,1945125,45.202736,2025-10-01 10:00:00
다사51254525,37.5075017310394,126.948414618773,951375,1945375,45.434364,2025-10-01 10:00:00
다사51254550,37.5097550407892,126.948398037854,951375,1945625,45.62299,2025-10-01 10:00:00
다사51253975,37.45792869699,126.948778932292,951375,1939875,41.304844,2025-10-01 10:00:00
다사51254000,37.460182025829994,126.94876239193998,951375,1940125,41.259026,2025-10-01 10:00:00
다사51254025,37.4624353538025,126.948745849746,951375,1940375,41.210464,2025-10-01 10:00:00
다사51254050,37.4646886809074,126.94872930571002,951375,1940625,41.158543,2025-10-01 10:00:00
다사51253875,37.4489153729549,126.94884507528799,951375,1938875,43.740963,2025-10-01 10:00:00
다사51253900,37.4511687052649,126.948828542301,951375,1939125,43.662777,2025-10-01 10:00:00
다사51253925,37.453422036707394,126.948812007472,951375,1939375,41.389503,2025-10-01 10:00:00
다사51253950,37.4556753672824,126.94879547080299,951375,1939625,41.35651,2025-10-01 10:00:00
다사51254175,37.4759553034178,126.948646557894,951375,1941875,42.573452,2025-10-01 10:00:00
다사51254200,37.478208625317,126.94863000280199,951375,1942125,42.61621,2025-10-01 10:00:00
다사51254225,37.4804619463485,126.94861344586599,951375,1942375,42.73902,2025-10-01 10:00:00
다사51254250,37.4827152665122,126.948596887087,951375,1942625,41.293083,2025-10-01 10:00:00
다사51254075,37.4669420071447,126.948712759832,951375,1940875,41.10507,2025-10-01 10:00:00
다사51254100,37.4691953325144,126.948696212111,951375,1941125,41.050095,2025-10-01 10:00:00
다사51254125,37.4714486570165,126.948679662548,951375,1941375,40.990772,2025-10-01 10:00:00
다사51254150,37.473701980651,126.94866311114201,951375,1941625,40.96387,2025-10-01 10:00:00
다사51255175,37.5660875024016,126.947982914185,951375,1951875,42.935635,2025-10-01 10:00:00
다사51255200,37.5683407895786,126.947966285186,951375,1952125,42.78897,2025-10-01 10:00:00
다사51255225,37.5705940758873,126.947949654335,951375,1952375,42.651188,2025-10-01 10:00:00
다사51255250,37.5728473613274,126.94793302163201,951375,1952625,42.509575,2025-10-01 10:00:00
다사51255075,37.5570743450095,126.94804941166402,951375,1950875,44.065067,2025-10-01 10:00:00
다사51255100,37.5593276356601,126.948032790072,951375,1951125,43.89909,2025-10-01 10:00:00
다사51255125,37.56158092544229,126.948016166628,951375,1951375,43.246822,2025-10-01 10:00:00
다사51255150,37.563834214356206,126.947999541332,951375,1951625,43.086327,2025-10-01 10:00:00
다사51255375,37.584113775500796,126.947849830321,951375,1953875,41.66431,2025-10-01 10:00:00
다사51255400,37.586367055729795,126.94783318649901,951375,1954125,41.49964,2025-10-01 10:00:00
다사51255425,37.5886203350903,126.947816540823,951375,1954375,41.309074,2025-10-01 10:00:00
다사51255450,37.590873613582204,126.947799893293,951375,1954625,41.06698,2025-10-01 10:00:00
다사51255275,37.5751006458991,126.94791638707599,951375,1952875,42.372055,2025-10-01 10:00:00
다사51255300,37.577353929602296,126.947899750667,951375,1953125,42.229317,2025-10-01 10:00:00
다사51255325,37.579607212437,126.947883112405,951375,1953375,42.08318,2025-10-01 10:00:00
다사51255350,37.5818604944032,126.94786647228999,951375,1953625,41.718067,2025-10-01 10:00:00
다사51254775,37.5300347894773,126.94824872645701,951375,1947875,46.014767,2025-10-01 10:00:00
다사51254800,37.5322880905467,126.948232127062,951375,1948125,47.120773,2025-10-01 10:00:00
다사51254825,37.534541390748004,126.948215525819,951375,1948375,47.13385,2025-10-01 10:00:00
다사51254850,37.53679469008121,126.94819892272699,951375,1948625,46.428158,2025-10-01 10:00:00
다사51254675,37.5210215765185,126.94831510555201,951375,1946875,46.185097,2025-10-01 10:00:00
다사51254700,37.523274881060296,126.94829851355,951375,1947125,45.290825,2025-10-01 10:00:00
다사51254725,37.5255281847341,126.948281919701,951375,1947375,45.843597,2025-10-01 10:00:00
다사51254750,37.5277814875397,126.94826532400299,951375,1947625,45.920307,2025-10-01 10:00:00
다사51254975,37.548061173724,126.948115879527,951375,1949875,45.02651,2025-10-01 10:00:00
다사51255000,37.5503144678478,126.948099265337,951375,1950125,44.862274,2025-10-01 10:00:00
다사51255025,37.5525677611033,126.948082649297,951375,1950375,44.68217,2025-10-01 10:00:00
다사51255050,37.5548210534906,126.948066031406,951375,1950625,44.23866,2025-10-01 10:00:00
다사51254875,37.5390479885462,126.948182317786,951375,1948875,46.392532,2025-10-01 10:00:00
다사51254900,37.5413012861429,126.948165710996,951375,1949125,45.366913,2025-10-01 10:00:00
다사51254925,37.5435545828715,126.948149102356,951375,1949375,45.281216,2025-10-01 10:00:00
다사51254950,37.5458078787319,126.94813249186599,951375,1949625,45.170944,2025-10-01 10:00:00
다사51005250,37.5728341559929,126.94510203027399,951125,1952625,42.23608,2025-10-01 10:00:00
다사51005275,37.5750874394968,126.94508531042601,951125,1952875,42.07467,2025-10-01 10:00:00
다사51005300,37.577340722132,126.945068588717,951125,1953125,41.9137,2025-10-01 10:00:00
다사51005325,37.5795940038987,126.94505186514499,951125,1953375,41.981186,2025-10-01 10:00:00
다사51005150,37.5638210132925,126.945168891044,951125,1951625,42.867294,2025-10-01 10:00:00
다사51005175,37.5660743002704,126.94515217864401,951125,1951875,42.703438,2025-10-01 10:00:00
다사51005200,37.5683275863797,126.945135464382,951125,1952125,42.545578,2025-10-01 10:00:00
다사51005225,37.5705808716206,126.94511874825899,951125,1952375,42.392906,2025-10-01 10:00:00
다사51005450,37.590860399703004,126.94496821933998,951125,1954625,41.005775,2025-10-01 10:00:00
다사51005475,37.59311367625789,126.94495148458799,951125,1954875,41.0401,2025-10-01 10:00:00
다사51005500,37.5953669519441,126.944934747972,951125,1955125,41.303776,2025-10-01 10:00:00
다사51005525,37.597620226761606,126.944918009492,951125,1955375,41.549263,2025-10-01 10:00:00
다사51005350,37.581847284796794,126.94503513971,951125,1953625,41.610706,2025-10-01 10:00:00
다사51005375,37.5841005648264,126.945018412413,951125,1953875,41.52292,2025-10-01 10:00:00
다사51005400,37.586353843987204,126.94500168325199,951125,1954125,41.33879,2025-10-01 10:00:00
다사51005425,37.5886071222795,126.944984952227,951125,1954375,41.15162,2025-10-01 10:00:00
다사51004850,37.536781501823896,126.945369294736,951125,1948625,46.38934,2025-10-01 10:00:00
다사51004875,37.5390347992221,126.945352604656,951125,1948875,45.344067,2025-10-01 10:00:00
다사51004900,37.5412880957519,126.945335912717,951125,1949125,45.28538,2025-10-01 10:00:00
다사51004925,37.5435413914135,126.945319218918,951125,1949375,45.198265,2025-10-01 10:00:00
다사51004750,37.5277683035492,126.94543603647399,951125,1947625,46.24536,2025-10-01 10:00:00
다사51004775,37.530021604420206,126.945419353827,951125,1947875,45.954212,2025-10-01 10:00:00
다사51004800,37.532274904423,126.945402669321,951125,1948125,46.024506,2025-10-01 10:00:00
다사51004825,37.5345282035576,126.94538598295799,951125,1948375,47.090588,2025-10-01 10:00:00
다사51005050,37.5548078566968,126.94523572203501,951125,1950625,44.069233,2025-10-01 10:00:00
다사51005075,37.557061147148296,126.945219017078,951125,1950875,43.89645,2025-10-01 10:00:00
다사51005100,37.5593144367315,126.945202310261,951125,1951125,43.73482,2025-10-01 10:00:00
다사51005125,37.5615677254462,126.945185601583,951125,1951375,43.321785,2025-10-01 10:00:00
다사51004950,37.5457946862068,126.94530252326099,951125,1949625,45.089294,2025-10-01 10:00:00
다사51004975,37.5480479801318,126.945285825744,951125,1949875,44.957306,2025-10-01 10:00:00
다사51005000,37.5503012731885,126.945269126368,951125,1950125,44.79343,2025-10-01 10:00:00
다사51005025,37.552554565376795,126.945252425131,951125,1950375,44.625412,2025-10-01 10:00:00
다사51006050,37.64493879722271,126.944566070378,951125,1960625,37.67444,2025-10-01 10:00:00
다사51006075,37.6471920529238,126.944549290828,951125,1960875,37.564976,2025-10-01 10:00:00
다사51006100,37.649445307755705,126.94453250941002,951125,1961125,37.454056,2025-10-01 10:00:00
다사51006125,37.651698561718504,126.94451572612101,951125,1961375,37.345432,2025-10-01 10:00:00
다사51005950,37.6359257657274,126.94463316988701,951125,1959625,38.16018,2025-10-01 10:00:00
다사51005975,37.6381790249049,126.944616397813,951125,1959875,38.03486,2025-10-01 10:00:00
다사51006000,37.64043228321321,126.94459962386999,951125,1960125,37.910072,2025-10-01 10:00:00
다사51006025,37.6426855406525,126.94458284805799,951125,1960375,37.79186,2025-10-01 10:00:00
다사51253775,37.4399020350406,126.948911188835,951375,1937875,44.03728,2025-10-01 10:00:00
다사51253800,37.442155370820295,126.94889466320801,951375,1938125,43.96482,2025-10-01 10:00:00
다사51253825,37.444408705732606,126.94887813574199,951375,1938375,43.8881,2025-10-01 10:00:00
다사51253850,37.4466620397774,126.94886160643499,951375,1938625,43.815273,2025-10-01 10:00:00
다사51006150,37.6539518148121,126.944498940963,951125,1961625,37.235207,2025-10-01 10:00:00
다사51006175,37.6562050670365,126.944482153935,951125,1961875,37.131077,2025-10-01 10:00:00
다사51006200,37.6584583183917,126.944465365036,951125,1962125,35.914165,2025-10-01 10:00:00
다사51006225,37.6607115688777,126.944448574268,951125,1962375,35.83608,2025-10-01 10:00:00
다사51005650,37.6088865878177,126.944834289121,951125,1956625,41.828403,2025-10-01 10:00:00
다사51005675,37.6111398574225,126.94481753945101,951125,1956875,39.96737,2025-10-01 10:00:00
다사51005700,37.6133931261584,126.944800787915,951125,1957125,39.855736,2025-10-01 10:00:00
다사51005725,37.615646394025504,126.94478403451299,951125,1957375,40.567528,2025-10-01 10:00:00
다사51005550,37.599873500710395,126.944901269148,951125,1955625,41.690575,2025-10-01 10:00:00
다사51005575,37.602126773790395,126.94488452693899,951125,1955875,41.768887,2025-10-01 10:00:00
다사51005600,37.6043800460016,126.944867782865,951125,1956125,41.808216,2025-10-01 10:00:00
다사51005625,37.606633317344,126.94485103692499,951125,1956375,41.830364,2025-10-01 10:00:00
다사51005850,37.6269127203273,126.94470023950399,951125,1958625,39.0342,2025-10-01 10:00:00
다사51005875,37.6291659829809,126.944683474902,951125,1958875,38.88594,2025-10-01 10:00:00
다사51005900,37.6314192447654,126.944666708431,951125,1959125,38.417465,2025-10-01 10:00:00
다사51005925,37.6336725056809,126.944649940093,951125,1959375,38.284386,2025-10-01 10:00:00
다사51005750,37.6178996610237,126.944767279244,951125,1957625,40.449352,2025-10-01 10:00:00
다사51005775,37.620152927153,126.94475052211,951125,1957875,40.329605,2025-10-01 10:00:00
다사51005800,37.62240619241339,126.944733763108,951125,1958125,40.209877,2025-10-01 10:00:00
다사51005825,37.62465945680479,126.94471700224,951125,1958375,40.08813,2025-10-01 10:00:00
다사50756125,37.6516852508939,126.941681745785,950875,1961375,37.329662,2025-10-01 10:00:00
다사50756150,37.6539385029119,126.941664875002,950875,1961625,37.231857,2025-10-01 10:00:00
다사50756175,37.6561917540607,126.941648002341,950875,1961875,37.13128,2025-10-01 10:00:00
다사50756200,37.65844500434021,126.941631127799,950875,1962125,35.9189,2025-10-01 10:00:00
다사50756025,37.6426722341296,126.941749210122,950875,1960375,37.75086,2025-10-01 10:00:00
다사50756050,37.6449254896245,126.941732346856,950875,1960625,37.637928,2025-10-01 10:00:00
다사50756075,37.647178744250205,126.941715481711,950875,1960875,37.536537,2025-10-01 10:00:00
다사50756100,37.6494319980066,126.941698614687,950875,1961125,37.43058,2025-10-01 10:00:00
다사51003850,37.4466488941425,126.946035376254,951125,1938625,41.411224,2025-10-01 10:00:00
다사51003875,37.448902226255605,126.94601876034599,951125,1938875,41.360756,2025-10-01 10:00:00
다사51003900,37.4511555575012,126.946002142588,951125,1939125,41.3199,2025-10-01 10:00:00
다사51003925,37.453408887879206,126.94598552298001,951125,1939375,41.27528,2025-10-01 10:00:00
다사51003750,37.4376355570153,126.94610182138901,951125,1937625,41.58095,2025-10-01 10:00:00
다사51003775,37.4398888925983,126.94608521288,951125,1937875,41.539112,2025-10-01 10:00:00
다사51003800,37.442142227313795,126.94606860251999,951125,1938125,41.496006,2025-10-01 10:00:00
다사51003825,37.4443955611619,126.946051990312,951125,1938375,41.45132,2025-10-01 10:00:00
다사50755725,37.6156331004016,126.941951422864,950875,1957375,39.66932,2025-10-01 10:00:00
다사50755750,37.6178863663252,126.941934582124,950875,1957625,40.339474,2025-10-01 10:00:00
다사50755775,37.6201396313799,126.941917739508,950875,1957875,40.211666,2025-10-01 10:00:00
다사50755800,37.6223928955656,126.941900895016,950875,1958125,40.08147,2025-10-01 10:00:00
다사50755625,37.6066200280178,126.942018767068,950875,1956375,41.712067,2025-10-01 10:00:00
다사50755650,37.608873297417105,126.94200193383001,950875,1956625,41.749374,2025-10-01 10:00:00
다사50755675,37.6111265659475,126.941985098717,950875,1956875,40.719738,2025-10-01 10:00:00
다사50755700,37.613379833609,126.94196826172801,950875,1957125,39.813705,2025-10-01 10:00:00
다사50755925,37.633659203458706,126.94181664440501,950875,1959375,38.553684,2025-10-01 10:00:00
다사50755950,37.6359124624301,126.941799788652,950875,1959625,38.425514,2025-10-01 10:00:00
다사50755975,37.6381657205324,126.94178293101999,950875,1959875,37.97752,2025-10-01 10:00:00
다사50756000,37.640418977765606,126.94176607151,950875,1960125,37.86368,2025-10-01 10:00:00
다사50755825,37.6246461588823,126.94188404864799,950875,1958375,39.96168,2025-10-01 10:00:00
다사50755850,37.62689942133,126.94186720040301,950875,1958625,39.846645,2025-10-01 10:00:00
다사50755875,37.629152682908604,126.94185035028099,950875,1958875,38.816772,2025-10-01 10:00:00
다사50755900,37.631405943618205,126.941833498282,950875,1959125,38.681942,2025-10-01 10:00:00
다사51004450,37.500728625386294,126.94563608340599,951125,1944625,44.65665,2025-10-01 10:00:00
다사51004475,37.502981936674,126.945619423036,951125,1944875,44.861423,2025-10-01 10:00:00
다사51004500,37.5052352470937,126.945602760811,951125,1945125,45.073517,2025-10-01 10:00:00
다사51004525,37.5074885566455,126.94558609673099,951125,1945375,45.282585,2025-10-01 10:00:00
다사51004350,37.491715371556296,126.945702706335,951125,1943625,41.802155,2025-10-01 10:00:00
다사51004375,37.493968686315604,126.94568605338499,951125,1943875,41.941494,2025-10-01 10:00:00
다사51004400,37.4962220002071,126.94566939858,951125,1944125,43.065163,2025-10-01 10:00:00
다사51004425,37.4984753132306,126.94565274192,951125,1944375,43.268585,2025-10-01 10:00:00
다사51004650,37.5187550913839,126.945502748489,951125,1946625,45.92083,2025-10-01 10:00:00
다사51004675,37.5210083957274,126.94548607327101,951125,1946875,46.086754,2025-10-01 10:00:00
다사51004700,37.5232616992028,126.945469396196,951125,1947125,46.249863,2025-10-01 10:00:00
다사51004725,37.5255150018101,126.945452717264,951125,1947375,46.178425,2025-10-01 10:00:00
다사51004550,37.509741865329204,126.945569430795,951125,1945625,45.519226,2025-10-01 10:00:00
다사51004575,37.511995173144996,126.94555276300301,951125,1945875,45.70156,2025-10-01 10:00:00
다사51004600,37.514248480092704,126.945536093355,951125,1946125,45.883034,2025-10-01 10:00:00
다사51004625,37.51650178617229,126.94551942185,951125,1946375,46.058266,2025-10-01 10:00:00
다사51004050,37.464675526756004,126.945902397176,951125,1940625,41.051,2025-10-01 10:00:00
다사51004075,37.4669288519285,126.945885766462,951125,1940875,41.00746,2025-10-01 10:00:00
다사51004100,37.469182176233296,126.94586913389601,951125,1941125,40.965298,2025-10-01 10:00:00
다사51004125,37.4714354996705,126.945852499477,951125,1941375,40.938023,2025-10-01 10:00:00
다사51003950,37.4556622173898,126.945968901521,951125,1939625,41.22939,2025-10-01 10:00:00
다사51003975,37.45791554603271,126.945952278211,951125,1939875,41.18811,2025-10-01 10:00:00
다사51004000,37.4601688738081,126.945935653051,951125,1940125,41.13577,2025-10-01 10:00:00
다사51004025,37.4624222007159,126.94591902603901,951125,1940375,41.091427,2025-10-01 10:00:00
다사51004250,37.4827021038405,126.94576929959699,951125,1942625,41.233562,2025-10-01 10:00:00
다사51004275,37.4849554220711,126.945752654062,951125,1942875,41.37293,2025-10-01 10:00:00
다사51004300,37.487208739433996,126.945736006674,951125,1943125,41.50978,2025-10-01 10:00:00
다사51004325,37.4894620559291,126.94571935743099,951125,1943375,41.660084,2025-10-01 10:00:00
다사51004150,37.47368882224001,126.945835863207,951125,1941625,40.91701,2025-10-01 10:00:00
다사51004175,37.4759421439417,126.945819225084,951125,1941875,42.516937,2025-10-01 10:00:00
다사51004200,37.4781954647757,126.945802585108,951125,1942125,42.570618,2025-10-01 10:00:00
다사51004225,37.480448784741995,126.945785943279,951125,1942375,41.114773,2025-10-01 10:00:00
다사50754525,37.50747531452579,126.942757576544,950875,1945375,45.16491,2025-10-01 10:00:00
다사50754550,37.509728622138,126.942740825592,950875,1945625,45.370186,2025-10-01 10:00:00
다사50754575,37.5119819288822,126.94272407277501,950875,1945875,45.56561,2025-10-01 10:00:00
다사50754600,37.514235234758296,126.942707318092,950875,1946125,45.79789,2025-10-01 10:00:00
다사50754425,37.4984620753963,126.942824561702,950875,1944375,43.13664,2025-10-01 10:00:00
다사50754450,37.50071538648071,126.94280781821001,950875,1944625,44.548676,2025-10-01 10:00:00
다사50754475,37.5029686966971,126.942791072852,950875,1944875,44.75056,2025-10-01 10:00:00
다사50754500,37.5052220060455,126.942774325631,950875,1945125,44.963024,2025-10-01 10:00:00
다사50754725,37.5255017511166,126.942623516684,950875,1947375,46.112038,2025-10-01 10:00:00
다사50754750,37.52775505178371,126.942606750803,950875,1947625,47.028442,2025-10-01 10:00:00
다사50754775,37.530008351582495,126.942589983054,950875,1947875,47.04401,2025-10-01 10:00:00
다사50754800,37.5322616505132,126.942573213438,950875,1948125,47.04705,2025-10-01 10:00:00
다사50754625,37.5164885397662,126.942690561543,950875,1946375,46.099903,2025-10-01 10:00:00
다사50754650,37.5187418439061,126.94267380312799,950875,1946625,46.300457,2025-10-01 10:00:00
다사50754675,37.5209951471777,126.942657042847,950875,1946875,46.491962,2025-10-01 10:00:00
다사50754700,37.5232484495812,126.94264028069901,950875,1947125,46.14067,2025-10-01 10:00:00
다사50754125,37.4714222746863,126.943025338258,950875,1941375,40.881805,2025-10-01 10:00:00
다사50754150,37.473675596185295,126.943008617123,950875,1941625,40.896427,2025-10-01 10:00:00
다사50754175,37.4759289168165,126.942991894126,950875,1941875,42.457092,2025-10-01 10:00:00
다사50754200,37.4781822365799,126.942975169267,950875,1942125,41.00371,2025-10-01 10:00:00
다사50754025,37.462408980012995,126.943092204185,950875,1940375,40.996277,2025-10-01 10:00:00
다사50754050,37.4646623049829,126.94307549049499,950875,1940625,40.959248,2025-10-01 10:00:00
다사50754075,37.4669156290851,126.943058774944,950875,1940875,40.925865,2025-10-01 10:00:00
다사50754100,37.469168952319606,126.94304205753201,950875,1941125,40.901924,2025-10-01 10:00:00
다사50754325,37.4894488223792,126.942891517031,950875,1943375,41.558773,2025-10-01 10:00:00
다사50754350,37.491702136935395,126.94287478099501,950875,1943625,42.542152,2025-10-01 10:00:00
다사50754375,37.4939554506237,126.942858043094,950875,1943875,42.740864,2025-10-01 10:00:00
다사50754400,37.496208763444,126.94284130333,950875,1944125,42.94842,2025-10-01 10:00:00
다사50754225,37.480435555475395,126.94295844254499,950875,1942375,41.086857,2025-10-01 10:00:00
다사50754250,37.4826888735032,126.94294171396099,950875,1942625,41.18199,2025-10-01 10:00:00
다사50754275,37.484942190663,126.942924983514,950875,1942875,41.303707,2025-10-01 10:00:00
다사50754300,37.4871955069551,126.94290825120399,950875,1943125,41.426662,2025-10-01 10:00:00
다사50755325,37.5795807274592,126.942220619748,950875,1953375,41.668785,2025-10-01 10:00:00
다사50755350,37.581834007283796,126.94220380899401,950875,1953625,41.484154,2025-10-01 10:00:00
다사50755375,37.58408728623971,126.942186996367,950875,1953875,41.29698,2025-10-01 10:00:00
다사50755400,37.586340564326896,126.942170181868,950875,1954125,41.28125,2025-10-01 10:00:00
다사50755225,37.5705675994746,126.942287844044,950875,1952375,42.374718,2025-10-01 10:00:00
다사50755250,37.572820882773705,126.94227104077801,950875,1952625,42.203617,2025-10-01 10:00:00
다사50755275,37.5750741652041,126.94225423564,950875,1952875,42.030647,2025-10-01 10:00:00
다사50755300,37.577327446766,126.94223742863001,950875,1953125,41.849766,2025-10-01 10:00:00
다사50755525,37.597606941732,126.942086081274,950875,1955375,41.351803,2025-10-01 10:00:00
다사50755550,37.59986021460671,126.942069255534,950875,1955625,41.48082,2025-10-01 10:00:00
다사50755575,37.6021134866125,126.94205242792,950875,1955875,41.57729,2025-10-01 10:00:00
다사50755600,37.6043667577496,126.94203559843099,950875,1956125,41.650043,2025-10-01 10:00:00
다사50755425,37.5885938415454,126.94215336549601,950875,1954375,41.13834,2025-10-01 10:00:00
다사50755450,37.5908471178952,126.94213654725,950875,1954625,41.059128,2025-10-01 10:00:00
다사50755475,37.593100393376204,126.942119727132,950875,1954875,41.084824,2025-10-01 10:00:00
다사50755500,37.5953536679885,126.94210290514,950875,1955125,41.199398,2025-10-01 10:00:00
다사50754925,37.543528132142,126.94248933733999,950875,1949375,45.13471,2025-10-01 10:00:00
다사50754950,37.5457814258628,126.94247255651501,950875,1949625,45.028126,2025-10-01 10:00:00
다사50754975,37.54803471871521,126.942455773822,950875,1949875,44.900154,2025-10-01 10:00:00
다사50755000,37.550288010699205,126.94243898925899,950875,1950125,44.740826,2025-10-01 10:00:00
다사50754825,37.5345149485756,126.94255644195499,950875,1948375,47.05048,2025-10-01 10:00:00
다사50754850,37.5367682457696,126.942539668604,950875,1948625,46.355995,2025-10-01 10:00:00
다사50754875,37.5390215420954,126.942522893384,950875,1948875,45.27655,2025-10-01 10:00:00
다사50754900,37.5412748375529,126.942506116296,950875,1949125,45.21631,2025-10-01 10:00:00
다사50755125,37.5615544575928,126.94235503839899,950875,1951375,43.017464,2025-10-01 10:00:00
다사50755150,37.563807744366,126.942338242616,950875,1951625,42.86066,2025-10-01 10:00:00
다사50755175,37.566061030270795,126.942321444963,950875,1951875,42.704124,2025-10-01 10:00:00
다사50755200,37.568314315307,126.942304645439,950875,1952125,42.54376,2025-10-01 10:00:00
다사50755025,37.55254130181479,126.94242220282601,950875,1950375,44.571014,2025-10-01 10:00:00
다사50755050,37.554794592062,126.942405414524,950875,1950625,44.02811,2025-10-01 10:00:00
다사50755075,37.5570478814407,126.94238862435301,950875,1950875,43.874714,2025-10-01 10:00:00
다사50755100,37.559301169951,126.942371832311,950875,1951125,43.746532,2025-10-01 10:00:00
다사50505400,37.5863272167489,126.939338682357,950625,1954125,41.10869,2025-10-01 10:00:00
다사50505425,37.588580492888205,126.939321780637,950625,1954375,41.15842,2025-10-01 10:00:00
다사50505450,37.5908337681587,126.93930487703501,950625,1954625,41.084206,2025-10-01 10:00:00
다사50505475,37.5930870425604,126.93928797154899,950625,1954875,41.075806,2025-10-01 10:00:00
다사50505300,37.57731410350429,126.93940627041401,950625,1953125,41.817734,2025-10-01 10:00:00
다사50505325,37.5795673831186,126.93938937622299,950625,1953375,41.629913,2025-10-01 10:00:00
다사50505350,37.5818206618641,126.93937248015,950625,1953625,41.446205,2025-10-01 10:00:00
다사50505375,37.5840739397409,126.93935558219401,950625,1953875,41.269367,2025-10-01 10:00:00
다사50505600,37.604353401536,126.939203415873,950625,1956125,41.45998,2025-10-01 10:00:00
다사50505625,37.6066066707245,126.93918649908599,950625,1956375,41.5637,2025-10-01 10:00:00
다사50505650,37.608859939043995,126.939169580414,950625,1956625,41.656666,2025-10-01 10:00:00
다사50505675,37.6111132064945,126.939152659858,950625,1956875,40.684814,2025-10-01 10:00:00
다사50505500,37.5953403160932,126.939271064181,950625,1955125,41.124252,2025-10-01 10:00:00
다사50505525,37.597593588757206,126.939254154929,950625,1955375,41.19863,2025-10-01 10:00:00
다사50505550,37.5998468605524,126.939237243794,950625,1955625,41.28289,2025-10-01 10:00:00
다사50505575,37.6021001314786,126.939220330775,950625,1955875,41.364414,2025-10-01 10:00:00
다사50505000,37.5502746803802,126.939608854019,950625,1950125,44.74338,2025-10-01 10:00:00
다사50505025,37.5525279704176,126.939591982391,950625,1950375,44.5561,2025-10-01 10:00:00
다사50505050,37.5547812595865,126.93957510888399,950625,1950625,43.98628,2025-10-01 10:00:00
다사50505075,37.55703454788689,126.93955823349701,950625,1950875,43.753784,2025-10-01 10:00:00
다사50504900,37.541261511546004,126.939676321745,950625,1949125,45.170605,2025-10-01 10:00:00
다사50504925,37.5435148050572,126.939659457631,950625,1949375,45.092953,2025-10-01 10:00:00
다사50504950,37.5457680977,126.939642591639,950625,1949625,44.99843,2025-10-01 10:00:00
다사50504975,37.54802138947429,126.939625723768,950625,1949875,44.886456,2025-10-01 10:00:00
다사50505200,37.568300976360504,126.939473828368,950625,1952125,42.55069,2025-10-01 10:00:00
다사50505225,37.570554259449395,126.939456941701,950625,1952375,42.374043,2025-10-01 10:00:00
다사50505250,37.572807541669704,126.939440053153,950625,1952625,42.189274,2025-10-01 10:00:00
다사50505275,37.575060823021396,126.939423162724,950625,1952875,42.004086,2025-10-01 10:00:00
다사50505100,37.5592878353188,126.939541356231,950625,1951125,43.64553,2025-10-01 10:00:00
다사50505125,37.5615411218821,126.939524477085,950625,1951375,43.49027,2025-10-01 10:00:00
다사50505150,37.56379440757679,126.93950759606001,950625,1951625,43.31627,2025-10-01 10:00:00
다사50505175,37.566047692403004,126.93949071315399,950625,1951875,42.732525,2025-10-01 10:00:00
다사50506200,37.6584316221951,126.938796892442,950625,1962125,37.040844,2025-10-01 10:00:00
다사50753750,37.437622348081,126.94327593200701,950875,1937625,41.518116,2025-10-01 10:00:00
다사50753775,37.4398756825944,126.94325923877399,950875,1937875,41.45982,2025-10-01 10:00:00
다사50753800,37.442129016240294,126.943242543682,950875,1938125,41.413708,2025-10-01 10:00:00
다사50506100,37.6494186201861,126.938864721844,950625,1961125,37.407726,2025-10-01 10:00:00
다사50506125,37.6516718719923,126.938847767327,950625,1961375,37.310783,2025-10-01 10:00:00
다사50506150,37.653925122929294,126.938830810921,950625,1961625,37.219124,2025-10-01 10:00:00
다사50506175,37.6561783729969,126.938813852626,950625,1961875,37.128468,2025-10-01 10:00:00
다사50753925,37.453395671456796,126.943159040338,950875,1939375,41.168064,2025-10-01 10:00:00
다사50753950,37.4556489998973,126.94314233408998,950875,1939625,41.12272,2025-10-01 10:00:00
다사50753975,37.4579023274702,126.94312562598199,950875,1939875,41.074844,2025-10-01 10:00:00
다사50754000,37.4601556541755,126.943108916014,950875,1940125,41.03629,2025-10-01 10:00:00
다사50753825,37.4443823490187,126.943225846732,950875,1938375,41.36399,2025-10-01 10:00:00
다사50753850,37.4466356809296,126.943209147922,950875,1938625,41.31841,2025-10-01 10:00:00
다사50753875,37.4488890119729,126.943192447254,950875,1938875,41.267727,2025-10-01 10:00:00
다사50753900,37.4511423421486,126.943175744726,950875,1939125,41.216396,2025-10-01 10:00:00
다사50505800,37.622379530712294,126.939068028801,950625,1958125,39.813046,2025-10-01 10:00:00
다사50505825,37.6246327929488,126.939051096933,950625,1958375,39.69813,2025-10-01 10:00:00
다사50505850,37.6268860543161,126.93903416317801,950625,1958625,39.696873,2025-10-01 10:00:00
다사50505875,37.6291393148144,126.93901722753701,950625,1958875,38.71268,2025-10-01 10:00:00
다사50505700,37.6133664730761,126.93913573741699,950625,1957125,40.49786,2025-10-01 10:00:00
다사50505725,37.6156197387887,126.93911881309099,950625,1957375,39.553432,2025-10-01 10:00:00
다사50505750,37.6178730036323,126.93910188688,950625,1957625,39.368313,2025-10-01 10:00:00
다사50505775,37.6201262676068,126.93908495878401,950625,1957875,39.206375,2025-10-01 10:00:00
다사50506000,37.6404056042685,126.938932521029,950625,1960125,38.138306,2025-10-01 10:00:00
다사50506025,37.642658859551794,126.93891557406499,950625,1960375,38.030003,2025-10-01 10:00:00
다사50506050,37.644912113965795,126.938898625213,950625,1960625,37.602272,2025-10-01 10:00:00
다사50506075,37.6471653675106,126.938881674473,950625,1960875,37.50528,2025-10-01 10:00:00
다사50505900,37.631392574443495,126.93900029001001,950625,1959125,38.592354,2025-10-01 10:00:00
다사50505925,37.6336458332035,126.938983350595,950625,1959375,38.481567,2025-10-01 10:00:00
다사50505950,37.6358990910944,126.938966409294,950625,1959625,38.3643,2025-10-01 10:00:00
다사50505975,37.638152348116,126.938949466105,950625,1959875,38.25472,2025-10-01 10:00:00
다사50503800,37.442115737600005,126.940416486703,950625,1938125,41.344093,2025-10-01 10:00:00
다사50503825,37.4443690693032,126.940399705011,950625,1938375,41.287563,2025-10-01 10:00:00
다사50503850,37.4466224001389,126.94038292145001,950625,1938625,41.237347,2025-10-01 10:00:00
다사50503875,37.4488757301069,126.940366136021,950625,1938875,41.178043,2025-10-01 10:00:00
다사50256150,37.653911674864204,126.935996748729,950375,1961625,37.20266,2025-10-01 10:00:00
다사50256175,37.6561649238452,126.935979704801,950375,1961875,37.116863,2025-10-01 10:00:00
다사50503750,37.43760907159071,126.940450044482,950625,1937625,41.444214,2025-10-01 10:00:00
다사50503775,37.4398624050291,126.940433266526,950625,1937875,41.39528,2025-10-01 10:00:00
다사50504000,37.4601423669322,126.940282180837,950625,1940125,40.946846,2025-10-01 10:00:00
다사50504025,37.462395691694105,126.940265384191,950625,1940375,40.915768,2025-10-01 10:00:00
다사50504050,37.4646490155883,126.940248585674,950625,1940625,40.882973,2025-10-01 10:00:00
다사50504075,37.4669023386147,126.940231785287,950625,1940875,40.86311,2025-10-01 10:00:00
다사50503900,37.4511290592073,126.94034934872299,950625,1939125,41.130333,2025-10-01 10:00:00
다사50503925,37.4533823874401,126.94033255955601,950625,1939375,41.083046,2025-10-01 10:00:00
다사50503950,37.455635714805105,126.940315768519,950625,1939625,41.02788,2025-10-01 10:00:00
다사50503975,37.4578890413025,126.940298975613,950625,1939875,40.986366,2025-10-01 10:00:00
다사50255850,37.6268726192859,126.93620112783998,950375,1958625,39.394695,2025-10-01 10:00:00
다사50255875,37.6291258786983,126.93618410668002,950375,1958875,39.329887,2025-10-01 10:00:00
다사50255900,37.6313791372415,126.936167083625,950375,1959125,37.963444,2025-10-01 10:00:00
다사50255925,37.6336323949155,126.93615005867201,950375,1959375,38.38632,2025-10-01 10:00:00
다사50255750,37.6178595729449,126.936269193522,950375,1957625,39.102085,2025-10-01 10:00:00
다사50255775,37.6201128358339,126.936252179944,950375,1957875,38.960323,2025-10-01 10:00:00
다사50255800,37.62236609785371,126.93623516447201,950375,1958125,39.55764,2025-10-01 10:00:00
다사50255825,37.6246193590044,126.936218147104,950375,1958375,39.4758,2025-10-01 10:00:00
다사50256050,37.644898670246704,126.936064905458,950375,1960625,37.891735,2025-10-01 10:00:00
다사50256075,37.6471519227051,126.936047869123,950375,1960875,37.79583,2025-10-01 10:00:00
다사50256100,37.6494051742942,126.93603083088999,950375,1961125,37.698658,2025-10-01 10:00:00
다사50256125,37.6516584250139,126.93601379075899,950375,1961375,37.288723,2025-10-01 10:00:00
다사50255950,37.6358856517202,126.936133031824,950375,1959625,38.28856,2025-10-01 10:00:00
다사50255975,37.638138907655794,126.936116003078,950375,1959875,38.184406,2025-10-01 10:00:00
다사50256000,37.640392162722,126.93609897243499,950375,1960125,38.09078,2025-10-01 10:00:00
다사50256025,37.642645416918995,126.936081939895,950375,1960375,37.98993,2025-10-01 10:00:00
다사50504600,37.514221921681795,126.93987854469401,950625,1946125,45.786243,2025-10-01 10:00:00
다사50504625,37.5164752256126,126.939861703101,950625,1946375,45.988964,2025-10-01 10:00:00
다사50504650,37.518728528675105,126.93984485963301,950625,1946625,46.178173,2025-10-01 10:00:00
다사50504675,37.520981830869495,126.93982801428899,950625,1946875,46.36379,2025-10-01 10:00:00
다사50504500,37.505208697277105,126.93994589231501,950625,1945125,44.868595,2025-10-01 10:00:00
다사50504525,37.5074620046804,126.939929058222,950625,1945375,45.067318,2025-10-01 10:00:00
다사50504550,37.5097153112157,126.939912222255,950625,1945625,45.26538,2025-10-01 10:00:00
다사50504575,37.5119686168828,126.939895384412,950625,1945875,45.458443,2025-10-01 10:00:00
다사50504800,37.5322483288175,126.93974375942301,950625,1948125,47.007935,2025-10-01 10:00:00
다사50504825,37.5345016258021,126.93972690282,950625,1948375,47.004784,2025-10-01 10:00:00
다사50504850,37.5367549219185,126.93971004433901,950625,1948625,46.121334,2025-10-01 10:00:00
다사50504875,37.5390082171664,126.93969318398099,950625,1948875,45.226555,2025-10-01 10:00:00
다사50504700,37.5232351321956,126.939811167068,950625,1947125,46.548023,2025-10-01 10:00:00
다사50504725,37.525488432653496,126.93979431797199,950625,1947375,45.687397,2025-10-01 10:00:00
다사50504750,37.5277417322431,126.93977746699899,950625,1947625,46.996128,2025-10-01 10:00:00
다사50504775,37.5299950309645,126.93976061415,950625,1947875,47.003902,2025-10-01 10:00:00
다사50504200,37.4781689407296,126.940147755288,950625,1942125,40.988674,2025-10-01 10:00:00
다사50504225,37.480422258549,126.94013094367399,950625,1942375,41.05783,2025-10-01 10:00:00
다사50504250,37.4826755755005,126.94011413018801,950625,1942625,41.146187,2025-10-01 10:00:00
다사50504275,37.4849288915841,126.940097314829,950625,1942875,41.24843,2025-10-01 10:00:00
다사50504100,37.469155660773296,126.94021498303002,950625,1941125,40.846973,2025-10-01 10:00:00
다사50504125,37.4714089820641,126.940198178901,950625,1941375,40.852806,2025-10-01 10:00:00
다사50504150,37.4736623024871,126.94018137290199,950625,1941625,42.3742,2025-10-01 10:00:00
다사50504175,37.4759156220423,126.940164565031,950625,1941875,40.932365,2025-10-01 10:00:00
다사50504400,37.4961954589826,126.940013209945,950625,1944125,41.92779,2025-10-01 10:00:00
다사50504425,37.4984487698583,126.939996383348,950625,1944375,42.046726,2025-10-01 10:00:00
다사50504450,37.500702079866,126.93997955487801,950625,1944625,42.16468,2025-10-01 10:00:00
다사50504475,37.5029553890055,126.939962724534,950625,1944875,44.66584,2025-10-01 10:00:00
다사50504300,37.4871822067998,126.940080497598,950625,1943125,41.36064,2025-10-01 10:00:00
다사50504325,37.4894355211475,126.940063678494,950625,1943375,42.27924,2025-10-01 10:00:00
다사50504350,37.491688834627205,126.940046857518,950625,1943625,42.46597,2025-10-01 10:00:00
다사50504375,37.4939421472389,126.94003003466801,950625,1943875,42.6442,2025-10-01 10:00:00
다사50254650,37.518715145691296,126.937015918014,950375,1946625,46.06368,2025-10-01 10:00:00
다사50254675,37.5209684468029,126.936998987607,950375,1946875,46.245087,2025-10-01 10:00:00
다사50254700,37.5232217470462,126.936982055314,950375,1947125,44.4645,2025-10-01 10:00:00
다사50254725,37.52547504642121,126.936965121136,950375,1947375,44.623116,2025-10-01 10:00:00
다사50254550,37.5097019325624,126.93708362079201,950375,1945625,45.17161,2025-10-01 10:00:00
다사50254575,37.511955237147,126.93706669792401,950375,1945875,45.360912,2025-10-01 10:00:00
다사50254600,37.5142085408634,126.93704977317199,950375,1946125,45.679626,2025-10-01 10:00:00
다사50254625,37.5164618437115,126.93703284653601,950375,1946375,45.873222,2025-10-01 10:00:00
다사50254850,37.536741530270604,126.936880421952,950375,1948625,45.963963,2025-10-01 10:00:00
다사50254875,37.53899482443521,126.936863476455,950375,1948875,45.92708,2025-10-01 10:00:00
다사50254900,37.5412481177314,126.936846529071,950375,1949125,45.139965,2025-10-01 10:00:00
다사50254925,37.5435014101592,126.93682957979901,950375,1949375,45.079636,2025-10-01 10:00:00
다사50254750,37.527728344927795,126.936948185072,950375,1947625,45.73239,2025-10-01 10:00:00
다사50254775,37.529981642566,126.936931247122,950375,1947875,45.81608,2025-10-01 10:00:00
다사50254800,37.532234939336,126.93691430728501,950375,1948125,46.968334,2025-10-01 10:00:00
다사50254825,37.5344882352375,126.936897365562,950375,1948375,46.963253,2025-10-01 10:00:00
다사50254250,37.482662209832604,126.937286548286,950375,1942625,41.117977,2025-10-01 10:00:00
다사50254275,37.4849155248344,126.937269648016,950375,1942875,41.216778,2025-10-01 10:00:00
다사50254300,37.487168838968294,126.93725274586399,950375,1943125,41.372845,2025-10-01 10:00:00
다사50254325,37.4894221522341,126.93723584183,950375,1943375,41.498756,2025-10-01 10:00:00
다사50254150,37.473648941145704,126.93735413055201,950375,1941625,42.313957,2025-10-01 10:00:00
다사50254175,37.475902259619296,126.937337237807,950375,1941875,40.91068,2025-10-01 10:00:00
다사50254200,37.478155577224996,126.937320343181,950375,1942125,40.966507,2025-10-01 10:00:00
다사50254225,37.480408893962796,126.93730344667499,950375,1942375,41.034866,2025-10-01 10:00:00
다사50254450,37.5006887055422,126.937151293421,950375,1944625,42.096905,2025-10-01 10:00:00
다사50254475,37.5029420135995,126.93713437808901,950375,1944875,44.58083,2025-10-01 10:00:00
다사50254500,37.5051953207886,126.937117460874,950375,1945125,44.785007,2025-10-01 10:00:00
다사50254525,37.5074486271096,126.937100541775,950375,1945375,44.978413,2025-10-01 10:00:00
다사50254350,37.4916754646318,126.937218935914,950375,1943625,41.61405,2025-10-01 10:00:00
다사50254375,37.4939287761616,126.93720202811501,950375,1943875,41.741245,2025-10-01 10:00:00
다사50254400,37.496182086823204,126.93718511843299,950375,1944125,41.859085,2025-10-01 10:00:00
다사50254425,37.4984353966167,126.93716820686899,950375,1944375,41.98225,2025-10-01 10:00:00
다사50255450,37.5908203504938,126.936473208702,950375,1954625,40.88736,2025-10-01 10:00:00
다사50255475,37.593073623810604,126.93645621785,950375,1954875,41.039562,2025-10-01 10:00:00
다사50255500,37.5953268962585,126.936439225105,950375,1955125,41.02392,2025-10-01 10:00:00
다사50255525,37.5975801678376,126.93642223046801,950375,1955375,41.029633,2025-10-01 10:00:00
다사50255350,37.5818072485379,126.93654115318701,950375,1953625,41.43072,2025-10-01 10:00:00
다사50255375,37.5840605253301,126.936524169904,950375,1953875,41.26078,2025-10-01 10:00:00
다사50255400,37.5863138012535,126.93650718472799,950375,1954125,41.10363,2025-10-01 10:00:00
다사50255425,37.5885670763081,126.936490197661,950375,1954375,40.97985,2025-10-01 10:00:00
다사50255650,37.6088465126985,126.936337228883,950375,1956625,41.503918,2025-10-01 10:00:00
다사50255675,37.6110997790637,126.936320222884,950375,1956875,40.649277,2025-10-01 10:00:00
다사50255700,37.6133530445598,126.93630321499201,950375,1957125,40.291267,2025-10-01 10:00:00
다사50255725,37.615606309186894,126.93628620520398,950375,1957375,39.9562,2025-10-01 10:00:00
다사50255550,37.599833438547705,126.936405233938,950375,1955625,41.05088,2025-10-01 10:00:00
다사50255575,37.602086708388796,126.936388235515,950375,1955875,41.082535,2025-10-01 10:00:00
다사50255600,37.604339977361,126.936371235198,950375,1956125,41.14576,2025-10-01 10:00:00
다사50255625,37.606593245464204,126.936354232987,950375,1956375,41.27992,2025-10-01 10:00:00
다사50255050,37.5547678592704,126.93674480512199,950375,1950625,44.826008,2025-10-01 10:00:00
다사50255075,37.557021146486896,126.936727844521,950375,1950875,44.174824,2025-10-01 10:00:00
다사50255100,37.5592744328349,126.93671088203101,950375,1951125,43.85659,2025-10-01 10:00:00
다사50255125,37.561527718314295,126.936693917652,950375,1951375,43.621902,2025-10-01 10:00:00
다사50254950,37.5457547017185,126.93681262863998,950375,1949625,45.013523,2025-10-01 10:00:00
다사50254975,37.548007992409296,126.93679567559299,950375,1949875,44.940617,2025-10-01 10:00:00
다사50255000,37.550261282231496,126.936778720658,950375,1950125,44.869495,2025-10-01 10:00:00
다사50255025,37.5525145711852,126.936761763834,950375,1950375,44.846794,2025-10-01 10:00:00
다사50255250,37.572794132681295,126.93660906741002,950375,1952625,42.19461,2025-10-01 10:00:00
다사50255275,37.5750474129485,126.936592091691,950375,1952875,42.00235,2025-10-01 10:00:00
다사50255300,37.5773006923471,126.936575114081,950375,1953125,41.803875,2025-10-01 10:00:00
다사50255325,37.5795539708769,126.93655813458,950375,1953375,41.61399,2025-10-01 10:00:00
다사50255150,37.563781002925,126.936676951383,950375,1951625,43.396683,2025-10-01 10:00:00
다사50255175,37.566034286667104,126.936659983225,950375,1951875,43.17607,2025-10-01 10:00:00
다사50255200,37.5682875695405,126.93664301317699,950375,1952125,42.96597,2025-10-01 10:00:00
다사50255225,37.5705408515452,126.936626041238,950375,1952375,42.38933,2025-10-01 10:00:00
다사50005450,37.5908068649005,126.93364154226101,950125,1954625,40.841408,2025-10-01 10:00:00
다사50005475,37.593060137127,126.933624466043,950125,1954875,40.747032,2025-10-01 10:00:00
다사50005500,37.5953134084846,126.93360738792299,950125,1955125,40.8914,2025-10-01 10:00:00
다사50005525,37.5975666789731,126.9335903079,950125,1955375,40.82641,2025-10-01 10:00:00
다사50005350,37.5817937673053,126.933709828117,950125,1953625,41.427185,2025-10-01 10:00:00
다사50005375,37.584047043007494,126.933692759505,950125,1953875,41.25072,2025-10-01 10:00:00
다사50005400,37.5863003178407,126.93367568899201,950125,1954125,41.097336,2025-10-01 10:00:00
다사50005425,37.5885535918051,126.93365861657699,950125,1954375,40.958126,2025-10-01 10:00:00
다사50005650,37.60883301838071,126.933504879246,950125,1956625,39.54746,2025-10-01 10:00:00
다사50005675,37.611086283655,126.933487787805,950125,1956875,39.34905,2025-10-01 10:00:00
다사50005700,37.613339548060296,126.93347069446001,950125,1957125,39.31534,2025-10-01 10:00:00
다사50005725,37.6155928115964,126.933453599211,950125,1957375,39.259525,2025-10-01 10:00:00
다사50005550,37.5998199485927,126.933573225975,950125,1955625,40.756863,2025-10-01 10:00:00
다사50005575,37.602073217343204,126.93355614214799,950125,1955875,40.68061,2025-10-01 10:00:00
다사50005600,37.604326485224796,126.933539056417,950125,1956125,40.582733,2025-10-01 10:00:00
다사50005625,37.606579752237295,126.933521968783,950125,1956375,40.466034,2025-10-01 10:00:00
다사50005050,37.554754391113704,126.933914503249,950125,1950625,44.726685,2025-10-01 10:00:00
다사50005075,37.557007677241,126.933897457434,950125,1950875,44.464317,2025-10-01 10:00:00
다사50005100,37.5592609624996,126.93388040972,950125,1951125,44.089893,2025-10-01 10:00:00
다사50005125,37.5615142468895,126.93386336010799,950125,1951375,43.776524,2025-10-01 10:00:00
다사50004950,37.5457412379184,126.93398266753,950125,1949625,45.045193,2025-10-01 10:00:00
다사50004975,37.5479945275201,126.93396562930599,950125,1949875,45.021706,2025-10-01 10:00:00
다사50005000,37.5502478162533,126.93394858918501,950125,1950125,45.027454,2025-10-01 10:00:00
다사50005025,37.5525011041178,126.933931547166,950125,1950375,44.696857,2025-10-01 10:00:00
다사50005250,37.572780655808394,126.933778083557,950125,1952625,42.20603,2025-10-01 10:00:00
다사50005275,37.5750339349858,126.93376102254801,950125,1952875,42.002876,2025-10-01 10:00:00
다사50005300,37.577287213294504,126.93374395963801,950125,1953125,41.805367,2025-10-01 10:00:00
다사50005325,37.5795404907344,126.933726894828,950125,1953375,41.613083,2025-10-01 10:00:00
다사50005150,37.56376753041079,126.933846308597,950125,1951625,43.500828,2025-10-01 10:00:00
다사50005175,37.5660208130633,126.933829255186,950125,1951875,43.251404,2025-10-01 10:00:00
다사50005200,37.568274094847105,126.933812199876,950125,1952125,43.010048,2025-10-01 10:00:00
다사50005225,37.5705273757621,126.933795142666,950125,1952375,42.78152,2025-10-01 10:00:00
다사50253850,37.4466090517705,126.937556696847,950375,1938625,41.161217,2025-10-01 10:00:00
다사50253875,37.44886238065779,126.93753982665702,950375,1938875,41.103382,2025-10-01 10:00:00
다사50253900,37.4511157086774,126.937522954589,950375,1939125,41.042095,2025-10-01 10:00:00
다사50253925,37.4533690358293,126.937506080643,950375,1939375,40.98453,2025-10-01 10:00:00
다사50253750,37.4375957275447,126.93762415882601,950375,1937625,41.39406,2025-10-01 10:00:00
다사50253775,37.4398490599026,126.93760729614701,950375,1937875,41.336212,2025-10-01 10:00:00
다사50253800,37.4421023913929,126.937590431592,950375,1938125,41.27193,2025-10-01 10:00:00
다사50253825,37.4443557220155,126.937573565158,950375,1938375,41.224636,2025-10-01 10:00:00
다사50254050,37.4646356585722,126.937421682724,950375,1940625,40.81353,2025-10-01 10:00:00
다사50254075,37.466888980517396,126.93740479750099,950375,1940875,40.80016,2025-10-01 10:00:00
다사50254100,37.4691423015947,126.937387910399,950375,1941125,40.797585,2025-10-01 10:00:00
다사50254125,37.471395621804106,126.937371021415,950375,1941375,40.805035,2025-10-01 10:00:00
다사50253950,37.4556223621134,126.93748920481801,950375,1939625,40.941635,2025-10-01 10:00:00
다사50253975,37.4578756875298,126.937472327113,950375,1939875,40.90146,2025-10-01 10:00:00
다사50254000,37.4601290120784,126.93745544753,950375,1940125,40.85864,2025-10-01 10:00:00
다사50254025,37.4623823357592,126.93743856606702,950375,1940375,40.83344,2025-10-01 10:00:00
다사50005850,37.6268591162395,126.933368094398,950125,1958625,39.158703,2025-10-01 10:00:00
다사50005875,37.6291123745605,126.93335098771999,950125,1958875,39.12446,2025-10-01 10:00:00
다사50005900,37.631365632012205,126.93333387913601,950125,1959125,37.834927,2025-10-01 10:00:00
다사50005925,37.633618888594704,126.933316768646,950125,1959375,37.777813,2025-10-01 10:00:00
다사50005750,37.6178460742633,126.93343650205799,950125,1957625,38.639,2025-10-01 10:00:00
다사50005775,37.6200993360612,126.93341940299999,950125,1957875,38.599976,2025-10-01 10:00:00
다사50005800,37.6223525969898,126.933402302038,950125,1958125,38.553852,2025-10-01 10:00:00
다사50005825,37.624605857049204,126.93338519917,950125,1958375,39.19416,2025-10-01 10:00:00
다사50006050,37.644885158467496,126.933231187601,950125,1960625,37.855618,2025-10-01 10:00:00
다사50006075,37.647138409834,126.93321406567101,950125,1960875,37.76723,2025-10-01 10:00:00
다사50006100,37.649391660331105,126.933196941834,950125,1961125,37.680965,2025-10-01 10:00:00
다사50006125,37.6516449099587,126.933179816089,950125,1961375,37.59191,2025-10-01 10:00:00
다사50005950,37.635872144307896,126.93329965625,950125,1959625,37.708572,2025-10-01 10:00:00
다사50005975,37.6381253991518,126.93328254194799,950125,1959875,37.646763,2025-10-01 10:00:00
다사50006000,37.6403786531264,126.93326542573901,950125,1960125,37.574394,2025-10-01 10:00:00
다사50006025,37.64263190623161,126.933248307623,950125,1960375,37.500225,2025-10-01 10:00:00
다사50003850,37.4465956358246,126.934730474122,950125,1938625,41.10092,2025-10-01 10:00:00
다사50003875,37.4488489636257,126.934713519172,950125,1938875,41.03473,2025-10-01 10:00:00
다사50003900,37.451102290559,126.93469656233499,950125,1939125,40.96932,2025-10-01 10:00:00
다사50003925,37.453355616624606,126.93467960360901,950125,1939375,40.910324,2025-10-01 10:00:00
다사49756125,37.651631326827,126.930345843327,949875,1961375,37.187473,2025-10-01 10:00:00
다사50003775,37.439835647215,126.93478132764601,950125,1937875,41.287235,2025-10-01 10:00:00
다사50003800,37.44208897761921,126.934764378358,950125,1938125,41.2273,2025-10-01 10:00:00
다사50003825,37.44434230715579,126.93474742718399,950125,1938375,41.156578,2025-10-01 10:00:00
다사50004050,37.4646222339348,126.934594781654,950125,1940625,40.742752,2025-10-01 10:00:00
다사50004075,37.4668755547933,126.934577811595,950125,1940875,40.737503,2025-10-01 10:00:00
다사50004100,37.4691288747838,126.934560839648,950125,1941125,40.611504,2025-10-01 10:00:00
다사50004125,37.4713821939064,126.93454386581001,950125,1941375,40.640266,2025-10-01 10:00:00
다사50003950,37.4556089418223,126.934662642995,950125,1939625,40.863182,2025-10-01 10:00:00
다사50003975,37.457862266152205,126.93464568049299,950125,1939875,40.81207,2025-10-01 10:00:00
다사50004000,37.4601155896143,126.93462871610201,950125,1940125,40.781593,2025-10-01 10:00:00
다사50004025,37.4623689122085,126.93461174982299,950125,1940375,40.75989,2025-10-01 10:00:00
다사49755825,37.6245922870835,126.930552253142,949875,1958375,38.890476,2025-10-01 10:00:00
다사49755850,37.626845545177005,126.930535062861,949875,1958625,38.903637,2025-10-01 10:00:00
다사49755875,37.629098802401096,126.930517870664,949875,1958875,38.903934,2025-10-01 10:00:00
다사49755900,37.6313520587559,126.930500676553,949875,1959125,37.7025,2025-10-01 10:00:00
다사49755725,37.615579246017205,126.93062099512301,949875,1957375,38.388668,2025-10-01 10:00:00
다사49755750,37.61783250758771,126.93060381249902,949875,1957625,38.575577,2025-10-01 10:00:00
다사49755775,37.620085768288895,126.930586627961,949875,1957875,38.19351,2025-10-01 10:00:00
다사49755800,37.6223390281208,126.930569441509,949875,1958125,38.227924,2025-10-01 10:00:00
다사49756025,37.6426183274896,126.93041467725901,949875,1960375,37.452408,2025-10-01 10:00:00
다사49756050,37.6448715786281,126.930397471651,949875,1960625,37.385952,2025-10-01 10:00:00
다사49756075,37.647124828897205,126.93038026412701,949875,1960875,37.321247,2025-10-01 10:00:00
다사49756100,37.6493780782969,126.930363054685,949875,1961125,37.25493,2025-10-01 10:00:00
다사49755925,37.6336053142414,126.93048348052601,949875,1959375,37.66393,2025-10-01 10:00:00
다사49755950,37.6358585688575,126.93046628258301,949875,1959625,37.620937,2025-10-01 10:00:00
다사49755975,37.6381118226043,126.930449082724,949875,1959875,37.564205,2025-10-01 10:00:00
다사49756000,37.640365075481604,126.93043188095,949875,1960125,37.509605,2025-10-01 10:00:00
다사50004650,37.51870169495479,126.93418697828001,950125,1946625,44.83882,2025-10-01 10:00:00
다사50004675,37.520954994978105,126.93416996281,950125,1946875,46.124805,2025-10-01 10:00:00
다사50004700,37.523208294133,126.934152945446,950125,1947125,44.40983,2025-10-01 10:00:00
다사50004725,37.5254615924196,126.934135926186,950125,1947375,44.560936,2025-10-01 10:00:00
다사50004550,37.5096884861783,126.93425502121401,950125,1945625,45.089466,2025-10-01 10:00:00
다사50004575,37.5119417896749,126.93423801332199,950125,1945875,44.221638,2025-10-01 10:00:00
다사50004600,37.5141950923031,126.934221003535,950125,1946125,44.428154,2025-10-01 10:00:00
다사50004625,37.5164483940631,126.93420399185499,950125,1946375,44.63225,2025-10-01 10:00:00
다사50004850,37.536728070826,126.934050801452,950125,1948625,45.911602,2025-10-01 10:00:00
다사50004875,37.5389813639019,126.934033770817,950125,1948875,45.877583,2025-10-01 10:00:00
다사50004900,37.541234656109296,126.93401673828501,950125,1949125,45.834465,2025-10-01 10:00:00
다사50004925,37.5434879474481,126.93399970385599,950125,1949375,45.08495,2025-10-01 10:00:00
다사50004750,37.527714889837796,126.934118905031,950125,1947625,45.684902,2025-10-01 10:00:00
다사50004775,37.5299681863875,126.93410188198,950125,1947875,45.76096,2025-10-01 10:00:00
다사50004800,37.5322214820688,126.934084857033,950125,1948125,45.82982,2025-10-01 10:00:00
다사50004825,37.5344747768817,126.934067830191,950125,1948375,46.927227,2025-10-01 10:00:00
다사50004250,37.4826487764996,126.93445896826701,950125,1942625,41.143658,2025-10-01 10:00:00
다사50004275,37.4849020904142,126.93444198308599,950125,1942875,41.238533,2025-10-01 10:00:00
다사50004300,37.487155403460704,126.93442499601299,950125,1943125,41.346436,2025-10-01 10:00:00
다사50004325,37.48940871563921,126.934408007049,950125,1943375,41.463787,2025-10-01 10:00:00
다사50004150,37.473635512161,126.934526890082,950125,1941625,40.667667,2025-10-01 10:00:00
다사50004175,37.4758888295477,126.93450991246401,950125,1941875,40.715843,2025-10-01 10:00:00
다사50004200,37.4781421460663,126.934492932956,950125,1942125,40.77543,2025-10-01 10:00:00
다사50004225,37.480395461717,126.934475951557,950125,1942375,40.850174,2025-10-01 10:00:00
다사50004450,37.5006752635095,126.93432303384701,950125,1944625,42.047947,2025-10-01 10:00:00
다사50004475,37.502928570479,126.934306033528,950125,1944875,42.150646,2025-10-01 10:00:00
다사50004500,37.505181876580295,126.93428903131701,950125,1945125,44.7098,2025-10-01 10:00:00
다사50004525,37.5074351818134,126.934272027212,950125,1945375,44.9036,2025-10-01 10:00:00
다사50004350,37.4916620269495,126.934391016193,950125,1943625,41.579895,2025-10-01 10:00:00
다사50004375,37.4939153373917,126.934374023445,950125,1943875,41.69798,2025-10-01 10:00:00
다사50004400,37.49616864696579,126.93435702880501,950125,1944125,41.81185,2025-10-01 10:00:00
다사50004425,37.4984219556717,126.93434003227199,950125,1944375,41.93513,2025-10-01 10:00:00
다사49754625,37.5164348766676,126.931375139069,949875,1946375,44.569496,2025-10-01 10:00:00
다사49754650,37.5186881764656,126.931358040441,949875,1946625,44.762608,2025-10-01 10:00:00
다사49754675,37.520941475395205,126.931340939909,949875,1946875,44.9536,2025-10-01 10:00:00
다사49754700,37.5231947734563,126.93132383747201,949875,1947125,44.362106,2025-10-01 10:00:00
다사49754525,37.5074216687921,126.931443514543,949875,1945375,43.1656,2025-10-01 10:00:00
다사49754550,37.5096749720635,126.93142642352899,949875,1945625,43.97999,2025-10-01 10:00:00
다사49754575,37.5119282744665,126.93140933061301,949875,1945875,44.16966,2025-10-01 10:00:00
다사49754600,37.5141815760013,126.931392235792,949875,1946125,44.365692,2025-10-01 10:00:00
다사49754825,37.5344612507349,126.931238296716,949875,1948375,46.222095,2025-10-01 10:00:00
다사49754850,37.536714543585,126.931221182849,949875,1948625,45.35323,2025-10-01 10:00:00
다사49754875,37.5389678355666,126.931204067075,949875,1948875,45.32448,2025-10-01 10:00:00
다사49754900,37.5412211266797,126.93118694939501,949875,1949125,45.800915,2025-10-01 10:00:00
다사49754725,37.525448070649,126.93130673313101,949875,1947375,44.515045,2025-10-01 10:00:00
다사49754750,37.527701366973204,126.93128962688499,949875,1947625,45.631645,2025-10-01 10:00:00
다사49754775,37.5299546624289,126.93127251873399,949875,1947875,45.712337,2025-10-01 10:00:00
다사49754800,37.5322079570161,126.931255408678,949875,1948125,45.467857,2025-10-01 10:00:00
다사49754225,37.4803819618117,126.93164845833,949875,1942375,40.824852,2025-10-01 10:00:00
다사49754250,37.48263527550171,126.931631390138,949875,1942625,40.90615,2025-10-01 10:00:00
다사49754275,37.4848885883236,126.93161432004601,949875,1942875,40.997887,2025-10-01 10:00:00
다사49754300,37.487141900277294,126.931597248053,949875,1943125,41.34469,2025-10-01 10:00:00
다사49754125,37.471368698371,126.931716712095,949875,1941375,40.595398,2025-10-01 10:00:00
다사49754150,37.473622015533294,126.931699651503,949875,1941625,40.63494,2025-10-01 10:00:00
다사49754175,37.4758753318275,126.931682589012,949875,1941875,40.68831,2025-10-01 10:00:00
다사49754200,37.478128647253605,126.931665524621,949875,1942125,40.749016,2025-10-01 10:00:00
다사49754425,37.498408447023394,126.931511859568,949875,1944375,41.899265,2025-10-01 10:00:00
다사49754450,37.500661753768,126.931494776166,949875,1944625,42.01032,2025-10-01 10:00:00
다사49754475,37.5029150596443,126.931477690861,949875,1944875,42.10936,2025-10-01 10:00:00
다사49754500,37.50516836465229,126.931460603653,949875,1945125,44.65572,2025-10-01 10:00:00
다사49754325,37.489395211362904,126.931580174159,949875,1943375,41.44786,2025-10-01 10:00:00
다사49754350,37.491648521580295,126.931563098364,949875,1943625,41.56501,2025-10-01 10:00:00
다사49754375,37.4939018309296,126.931546020667,949875,1943875,41.672035,2025-10-01 10:00:00
다사49754400,37.496155139410604,126.93152894106899,949875,1944125,41.77944,2025-10-01 10:00:00
다사49755425,37.588540039379396,126.930827037395,949875,1954375,40.918236,2025-10-01 10:00:00
다사49755450,37.5907933113791,126.930809877722,949875,1954625,40.773598,2025-10-01 10:00:00
다사49755475,37.5930465825097,126.930792716138,949875,1954875,40.630978,2025-10-01 10:00:00
다사49755500,37.5952998527714,126.930775552642,949875,1955125,40.497826,2025-10-01 10:00:00
다사49755325,37.5795269426911,126.93089565697599,949875,1953375,41.610172,2025-10-01 10:00:00
다사49755350,37.5817802181666,126.93087850494699,949875,1953625,41.425564,2025-10-01 10:00:00
다사49755375,37.5840334927732,126.93086135100701,949875,1953875,41.239285,2025-10-01 10:00:00
다사49755400,37.586286766510796,126.930844195156,949875,1954125,41.0714,2025-10-01 10:00:00
다사49755625,37.606566191043704,126.93068970648301,949875,1956375,39.35571,2025-10-01 10:00:00
다사49755650,37.6088194560908,126.93067253151301,949875,1956625,37.922195,2025-10-01 10:00:00
다사49755675,37.6110727202688,126.93065535463002,949875,1956875,37.517323,2025-10-01 10:00:00
다사49755700,37.6133259835776,126.930638175833,949875,1957125,38.005375,2025-10-01 10:00:00
다사49755525,37.597553122164,126.93075838723499,949875,1955375,40.59292,2025-10-01 10:00:00
다사49755550,37.5998063906875,126.930741219915,949875,1955625,40.41828,2025-10-01 10:00:00
다사49755575,37.602059658342,126.93072405068399,949875,1955875,40.201637,2025-10-01 10:00:00
다사49755600,37.604312925127395,126.93070687953998,949875,1956125,39.880123,2025-10-01 10:00:00
다사49755025,37.5524875692156,126.931101332396,949875,1950375,44.672195,2025-10-01 10:00:00
다사49755050,37.5547408551167,126.93108420327499,949875,1950625,44.61205,2025-10-01 10:00:00
다사49755075,37.5569941401492,126.931067072246,949875,1950875,44.432243,2025-10-01 10:00:00
다사49755100,37.559247424313,126.931049939308,949875,1951125,44.155453,2025-10-01 10:00:00
다사49754925,37.5434744169241,126.931169829809,949875,1949375,45.003967,2025-10-01 10:00:00
다사49754950,37.5457277062999,126.931152708317,949875,1949625,45.34342,2025-10-01 10:00:00
다사49754975,37.5479809948071,126.93113558491699,949875,1949875,45.065784,2025-10-01 10:00:00
다사49755000,37.5502342824457,126.93111845961,949875,1950125,45.07596,2025-10-01 10:00:00
다사49755225,37.570513832100204,126.93096424599399,949875,1952375,42.807446,2025-10-01 10:00:00
다사49755250,37.5727671110512,126.930947101604,949875,1952625,42.573753,2025-10-01 10:00:00
다사49755275,37.5750203891334,126.930929955305,949875,1952875,42.34351,2025-10-01 10:00:00
다사49755300,37.577273666346706,126.930912807096,949875,1953125,41.80909,2025-10-01 10:00:00
다사49755125,37.561500707608,126.931032804463,949875,1951375,43.857376,2025-10-01 10:00:00
다사49755150,37.5637539900342,126.931015667709,949875,1951625,43.576454,2025-10-01 10:00:00
다사49755175,37.5660072715917,126.93099852904601,949875,1951875,43.30479,2025-10-01 10:00:00
다사49755200,37.5682605522804,126.930981388475,949875,1952125,43.054924,2025-10-01 10:00:00
다사49505350,37.5817666011218,126.928047183688,949625,1953625,41.409004,2025-10-01 10:00:00
다사49505375,37.584019874627295,126.92802994441999,949625,1953875,41.220478,2025-10-01 10:00:00
다사49505400,37.586273147263796,126.928012703232,949625,1954125,41.04054,2025-10-01 10:00:00
다사49505425,37.588526419031204,126.927995460124,949625,1954375,40.8618,2025-10-01 10:00:00
다사49505250,37.572753498409995,126.92811612156099,949625,1952625,42.586052,2025-10-01 10:00:00
다사49505275,37.5750067753914,126.928098889972,949625,1952875,42.354717,2025-10-01 10:00:00
다사49505300,37.5772600515038,126.928081656463,949625,1953125,42.118744,2025-10-01 10:00:00
다사49505325,37.579513326747296,126.928064421035,949625,1953375,41.60559,2025-10-01 10:00:00
다사49505550,37.599792764832394,126.927909215768,949625,1955625,39.830227,2025-10-01 10:00:00
다사49505575,37.6020460313853,126.92789196113199,949625,1955875,39.799488,2025-10-01 10:00:00
다사49505600,37.604299297069,126.927874704575,949625,1956125,39.39041,2025-10-01 10:00:00
다사49505625,37.6065525618836,126.927857446095,949625,1956375,38.882687,2025-10-01 10:00:00
다사49505450,37.5907796899296,126.92797821509501,949625,1954625,40.688774,2025-10-01 10:00:00
다사49505475,37.593032959959004,126.927960968145,949625,1954875,40.506474,2025-10-01 10:00:00
다사49505500,37.5952862291192,126.92794371927401,949625,1955125,40.31646,2025-10-01 10:00:00
다사49505525,37.597539497410395,126.927926468482,949625,1955375,40.095043,2025-10-01 10:00:00
다사49504950,37.5457141068632,126.92832275101001,949625,1949625,44.820717,2025-10-01 10:00:00
다사49504975,37.547967394270394,126.928305542435,949625,1949875,45.322186,2025-10-01 10:00:00
다사49505000,37.5502206808088,126.928288331943,949625,1950125,45.30438,2025-10-01 10:00:00
다사49505025,37.5524739664786,126.928271119534,949625,1950375,44.58716,2025-10-01 10:00:00
다사49504850,37.536700948547704,126.928391566151,949625,1948625,45.30145,2025-10-01 10:00:00
다사49504875,37.5389542394295,126.92837436523999,949625,1948875,45.275978,2025-10-01 10:00:00
다사49504900,37.541207529442794,126.92835716241301,949625,1949125,45.24775,2025-10-01 10:00:00
다사49504925,37.5434608185873,126.92833995767,949625,1949375,45.22985,2025-10-01 10:00:00
다사49505150,37.563740381795505,126.92818502873001,949625,1951625,43.597275,2025-10-01 10:00:00
다사49505175,37.565993662252495,126.928167804816,949625,1951875,43.335304,2025-10-01 10:00:00
다사49505200,37.5682469418405,126.92815057898301,949625,1952125,43.07822,2025-10-01 10:00:00
다사49505225,37.5705002205597,126.928133351231,949625,1952375,42.829967,2025-10-01 10:00:00
다사49505050,37.5547272512796,126.928253905208,949625,1950625,44.49905,2025-10-01 10:00:00
다사49505075,37.5569805352118,126.928236688965,949625,1950875,44.342403,2025-10-01 10:00:00
다사49505100,37.5592338182752,126.92821947080401,949625,1951125,44.12217,2025-10-01 10:00:00
다사49505125,37.5614871004698,126.92820225072599,949625,1951375,43.864452,2025-10-01 10:00:00
다사49753825,37.4443288247242,126.931921291096,949875,1938375,41.115864,2025-10-01 10:00:00
다사49753850,37.446582152301396,126.931904253284,949875,1938625,41.04388,2025-10-01 10:00:00
다사49753875,37.448835479010796,126.93188721357402,949875,1938875,40.97349,2025-10-01 10:00:00
다사49753900,37.4510888048524,126.931870171968,949875,1939125,40.902016,2025-10-01 10:00:00
다사49506050,37.6448579307289,126.927563757618,949625,1960625,37.33561,2025-10-01 10:00:00
다사49506075,37.6471111798951,126.927546464499,949625,1960875,37.282368,2025-10-01 10:00:00
다사49506100,37.649364428191795,126.927529169454,949625,1961125,37.227386,2025-10-01 10:00:00
다사49506125,37.651617675618894,126.927511872482,949625,1961375,37.165382,2025-10-01 10:00:00
다사49754025,37.462355421042105,126.931784935468,949875,1940375,40.545204,2025-10-01 10:00:00
다사49754050,37.464608741676294,126.931767882473,949875,1940625,40.542156,2025-10-01 10:00:00
다사49754075,37.4668620614425,126.93175082757901,949875,1940875,40.548225,2025-10-01 10:00:00
다사49754100,37.469115380340796,126.93173377078699,949875,1941125,40.56998,2025-10-01 10:00:00
다사49753925,37.453342129826105,126.931853128464,949875,1939375,40.834465,2025-10-01 10:00:00
다사49753950,37.4555954539319,126.931836083062,949875,1939625,40.77855,2025-10-01 10:00:00
다사49753975,37.4578487771699,126.931819035762,949875,1939875,40.734947,2025-10-01 10:00:00
다사49754000,37.46010209954,126.93180198656401,949875,1940125,40.709232,2025-10-01 10:00:00
다사49505750,37.617818872918,126.92777112485399,949625,1957625,38.15025,2025-10-01 10:00:00
다사49505775,37.6200721325171,126.92775385483601,949625,1957875,38.292282,2025-10-01 10:00:00
다사49505800,37.6223253912469,126.927736582895,949625,1958125,37.94862,2025-10-01 10:00:00
다사49505825,37.6245786491074,126.927719309029,949625,1958375,38.001656,2025-10-01 10:00:00
다사49505650,37.6088058258289,126.927840185692,949625,1956625,37.83307,2025-10-01 10:00:00
다사49505675,37.6110590889051,126.927822923368,949625,1956875,37.600452,2025-10-01 10:00:00
다사49505700,37.613312351112,126.92780565911998,949625,1957125,37.714176,2025-10-01 10:00:00
다사49505725,37.6155656124496,126.92778839294901,949625,1957375,37.948067,2025-10-01 10:00:00
다사49505950,37.635844925369206,126.927632910832,949625,1959625,37.516415,2025-10-01 10:00:00
다사49505975,37.638098178013294,126.927615625417,949625,1959875,37.483242,2025-10-01 10:00:00
다사49506000,37.640351429788,126.927598338076,949625,1960125,37.437595,2025-10-01 10:00:00
다사49506025,37.6426046806932,126.92758104881001,949625,1960375,37.393143,2025-10-01 10:00:00
다사49505850,37.6268319060985,126.927702033239,949625,1958625,38.653843,2025-10-01 10:00:00
다사49505875,37.6290851622202,126.92768475552401,949625,1958875,38.686367,2025-10-01 10:00:00
다사49505900,37.6313384174726,126.92766747588499,949625,1959125,37.56527,2025-10-01 10:00:00
다사49505925,37.633591671855605,126.927650194321,949625,1959375,37.545574,2025-10-01 10:00:00
다사49256025,37.6425909658425,126.924747422288,949375,1960375,37.330093,2025-10-01 10:00:00
다사49256050,37.6448442147698,126.924730045511,949375,1960625,37.290577,2025-10-01 10:00:00
다사49256075,37.6470974628276,126.924712666798,949375,1960875,37.24573,2025-10-01 10:00:00
다사49256100,37.649350710015895,126.924695286149,949375,1961125,37.197693,2025-10-01 10:00:00
다사49255925,37.6335779614375,126.924816910041,949375,1959375,37.438385,2025-10-01 10:00:00
다사49255950,37.635831213843005,126.924799541006,949375,1959625,37.425606,2025-10-01 10:00:00
다사49255975,37.638084465379,126.924782170035,949375,1959875,37.401485,2025-10-01 10:00:00
다사49256000,37.6403377160455,126.924764797129,949375,1960125,37.373623,2025-10-01 10:00:00
다사49503950,37.4555818984424,126.929009525026,949625,1939625,40.557945,2025-10-01 10:00:00
다사49503975,37.457835220583,126.928992392929,949625,1939875,40.508896,2025-10-01 10:00:00
다사49504000,37.460088541855605,126.92897525892401,949625,1940125,40.47972,2025-10-01 10:00:00
다사49504025,37.4623418622602,126.928958123011,949625,1940375,40.463524,2025-10-01 10:00:00
다사49503850,37.4465686012009,126.929078034343,949625,1938625,41.00258,2025-10-01 10:00:00
다사49503875,37.4488219268131,126.929060909874,949625,1938875,40.92232,2025-10-01 10:00:00
다사49503900,37.4510752515575,126.929043783498,949625,1939125,40.83327,2025-10-01 10:00:00
다사49503925,37.4533285754339,126.929026655216,949625,1939375,40.61205,2025-10-01 10:00:00
다사49255625,37.606538864757106,126.92502518762899,949375,1956375,38.778854,2025-10-01 10:00:00
다사49255650,37.60879212759521,126.92500784179501,949375,1956625,37.89779,2025-10-01 10:00:00
다사49255675,37.611045389564,126.924990494028,949375,1956875,37.71749,2025-10-01 10:00:00
다사49255700,37.6132986506635,126.924973144329,949375,1957125,37.710217,2025-10-01 10:00:00
다사49255525,37.5975258047124,126.92509455165,949375,1955375,39.89793,2025-10-01 10:00:00
다사49255550,37.5997790710274,126.92507721354201,949375,1955625,39.596134,2025-10-01 10:00:00
다사49255575,37.6020323364732,126.925059873503,949375,1955875,39.24285,2025-10-01 10:00:00
다사49255600,37.604285601049796,126.925042531532,949375,1956125,39.163902,2025-10-01 10:00:00
다사49255825,37.6245649431209,126.92488636683998,949375,1958375,37.808613,2025-10-01 10:00:00
다사49255850,37.626818199004205,126.92486900554199,949375,1958625,38.44355,2025-10-01 10:00:00
다사49255875,37.6290714540181,126.924851642309,949375,1958875,38.494484,2025-10-01 10:00:00
다사49255900,37.6313247081626,126.924834277143,949375,1959125,38.52565,2025-10-01 10:00:00
다사49255725,37.6155519108937,126.924955792698,949375,1957375,37.80755,2025-10-01 10:00:00
다사49255750,37.6178051702545,126.924938439133,949375,1957625,37.940372,2025-10-01 10:00:00
다사49255775,37.620058428746,126.92492108363501,949375,1957875,38.059082,2025-10-01 10:00:00
다사49255800,37.62231168636821,126.924903726204,949375,1958125,38.155464,2025-10-01 10:00:00
다사49504550,37.5096613902181,126.92859782774799,949625,1945625,43.94146,2025-10-01 10:00:00
다사49504575,37.5119146915222,126.92858064980699,949625,1945875,44.126297,2025-10-01 10:00:00
다사49504600,37.5141679919579,126.928563469953,949625,1946125,44.314095,2025-10-01 10:00:00
다사49504625,37.516421291525205,126.928546288186,949625,1946375,44.504898,2025-10-01 10:00:00
다사49504450,37.500648176317895,126.928666520387,949625,1944625,41.986103,2025-10-01 10:00:00
다사49504475,37.5029014810955,126.928649350096,949625,1944875,42.090347,2025-10-01 10:00:00
다사49504500,37.5051547850047,126.928632177892,949625,1945125,43.039253,2025-10-01 10:00:00
다사49504525,37.5074080880456,126.928615003776,949625,1945375,43.764336,2025-10-01 10:00:00
다사49504750,37.527687776334204,126.92846035064501,949625,1947625,45.492863,2025-10-01 10:00:00
다사49504775,37.5299410706905,126.92844315739401,949625,1947875,45.32984,2025-10-01 10:00:00
다사49504800,37.532194364178096,126.92842596222799,949625,1948125,45.401634,2025-10-01 10:00:00
다사49504825,37.534447656797205,126.928408765147,949625,1948375,45.316113,2025-10-01 10:00:00
다사49504650,37.518674590224,126.928529104506,949625,1946625,44.6908,2025-10-01 10:00:00
다사49504675,37.520927888054295,126.928511918911,949625,1946875,44.867825,2025-10-01 10:00:00
다사49504700,37.5231811850161,126.928494731403,949625,1947125,45.046272,2025-10-01 10:00:00
다사49504725,37.5254344811094,126.928477541981,949625,1947375,44.90934,2025-10-01 10:00:00
다사49504150,37.4736084512626,126.92887241482401,949625,1941625,40.602135,2025-10-01 10:00:00
다사49504175,37.4758617664589,126.92885526746001,949625,1941875,40.65586,2025-10-01 10:00:00
다사49504200,37.4781150807871,126.928838118186,949625,1942125,40.72584,2025-10-01 10:00:00
다사49504225,37.4803683942471,126.928820967003,949625,1942375,40.801064,2025-10-01 10:00:00
다사49504050,37.4645951817967,126.928940985191,949625,1940625,40.461033,2025-10-01 10:00:00
다사49504075,37.4668485004653,126.928923845462,949625,1940875,40.47935,2025-10-01 10:00:00
다사49504100,37.4691018182658,126.92890670382499,949625,1941125,40.507732,2025-10-01 10:00:00
다사49504125,37.471355135198294,126.928889560279,949625,1941375,40.546253,2025-10-01 10:00:00
다사49504350,37.4916349485244,126.92873518243601,949625,1943625,41.547474,2025-10-01 10:00:00
다사49504375,37.4938882567752,126.92871801979099,949625,1943875,41.661224,2025-10-01 10:00:00
다사49504400,37.4961415641577,126.928700855234,949625,1944125,41.768925,2025-10-01 10:00:00
다사49504425,37.498394870671895,126.928683688766,949625,1944375,41.873466,2025-10-01 10:00:00
다사49504250,37.4826217068389,126.92880381391001,949625,1942625,40.888866,2025-10-01 10:00:00
다사49504275,37.484875018562605,126.928786658907,949625,1942875,40.97065,2025-10-01 10:00:00
다사49504300,37.4871283294181,126.928769501994,949625,1943125,41.067284,2025-10-01 10:00:00
다사49504325,37.4893816394054,126.928752343171,949625,1943375,41.15608,2025-10-01 10:00:00
다사49254425,37.4983812266175,126.92585551987601,949375,1944375,41.871204,2025-10-01 10:00:00
다사49254450,37.50063453115921,126.92583826652,949375,1944625,41.975147,2025-10-01 10:00:00
다사49254475,37.5028878348327,126.925821011243,949375,1944875,40.964565,2025-10-01 10:00:00
다사49254500,37.5051411376377,126.925803754044,949375,1945125,41.059185,2025-10-01 10:00:00
다사49254325,37.4893679997667,126.925924514093,949375,1943375,41.150494,2025-10-01 10:00:00
다사49254350,37.4916213077819,126.92590726841999,949375,1943625,41.24484,2025-10-01 10:00:00
다사49254375,37.4938746149288,126.925890020826,949375,1943875,41.336098,2025-10-01 10:00:00
다사49254400,37.4961279212073,126.925872771312,949375,1944125,41.76067,2025-10-01 10:00:00
다사49254625,37.5164076386358,126.925717439217,949375,1946375,44.446873,2025-10-01 10:00:00
다사49254650,37.51866093623,126.925700170484,949375,1946625,43.90918,2025-10-01 10:00:00
다사49254675,37.520914232955604,126.92568289982799,949375,1946875,44.11449,2025-10-01 10:00:00
다사49254700,37.5231675288126,126.92566562724899,949375,1947125,44.318615,2025-10-01 10:00:00
다사49254525,37.507394439574206,126.925786494923,949375,1945375,43.737034,2025-10-01 10:00:00
다사49254550,37.50964774064229,126.92576923388,949375,1945625,43.910595,2025-10-01 10:00:00
다사49254575,37.511901040842,126.92575197091499,949375,1945875,44.091072,2025-10-01 10:00:00
다사49254600,37.5141543401732,126.92573470602699,949375,1946125,44.267487,2025-10-01 10:00:00
다사49254025,37.4623282358628,126.926131312463,949375,1940375,40.384808,2025-10-01 10:00:00
다사49254050,37.464581554296295,126.926114089817,949375,1940625,40.38241,2025-10-01 10:00:00
다사49254075,37.4668348718617,126.92609686525299,949375,1940875,40.408024,2025-10-01 10:00:00
다사49254100,37.469088188559,126.926079638772,949375,1941125,40.451065,2025-10-01 10:00:00
다사49253925,37.453314953448206,126.92620018387501,949375,1939375,40.545246,2025-10-01 10:00:00
다사49253950,37.4555682753539,126.926182968897,949375,1939625,40.47505,2025-10-01 10:00:00
다사49253975,37.457821596391604,126.926165752003,949375,1939875,40.42327,2025-10-01 10:00:00
다사49254000,37.460074916561204,126.926148533192,949375,1940125,40.390476,2025-10-01 10:00:00
다사49254225,37.4803547590233,126.925993477586,949375,1942375,40.7903,2025-10-01 10:00:00
다사49254250,37.482608070511496,126.92597623959298,949375,1942625,40.87797,2025-10-01 10:00:00
다사49254275,37.4848613811315,126.925958999679,949375,1942875,40.95876,2025-10-01 10:00:00
다사49254300,37.487114690883296,126.92594175784599,949375,1943125,41.054623,2025-10-01 10:00:00
다사49254125,37.47134150438821,126.92606241037201,949375,1941375,40.501255,2025-10-01 10:00:00
다사49254150,37.4735948193492,126.926045180054,949375,1941625,40.562588,2025-10-01 10:00:00
다사49254175,37.4758481334421,126.926027947817,949375,1941875,40.62431,2025-10-01 10:00:00
다사49254200,37.4781014466668,126.926010713661,949375,1942125,40.708508,2025-10-01 10:00:00
다사49255225,37.5704865411407,126.925302458387,949375,1952375,42.82942,2025-10-01 10:00:00
다사49255250,37.572739817884795,126.92528514343701,949375,1952625,42.591915,2025-10-01 10:00:00
다사49255275,37.5749930937599,126.925267826558,949375,1952875,42.35042,2025-10-01 10:00:00
다사49255300,37.5772463687659,126.925250507751,949375,1953125,42.12476,2025-10-01 10:00:00
다사49255125,37.561473425475,126.925371698907,949375,1951375,43.823296,2025-10-01 10:00:00
다사49255150,37.5637267056948,126.925354391669,949375,1951625,43.57744,2025-10-01 10:00:00
다사49255175,37.56597998504571,126.92533708250299,949375,1951875,43.327816,2025-10-01 10:00:00
다사49255200,37.5682332635277,126.925319771409,949375,1952125,43.080566,2025-10-01 10:00:00
다사49255425,37.588512730760606,126.92516388477301,949375,1954375,40.802685,2025-10-01 10:00:00
다사49255450,37.5907660005523,126.92514655438801,949375,1954625,40.596855,2025-10-01 10:00:00
다사49255475,37.593019269474794,126.925129222073,949375,1954875,40.39087,2025-10-01 10:00:00
다사49255500,37.5952725375282,126.925111887827,949375,1955125,40.162453,2025-10-01 10:00:00
다사49255325,37.579499642903,126.925233187014,949375,1953375,41.899063,2025-10-01 10:00:00
다사49255350,37.581752916171,126.92521586434799,949375,1953625,41.67972,2025-10-01 10:00:00
다사49255375,37.58400618857,126.925198539753,949375,1953875,41.191372,2025-10-01 10:00:00
다사49255400,37.5862594600998,126.925181213228,949375,1954125,40.99399,2025-10-01 10:00:00
다사49254825,37.534433995068895,126.92557923549299,949375,1948375,45.259113,2025-10-01 10:00:00
다사49254850,37.5366872857142,126.925561951369,949375,1948625,45.243576,2025-10-01 10:00:00
다사49254875,37.5389405754908,126.92554466531999,949375,1948875,45.220284,2025-10-01 10:00:00
다사49254900,37.54119386439871,126.925527377346,949375,1949125,45.197697,2025-10-01 10:00:00
다사49254725,37.525420823801106,126.925648352746,949375,1947375,44.82837,2025-10-01 10:00:00
다사49254750,37.527674117921,126.92563107631901,949375,1947625,44.929253,2025-10-01 10:00:00
다사49254775,37.5299274111722,126.92561379796801,949375,1947875,45.02492,2025-10-01 10:00:00
다사49254800,37.5321807035549,126.92559651769301,949375,1948125,45.3313,2025-10-01 10:00:00
다사49255025,37.552460295907004,126.925440908589,949375,1950375,44.48104,2025-10-01 10:00:00
다사49255050,37.5547135796023,126.925423609059,949375,1950625,44.384605,2025-10-01 10:00:00
다사49255075,37.5569668624287,126.925406307602,949375,1950875,44.238834,2025-10-01 10:00:00
다사49255100,37.559220144386295,126.925389004218,949375,1951125,44.047115,2025-10-01 10:00:00
다사49254925,37.5434471524379,126.925510087446,949375,1949375,45.17977,2025-10-01 10:00:00
다사49254950,37.5457004396083,126.925492795621,949375,1949625,44.79003,2025-10-01 10:00:00
다사49254975,37.54795372591,126.92547550186899,949375,1949875,44.771343,2025-10-01 10:00:00
다사49255000,37.5502070113429,126.92545820619199,949375,1950125,44.749405,2025-10-01 10:00:00
다사49005050,37.5546998400851,126.922593314836,949125,1950625,43.685577,2025-10-01 10:00:00
다사49005075,37.5569531218003,126.92257592816601,949125,1950875,43.539734,2025-10-01 10:00:00
다사49005100,37.559206402646495,126.922558539559,949125,1951125,43.95382,2025-10-01 10:00:00
다사49005125,37.5614596826239,126.922541149016,949125,1951375,43.75332,2025-10-01 10:00:00
다사49004950,37.5456867045355,126.92266284215599,949125,1949625,44.740074,2025-10-01 10:00:00
다사49004975,37.5479399897262,126.92264546323,949125,1949875,44.709328,2025-10-01 10:00:00
다사49005000,37.550193274048,126.92262808236799,949125,1950125,44.46423,2025-10-01 10:00:00
다사49005025,37.552446557501,126.92261069956999,949125,1950375,44.37613,2025-10-01 10:00:00
다사49005250,37.5727260694758,126.922454167242,949125,1952625,42.576477,2025-10-01 10:00:00
다사49005275,37.574979344239104,126.92243676507299,949125,1952875,42.33958,2025-10-01 10:00:00
다사49005300,37.577232618133294,126.92241936096701,949125,1953125,42.11264,2025-10-01 10:00:00
다사49005325,37.5794858911584,126.92240195492201,949125,1953375,41.884956,2025-10-01 10:00:00
다사49005150,37.5637129617322,126.92252375653601,949125,1951625,43.52533,2025-10-01 10:00:00
다사49005175,37.5659662399716,126.92250636211901,949125,1951875,43.29257,2025-10-01 10:00:00
다사49005200,37.568219517342,126.922488965764,949125,1952125,43.054535,2025-10-01 10:00:00
다사49005225,37.5704727938434,126.922471567472,949125,1952375,42.810875,2025-10-01 10:00:00
다사49004650,37.51864721448379,126.92287123838601,949125,1946625,43.856377,2025-10-01 10:00:00
다사49004675,37.5209005100992,126.922853882668,949125,1946875,44.05031,2025-10-01 10:00:00
다사49004700,37.523153804846004,126.922836525018,949125,1947125,44.23943,2025-10-01 10:00:00
다사49004725,37.5254070987242,126.92281916543399,949125,1947375,44.75012,2025-10-01 10:00:00
다사49004550,37.5096340233363,126.92294064193399,949125,1945625,41.917347,2025-10-01 10:00:00
다사49004575,37.511887322426,126.922923293945,949125,1945875,41.999634,2025-10-01 10:00:00
다사49004600,37.514140620647204,126.922905944024,949125,1946125,43.46956,2025-10-01 10:00:00
다사49004625,37.5163939179998,126.922888592171,949125,1946375,43.661564,2025-10-01 10:00:00
다사49004850,37.5366735550846,126.922732338512,949125,1948625,45.177193,2025-10-01 10:00:00
다사49004875,37.5389268437505,126.922714967325,949125,1948875,45.155956,2025-10-01 10:00:00
다사49004900,37.541180131547605,126.92269759420401,949125,1949125,45.13532,2025-10-01 10:00:00
다사49004925,37.5434334184759,126.922680219148,949125,1949375,45.114994,2025-10-01 10:00:00
다사49004750,37.527660391733605,126.92280180391701,949125,1947625,44.850597,2025-10-01 10:00:00
다사49004775,37.5299136838744,126.922784440466,949125,1947875,44.94228,2025-10-01 10:00:00
다사49004800,37.532166975146495,126.92276707508199,949125,1948125,45.026764,2025-10-01 10:00:00
다사49004825,37.5344202655499,126.922749707764,949125,1948375,44.938313,2025-10-01 10:00:00
다사49005850,37.6268044238943,126.922035979778,949125,1958625,37.721542,2025-10-01 10:00:00
다사49005875,37.6290576777948,126.922018531028,949125,1958875,38.337074,2025-10-01 10:00:00
다사49005900,37.6313109308258,126.922001080334,949125,1959125,38.37836,2025-10-01 10:00:00
다사49005925,37.6335641829873,126.92198362769699,949125,1959375,37.345646,2025-10-01 10:00:00
다사49005750,37.617791399597394,126.922105755345,949125,1957625,37.865723,2025-10-01 10:00:00
다사49005775,37.6200446569758,126.922088314368,949125,1957875,37.942898,2025-10-01 10:00:00
다사49005800,37.6222979134848,126.922070871448,949125,1958125,38.018093,2025-10-01 10:00:00
다사49005825,37.624551169124295,126.92205342658501,949125,1958375,38.081337,2025-10-01 10:00:00
다사49006050,37.6448304307511,126.92189633533998,949125,1960625,37.247467,2025-10-01 10:00:00
다사49006075,37.6470836776951,126.921878871033,949125,1960875,37.20684,2025-10-01 10:00:00
다사49253875,37.4488083070329,126.92623460808001,949375,1938875,40.71478,2025-10-01 10:00:00
다사49253900,37.4510616306746,126.926217396936,949375,1939125,40.62666,2025-10-01 10:00:00
다사49005950,37.635817434279296,126.92196617311501,949125,1959625,37.34107,2025-10-01 10:00:00
다사49005975,37.6380706847016,126.921948716588,949125,1959875,37.328747,2025-10-01 10:00:00
다사49006000,37.6403239342544,126.92193125811701,949125,1960125,37.30704,2025-10-01 10:00:00
다사49006025,37.6425771829376,126.921913797701,949125,1960375,37.27927,2025-10-01 10:00:00
다사49005450,37.5907522432472,126.92231489561199,949125,1954625,40.521477,2025-10-01 10:00:00
다사49005475,37.5930055110574,126.922297477931,949125,1954875,40.284348,2025-10-01 10:00:00
다사49005500,37.5952587779984,126.92228005831001,949125,1955125,40.03481,2025-10-01 10:00:00
다사49005525,37.5975120440702,126.922262636749,949125,1955375,39.76259,2025-10-01 10:00:00
다사49005350,37.5817391633145,126.922384546938,949125,1953625,41.661724,2025-10-01 10:00:00
다사49005375,37.5839924346014,126.922367137016,949125,1953875,41.440647,2025-10-01 10:00:00
다사49005400,37.5862457050191,126.92234972515399,949125,1954125,40.94691,2025-10-01 10:00:00
다사49005425,37.588498974567706,126.922332311353,949125,1954375,40.73749,2025-10-01 10:00:00
다사49005650,37.6087783613898,126.92217549983,949125,1956625,37.99364,2025-10-01 10:00:00
다사49005675,37.6110316222458,126.922158066622,949125,1956875,37.832886,2025-10-01 10:00:00
다사49005700,37.6132848822324,126.92214063147199,949125,1957125,37.775436,2025-10-01 10:00:00
다사49005725,37.6155381413496,126.92212319437901,949125,1957375,37.79958,2025-10-01 10:00:00
다사49005550,37.599765309272705,126.922245213247,949125,1955625,39.452854,2025-10-01 10:00:00
다사49005575,37.602018573605896,126.92222778780399,949125,1955875,39.12029,2025-10-01 10:00:00
다사49005600,37.604271837069895,126.922210360421,949125,1956125,38.775253,2025-10-01 10:00:00
다사49005625,37.6065250996645,126.922192931096,949125,1956375,38.25143,2025-10-01 10:00:00
다사48755700,37.6132710458187,126.919308120556,948875,1957125,37.862507,2025-10-01 10:00:00
다사48755725,37.6155243038175,126.919290598004,948875,1957375,37.840992,2025-10-01 10:00:00
다사48755750,37.617777560946706,126.919273073499,948875,1957625,37.866947,2025-10-01 10:00:00
다사48755775,37.620030817206604,126.919255547043,948875,1957875,37.904568,2025-10-01 10:00:00
다사48755600,37.6042580051294,126.91937819125098,948875,1956125,38.775166,2025-10-01 10:00:00
다사48755625,37.6065112666058,126.919360676504,948875,1956375,38.522316,2025-10-01 10:00:00
다사48755650,37.6087645272129,126.919343159806,948875,1956625,38.100735,2025-10-01 10:00:00
다사48755675,37.6110177869505,126.919325641157,948875,1956875,37.943653,2025-10-01 10:00:00
다사48755900,37.631297085462606,126.91916788546999,948875,1959125,38.25967,2025-10-01 10:00:00
다사48755925,37.6335503365051,126.91915034729601,948875,1959375,37.27275,2025-10-01 10:00:00
다사48755950,37.635803586678,126.91913280716801,948875,1959625,37.273373,2025-10-01 10:00:00
다사48755975,37.6380568359812,126.919115265086,948875,1959875,37.2666,2025-10-01 10:00:00
다사48755800,37.6222840725968,126.91923801863399,948875,1958125,37.94786,2025-10-01 10:00:00
다사48755825,37.6245373271176,126.919220488273,948875,1958375,37.994335,2025-10-01 10:00:00
다사48755850,37.6267905807688,126.919202955958,948875,1958625,37.62374,2025-10-01 10:00:00
다사48755875,37.629043833550504,126.919185421691,948875,1958875,38.208633,2025-10-01 10:00:00
다사48755300,37.577218799606,126.919588216122,948875,1953125,42.08567,2025-10-01 10:00:00
다사48755325,37.579472071513706,126.919570724769,948875,1953375,41.86056,2025-10-01 10:00:00
다사48755350,37.581725342552296,126.919553231467,948875,1953625,41.63262,2025-10-01 10:00:00
다사48755375,37.5839786127216,126.919535736218,948875,1953875,41.4069,2025-10-01 10:00:00
다사48755200,37.5682057032836,126.91965816205601,948875,1952125,43.00812,2025-10-01 10:00:00
다사48755225,37.5704589786679,126.91964067849399,948875,1952375,42.77729,2025-10-01 10:00:00
다사48755250,37.572712253183,126.919623192984,948875,1952625,42.543102,2025-10-01 10:00:00
다사48755275,37.5749655268291,126.919605705527,948875,1952875,42.31379,2025-10-01 10:00:00
다사48755500,37.59524495053,126.919448230734,948875,1955125,39.951412,2025-10-01 10:00:00
다사48755525,37.597498215483796,126.919430723789,948875,1955375,39.67044,2025-10-01 10:00:00
다사48755550,37.5997514795684,126.919413214893,948875,1955625,39.383316,2025-10-01 10:00:00
다사48755575,37.602004742783606,126.91939570404699,948875,1955875,39.071877,2025-10-01 10:00:00
다사48755400,37.5862318820218,126.919518239019,948875,1954125,41.176384,2025-10-01 10:00:00
다사48755425,37.588485150452705,126.91950073987199,948875,1954375,40.945095,2025-10-01 10:00:00
다사48755450,37.590738418014396,126.919483238775,948875,1954625,40.45046,2025-10-01 10:00:00
다사48755475,37.592991684706895,126.91946573573,948875,1954875,40.203144,2025-10-01 10:00:00
다사49004250,37.4825943665195,126.923148667194,949125,1942625,40.871586,2025-10-01 10:00:00
다사49004275,37.4848476760304,126.92313134237,949125,1942875,40.957817,2025-10-01 10:00:00
다사49004300,37.4871009846729,126.923114015618,949125,1943125,41.054028,2025-10-01 10:00:00
다사49004325,37.489354292447096,126.92309668693501,949125,1943375,41.149857,2025-10-01 10:00:00
다사49004150,37.4735811197932,126.92321794720199,949125,1941625,40.522987,2025-10-01 10:00:00
다사49004175,37.475834432777205,126.923200630093,949125,1941875,40.59754,2025-10-01 10:00:00
다사49004200,37.478087744892896,126.923183311055,949125,1942125,40.69082,2025-10-01 10:00:00
다사49004225,37.4803410561404,126.923165990089,949125,1942375,40.776314,2025-10-01 10:00:00
다사49004450,37.5006208182923,126.923010014575,949125,1944625,40.88304,2025-10-01 10:00:00
다사49004475,37.502874120856,126.922992674311,949125,1944875,41.009113,2025-10-01 10:00:00
다사49004500,37.5051274225513,126.922975332117,949125,1945125,41.11002,2025-10-01 10:00:00
다사49004525,37.507380723378,126.92295798799101,949125,1945375,41.835136,2025-10-01 10:00:00
다사49004350,37.491607599352996,126.923079356323,949125,1943625,41.239967,2025-10-01 10:00:00
다사49004375,37.4938609053904,126.923062023781,949125,1943875,41.33812,2025-10-01 10:00:00
다사49004400,37.496114210559504,126.92304468931002,949125,1944125,41.42007,2025-10-01 10:00:00
다사49004425,37.4983675148601,126.92302735290701,949125,1944375,40.78915,2025-10-01 10:00:00
다사49003850,37.4465412962687,126.923425602191,949125,1938625,40.783157,2025-10-01 10:00:00
다사49003875,37.448794619670295,126.923408308203,949125,1938875,40.6815,2025-10-01 10:00:00
다사49003900,37.4510479422038,126.92339101228998,949125,1939125,40.575443,2025-10-01 10:00:00
다사49003925,37.45330126386921,126.923373714451,949125,1939375,40.47491,2025-10-01 10:00:00
다사48756000,37.6403100844148,126.91909772105,948875,1960125,37.2518,2025-10-01 10:00:00
다사48756025,37.6425633319787,126.919080175059,948875,1960375,37.22629,2025-10-01 10:00:00
다사48756050,37.6448165786729,126.91906262711399,948875,1960625,37.198917,2025-10-01 10:00:00
다사48756075,37.6470698244975,126.919045077214,948875,1960875,37.175663,2025-10-01 10:00:00
다사49004050,37.4645678591751,126.923287196361,949125,1940625,40.301357,2025-10-01 10:00:00
다사49004075,37.4668211756319,126.92326988696199,949125,1940875,40.3373,2025-10-01 10:00:00
다사49004100,37.4690744912206,126.923252575637,949125,1941125,40.384285,2025-10-01 10:00:00
다사49004125,37.471327805941,126.923235262383,949125,1941375,40.448837,2025-10-01 10:00:00
다사49003950,37.4555545846666,126.923356414686,949125,1939625,40.394165,2025-10-01 10:00:00
다사49003975,37.4578079045959,126.923339112994,949125,1939875,40.330017,2025-10-01 10:00:00
다사49004000,37.4600612236571,126.923321809377,949125,1940125,40.29679,2025-10-01 10:00:00
다사49004025,37.462314541850205,126.923304503832,949125,1940375,40.29019,2025-10-01 10:00:00
다사48754100,37.4690607262506,126.920425514429,948875,1941125,40.327354,2025-10-01 10:00:00
다사48754125,37.47131403985679,126.92040811632201,948875,1941375,40.401764,2025-10-01 10:00:00
다사48754150,37.473567352594706,126.920390716278,948875,1941625,40.488464,2025-10-01 10:00:00
다사48754175,37.475820664464294,126.92037331429701,948875,1941875,40.572083,2025-10-01 10:00:00
다사48754000,37.4600474631433,126.920495087488,948875,1940125,40.183098,2025-10-01 10:00:00
다사48754025,37.4623007802225,126.92047769712799,948875,1940375,40.178806,2025-10-01 10:00:00
다사48754050,37.464554096433396,126.920460304832,948875,1940625,40.209896,2025-10-01 10:00:00
다사48754075,37.4668074117761,126.92044291059901,948875,1940875,40.2587,2025-10-01 10:00:00
다사48754300,37.487087210787294,126.920286275319,948875,1943125,41.06968,2025-10-01 10:00:00
다사48754325,37.489340517446706,126.920268861707,948875,1943375,41.160137,2025-10-01 10:00:00
다사48754350,37.49159382323771,126.920251446157,948875,1943625,41.25703,2025-10-01 10:00:00
다사48754375,37.4938471281603,126.920234028667,948875,1943875,41.338726,2025-10-01 10:00:00
다사48754200,37.478073975465605,126.92035591037701,948875,1942125,40.672836,2025-10-01 10:00:00
다사48754225,37.480327285598605,126.92033850452,948875,1942375,40.77909,2025-10-01 10:00:00
다사48754250,37.48258059486321,126.920321096725,948875,1942625,40.870056,2025-10-01 10:00:00
다사48754275,37.4848339032594,126.920303686991,948875,1942875,40.973236,2025-10-01 10:00:00
다사48506000,37.6402961665268,126.91626418593701,948625,1960125,37.203377,2025-10-01 10:00:00
다사48506025,37.642549412966,126.916246554373,948625,1960375,37.189674,2025-10-01 10:00:00
다사48506050,37.6448026585354,126.916228920843,948625,1960625,37.166676,2025-10-01 10:00:00
다사48506075,37.647055903235,126.91621128535,948625,1960875,37.140163,2025-10-01 10:00:00
다사48505900,37.631283172073005,126.91633469256,948625,1959125,38.167587,2025-10-01 10:00:00
다사48505925,37.633536421991,126.916317068849,948625,1959375,37.33569,2025-10-01 10:00:00
다사48505950,37.6357896710393,126.916299443176,948625,1959625,37.215206,2025-10-01 10:00:00
다사48505975,37.638042919217895,126.916281815538,948625,1959875,37.217045,2025-10-01 10:00:00
다사48753900,37.45103418614521,126.920564629569,948875,1939125,40.532307,2025-10-01 10:00:00
다사48753925,37.453287506696896,126.920547246952,948875,1939375,40.404358,2025-10-01 10:00:00
다사48753950,37.4555408263805,126.9205298624,948875,1939625,40.29818,2025-10-01 10:00:00
다사48753975,37.457794145196,126.920512475912,948875,1939875,40.223686,2025-10-01 10:00:00
다사48753800,37.4420208952572,126.92063414068701,948875,1938125,40.960464,2025-10-01 10:00:00
다사48753825,37.4442742192813,126.920616765809,948875,1938375,40.883446,2025-10-01 10:00:00
다사48753850,37.446527542437295,126.920599388998,948875,1938625,40.789547,2025-10-01 10:00:00
다사48753875,37.4487808647253,126.92058201025101,948875,1938875,40.661556,2025-10-01 10:00:00
다사48754900,37.5411663308896,126.919867812997,948875,1949125,45.06175,2025-10-01 10:00:00
다사48754925,37.543419616701605,126.91985035278499,948875,1949375,45.038155,2025-10-01 10:00:00
다사48754950,37.5456729016448,126.919832890628,948875,1949625,44.465363,2025-10-01 10:00:00
다사48754975,37.547926185719,126.919815426526,948875,1949875,44.411026,2025-10-01 10:00:00
다사48754800,37.532153178953294,126.919937634406,948875,1948125,44.94435,2025-10-01 10:00:00
다사48754825,37.5344064682406,126.91992018196899,948875,1948375,44.852413,2025-10-01 10:00:00
다사48754850,37.536659756659105,126.91990272758899,948875,1948625,44.853634,2025-10-01 10:00:00
다사48754875,37.5389130442088,126.91988527126499,948875,1948875,45.082466,2025-10-01 10:00:00
다사48755100,37.559192593056004,126.919728076837,948875,1951125,43.233376,2025-10-01 10:00:00
다사48755125,37.5614458719165,126.919710601062,948875,1951375,43.026184,2025-10-01 10:00:00
다사48755150,37.5636991499079,126.91969312334,948875,1951625,43.453148,2025-10-01 10:00:00
다사48755175,37.5659524270303,126.919675643671,948875,1951875,43.232124,2025-10-01 10:00:00
다사48755000,37.5501794689243,126.91979796047899,948875,1950125,44.336346,2025-10-01 10:00:00
다사48755025,37.5524327512607,126.91978049248699,948875,1950375,44.235874,2025-10-01 10:00:00
다사48755050,37.5546860327281,126.919763022549,948875,1950625,44.111618,2025-10-01 10:00:00
다사48755075,37.5569393133265,126.91974555066601,948875,1950875,43.407158,2025-10-01 10:00:00
다사48754500,37.5051136397457,126.92014691212098,948875,1945125,41.8058,2025-10-01 10:00:00
다사48754525,37.5073669394572,126.92012948299102,948875,1945375,41.890793,2025-10-01 10:00:00
다사48754550,37.5096202383001,126.920112051919,948875,1945625,41.973732,2025-10-01 10:00:00
다사48754575,37.5118735362744,126.920094618907,948875,1945875,42.056667,2025-10-01 10:00:00
다사48754400,37.4961004322144,126.920216609238,948875,1944125,40.74615,2025-10-01 10:00:00
다사48754425,37.4983537354,126.920199187869,948875,1944375,40.8523,2025-10-01 10:00:00
다사48754450,37.500607037717096,126.92018176456001,948875,1944625,40.94292,2025-10-01 10:00:00
다사48754475,37.5028603391657,126.92016433931101,948875,1944875,41.041634,2025-10-01 10:00:00
다사48754700,37.5231400131164,126.920007424719,948875,1947125,44.167538,2025-10-01 10:00:00
다사48754725,37.5253933058787,126.919989980055,948875,1947375,44.676056,2025-10-01 10:00:00
다사48754750,37.527646597772296,126.919972533448,948875,1947625,44.77675,2025-10-01 10:00:00
다사48754775,37.5298998887972,126.919955084899,948875,1947875,44.86379,2025-10-01 10:00:00
다사48754600,37.514126833380104,126.920077183953,948875,1946125,43.454716,2025-10-01 10:00:00
다사48754625,37.516380129617204,126.92005974705799,948875,1946375,43.623695,2025-10-01 10:00:00
다사48754650,37.5186334249856,126.92004230821999,948875,1946625,43.80945,2025-10-01 10:00:00
다사48754675,37.5208867194853,126.920024867441,948875,1946875,43.99135,2025-10-01 10:00:00
다사48504800,37.532139314975204,126.917108195672,948625,1948125,44.86026,2025-10-01 10:00:00
다사48504825,37.534392603141,126.917090658118,948625,1948375,44.77018,2025-10-01 10:00:00
다사48504850,37.536645890437796,126.91707311861,948625,1948625,44.76358,2025-10-01 10:00:00
다사48504875,37.5388991768658,126.91705557714899,948625,1948875,44.86851,2025-10-01 10:00:00
다사48504700,37.5231261536239,126.917178326364,948625,1947125,44.1086,2025-10-01 10:00:00
다사48504725,37.525379445264896,126.91716079661998,948625,1947375,44.606983,2025-10-01 10:00:00
다사48504750,37.527632736037205,126.917143264923,948625,1947625,44.702312,2025-10-01 10:00:00
다사48504775,37.5298860259406,126.917125731274,948625,1947875,44.783955,2025-10-01 10:00:00
다사48505000,37.5501655959719,126.916967840536,948625,1950125,44.199368,2025-10-01 10:00:00
다사48505025,37.552418877186206,126.91695028735,948625,1950375,44.09905,2025-10-01 10:00:00
다사48505050,37.5546721575314,126.91693273220899,948625,1950625,43.977448,2025-10-01 10:00:00
다사48505075,37.556925437007706,126.91691517511299,948625,1950875,43.82918,2025-10-01 10:00:00
다사48504900,37.5411524624249,126.91703803373501,948625,1949125,44.82371,2025-10-01 10:00:00
다사48504925,37.5434057471151,126.91702048836599,948625,1949375,44.790127,2025-10-01 10:00:00
다사48504950,37.5456590309363,126.917002941044,948625,1949625,44.7506,2025-10-01 10:00:00
다사48504975,37.5479123138886,126.916985391767,948625,1949875,44.280598,2025-10-01 10:00:00
다사48504400,37.496086586172204,126.917388531106,948625,1944125,40.40868,2025-10-01 10:00:00
다사48504425,37.4983398882373,126.91737102476999,948625,1944375,40.47429,2025-10-01 10:00:00
다사48504450,37.5005931894339,126.91735351648501,948625,1944625,40.541462,2025-10-01 10:00:00
다사48504475,37.502846489761794,126.91733600625099,948625,1944875,40.612923,2025-10-01 10:00:00
다사48504300,37.4870733692264,126.91745853695801,948625,1943125,41.09101,2025-10-01 10:00:00
다사48504325,37.4893266747656,126.917441038418,948625,1943375,41.185925,2025-10-01 10:00:00
다사48504350,37.491579979436295,126.91742353793,948625,1943625,41.273087,2025-10-01 10:00:00
다사48504375,37.4938332832385,126.91740603549201,948625,1943875,40.330654,2025-10-01 10:00:00
다사48504600,37.514112978372104,126.917248425823,948625,1946125,43.4373,2025-10-01 10:00:00
다사48504625,37.5163662734882,126.917230903886,948625,1946375,43.600258,2025-10-01 10:00:00
다사48504650,37.5186195677355,126.91721337999701,948625,1946625,43.76258,2025-10-01 10:00:00
다사48504675,37.5208728611141,126.91719585415599,948625,1946875,43.93698,2025-10-01 10:00:00
다사48504500,37.5050997892212,126.91731849406601,948625,1945125,40.257046,2025-10-01 10:00:00
다사48504525,37.5073530878119,126.91730097993099,948625,1945375,41.947166,2025-10-01 10:00:00
다사48504550,37.509606385534,126.91728346384599,948625,1945625,42.032326,2025-10-01 10:00:00
다사48504575,37.5118596823874,126.91726594581002,948625,1945875,42.110867,2025-10-01 10:00:00
다사48505600,37.6042441052285,126.916546024032,948625,1956125,38.81385,2025-10-01 10:00:00
다사48505625,37.606497365581205,126.91652842386299,948625,1956375,38.592777,2025-10-01 10:00:00
다사48505650,37.6087506250645,126.91651082173401,948625,1956625,38.41168,2025-10-01 10:00:00
다사48505675,37.6110038836783,126.916493217643,948625,1956875,38.05218,2025-10-01 10:00:00
다사48505500,37.59523105512321,126.91661640510799,948625,1955125,39.89902,2025-10-01 10:00:00
다사48505525,37.5974843189536,126.91659881277799,948625,1955375,39.63369,2025-10-01 10:00:00
다사48505550,37.5997375819146,126.91658121849,948625,1955625,39.35495,2025-10-01 10:00:00
다사48505575,37.601990844006295,126.916563622241,948625,1955875,39.077564,2025-10-01 10:00:00
다사48505800,37.6222701637045,126.916405167773,948625,1958125,37.93378,2025-10-01 10:00:00
다사48505825,37.6245234171011,126.91638755191299,948625,1958375,37.959583,2025-10-01 10:00:00
다사48505850,37.626776669628,126.916369934091,948625,1958625,37.98415,2025-10-01 10:00:00
다사48505875,37.629029921285294,126.916352314307,948625,1958875,37.596558,2025-10-01 10:00:00
다사48505700,37.6132571414226,126.916475611592,948625,1957125,37.96058,2025-10-01 10:00:00
다사48505725,37.6155103982974,126.91645800358,948625,1957375,37.912724,2025-10-01 10:00:00
다사48505750,37.6177636543027,126.916440393606,948625,1957625,37.897488,2025-10-01 10:00:00
다사48505775,37.6200169094384,126.91642278167,948625,1957875,37.908627,2025-10-01 10:00:00
다사48505200,37.5681918213526,126.91682736029499,948625,1952125,42.262,2025-10-01 10:00:00
다사48505225,37.570445095614296,126.916809791463,948625,1952375,42.719276,2025-10-01 10:00:00
다사48505250,37.57269836900671,126.916792220674,948625,1952625,42.497826,2025-10-01 10:00:00
다사48505275,37.57495164153,126.91677464792801,948625,1952875,42.273716,2025-10-01 10:00:00
다사48505100,37.5591787156149,126.91689761606101,948625,1951125,43.1075,2025-10-01 10:00:00
다사48505125,37.561431993353,126.916880055054,948625,1951375,42.918835,2025-10-01 10:00:00
다사48505150,37.563685270222,126.91686249208999,948625,1951625,42.70988,2025-10-01 10:00:00
다사48505175,37.5659385462219,126.916844927171,948625,1951875,42.48933,2025-10-01 10:00:00
다사48505400,37.586217991108,126.916686754834,948625,1954125,41.14519,2025-10-01 10:00:00
다사48505425,37.5884712584158,126.91666917033999,948625,1954375,40.906437,2025-10-01 10:00:00
다사48505450,37.590724524854295,126.916651583888,948625,1954625,40.659443,2025-10-01 10:00:00
다사48505475,37.5929777904234,126.916633995478,948625,1954875,40.154526,2025-10-01 10:00:00
다사48505300,37.5772049131841,126.916757073225,948625,1953125,42.05226,2025-10-01 10:00:00
다사48505325,37.579458183968896,126.916739496564,948625,1953375,41.826912,2025-10-01 10:00:00
다사48505350,37.5817114538846,126.916721917945,948625,1953625,41.602425,2025-10-01 10:00:00
다사48505375,37.5839647229309,126.91670433736799,948625,1953875,41.373898,2025-10-01 10:00:00
다사48255500,37.595217091778004,126.913784581441,948375,1955125,40.1155,2025-10-01 10:00:00
다사48255525,37.5974703544795,126.913766903728,948375,1955375,39.617393,2025-10-01 10:00:00
다사48255550,37.5997236163116,126.913749224046,948375,1955625,39.35783,2025-10-01 10:00:00
다사48255575,37.601976877274204,126.913731542394,948375,1955875,39.108807,2025-10-01 10:00:00
다사48255400,37.5862040322779,126.91385527260599,948375,1954125,41.11341,2025-10-01 10:00:00
다사48255425,37.588457298457,126.91383760276699,948375,1954375,40.87657,2025-10-01 10:00:00
다사48255450,37.590710563766706,126.91381993096,948375,1954625,40.629948,2025-10-01 10:00:00
다사48255475,37.592963828207104,126.913802257185,948375,1954875,40.37948,2025-10-01 10:00:00
다사48255700,37.613243169044296,126.91364310459,948375,1957125,38.058075,2025-10-01 10:00:00
다사48255725,37.6154964247896,126.913625411117,948375,1957375,37.99408,2025-10-01 10:00:00
다사48255750,37.6177496796654,126.913607715674,948375,1957625,37.95821,2025-10-01 10:00:00
다사48255775,37.6200029336715,126.91359001826,948375,1957875,37.944275,2025-10-01 10:00:00
다사48255600,37.604230137367296,126.91371385877399,948375,1956125,38.869587,2025-10-01 10:00:00
다사48255625,37.6064833965908,126.913696173183,948375,1956375,38.66917,2025-10-01 10:00:00
다사48255650,37.6087366549449,126.913678485622,948375,1956625,38.533607,2025-10-01 10:00:00
다사48255675,37.610989912429396,126.91366079609101,948375,1956875,38.41609,2025-10-01 10:00:00
다사48255100,37.55916477032321,126.91406715723998,948375,1951125,43.512196,2025-10-01 10:00:00
다사48255125,37.5614180469335,126.914049511001,948375,1951375,42.76648,2025-10-01 10:00:00
다사48255150,37.5636713226746,126.91403186279699,948375,1951625,42.552525,2025-10-01 10:00:00
다사48255175,37.5659245975465,126.914014212627,948375,1951875,42.386993,2025-10-01 10:00:00
다사48255000,37.550151655191,126.914137722547,948375,1950125,44.059284,2025-10-01 10:00:00
다사48255025,37.55240493527771,126.91412008416701,948375,1950375,43.95956,2025-10-01 10:00:00
다사48255050,37.5546582144953,126.914102443823,948375,1950625,43.83998,2025-10-01 10:00:00
다사48255075,37.556911492843795,126.914084801514,948375,1950875,43.695087,2025-10-01 10:00:00
다사48255300,37.577190958867895,126.913925932285,948375,1953125,42.00346,2025-10-01 10:00:00
다사48255325,37.5794442285243,126.91390827031601,948375,1953375,41.78326,2025-10-01 10:00:00
다사48255350,37.5816974973115,126.913890606381,948375,1953625,41.56588,2025-10-01 10:00:00
다사48255375,37.583950765229396,126.913872940477,948375,1953875,41.34097,2025-10-01 10:00:00
다사48255200,37.568177871549295,126.91399656049101,948375,1952125,42.17554,2025-10-01 10:00:00
다사48255225,37.5704311446828,126.913978906389,948375,1952375,41.957584,2025-10-01 10:00:00
다사48255250,37.572684416947105,126.91396125032101,948375,1952625,41.737103,2025-10-01 10:00:00
다사48255275,37.5749376883421,126.91394359228599,948375,1952875,42.22391,2025-10-01 10:00:00
다사48504000,37.4600336350201,126.917668367536,948625,1940125,40.05132,2025-10-01 10:00:00
다사48504025,37.4622869509797,126.917650892361,948625,1940375,40.06929,2025-10-01 10:00:00
다사48504050,37.464540266071204,126.917633415239,948625,1940625,40.115498,2025-10-01 10:00:00
다사48504075,37.4667935802943,126.91761593617201,948625,1940875,40.184216,2025-10-01 10:00:00
다사48503900,37.451020362499,126.917738248784,948625,1939125,40.50427,2025-10-01 10:00:00
다사48503925,37.4532736819315,126.91772078139,948625,1939375,40.329395,2025-10-01 10:00:00
다사48503950,37.4555270004959,126.91770331205,948625,1939625,40.178795,2025-10-01 10:00:00
다사48503975,37.4577803181921,126.917685840766,948625,1939875,40.084335,2025-10-01 10:00:00
다사48504200,37.478060138385,126.917528511638,948625,1942125,40.67842,2025-10-01 10:00:00
다사48504225,37.480313447398,126.91751102088999,948625,1942375,40.78903,2025-10-01 10:00:00
다사48504250,37.4825667555426,126.917493528194,948625,1942625,40.889214,2025-10-01 10:00:00
다사48504275,37.484820062818706,126.91747603355,948625,1942875,41.004185,2025-10-01 10:00:00
다사48504100,37.4690468936491,126.917598455159,948625,1941125,40.26492,2025-10-01 10:00:00
다사48504125,37.4713002061356,126.917580972199,948625,1941375,40.35735,2025-10-01 10:00:00
다사48504150,37.4735535177538,126.917563487292,948625,1941625,40.468067,2025-10-01 10:00:00
다사48504175,37.47580682850361,126.91754600043899,948625,1941875,40.57016,2025-10-01 10:00:00
다사48255900,37.6312691906572,126.91350150161199,948375,1959125,38.10102,2025-10-01 10:00:00
다사48255925,37.6335224394452,126.91348379236601,948375,1959375,38.134457,2025-10-01 10:00:00
다사48255950,37.6357756873635,126.913466081147,948375,1959625,37.17253,2025-10-01 10:00:00
다사48255975,37.638028934412,126.913448367954,948375,1959875,37.177406,2025-10-01 10:00:00
다사48255800,37.622256186808,126.913572318874,948375,1958125,37.946228,2025-10-01 10:00:00
다사48255825,37.6245094390748,126.913554617517,948375,1958375,37.95343,2025-10-01 10:00:00
다사48255850,37.626762690472,126.91353691418699,948375,1958625,37.964375,2025-10-01 10:00:00
다사48255875,37.629015940999395,126.913519208886,948375,1958875,37.979088,2025-10-01 10:00:00
다사48503800,37.442007076086995,126.917808098918,948625,1938125,40.990345,2025-10-01 10:00:00
다사48503825,37.444260398992206,126.91779063930001,948625,1938375,40.914215,2025-10-01 10:00:00
다사48503850,37.4465137210293,126.917773177739,948625,1938625,40.811516,2025-10-01 10:00:00
다사48503875,37.448767042198206,126.917755714234,948625,1938875,40.67511,2025-10-01 10:00:00
다사48256000,37.6402821805907,126.913430652789,948375,1960125,37.169304,2025-10-01 10:00:00
다사48256025,37.6425354258996,126.91341293565,948375,1960375,37.15567,2025-10-01 10:00:00
다사48256050,37.6447886703386,126.913395216537,948375,1960625,37.140636,2025-10-01 10:00:00
다사48256075,37.6470419139079,126.91337749545,948375,1960875,37.112843,2025-10-01 10:00:00
다사48253900,37.451006471265295,126.914911869944,948375,1939125,40.496956,2025-10-01 10:00:00
다사48253925,37.4532597895732,126.91489431777201,948375,1939375,40.228493,2025-10-01 10:00:00
다사48253950,37.4555131070129,126.91487676364599,948375,1939625,40.014328,2025-10-01 10:00:00
다사48253975,37.457766423584296,126.914859207565,948375,1939875,39.911186,2025-10-01 10:00:00
다사48253800,37.441993189351294,126.91498205909201,948375,1938125,41.045067,2025-10-01 10:00:00
다사48253825,37.4442465111321,126.914964514736,948375,1938375,40.98,2025-10-01 10:00:00
다사48253850,37.4464998320447,126.91494696842501,948375,1938625,40.880455,2025-10-01 10:00:00
다사48253875,37.4487531520891,126.914929420161,948375,1938875,40.732388,2025-10-01 10:00:00
다사48254100,37.4690329934165,126.91477139783501,948375,1941125,40.225456,2025-10-01 10:00:00
다사48254125,37.4712863047778,126.914753830022,948375,1941375,40.32913,2025-10-01 10:00:00
다사48254150,37.4735396152707,126.914736260253,948375,1941625,40.449024,2025-10-01 10:00:00
다사48254175,37.4757929248952,126.914718688528,948375,1941875,40.571598,2025-10-01 10:00:00
다사48254000,37.460019739287404,126.914841649529,948375,1940125,39.91195,2025-10-01 10:00:00
다사48254025,37.46227305412221,126.914824089539,948375,1940375,39.958645,2025-10-01 10:00:00
다사48254050,37.464526368088606,126.914806527593,948375,1940625,40.02786,2025-10-01 10:00:00
다사48254075,37.46677968118671,126.914788963692,948375,1940875,40.12003,2025-10-01 10:00:00
다사48005825,37.624495393039,126.91072168509199,948125,1958375,37.776424,2025-10-01 10:00:00
다사48005850,37.6267486433009,126.910703896255,948125,1958625,37.973835,2025-10-01 10:00:00
다사48005875,37.629001892693,126.910686105437,948125,1958875,37.978893,2025-10-01 10:00:00
다사48005900,37.6312551412153,126.910668312637,948125,1959125,37.97913,2025-10-01 10:00:00
다사48005725,37.6154823832943,126.91079282062599,948125,1957375,38.372223,2025-10-01 10:00:00
다사48005750,37.617735637035,126.910775039714,948125,1957625,37.844173,2025-10-01 10:00:00
다사48005775,37.619988889906004,126.910757256821,948125,1957875,37.81258,2025-10-01 10:00:00
다사48005800,37.6222421419074,126.910739471947,948125,1958125,37.791008,2025-10-01 10:00:00
다사48006025,37.6425213707796,126.910579318901,948125,1960375,37.13418,2025-10-01 10:00:00
다사48006050,37.6447746140828,126.910561514205,948125,1960625,37.11591,2025-10-01 10:00:00
다사48006075,37.6470278565162,126.91054370752501,948125,1960875,37.09681,2025-10-01 10:00:00
다사48253775,37.4397398667023,126.91499960149599,948375,1937875,41.09598,2025-10-01 10:00:00
다사48005925,37.633508388867796,126.91065051785499,948125,1959375,38.084312,2025-10-01 10:00:00
다사48005950,37.6357616356505,126.910632721091,948125,1959625,37.274696,2025-10-01 10:00:00
다사48005975,37.63801488156339,126.910614922344,948125,1959875,37.14624,2025-10-01 10:00:00
다사48006000,37.6402681266064,126.910597121614,948125,1960125,37.141823,2025-10-01 10:00:00
다사48254700,37.5231122263686,126.91434922996001,948375,1947125,44.062862,2025-10-01 10:00:00
다사48254725,37.5253655168829,126.91433161513599,948375,1947375,44.55017,2025-10-01 10:00:00
다사48254750,37.527618806528295,126.91431399835,948375,1947625,44.641045,2025-10-01 10:00:00
다사48254775,37.529872095304796,126.91429637960199,948375,1947875,44.71563,2025-10-01 10:00:00
다사48254600,37.5140990556233,126.914419669645,948375,1946125,43.44151,2025-10-01 10:00:00
다사48254625,37.5163523496128,126.914402062665,948375,1946375,43.59157,2025-10-01 10:00:00
다사48254650,37.518605642733604,126.91438445372499,948375,1946625,43.73853,2025-10-01 10:00:00
다사48254675,37.5208589349855,126.91436684282301,948375,1946875,43.90304,2025-10-01 10:00:00
다사48254900,37.5411385261537,126.914208256426,948375,1949125,44.70287,2025-10-01 10:00:00
다사48254925,37.5433918097165,126.91419062590201,948375,1949375,44.66242,2025-10-01 10:00:00
다사48254950,37.545645092410396,126.914172993414,948375,1949625,44.6119,2025-10-01 10:00:00
다사48254975,37.5478983742352,126.914155358963,948375,1949875,44.571106,2025-10-01 10:00:00
다사48254800,37.5321253832125,126.914278758892,948375,1948125,45.24572,2025-10-01 10:00:00
다사48254825,37.5343786702512,126.91426113621999,948375,1948375,45.250797,2025-10-01 10:00:00
다사48254850,37.536631956421,126.91424351158501,948375,1948625,45.24999,2025-10-01 10:00:00
다사48254875,37.5388852417218,126.91422588498699,948375,1948875,44.74534,2025-10-01 10:00:00
다사48254300,37.487059459990505,126.914630800547,948375,1943125,41.133793,2025-10-01 10:00:00
다사48254325,37.489312764404,126.914613217078,948375,1943375,41.226105,2025-10-01 10:00:00
다사48254350,37.4915660679489,126.914595631651,948375,1943625,40.336033,2025-10-01 10:00:00
다사48254375,37.493819370625296,126.914578044267,948375,1943875,40.412643,2025-10-01 10:00:00
다사48254200,37.478046233651206,126.914701114846,948375,1942125,40.68971,2025-10-01 10:00:00
다사48254225,37.4802995415388,126.914683539207,948375,1942375,40.81194,2025-10-01 10:00:00
다사48254250,37.482552848557795,126.91466596161101,948375,1942625,40.92884,2025-10-01 10:00:00
다사48254275,37.4848061547084,126.914648382057,948375,1942875,41.033092,2025-10-01 10:00:00
다사48254500,37.5050858709777,126.914490077961,948375,1945125,40.383476,2025-10-01 10:00:00
다사48254525,37.5073391684422,126.914472478822,948375,1945375,40.487183,2025-10-01 10:00:00
다사48254550,37.509592465038,126.914454877723,948375,1945625,40.588497,2025-10-01 10:00:00
다사48254575,37.511845760765,126.914437274664,948375,1945875,42.17478,2025-10-01 10:00:00
다사48254400,37.496072672433,126.914560454923,948375,1944125,40.4886,2025-10-01 10:00:00
다사48254425,37.498325973372204,126.91454286362101,948375,1944375,40.55144,2025-10-01 10:00:00
다사48254450,37.5005792734427,126.91452527036002,948375,1944625,40.616024,2025-10-01 10:00:00
다사48254475,37.5028325726446,126.91450767514,948375,1944875,40.27819,2025-10-01 10:00:00
다사48004625,37.5163383579914,126.911573223405,948125,1946375,43.583595,2025-10-01 10:00:00
다사48004650,37.5185916499801,126.911555529413,948125,1946625,43.72779,2025-10-01 10:00:00
다사48004675,37.520844941099895,126.911537833451,948125,1946875,43.875385,2025-10-01 10:00:00
다사48004700,37.5230982313508,126.911520135518,948125,1947125,44.023186,2025-10-01 10:00:00
다사48004525,37.50732518134829,126.911643979673,948125,1945375,40.62804,2025-10-01 10:00:00
다사48004550,37.509578476812294,126.91162629356,948125,1945625,40.723595,2025-10-01 10:00:00
다사48004575,37.5118317714075,126.91160860547899,948125,1945875,40.825558,2025-10-01 10:00:00
다사48004600,37.5140850651339,126.911590915427,948125,1946125,43.455723,2025-10-01 10:00:00
다사48004825,37.5343646695714,126.911431616284,948125,1948375,45.128956,2025-10-01 10:00:00
다사48004850,37.5366179546086,126.911413906522,948125,1948625,45.118183,2025-10-01 10:00:00
다사48004875,37.5388712387768,126.911396194788,948125,1948875,44.619106,2025-10-01 10:00:00
다사48004900,37.5411245220759,126.91137848108102,948125,1949125,44.565998,2025-10-01 10:00:00
다사48004725,37.5253515207328,126.911502435614,948125,1947375,45.065685,2025-10-01 10:00:00
다사48004750,37.527604809245894,126.91148473373899,948125,1947625,45.128292,2025-10-01 10:00:00
다사48004775,37.5298580968901,126.91146702989201,948125,1947875,45.143177,2025-10-01 10:00:00
다사48004800,37.532111383665296,126.911449324074,948125,1948125,45.140644,2025-10-01 10:00:00
다사48004225,37.4802855680211,126.911856059481,948125,1942375,40.865173,2025-10-01 10:00:00
다사48004250,37.4825388739092,126.91183839698499,948125,1942625,40.99249,2025-10-01 10:00:00
다사48004275,37.48479217892871,126.91182073252199,948125,1942875,41.09816,2025-10-01 10:00:00
다사48004300,37.4870454830796,126.911803066093,948125,1943125,40.267212,2025-10-01 10:00:00
다사48004125,37.4712723357833,126.911926689801,948125,1941375,40.321777,2025-10-01 10:00:00
다사48004150,37.4735256451455,126.91190903517,948125,1941625,40.45737,2025-10-01 10:00:00
다사48004175,37.4757789536392,126.911891378573,948125,1941875,40.59704,2025-10-01 10:00:00
다사48004200,37.4780322612644,126.91187372001,948125,1942125,40.72991,2025-10-01 10:00:00
다사48004425,37.498311990804794,126.911714704431,948125,1944375,40.624363,2025-10-01 10:00:00
다사48004450,37.500565289743705,126.91169702619499,948125,1944625,40.693043,2025-10-01 10:00:00
다사48004475,37.502818587814005,126.91167934599,948125,1944875,40.415882,2025-10-01 10:00:00
다사48004500,37.505071885015504,126.91166166381599,948125,1945125,40.523876,2025-10-01 10:00:00
다사48004325,37.4892987863619,126.911785397696,948125,1943375,40.35265,2025-10-01 10:00:00
다사48004350,37.4915520887756,126.91176772733101,948125,1943625,40.425064,2025-10-01 10:00:00
다사48004375,37.4938053903207,126.911750054999,948125,1943875,40.49401,2025-10-01 10:00:00
다사48004400,37.4960586909971,126.91173238069901,948125,1944125,40.571075,2025-10-01 10:00:00
다사48005425,37.5884432705765,126.91100603716299,948125,1954375,40.84888,2025-10-01 10:00:00
다사48005450,37.590696534752105,126.91098828000099,948125,1954625,40.616516,2025-10-01 10:00:00
다사48005475,37.5929497980581,126.910970520861,948125,1954875,40.368866,2025-10-01 10:00:00
다사48005500,37.595203060494704,126.910952759743,948125,1955125,39.625046,2025-10-01 10:00:00
다사48005325,37.579430205179996,126.911077046036,948125,1953375,41.107407,2025-10-01 10:00:00
다사48005350,37.581683472833205,126.911059296784,948125,1953625,40.871567,2025-10-01 10:00:00
다사48005375,37.5839367396171,126.91104154555401,948125,1953875,40.640697,2025-10-01 10:00:00
다사48005400,37.5861900055315,126.911023792347,948125,1954125,41.079018,2025-10-01 10:00:00
다사48005625,37.606469359634794,126.91086392447201,948125,1956375,38.528427,2025-10-01 10:00:00
다사48005650,37.6087226168541,126.910846151481,948125,1956625,38.619434,2025-10-01 10:00:00
다사48005675,37.6109758732038,126.910828376509,948125,1956875,38.509613,2025-10-01 10:00:00
다사48005700,37.6132291286839,126.91081059955799,948125,1957125,38.420403,2025-10-01 10:00:00
다사48005525,37.597456322061795,126.910934996646,948125,1955375,39.37994,2025-10-01 10:00:00
다사48005550,37.5997095827594,126.910917231571,948125,1955625,39.14072,2025-10-01 10:00:00
다사48005575,37.6019628425875,126.910899464518,948125,1955875,38.91754,2025-10-01 10:00:00
다사48005600,37.604216101545894,126.910881695485,948125,1956125,38.709423,2025-10-01 10:00:00
다사48005025,37.5523909255353,126.911289882949,948125,1950375,43.82356,2025-10-01 10:00:00
다사48005050,37.554644203619794,126.911272157402,948125,1950625,43.70444,2025-10-01 10:00:00
다사48005075,37.5568974808351,126.911254429881,948125,1950875,43.555866,2025-10-01 10:00:00
다사48005100,37.5591507571813,126.911236700385,948125,1951125,42.794544,2025-10-01 10:00:00
다사48004925,37.543377804506,126.911360765401,948125,1949375,44.511364,2025-10-01 10:00:00
다사48004950,37.545631086067,126.91134304774799,948125,1949625,44.46482,2025-10-01 10:00:00
다사48004975,37.5478843667589,126.911325328122,948125,1949875,44.421257,2025-10-01 10:00:00
다사48005000,37.5501376465817,126.911307606523,948125,1950125,44.36836,2025-10-01 10:00:00
다사48005225,37.5704171258735,126.911148023282,948125,1952375,41.7457,2025-10-01 10:00:00
다사48005250,37.5726703970041,126.911130281935,948125,1952625,41.528038,2025-10-01 10:00:00
다사48005275,37.574923667265395,126.911112538612,948125,1952875,41.299683,2025-10-01 10:00:00
다사48005300,37.5771769366574,126.911094793312,948125,1953125,41.250072,2025-10-01 10:00:00
다사48005125,37.5614040326582,126.91121896891501,948125,1951375,42.594658,2025-10-01 10:00:00
다사48005150,37.5636573072659,126.911201235469,948125,1951625,42.387165,2025-10-01 10:00:00
다사48005175,37.5659105810044,126.911183500049,948125,1951875,42.18072,2025-10-01 10:00:00
다사48005200,37.5681638538736,126.91116576265301,948125,1952125,41.962093,2025-10-01 10:00:00
다사47755325,37.5794161139361,126.90824582373301,947875,1953375,40.848206,2025-10-01 10:00:00
다사47755350,37.5816693804499,126.908227989164,947875,1953625,40.617268,2025-10-01 10:00:00
다사47755375,37.5839226460942,126.90821015260799,947875,1953875,40.381374,2025-10-01 10:00:00
다사47755400,37.5861759108691,126.908192314065,947875,1954125,40.131187,2025-10-01 10:00:00
다사47755225,37.5704030391866,126.90831714215,947875,1952375,41.623653,2025-10-01 10:00:00
다사47755250,37.5726563091781,126.908299315525,947875,1952625,41.418167,2025-10-01 10:00:00
다사47755275,37.57490957830021,126.908281486913,947875,1952875,41.212685,2025-10-01 10:00:00
다사47755300,37.577162846552795,126.908263656316,947875,1953125,40.999283,2025-10-01 10:00:00
다사47755525,37.597442221700604,126.90810309154399,947875,1955375,39.384056,2025-10-01 10:00:00
다사47755550,37.5996954812582,126.908085241076,947875,1955625,39.167694,2025-10-01 10:00:00
다사47755575,37.6019487399462,126.90806738862,947875,1955875,38.957916,2025-10-01 10:00:00
다사47755600,37.604201997764605,126.90804953417499,947875,1956125,38.76819,2025-10-01 10:00:00
다사47755425,37.5884291747745,126.908174473536,947875,1954375,40.15343,2025-10-01 10:00:00
다사47755450,37.590682437810294,126.908156631019,947875,1954625,39.91265,2025-10-01 10:00:00
다사47755475,37.5929356999767,126.90813878651501,947875,1954875,39.674686,2025-10-01 10:00:00
다사47755500,37.5951889612734,126.908120940023,947875,1955125,39.430946,2025-10-01 10:00:00
다사47754925,37.5433637314837,126.908530906873,947875,1949375,44.342346,2025-10-01 10:00:00
다사47754950,37.545617011906295,126.908513104056,947875,1949625,44.27716,2025-10-01 10:00:00
다사47754975,37.5478702914598,126.90849529925501,947875,1949875,44.224937,2025-10-01 10:00:00
다사47755000,37.5501235701441,126.908477492472,947875,1950125,44.178078,2025-10-01 10:00:00
다사47754825,37.5343506011018,126.908602098321,947875,1948375,45.006832,2025-10-01 10:00:00
다사47754850,37.53660388500089,126.90858430343201,947875,1948625,44.964542,2025-10-01 10:00:00
다사47754875,37.538857168031,126.90856650656099,947875,1948875,44.47252,2025-10-01 10:00:00
다사47754900,37.5411104501919,126.908548707708,947875,1949125,44.401928,2025-10-01 10:00:00
다사47755125,37.56138995052729,126.90838842880301,947875,1951375,42.38644,2025-10-01 10:00:00
다사47755150,37.5636432239961,126.908370610117,947875,1951625,42.19436,2025-10-01 10:00:00
다사47755175,37.5658964965956,126.90835278944598,947875,1951875,42.008194,2025-10-01 10:00:00
다사47755200,37.568149768325796,126.908334966791,947875,1952125,41.815575,2025-10-01 10:00:00
다사47755025,37.5523768479592,126.908459683706,947875,1950375,44.13795,2025-10-01 10:00:00
다사47755050,37.5546301249051,126.908441872956,947875,1950625,44.097977,2025-10-01 10:00:00
다사47755075,37.556883400981796,126.90842406022199,947875,1950875,42.79199,2025-10-01 10:00:00
다사47755100,37.559136676189205,126.908406245505,947875,1951125,42.579693,2025-10-01 10:00:00
다사48003825,37.444232555701,126.912138392124,948125,1938375,41.05815,2025-10-01 10:00:00
다사48003850,37.4464858754837,126.91212076106501,948125,1938625,40.99774,2025-10-01 10:00:00
다사48003875,37.4487391943981,126.912103128043,948125,1938875,40.864407,2025-10-01 10:00:00
다사48003900,37.450992512444294,126.912085493057,948125,1939125,40.574783,2025-10-01 10:00:00
다사47756075,37.64701373106,126.907709921584,947875,1960875,37.08002,2025-10-01 10:00:00
다사47756100,37.649266971482,126.907692027318,947875,1961125,37.0634,2025-10-01 10:00:00
다사48003775,37.4397259135309,126.912173648354,948125,1937875,41.132374,2025-10-01 10:00:00
다사48003800,37.44197923505,126.91215602122,948125,1938125,41.10552,2025-10-01 10:00:00
다사48004025,37.4622590896499,126.91199728867201,948125,1940375,39.87371,2025-10-01 10:00:00
다사48004050,37.4645124024859,126.91197964190201,948125,1940625,39.964016,2025-10-01 10:00:00
다사48004075,37.4667657144535,126.911961993167,948125,1940875,40.087498,2025-10-01 10:00:00
다사48004100,37.469019025552704,126.91194434246701,948125,1941125,40.19916,2025-10-01 10:00:00
다사48003925,37.453245829622105,126.912067856108,948125,1939375,40.075672,2025-10-01 10:00:00
다사48003950,37.455499145931604,126.912050217195,948125,1939625,39.774834,2025-10-01 10:00:00
다사48003975,37.45775246137279,126.912032576319,948125,1939875,39.72435,2025-10-01 10:00:00
다사48004000,37.460005775945504,126.91201493347799,948125,1940125,39.791206,2025-10-01 10:00:00
다사47755725,37.615468273811395,126.907960232115,947875,1957375,38.446415,2025-10-01 10:00:00
다사47755750,37.6177215264116,126.907942365734,947875,1957625,37.905193,2025-10-01 10:00:00
다사47755775,37.6199747781421,126.907924497362,947875,1957875,37.86421,2025-10-01 10:00:00
다사47755800,37.6222280290028,126.907906627001,947875,1958125,37.835262,2025-10-01 10:00:00
다사47755625,37.606455254713296,126.908031677742,947875,1956375,38.59706,2025-10-01 10:00:00
다사47755650,37.6087085107924,126.908013819319,947875,1956625,38.466164,2025-10-01 10:00:00
다사47755675,37.61096176600179,126.907995958907,947875,1956875,38.352745,2025-10-01 10:00:00
다사47755700,37.6132150203415,126.907978096506,947875,1957125,38.506416,2025-10-01 10:00:00
다사47755925,37.633494270259,126.907817245327,947875,1959375,37.75899,2025-10-01 10:00:00
다사47755950,37.635747515900704,126.907799363017,947875,1959625,36.518154,2025-10-01 10:00:00
다사47755975,37.6380007606724,126.90778147871599,947875,1959875,36.473827,2025-10-01 10:00:00
다사47756000,37.6402540045742,126.90776359242201,947875,1960125,37.120537,2025-10-01 10:00:00
다사47755825,37.6244812789937,126.907888754648,947875,1958375,37.80967,2025-10-01 10:00:00
다사47755850,37.626734528114795,126.907870880305,947875,1958625,37.79601,2025-10-01 10:00:00
다사47755875,37.6289877763661,126.90785300396999,947875,1958875,37.780872,2025-10-01 10:00:00
다사47755900,37.6312410237475,126.907835125644,947875,1959125,37.770836,2025-10-01 10:00:00
다사47753725,37.4352052494269,126.909383114986,947875,1937375,41.19785,2025-10-01 10:00:00
다사47753750,37.437458571547296,126.909365407066,947875,1937625,41.18261,2025-10-01 10:00:00
다사47753775,37.4397118927996,126.909347697174,947875,1937875,41.17126,2025-10-01 10:00:00
다사47753800,37.4419652131835,126.90932998531099,947875,1938125,41.152668,2025-10-01 10:00:00
다사47505925,37.6334800836189,126.90498397478999,947625,1959375,37.773792,2025-10-01 10:00:00
다사47505950,37.635733328114,126.904966006936,947625,1959625,36.551216,2025-10-01 10:00:00
다사47506075,37.6469995375396,126.904876137635,947625,1960875,36.931248,2025-10-01 10:00:00
다사47506100,37.649252776814606,126.904858157768,947625,1961125,36.912323,2025-10-01 10:00:00
다사47753925,37.45323180207829,126.909241396408,947875,1939375,39.59258,2025-10-01 10:00:00
다사47753950,37.4554851172522,126.909223672709,947875,1939625,39.551838,2025-10-01 10:00:00
다사47753975,37.4577384315576,126.909205947037,947875,1939875,39.658585,2025-10-01 10:00:00
다사47754000,37.4599917449946,126.909188219391,947875,1940125,39.767445,2025-10-01 10:00:00
다사47753825,37.444218532699104,126.90931227147499,947875,1938375,41.13162,2025-10-01 10:00:00
다사47753850,37.4464718513465,126.909294555667,947875,1938625,41.103832,2025-10-01 10:00:00
다사47753875,37.4487251691255,126.909276837887,947875,1938875,41.074074,2025-10-01 10:00:00
다사47753900,37.4509784860361,126.909259118134,947875,1939125,40.951744,2025-10-01 10:00:00
다사47505600,37.604187826023505,126.90521737485399,947625,1956125,38.19683,2025-10-01 10:00:00
다사47505625,37.6064410818265,126.90519943299999,947625,1956375,38.66521,2025-10-01 10:00:00
다사47505650,37.6086943367598,126.905181489147,947625,1956625,38.53327,2025-10-01 10:00:00
다사47505675,37.6109475908234,126.905163543295,947625,1956875,38.42964,2025-10-01 10:00:00
다사47505500,37.5951747941143,126.905289122291,947625,1955125,39.187202,2025-10-01 10:00:00
다사47505525,37.597428053396,126.905271188429,947625,1955375,38.973362,2025-10-01 10:00:00
다사47505550,37.599681311808204,126.90525325256901,947625,1955625,38.52017,2025-10-01 10:00:00
다사47505575,37.6019345693507,126.90523531471001,947625,1955875,38.350674,2025-10-01 10:00:00
다사47505800,37.6222138480944,126.90507378404499,947625,1958125,37.88966,2025-10-01 10:00:00
다사47505825,37.6244670969391,126.905055826196,947625,1958375,37.85743,2025-10-01 10:00:00
다사47505850,37.6267203449139,126.90503786634599,947625,1958625,37.8281,2025-10-01 10:00:00
다사47505900,37.6312268382539,126.905001940643,947625,1959125,37.79152,2025-10-01 10:00:00
다사47505700,37.61320084401721,126.905145595444,947625,1957125,38.346413,2025-10-01 10:00:00
다사47505725,37.615454096341296,126.905127645594,947625,1957375,38.278927,2025-10-01 10:00:00
다사47505750,37.6177073477955,126.905109693744,947625,1957625,37.983612,2025-10-01 10:00:00
다사47505775,37.6199605983799,126.905091739895,947625,1957875,37.93218,2025-10-01 10:00:00
다사47754525,37.5073111265303,126.908815482493,947875,1945375,40.77772,2025-10-01 10:00:00
다사47754550,37.509564420857004,126.908797711367,947875,1945625,40.882046,2025-10-01 10:00:00
다사47754575,37.5118177143149,126.908779938263,947875,1945875,40.9808,2025-10-01 10:00:00
다사47754600,37.5140710069039,126.90876216317899,947875,1946125,43.47297,2025-10-01 10:00:00
다사47754425,37.4982979405352,126.90888654721,947875,1944375,40.71679,2025-10-01 10:00:00
다사47754450,37.5005512383372,126.90886878399799,947875,1944625,40.45712,2025-10-01 10:00:00
다사47754475,37.5028045352704,126.90885101880801,947875,1944875,40.55676,2025-10-01 10:00:00
다사47754500,37.505057831334796,126.90883325163999,947875,1945125,40.66094,2025-10-01 10:00:00
다사47754725,37.5253374568149,126.90867325806299,947875,1947375,45.011417,2025-10-01 10:00:00
다사47754750,37.5275907441901,126.908655471099,947875,1947625,45.06012,2025-10-01 10:00:00
다사47754775,37.529844030696395,126.90863768215401,947875,1947875,45.06794,2025-10-01 10:00:00
다사47754800,37.532097316333605,126.90861989122801,947875,1948125,45.038483,2025-10-01 10:00:00
다사47754625,37.516324298624,126.90874438611601,947875,1946375,43.592983,2025-10-01 10:00:00
다사47754650,37.5185775894751,126.908726607073,947875,1946625,43.71808,2025-10-01 10:00:00
다사47754675,37.5208308794573,126.90870882605,947875,1946875,44.79943,2025-10-01 10:00:00
다사47754700,37.5230841685706,126.90869104304701,947875,1947125,44.91699,2025-10-01 10:00:00
다사47754125,37.471258299152495,126.909099551546,947875,1941375,40.33789,2025-10-01 10:00:00
다사47754150,37.473511607378505,126.90908181205299,947875,1941625,40.483494,2025-10-01 10:00:00
다사47754175,37.4757649147359,126.909064070585,947875,1941875,40.64245,2025-10-01 10:00:00
다사47754200,37.4780182212248,126.909046327141,947875,1942125,40.80274,2025-10-01 10:00:00
다사47754025,37.4622450575632,126.90917048976999,947875,1940375,39.871143,2025-10-01 10:00:00
다사47754050,37.464498369263204,126.909152758176,947875,1940625,39.98077,2025-10-01 10:00:00
다사47754075,37.466751680094795,126.909135024608,947875,1940875,40.08023,2025-10-01 10:00:00
다사47754100,37.4690049900579,126.90911728906401,947875,1941125,40.206425,2025-10-01 10:00:00
다사47754325,37.489284740639704,126.908957580281,947875,1943375,40.465412,2025-10-01 10:00:00
다사47754350,37.4915380419166,126.908939824979,947875,1943625,40.5277,2025-10-01 10:00:00
다사47754375,37.4937913423249,126.9089220677,947875,1943875,40.581913,2025-10-01 10:00:00
다사47754400,37.4960446418644,126.90890430844401,947875,1944125,40.650658,2025-10-01 10:00:00
다사47754225,37.480271526845,126.909028581721,947875,1942375,40.94965,2025-10-01 10:00:00
다사47754250,37.482524831596706,126.909010834326,947875,1942625,41.069687,2025-10-01 10:00:00
다사47754275,37.4847781354797,126.90899308495399,947875,1942875,40.31007,2025-10-01 10:00:00
다사47754300,37.487031438494,126.908975333606,947875,1943125,40.39128,2025-10-01 10:00:00
다사47504400,37.4960305250352,126.906076238165,947625,1944125,40.737682,2025-10-01 10:00:00
다사47504425,37.4982838225636,126.906058391966,947625,1944375,40.796654,2025-10-01 10:00:00
다사47504450,37.500537119223104,126.90604054377899,947625,1944625,40.598747,2025-10-01 10:00:00
다사47504475,37.50279041501379,126.90602269360399,947625,1944875,40.703236,2025-10-01 10:00:00
다사47504300,37.4870173262338,126.906147603096,947625,1943125,40.525307,2025-10-01 10:00:00
다사47504325,37.489270627237296,126.906129764843,947625,1943375,40.583324,2025-10-01 10:00:00
다사47504350,37.4915239273721,126.90611192460399,947625,1943625,40.634148,2025-10-01 10:00:00
다사47504375,37.493777226637995,126.906094082378,947625,1943875,40.68525,2025-10-01 10:00:00
다사47504600,37.5140568809335,126.905933412911,947625,1946125,41.30844,2025-10-01 10:00:00
다사47504625,37.5163101715107,126.90591555080601,947625,1946375,44.608963,2025-10-01 10:00:00
다사47504650,37.5185634612188,126.905897686712,947625,1946625,44.66942,2025-10-01 10:00:00
다사47504675,37.5208167500579,126.90587982062901,947625,1946875,44.779957,2025-10-01 10:00:00
다사47504500,37.5050437099355,126.906004841442,947625,1945125,40.818523,2025-10-01 10:00:00
다사47504525,37.5072970039884,126.90598698729201,947625,1945375,40.94609,2025-10-01 10:00:00
다사47504550,37.509550297172396,126.90596913115299,947625,1945625,41.079044,2025-10-01 10:00:00
다사47504575,37.5118035894874,126.905951273026,947625,1945875,41.19372,2025-10-01 10:00:00
다사47504000,37.4599776464347,126.906361507277,947625,1940125,39.90556,2025-10-01 10:00:00
다사47504025,37.4622309578619,126.906343692843,947625,1940375,39.966152,2025-10-01 10:00:00
다사47504050,37.4644842684206,126.906325876425,947625,1940625,40.03627,2025-10-01 10:00:00
다사47504075,37.466737578110795,126.906308058023,947625,1940875,40.13531,2025-10-01 10:00:00
다사47503900,37.450964392040795,126.906432745184,947625,1939125,41.05551,2025-10-01 10:00:00
다사47503925,37.453217706942,126.906414938682,947625,1939375,40.44157,2025-10-01 10:00:00
다사47503950,37.455471020974706,126.90639713019699,947625,1939625,39.96342,2025-10-01 10:00:00
다사47503975,37.457724334139,126.90637931972799,947625,1939875,39.878826,2025-10-01 10:00:00
다사47504200,37.4780041135324,126.906218936248,947625,1942125,40.91299,2025-10-01 10:00:00
다사47504225,37.4802574180108,126.906201105938,947625,1942375,41.073154,2025-10-01 10:00:00
다사47504250,37.4825107216205,126.906183273643,947625,1942625,40.37267,2025-10-01 10:00:00
다사47504275,37.4847640243615,126.906165439362,947625,1942875,40.46022,2025-10-01 10:00:00
다사47504100,37.468990886932296,126.90629023763701,947625,1941125,40.232075,2025-10-01 10:00:00
다사47504125,37.471244194885294,126.906272415266,947625,1941375,40.36589,2025-10-01 10:00:00
다사47504150,37.4734975019696,126.906254590912,947625,1941625,40.528866,2025-10-01 10:00:00
다사47504175,37.475750808185296,126.90623676457199,947625,1941875,40.716366,2025-10-01 10:00:00
다사47505200,37.568135614906,126.905504172913,947625,1952125,41.65757,2025-10-01 10:00:00
다사47505225,37.570388884622204,126.905486263004,947625,1952375,41.4931,2025-10-01 10:00:00
다사47505250,37.5726421534691,126.90546835110001,947625,1952625,41.30621,2025-10-01 10:00:00
다사47505275,37.5748954214464,126.90545043719999,947625,1952875,41.12228,2025-10-01 10:00:00
다사47505100,37.559122527347,126.90557579260799,947625,1951125,42.23468,2025-10-01 10:00:00
다사47505125,37.561375800540795,126.905557890675,947625,1951375,42.1071,2025-10-01 10:00:00
다사47505150,37.563629072865204,126.905539986749,947625,1951625,41.967052,2025-10-01 10:00:00
다사47505175,37.5658823443203,126.90552208082799,947625,1951875,41.819923,2025-10-01 10:00:00
다사47505400,37.5861617482908,126.90536083777,947625,1954125,40.109978,2025-10-01 10:00:00
다사47505425,37.588415011051104,126.905342911896,947625,1954375,39.877136,2025-10-01 10:00:00
다사47505450,37.590668272941706,126.905324984025,947625,1954625,39.638447,2025-10-01 10:00:00
다사47505475,37.5929215339628,126.905307054157,947625,1954875,39.410397,2025-10-01 10:00:00
다사47505300,37.577148688554296,126.905432521306,947625,1953125,41.006447,2025-10-01 10:00:00
다사47505325,37.57940195479271,126.905414603416,947625,1953375,40.788937,2025-10-01 10:00:00
다사47505350,37.5816552201616,126.90539668353,947625,1953625,40.569527,2025-10-01 10:00:00
다사47505375,37.583908484661,126.90537876164801,947625,1953875,40.34147,2025-10-01 10:00:00
다사47504800,37.5320831812178,126.905790460364,947625,1948125,44.935184,2025-10-01 10:00:00
다사47504825,37.534336464842504,126.905772582339,947625,1948375,44.859566,2025-10-01 10:00:00
다사47504850,37.5365897475981,126.905754702323,947625,1948625,44.78991,2025-10-01 10:00:00
다사47504875,37.538843029484504,126.90573682031601,947625,1948875,44.730263,2025-10-01 10:00:00
다사47504700,37.523070038028,126.905861952556,947625,1947125,44.981834,2025-10-01 10:00:00
다사47504725,37.5253233251291,126.905844082493,947625,1947375,45.04143,2025-10-01 10:00:00
다사47504750,37.527576611361106,126.90582621043998,947625,1947625,45.038334,2025-10-01 10:00:00
다사47504775,37.529829896724,126.905808336397,947625,1947875,45.01227,2025-10-01 10:00:00
다사47505000,37.5501094258785,126.905647380405,947625,1950125,43.89706,2025-10-01 10:00:00
다사47505025,37.5523627025496,126.90562948644501,947625,1950375,43.816902,2025-10-01 10:00:00
다사47505050,37.5546159783513,126.905611590493,947625,1950625,43.762054,2025-10-01 10:00:00
다사47505075,37.55686925328379,126.905593692547,947625,1950875,42.37019,2025-10-01 10:00:00
다사47504900,37.54109631050171,126.905718936318,947625,1949125,44.21774,2025-10-01 10:00:00
다사47504925,37.543349590649704,126.905701050328,947625,1949375,44.132195,2025-10-01 10:00:00
다사47504950,37.5456028699286,126.905683162346,947625,1949625,44.054806,2025-10-01 10:00:00
다사47504975,37.547856148338106,126.90566527237101,947625,1949875,43.97548,2025-10-01 10:00:00
다사47254900,37.5410821030055,126.902889166919,947375,1949125,44.000122,2025-10-01 10:00:00
다사47254925,37.5433353820043,126.902871195774,947375,1949375,43.901333,2025-10-01 10:00:00
다사47254950,37.545588660133795,126.902853222628,947375,1949625,43.796326,2025-10-01 10:00:00
다사47254975,37.547841937394,126.90283524748001,947375,1949875,43.676544,2025-10-01 10:00:00
다사47254800,37.5320689783179,126.90296103148998,947375,1948125,44.814896,2025-10-01 10:00:00
다사47254825,37.53432226079371,126.90294306834801,947375,1948375,44.692673,2025-10-01 10:00:00
다사47254850,37.5365755424002,126.902925103206,947375,1948625,44.583305,2025-10-01 10:00:00
다사47254875,37.5388288231375,126.902907136063,947375,1948875,44.49679,2025-10-01 10:00:00
다사47255100,37.5591083106549,126.902745341705,947375,1951125,41.831085,2025-10-01 10:00:00
다사47255125,37.5613615826989,126.90272735454201,947375,1951375,41.808567,2025-10-01 10:00:00
다사47255150,37.5636148538735,126.902709365375,947375,1951625,41.730724,2025-10-01 10:00:00
다사47255175,37.56586812417871,126.90269137420499,947375,1951875,41.630657,2025-10-01 10:00:00
다사47255000,37.5500952137849,126.90281727033,947375,1950125,43.529716,2025-10-01 10:00:00
다사47255025,37.5523484893065,126.902799291177,947375,1950375,43.306583,2025-10-01 10:00:00
다사47255050,37.5546017639587,126.902781310023,947375,1950625,42.92174,2025-10-01 10:00:00
다사47255075,37.5568550377415,126.902763326865,947375,1950875,41.7955,2025-10-01 10:00:00
다사47254500,37.505029520818,126.903176433232,947375,1945125,40.99604,2025-10-01 10:00:00
다사47254525,37.5072828137227,126.903158494079,947375,1945375,41.14962,2025-10-01 10:00:00
다사47254550,37.5095361057585,126.90314055292801,947375,1945625,41.298737,2025-10-01 10:00:00
다사47254575,37.5117893969252,126.90312260977801,947375,1945875,41.45481,2025-10-01 10:00:00
다사47254400,37.4960163405096,126.903248169874,947375,1944125,40.82036,2025-10-01 10:00:00
다사47254425,37.4982696368901,126.90323023870899,947375,1944375,40.61814,2025-10-01 10:00:00
다사47254450,37.50052293240171,126.90321230554702,947375,1944625,40.72464,2025-10-01 10:00:00
다사47254475,37.50277622704429,126.903194370388,947375,1944875,40.86005,2025-10-01 10:00:00
다사47254700,37.5230558397234,126.903032864055,947375,1947125,45.21204,2025-10-01 10:00:00
다사47254725,37.525309125675705,126.90301490891301,947375,1947375,45.135643,2025-10-01 10:00:00
다사47254750,37.527562410758904,126.902996951772,947375,1947625,45.049892,2025-10-01 10:00:00
다사47254775,37.529815694973,126.90297899263099,947375,1947875,44.956898,2025-10-01 10:00:00
다사47254600,37.514042687223004,126.903104664631,947375,1946125,42.191177,2025-10-01 10:00:00
다사47254625,37.516295976651705,126.90308671748501,947375,1946375,44.727993,2025-10-01 10:00:00
다사47254650,37.5185492652113,126.903068768341,947375,1946625,44.967857,2025-10-01 10:00:00
다사47254675,37.5208025529019,126.903050817197,947375,1946875,45.283302,2025-10-01 10:00:00
다사47255700,37.6131865997113,126.902313096381,947375,1957125,37.836422,2025-10-01 10:00:00
다사47255725,37.615439850883895,126.90229506107201,947375,1957375,38.38549,2025-10-01 10:00:00
다사47255750,37.6176931011867,126.90227702375401,947375,1957625,38.338486,2025-10-01 10:00:00
다사47255775,37.6199463506195,126.902258984427,947375,1957875,37.990112,2025-10-01 10:00:00
다사47255600,37.6041735863226,126.902385217532,947375,1956125,38.24894,2025-10-01 10:00:00
다사47255625,37.6064268409745,126.902367190257,947375,1956375,38.117306,2025-10-01 10:00:00
다사47255650,37.6086800947566,126.90234916097299,947375,1956625,38.003735,2025-10-01 10:00:00
다사47255675,37.6109333476689,126.90233112968201,947375,1956875,37.91378,2025-10-01 10:00:00
다사47503800,37.4419511237518,126.90650395137301,947625,1938125,41.16997,2025-10-01 10:00:00
다사47503825,37.444204442126704,126.90648615279899,947625,1938375,41.16462,2025-10-01 10:00:00
다사47503850,37.446457759633105,126.90646835224301,947625,1938625,41.154247,2025-10-01 10:00:00
다사47503875,37.4487110762712,126.90645054970501,947625,1938875,41.139103,2025-10-01 10:00:00
다사47256100,37.6492385140776,126.90202429022101,947375,1961125,36.91218,2025-10-01 10:00:00
다사47503725,37.4351911634171,126.90655733520799,947625,1937375,41.212555,2025-10-01 10:00:00
다사47503750,37.437444484397,126.90653954257799,947625,1937625,41.194496,2025-10-01 10:00:00
다사47503775,37.4396978045086,126.906521747966,947625,1937875,41.18754,2025-10-01 10:00:00
다사47255300,37.577134462662,126.902601388291,947375,1953125,40.92875,2025-10-01 10:00:00
다사47255325,37.5793877277501,126.90258338509399,947375,1953375,40.725212,2025-10-01 10:00:00
다사47255350,37.581640991968605,126.90256537989201,947375,1953625,40.52164,2025-10-01 10:00:00
다사47255375,37.5838942553175,126.90254737268499,947375,1953875,40.3062,2025-10-01 10:00:00
다사47255200,37.5681213936143,126.902673381031,947375,1952125,41.50071,2025-10-01 10:00:00
다사47255225,37.5703746621805,126.902655385852,947375,1952375,41.350807,2025-10-01 10:00:00
다사47255250,37.57262792987721,126.90263738866999,947375,1952625,41.190414,2025-10-01 10:00:00
다사47255275,37.574881196704396,126.902619389483,947375,1952875,41.120495,2025-10-01 10:00:00
다사47255500,37.595160559017295,126.90245730655701,947375,1955125,39.21576,2025-10-01 10:00:00
다사47255525,37.5974138171483,126.90243928731199,947375,1955375,39.018406,2025-10-01 10:00:00
다사47255550,37.599667074409496,126.902421266059,947375,1955625,38.830982,2025-10-01 10:00:00
다사47255575,37.6019203308009,126.902403242799,947375,1955875,38.397793,2025-10-01 10:00:00
다사47255400,37.586147517796704,126.902529363472,947375,1954125,40.082985,2025-10-01 10:00:00
다사47255425,37.5884007794064,126.902511352253,947375,1954375,39.86842,2025-10-01 10:00:00
다사47255450,37.5906540401464,126.902493339027,947375,1954625,39.640465,2025-10-01 10:00:00
다사47255475,37.592907300016705,126.90247532379499,947375,1954875,39.42851,2025-10-01 10:00:00
다사47005350,37.5816266958709,126.89973407826,947125,1953625,40.46319,2025-10-01 10:00:00
다사47005375,37.5838799580638,126.899715985727,947125,1953875,40.265957,2025-10-01 10:00:00
다사47005400,37.5861332193871,126.899697891179,947125,1954125,40.06317,2025-10-01 10:00:00
다사47005425,37.5883864798406,126.899679794615,947125,1954375,39.85168,2025-10-01 10:00:00
다사47005250,37.57261363840271,126.89980642824499,947125,1952625,39.578896,2025-10-01 10:00:00
다사47005275,37.5748669040742,126.89978834376998,947125,1952875,39.4288,2025-10-01 10:00:00
다사47005300,37.5771201688761,126.89977025728201,947125,1953125,39.277824,2025-10-01 10:00:00
다사47005325,37.579373432808296,126.899752168778,947125,1953375,40.6618,2025-10-01 10:00:00
다사47005550,37.5996527690622,126.89958928155701,947125,1955625,38.884193,2025-10-01 10:00:00
다사47005575,37.6019060242971,126.899571172896,947125,1955875,38.717724,2025-10-01 10:00:00
다사47005600,37.6041592786622,126.89955306221701,947125,1956125,38.302414,2025-10-01 10:00:00
다사47005625,37.6064125321574,126.89953494952101,947125,1956375,38.17536,2025-10-01 10:00:00
다사47005450,37.590639739424404,126.89966169603599,947125,1954625,39.640423,2025-10-01 10:00:00
다사47005475,37.5928929981385,126.89964359544099,947125,1954875,39.443054,2025-10-01 10:00:00
다사47005500,37.5951462559829,126.899625492829,947125,1955125,39.241814,2025-10-01 10:00:00
다사47005525,37.597399512957395,126.899607388202,947125,1955375,39.0563,2025-10-01 10:00:00
다사47004950,37.545574382522204,126.900023284912,947125,1949625,43.734344,2025-10-01 10:00:00
다사47004975,37.547827658627604,126.90000522458999,947125,1949875,43.579594,2025-10-01 10:00:00
다사47005000,37.550080933863505,126.899987162257,947125,1950125,43.38516,2025-10-01 10:00:00
다사47005025,37.5523342082301,126.899969097912,947125,1950375,43.139893,2025-10-01 10:00:00
다사47004850,37.53656126940739,126.90009550609,947125,1948625,44.642834,2025-10-01 10:00:00
다사47004875,37.5388145489901,126.900077453811,947125,1948875,44.54588,2025-10-01 10:00:00
다사47004900,37.5410678277035,126.900059399522,947125,1949125,44.211365,2025-10-01 10:00:00
다사47004925,37.5433211055475,126.900041343223,947125,1949375,44.102432,2025-10-01 10:00:00
다사47005150,37.563600567021105,126.899878746005,947125,1951625,41.544888,2025-10-01 10:00:00
다사47005175,37.565853836170795,126.899860669585,947125,1951875,41.440903,2025-10-01 10:00:00
다사47005200,37.568107104450995,126.899842591152,947125,1952125,41.324284,2025-10-01 10:00:00
다사47005225,37.5703603718617,126.89982451070499,947125,1952375,41.182198,2025-10-01 10:00:00
다사47005050,37.554587481727204,126.899951031555,947125,1950625,42.895477,2025-10-01 10:00:00
다사47005075,37.556840754354894,126.89993296318701,947125,1950875,42.756863,2025-10-01 10:00:00
다사47005100,37.5590940261131,126.899914892805,947125,1951125,41.650394,2025-10-01 10:00:00
다사47005125,37.561347297001795,126.899896820411,947125,1951375,41.606506,2025-10-01 10:00:00
다사47254100,37.4689767161761,126.903463188193,947375,1941125,40.279106,2025-10-01 10:00:00
다사47254125,37.4712300229819,126.903445280971,947375,1941375,40.39662,2025-10-01 10:00:00
다사47254150,37.4734833289192,126.90342737175501,947375,1941625,40.56492,2025-10-01 10:00:00
다사47254175,37.4757366339877,126.903409460544,947375,1941875,40.82489,2025-10-01 10:00:00
다사47254000,37.459963480266104,126.903534797147,947375,1940125,40.128418,2025-10-01 10:00:00
다사47254025,37.4622167905465,126.903516897899,947375,1940375,40.119576,2025-10-01 10:00:00
다사47254050,37.4644700999583,126.903498996657,947375,1940625,40.15158,2025-10-01 10:00:00
다사47254075,37.4667234085015,126.90348109342199,947375,1940875,40.216125,2025-10-01 10:00:00
다사47254300,37.487003146299,126.90331987457199,947375,1943125,40.665462,2025-10-01 10:00:00
다사47254325,37.489256446155,126.90330195139099,947375,1943375,40.703213,2025-10-01 10:00:00
다사47254350,37.491509745142004,126.903284026215,947375,1943625,40.733376,2025-10-01 10:00:00
다사47254375,37.493763043260294,126.90326609904301,947375,1943875,40.764175,2025-10-01 10:00:00
다사47254200,37.4779899381874,126.90339154734,947375,1942125,40.282913,2025-10-01 10:00:00
다사47254225,37.4802432415185,126.90337363213999,947375,1942375,40.469677,2025-10-01 10:00:00
다사47254250,37.4824965439808,126.903355714946,947375,1942625,40.583263,2025-10-01 10:00:00
다사47254275,37.4847498455743,126.903337795756,947375,1942875,40.626945,2025-10-01 10:00:00
다사47005750,37.617678786585294,126.89944435577401,947125,1957625,37.779976,2025-10-01 10:00:00
다사47253725,37.4351770098588,126.903731557412,947375,1937375,41.216133,2025-10-01 10:00:00
다사47253750,37.4374303296926,126.903713680071,947375,1937625,41.204174,2025-10-01 10:00:00
다사47253775,37.439683648658104,126.903695800739,947375,1937875,41.19025,2025-10-01 10:00:00
다사47005650,37.6086657847829,126.89951683480801,947125,1956625,38.06611,2025-10-01 10:00:00
다사47005675,37.6109190365383,126.899498718077,947125,1956875,37.974026,2025-10-01 10:00:00
다사47005700,37.6131722874239,126.89948059932699,947125,1957125,37.8987,2025-10-01 10:00:00
다사47005725,37.615425537439606,126.89946247856001,947125,1957375,37.83199,2025-10-01 10:00:00
다사47253900,37.4509502304587,126.90360637421699,947375,1939125,40.93622,2025-10-01 10:00:00
다사47253925,37.453203544213295,126.903588482938,947375,1939375,40.6737,2025-10-01 10:00:00
다사47253950,37.4554568570995,126.903570589667,947375,1939625,40.37031,2025-10-01 10:00:00
다사47253975,37.457710169117,126.903552694403,947375,1939875,40.19276,2025-10-01 10:00:00
다사47253800,37.4419369667551,126.903677919417,947375,1938125,41.175304,2025-10-01 10:00:00
다사47253825,37.4441902839837,126.90366003610399,947375,1938375,41.16038,2025-10-01 10:00:00
다사47253850,37.4464436003438,126.9036421508,947375,1938625,41.135307,2025-10-01 10:00:00
다사47253875,37.4486969158355,126.90362426350401,947375,1938875,41.081207,2025-10-01 10:00:00
다사47003750,37.437416107434295,126.900887819554,947125,1937625,41.198715,2025-10-01 10:00:00
다사47003775,37.439669425248205,126.900869855503,947125,1937875,41.181534,2025-10-01 10:00:00
다사47003800,37.4419227421935,126.900851889452,947125,1938125,41.16702,2025-10-01 10:00:00
다사47003825,37.4441760582704,126.9008339214,947125,1938375,41.138233,2025-10-01 10:00:00
다사46755450,37.5906253707761,126.896830055061,946875,1954625,39.644363,2025-10-01 10:00:00
다사46755475,37.5928786283284,126.89681186910299,946875,1954875,39.45447,2025-10-01 10:00:00
다사46755500,37.5951318850109,126.896793681118,946875,1955125,39.26857,2025-10-01 10:00:00
다사47003725,37.435162788751995,126.90090578160601,947125,1937375,41.215298,2025-10-01 10:00:00
다사47003950,37.4554426256265,126.900744051129,947125,1939625,40.56569,2025-10-01 10:00:00
다사47003975,37.457695936492,126.90072607107099,947125,1939875,40.42086,2025-10-01 10:00:00
다사47004000,37.4599492464888,126.90070808901001,947125,1940125,40.3273,2025-10-01 10:00:00
다사47004025,37.4622025556169,126.90069010494699,947125,1940375,40.29177,2025-10-01 10:00:00
다사47003850,37.4464293734787,126.900815951348,947125,1938625,41.10053,2025-10-01 10:00:00
다사47003875,37.448682687818604,126.900797979295,947125,1938875,41.030674,2025-10-01 10:00:00
다사47003900,37.4509360012898,126.90078000524099,947125,1939125,40.91505,2025-10-01 10:00:00
다사47003925,37.4531893138925,126.900762029186,947125,1939375,40.74941,2025-10-01 10:00:00
다사46755150,37.5635862123081,126.897048128648,946875,1951625,41.3653,2025-10-01 10:00:00
다사46755175,37.5658394802969,126.897029966979,946875,1951875,41.270535,2025-10-01 10:00:00
다사46755200,37.5680927474161,126.89701180328699,946875,1952125,41.17176,2025-10-01 10:00:00
다사46755225,37.570346013665706,126.896993637572,946875,1952375,41.039265,2025-10-01 10:00:00
다사46755050,37.5545731316571,126.8971207551,946875,1950625,42.7814,2025-10-01 10:00:00
다사46755075,37.556826403124205,126.89710260152,946875,1950875,42.66844,2025-10-01 10:00:00
다사46755100,37.559079673721705,126.89708444591801,946875,1951125,41.504513,2025-10-01 10:00:00
다사46755125,37.5613329434497,126.89706628829398,946875,1951375,41.433323,2025-10-01 10:00:00
다사46755350,37.5816123318687,126.896902778643,946875,1953625,38.947617,2025-10-01 10:00:00
다사46755375,37.5838655929002,126.896884600785,946875,1953875,38.800037,2025-10-01 10:00:00
다사46755400,37.5861188530619,126.896866420902,946875,1954125,40.033775,2025-10-01 10:00:00
다사46755425,37.588372112353895,126.89684823899401,946875,1954375,39.836163,2025-10-01 10:00:00
다사46755250,37.572599279045704,126.896975469834,946875,1952625,39.5236,2025-10-01 10:00:00
다사46755275,37.574852543556,126.896957300072,946875,1952875,39.39115,2025-10-01 10:00:00
다사46755300,37.5771058071966,126.896939128286,946875,1953125,39.24242,2025-10-01 10:00:00
다사46755325,37.5793590699675,126.89692095447701,946875,1953375,39.092224,2025-10-01 10:00:00
다사47004550,37.5095218466155,126.9003119767,947125,1945625,42.109055,2025-10-01 10:00:00
다사47004575,37.5117751366285,126.900293948529,947125,1945875,42.278694,2025-10-01 10:00:00
다사47004600,37.514028425772295,126.90027591834999,947125,1946125,42.47926,2025-10-01 10:00:00
다사47004625,37.5162817140471,126.900257886163,947125,1946375,42.73192,2025-10-01 10:00:00
다사47004450,37.500508677873,126.90038406931299,947125,1944625,40.85712,2025-10-01 10:00:00
다사47004475,37.502761971362204,126.90036604917,947125,1944875,41.0218,2025-10-01 10:00:00
다사47004500,37.505015263982294,126.90034802702,947125,1945125,41.19198,2025-10-01 10:00:00
다사47004525,37.5072685557334,126.900330002864,947125,1945375,41.371834,2025-10-01 10:00:00
다사47004750,37.52754814238379,126.900167695103,947125,1947625,45.01684,2025-10-01 10:00:00
다사47004775,37.5298014254436,126.900149650864,947125,1947875,45.209637,2025-10-01 10:00:00
다사47004800,37.5320547076341,126.90013160461599,947125,1948125,44.95033,2025-10-01 10:00:00
다사47004825,37.5343079889554,126.900113556358,947125,1948375,44.775475,2025-10-01 10:00:00
다사47004650,37.5185350014528,126.900239851968,947125,1946625,44.995937,2025-10-01 10:00:00
다사47004675,37.5207882879893,126.900221815765,947125,1946875,45.15746,2025-10-01 10:00:00
다사47004700,37.523041573656705,126.900203777554,947125,1947125,45.20659,2025-10-01 10:00:00
다사47004725,37.52529485845479,126.90018573733299,947125,1947375,45.172737,2025-10-01 10:00:00
다사47004150,37.473469088227205,126.900600154592,947125,1941625,40.551517,2025-10-01 10:00:00
다사47004175,37.475722392143,126.90058215851101,947125,1941875,40.24639,2025-10-01 10:00:00
다사47004200,37.4779756951901,126.900564160426,947125,1942125,40.66563,2025-10-01 10:00:00
다사47004225,37.4802289973683,126.90054616033702,947125,1942375,40.750217,2025-10-01 10:00:00
다사47004050,37.4644558638764,126.90067211888201,947125,1940625,40.29827,2025-10-01 10:00:00
다사47004075,37.466709171267205,126.900654130814,947125,1940875,40.31078,2025-10-01 10:00:00
다사47004100,37.4689624777893,126.900636140743,947125,1941125,40.35238,2025-10-01 10:00:00
다사47004125,37.4712157834426,126.900618148669,947125,1941375,40.420647,2025-10-01 10:00:00
다사47004350,37.4914954952267,126.900456129822,947125,1943625,40.805695,2025-10-01 10:00:00
다사47004375,37.4937487921917,126.90043811770398,947125,1943875,40.8379,2025-10-01 10:00:00
다사47004400,37.496002088287796,126.90042010358,947125,1944125,40.87994,2025-10-01 10:00:00
다사47004425,37.4982553835149,126.900402087449,947125,1944375,40.728065,2025-10-01 10:00:00
다사47004250,37.4824822986777,126.900528158244,947125,1942625,40.780838,2025-10-01 10:00:00
다사47004275,37.484735599118295,126.900510154146,947125,1942875,40.777702,2025-10-01 10:00:00
다사47004300,37.48698889869,126.900492148043,947125,1943125,40.784615,2025-10-01 10:00:00
다사47004325,37.4892421973928,126.90047413993601,947125,1943375,40.79283,2025-10-01 10:00:00
다사46753950,37.455428326556,126.89791751459299,946875,1939625,40.68636,2025-10-01 10:00:00
다사46753975,37.45768163626379,126.89789944974,946875,1939875,40.575253,2025-10-01 10:00:00
다사46754000,37.459934945103,126.897881382875,946875,1940125,40.497425,2025-10-01 10:00:00
다사46754025,37.4621882530734,126.89786331399901,946875,1940375,40.445953,2025-10-01 10:00:00
다사46753850,37.446415079038,126.89798975389799,946875,1938625,41.07517,2025-10-01 10:00:00
다사46753875,37.448668392220505,126.897971697087,946875,1938875,41.003498,2025-10-01 10:00:00
다사46753900,37.450921704534295,126.897953638267,946875,1939125,40.911934,2025-10-01 10:00:00
다사46753925,37.4531750159795,126.897935577436,946875,1939375,40.79555,2025-10-01 10:00:00
다사46754150,37.4734547798939,126.897772939433,946875,1941625,39.589966,2025-10-01 10:00:00
다사46754175,37.4757080826516,126.897754858482,946875,1941875,40.60385,2025-10-01 10:00:00
다사46754200,37.4779613845404,126.897736775517,946875,1942125,40.87867,2025-10-01 10:00:00
다사46754225,37.4802146855604,126.897718690538,946875,1942375,40.890682,2025-10-01 10:00:00
다사46754050,37.464441560175,126.89784524311001,946875,1940625,40.43242,2025-10-01 10:00:00
다사46754075,37.466694866408,126.89782717021002,946875,1940875,40.43926,2025-10-01 10:00:00
다사46754100,37.468948171772105,126.89780909529699,946875,1941125,40.46001,2025-10-01 10:00:00
다사46754125,37.4712014762674,126.897791018371,946875,1941375,40.49733,2025-10-01 10:00:00
다사46505275,37.5748381151499,126.89412625839701,946625,1952875,39.34075,2025-10-01 10:00:00
다사46505300,37.577091377623795,126.894108001315,946625,1953125,39.20462,2025-10-01 10:00:00
다사46505325,37.5793446392279,126.8940897422,946625,1953375,39.071354,2025-10-01 10:00:00
다사46505350,37.5815978999623,126.894071481051,946625,1953625,38.928806,2025-10-01 10:00:00
다사46505175,37.5658250565571,126.89419926639499,946625,1951875,41.129295,2025-10-01 10:00:00
다사46505200,37.5680783225098,126.89418101744499,946625,1952125,41.030308,2025-10-01 10:00:00
다사46505225,37.5703315875929,126.894162766462,946625,1952375,40.911045,2025-10-01 10:00:00
다사46505250,37.5725848518063,126.89414451344601,946625,1952625,39.472595,2025-10-01 10:00:00
다사46753750,37.4374018176222,126.898061961038,946875,1937625,41.20144,2025-10-01 10:00:00
다사46753775,37.439655134279,126.898043912267,946875,1937875,41.18205,2025-10-01 10:00:00
다사46753800,37.4419084500672,126.89802586148701,946875,1938125,41.151623,2025-10-01 10:00:00
다사46753825,37.444161764986895,126.89800780869699,946875,1938375,41.118793,2025-10-01 10:00:00
다사46505375,37.5838511598268,126.894053217867,946625,1953875,38.79118,2025-10-01 10:00:00
다사46505400,37.5861044188215,126.89403495264999,946625,1954125,38.64872,2025-10-01 10:00:00
다사46505425,37.588357676946394,126.894016685398,946625,1954375,38.501724,2025-10-01 10:00:00
다사46505450,37.5906109342014,126.89399841611099,946625,1954625,38.355312,2025-10-01 10:00:00
다사46754750,37.5275338062359,126.89733844044399,946875,1947625,45.128372,2025-10-01 10:00:00
다사46754775,37.5297870881359,126.897320311108,946875,1947875,44.631622,2025-10-01 10:00:00
다사46754800,37.532040369166495,126.897302179752,946875,1948125,44.4411,2025-10-01 10:00:00
다사46754825,37.5342936493278,126.897284046377,946875,1948375,44.33327,2025-10-01 10:00:00
다사46754650,37.5185206699434,126.89741093760401,946875,1946625,44.84303,2025-10-01 10:00:00
다사46754675,37.520773955320394,126.89739281634199,946875,1946875,44.929195,2025-10-01 10:00:00
다사46754700,37.5230272398281,126.89737469306101,946875,1947125,44.98245,2025-10-01 10:00:00
다사46754725,37.5252805234667,126.89735656776199,946875,1947375,45.571163,2025-10-01 10:00:00
다사46754950,37.545560037094,126.897193349207,946875,1949625,43.44608,2025-10-01 10:00:00
다사46754975,37.5478133120389,126.89717520371201,946875,1949875,43.294758,2025-10-01 10:00:00
다사46755000,37.550066586114504,126.89715705619601,946875,1950125,43.1263,2025-10-01 10:00:00
다사46755025,37.552319859320505,126.897138906659,946875,1950375,42.950783,2025-10-01 10:00:00
다사46754850,37.53654692861979,126.89726591098301,946875,1948625,44.249477,2025-10-01 10:00:00
다사46754875,37.5388002070424,126.89724777356899,946875,1948875,44.18287,2025-10-01 10:00:00
다사46754900,37.54105348459571,126.89722963413601,946875,1949125,44.104862,2025-10-01 10:00:00
다사46754925,37.5433067612795,126.897211492682,946875,1949375,43.56705,2025-10-01 10:00:00
다사46754350,37.4914811776263,126.89762823543501,946875,1943625,40.858658,2025-10-01 10:00:00
다사46754375,37.4937344734326,126.897610138371,946875,1943875,40.88152,2025-10-01 10:00:00
다사46754400,37.4959877683699,126.897592039291,946875,1944125,40.70009,2025-10-01 10:00:00
다사46754425,37.498241062438204,126.89757393819599,946875,1944375,40.817978,2025-10-01 10:00:00
다사46754250,37.482467985711395,126.89770060354601,946875,1942625,40.86546,2025-10-01 10:00:00
다사46754275,37.4847212849935,126.89768251453998,946875,1942875,40.85844,2025-10-01 10:00:00
다사46754300,37.4869745834067,126.89766442352,946875,1943125,40.86085,2025-10-01 10:00:00
다사46754325,37.489227880951,126.897646330485,946875,1943375,40.85528,2025-10-01 10:00:00
다사46754550,37.5095075197435,126.89748340248,946875,1945625,42.33477,2025-10-01 10:00:00
다사46754575,37.5117608085972,126.897465289287,946875,1945875,42.484406,2025-10-01 10:00:00
다사46754600,37.514014096581796,126.897447174077,946875,1946125,42.664555,2025-10-01 10:00:00
다사46754625,37.516267383697205,126.897429056849,946875,1946375,42.863243,2025-10-01 10:00:00
다사46754450,37.5004943556374,126.89755583508499,946875,1944625,40.996704,2025-10-01 10:00:00
다사46754475,37.5027476479676,126.897537729958,946875,1944875,41.20698,2025-10-01 10:00:00
다사46754500,37.5050009394286,126.897519622815,946875,1945125,41.9765,2025-10-01 10:00:00
다사46754525,37.5072542300206,126.89750151365601,946875,1945375,42.163197,2025-10-01 10:00:00
다사46504075,37.466680493923995,126.895000211618,946625,1940875,40.569378,2025-10-01 10:00:00
다사46504100,37.4689337981247,126.894982051863,946625,1941125,40.601665,2025-10-01 10:00:00
다사46504125,37.4711871014565,126.894963890086,946625,1941375,39.708412,2025-10-01 10:00:00
다사46504150,37.473440403919504,126.894945726287,946625,1941625,39.89156,2025-10-01 10:00:00
다사46503975,37.4576672684329,126.89507283042101,946625,1939875,40.68361,2025-10-01 10:00:00
다사46504000,37.4599205761088,126.895054678752,946625,1940125,40.632828,2025-10-01 10:00:00
다사46504025,37.462173882916005,126.89503652506201,946625,1940375,40.58221,2025-10-01 10:00:00
다사46504050,37.4644271888544,126.89501836935,946625,1940625,40.575573,2025-10-01 10:00:00
다사46504275,37.484706903200205,126.89485487694901,946625,1942875,40.877487,2025-10-01 10:00:00
다사46504300,37.4869602004495,126.89483670101102,946625,1943125,40.887035,2025-10-01 10:00:00
다사46504325,37.489213496829706,126.894818523049,946625,1943375,40.894276,2025-10-01 10:00:00
다사46504350,37.4914667923409,126.894800343063,946625,1943625,40.889496,2025-10-01 10:00:00
다사46504175,37.4756937055135,126.89492756046499,946625,1941875,40.275196,2025-10-01 10:00:00
다사46504200,37.4779470062386,126.894909392621,946625,1942125,40.618332,2025-10-01 10:00:00
다사46504225,37.4802003060948,126.894891222754,946625,1942375,40.78713,2025-10-01 10:00:00
다사46504250,37.482453605082,126.894873050863,946625,1942625,40.856266,2025-10-01 10:00:00
다사46255325,37.5793301405896,126.891258531956,946375,1953375,39.044014,2025-10-01 10:00:00
다사46255350,37.5815834001516,126.891240185492,946375,1953625,38.909122,2025-10-01 10:00:00
다사46255375,37.5838366588437,126.891221836984,946375,1953875,38.778103,2025-10-01 10:00:00
다사46255400,37.5860899166659,126.891203486432,946375,1954125,38.642212,2025-10-01 10:00:00
다사46255225,37.570317093643396,126.89133189738399,946375,1952375,40.78745,2025-10-01 10:00:00
다사46255250,37.57257035668471,126.89131355909099,946375,1952625,39.416996,2025-10-01 10:00:00
다사46255275,37.5748236188561,126.89129521875601,946375,1952875,39.29332,2025-10-01 10:00:00
다사46255300,37.5770768801578,126.891276876378,946375,1953125,39.166637,2025-10-01 10:00:00
다사46503875,37.4486540290414,126.89514541688999,946625,1938875,41.00808,2025-10-01 10:00:00
다사46503900,37.4509073401924,126.89512727330299,946625,1939125,40.935,2025-10-01 10:00:00
다사46503925,37.4531606504746,126.895109127696,946625,1939375,40.85143,2025-10-01 10:00:00
다사46503950,37.4554139598881,126.89509098006901,946625,1939625,40.761925,2025-10-01 10:00:00
다사46255425,37.5883431736182,126.891185133837,946375,1954375,38.508533,2025-10-01 10:00:00
다사46255450,37.590596429700604,126.89116677919701,946375,1954625,38.367172,2025-10-01 10:00:00
다사46503825,37.444147404133396,126.895181698004,946625,1938375,41.10879,2025-10-01 10:00:00
다사46503850,37.4464007170217,126.895163558457,946625,1938625,41.06287,2025-10-01 10:00:00
다사46504875,37.5387857972947,126.894418095348,946625,1948875,43.812767,2025-10-01 10:00:00
다사46504900,37.5410390736823,126.894399870769,946625,1949125,43.769825,2025-10-01 10:00:00
다사46504925,37.5432923492005,126.894381644161,946625,1949375,43.294476,2025-10-01 10:00:00
다사46504950,37.5455456238491,126.89436341552299,946625,1949625,43.186108,2025-10-01 10:00:00
다사46504775,37.52977268305,126.89449097337,946625,1947875,43.594807,2025-10-01 10:00:00
다사46504800,37.5320259629153,126.894472756908,946625,1948125,43.774525,2025-10-01 10:00:00
다사46504825,37.5342792419112,126.894454538417,946625,1948375,43.832344,2025-10-01 10:00:00
다사46504850,37.5365325200377,126.89443631789699,946625,1948625,43.836212,2025-10-01 10:00:00
다사46505075,37.5568119840495,126.894272241876,946625,1950875,42.575928,2025-10-01 10:00:00
다사46505100,37.559065253480796,126.89425400105301,946625,1951125,40.666435,2025-10-01 10:00:00
다사46505125,37.561318522042605,126.894235758199,946625,1951375,41.296925,2025-10-01 10:00:00
다사46505150,37.5635717897347,126.89421751331301,946625,1951625,41.21555,2025-10-01 10:00:00
다사46504975,37.5477988976283,126.894345184855,946625,1949875,43.06013,2025-10-01 10:00:00
다사46505000,37.550052170537896,126.89432695215599,946625,1950125,42.926785,2025-10-01 10:00:00
다사46505025,37.552305442578,126.89430871742701,946625,1950375,42.788074,2025-10-01 10:00:00
다사46505050,37.5545587137485,126.894290480667,946625,1950625,42.668297,2025-10-01 10:00:00
다사46504475,37.5027332568605,126.894709412762,946625,1944875,42.023792,2025-10-01 10:00:00
다사46504500,37.5049865471571,126.89469122062599,946625,1945125,42.264187,2025-10-01 10:00:00
다사46504525,37.5072398365845,126.894673026464,946625,1945375,42.42882,2025-10-01 10:00:00
다사46504550,37.509493125142704,126.894654830276,946625,1945625,42.55714,2025-10-01 10:00:00
다사46504375,37.493720086983,126.89478216105302,946625,1943875,40.19499,2025-10-01 10:00:00
다사46504400,37.495973380756,126.89476397701799,946625,1944125,40.23164,2025-10-01 10:00:00
다사46504425,37.49822667366,126.894745790958,946625,1944375,40.891605,2025-10-01 10:00:00
다사46504450,37.500479965694794,126.894727602873,946625,1944625,41.16895,2025-10-01 10:00:00
다사46504675,37.52075955489521,126.894563818936,946625,1946875,44.517498,2025-10-01 10:00:00
다사46504700,37.523012838237904,126.894545610586,946625,1947125,44.682087,2025-10-01 10:00:00
다사46504725,37.5252661207113,126.894527400209,946625,1947375,43.84896,2025-10-01 10:00:00
다사46504750,37.5275194023153,126.894509187803,946625,1947625,43.15878,2025-10-01 10:00:00
다사46504575,37.511746412831705,126.894636632062,946625,1945875,42.65873,2025-10-01 10:00:00
다사46504600,37.5139996996514,126.894618431821,946625,1946125,42.768574,2025-10-01 10:00:00
다사46504625,37.516252985602,126.89460022955299,946625,1946375,42.877678,2025-10-01 10:00:00
다사46504650,37.518506270683204,126.894582025258,946625,1946625,42.938984,2025-10-01 10:00:00
다사46254125,37.471172659009994,126.89213676382299,946375,1941375,39.898296,2025-10-01 10:00:00
다사46254150,37.4734259603039,126.892118515163,946375,1941625,40.061455,2025-10-01 10:00:00
다사46254175,37.475679260728896,126.892100264472,946375,1941875,40.298737,2025-10-01 10:00:00
다사46254200,37.4779325602848,126.892082011748,946375,1942125,40.528725,2025-10-01 10:00:00
다사46254025,37.462159445145,126.892209738146,946375,1940375,40.714447,2025-10-01 10:00:00
다사46254050,37.4644127499146,126.892191497612,946375,1940625,40.70423,2025-10-01 10:00:00
다사46254075,37.466666053815395,126.892173255047,946375,1940875,39.738922,2025-10-01 10:00:00
다사46254100,37.4689193568472,126.89215501045099,946375,1941125,39.801586,2025-10-01 10:00:00
다사46254325,37.489199045029004,126.891990717638,946375,1943375,40.24333,2025-10-01 10:00:00
다사46254350,37.4914523393706,126.891972452716,946375,1943625,40.25721,2025-10-01 10:00:00
다사46254375,37.493705632842996,126.89195418576,946375,1943875,40.25133,2025-10-01 10:00:00
다사46254400,37.4959589254464,126.89193591677,946375,1944125,40.24383,2025-10-01 10:00:00
다사46254225,37.480185858971794,126.892063756992,946375,1942375,40.7002,2025-10-01 10:00:00
다사46254250,37.4824391567897,126.892045500203,946375,1942625,40.803,2025-10-01 10:00:00
다사46254275,37.4846924537385,126.892027241381,946375,1942875,40.864883,2025-10-01 10:00:00
다사46254300,37.4869457498183,126.89200898052601,946375,1943125,40.901264,2025-10-01 10:00:00
다사46005350,37.5815688324369,126.88840889197701,946125,1953625,38.88888,2025-10-01 10:00:00
다사46005375,37.5838220899511,126.888390458144,946125,1953875,38.764175,2025-10-01 10:00:00
다사46005400,37.586075346595294,126.888372022259,946125,1954125,38.6366,2025-10-01 10:00:00
다사46005425,37.5883286023695,126.888353584319,946125,1954375,38.508358,2025-10-01 10:00:00
다사46005250,37.5725557936809,126.88848260677901,946125,1952625,40.55331,2025-10-01 10:00:00
다사46005275,37.574809054674795,126.88846418115699,946125,1952875,39.247,2025-10-01 10:00:00
다사46005300,37.5770623147987,126.88844575348301,946125,1953125,39.126194,2025-10-01 10:00:00
다사46005325,37.5793155740528,126.888427323756,946125,1953375,39.012474,2025-10-01 10:00:00
다사46253925,37.4531462173779,126.892282679977,946375,1939375,40.899143,2025-10-01 10:00:00
다사46253950,37.455399525622894,126.892264447565,946375,1939625,40.838066,2025-10-01 10:00:00
다사46253975,37.4576528329992,126.89224621312201,946375,1939875,40.78378,2025-10-01 10:00:00
다사46254000,37.4599061395065,126.89222797665,946375,1940125,40.740437,2025-10-01 10:00:00
다사46005450,37.590581857273705,126.888335144326,946125,1954625,38.379395,2025-10-01 10:00:00
다사46253850,37.4463862874301,126.89233736503598,946375,1938625,41.06153,2025-10-01 10:00:00
다사46253875,37.448639598281495,126.89231913871299,946375,1938875,41.012585,2025-10-01 10:00:00
다사46253900,37.4508929082641,126.89230091036,946375,1939125,40.959442,2025-10-01 10:00:00
다사46254925,37.5432778693106,126.891551797671,946375,1949375,43.051815,2025-10-01 10:00:00
다사46254950,37.545531142788,126.891533483869,946375,1949625,42.967392,2025-10-01 10:00:00
다사46254975,37.547784415395796,126.891515168028,946375,1949875,42.87037,2025-10-01 10:00:00
다사46255000,37.550037687134,126.89149685014699,946375,1950125,42.76316,2025-10-01 10:00:00
다사46254825,37.534264766705604,126.89162503248501,946375,1948375,43.428825,2025-10-01 10:00:00
다사46254850,37.536518043661104,126.89160672683902,946375,1948625,43.477425,2025-10-01 10:00:00
다사46254875,37.5387713197471,126.891588419156,946375,1948875,43.487217,2025-10-01 10:00:00
다사46254900,37.5410245949636,126.891570109433,946375,1949125,43.468777,2025-10-01 10:00:00
다사46255125,37.561304032780704,126.89140523013599,946375,1951375,40.52265,2025-10-01 10:00:00
다사46255150,37.563557299301,126.89138690001002,946375,1951625,40.429764,2025-10-01 10:00:00
다사46255175,37.5658105649515,126.89136856784401,946375,1951875,40.994354,2025-10-01 10:00:00
다사46255200,37.568063829732296,126.89135023363501,946375,1952125,40.894367,2025-10-01 10:00:00
다사46255025,37.5522909580027,126.891478530226,946375,1950375,42.655567,2025-10-01 10:00:00
다사46255050,37.5545442280017,126.891460208265,946375,1950625,42.557003,2025-10-01 10:00:00
다사46255075,37.556797497131,126.891441884263,946375,1950875,40.703503,2025-10-01 10:00:00
다사46255100,37.5590507653907,126.89142355821998,946375,1951125,40.606586,2025-10-01 10:00:00
다사46254525,37.5072253754251,126.891844541299,946375,1945375,42.75509,2025-10-01 10:00:00
다사46254550,37.5094786628132,126.891826260099,946375,1945625,42.793636,2025-10-01 10:00:00
다사46254575,37.511731949331995,126.891807976863,946375,1945875,42.819557,2025-10-01 10:00:00
다사46254600,37.5139852349815,126.89178969159201,946375,1946125,42.837223,2025-10-01 10:00:00
다사46254425,37.4982122171805,126.891917645745,946375,1944375,40.393013,2025-10-01 10:00:00
다사46254450,37.5004655080455,126.891899372686,946375,1944625,42.084106,2025-10-01 10:00:00
다사46254475,37.50271879804129,126.89188109759199,946375,1944875,42.504635,2025-10-01 10:00:00
다사46254500,37.5049720871678,126.891862820463,946375,1945125,42.67109,2025-10-01 10:00:00
다사46254725,37.5252516501889,126.89169823468399,946375,1947375,43.48771,2025-10-01 10:00:00
다사46254750,37.5275049306222,126.89167993719101,946375,1947625,43.122128,2025-10-01 10:00:00
다사46254775,37.5297582101861,126.89166163766001,946375,1947875,43.169617,2025-10-01 10:00:00
다사46254800,37.5320114888806,126.89164333609199,946375,1948125,43.31893,2025-10-01 10:00:00
다사46254625,37.51623851976171,126.891771404284,946375,1946375,42.8374,2025-10-01 10:00:00
다사46254650,37.5184918036725,126.89175311493901,946375,1946625,42.778755,2025-10-01 10:00:00
다사46254675,37.520745086714,126.89173482355801,946375,1946875,43.033756,2025-10-01 10:00:00
다사46254700,37.52299836888611,126.89171653014,946375,1947125,44.047752,2025-10-01 10:00:00
다사46004150,37.4734114490476,126.88929130607201,946125,1941625,40.18948,2025-10-01 10:00:00
다사46004175,37.475664748297895,126.889272970511,946125,1941875,40.352684,2025-10-01 10:00:00
다사46004200,37.4779180466792,126.889254632908,946125,1942125,40.51847,2025-10-01 10:00:00
다사46004225,37.4801713441914,126.889236293263,946125,1942375,40.67506,2025-10-01 10:00:00
다사46004050,37.4643982433559,126.88936462790501,946125,1940625,39.851173,2025-10-01 10:00:00
다사46004075,37.466651546082296,126.88934630050801,946125,1940875,39.89559,2025-10-01 10:00:00
다사46004100,37.468904847939704,126.88932797107,946125,1941125,39.960136,2025-10-01 10:00:00
다사46004125,37.471158148928204,126.889309639592,946125,1941375,40.05696,2025-10-01 10:00:00
다사46004350,37.4914378187156,126.889144564402,946125,1943625,40.38746,2025-10-01 10:00:00
다사46004375,37.4936911110129,126.889126212501,946125,1943875,40.45367,2025-10-01 10:00:00
다사46004400,37.495944402441104,126.889107858556,946125,1944125,40.569324,2025-10-01 10:00:00
다사46004425,37.498197692999895,126.889089502567,946125,1944375,41.63945,2025-10-01 10:00:00
다사46004250,37.4824246408345,126.889217951576,946125,1942625,40.786205,2025-10-01 10:00:00
다사46004275,37.4846779366085,126.889199607847,946125,1942875,40.189793,2025-10-01 10:00:00
다사46004300,37.4869312315134,126.889181262075,946125,1943125,40.2695,2025-10-01 10:00:00
다사46004325,37.4891845255491,126.88916291426001,946125,1943375,40.330135,2025-10-01 10:00:00
다사45755350,37.581554196818296,126.885577600515,945875,1953625,38.863125,2025-10-01 10:00:00
다사45755375,37.5838074531491,126.885559081358,945875,1953875,38.74895,2025-10-01 10:00:00
다사45755400,37.58606070860979,126.885540560138,945875,1954125,38.62573,2025-10-01 10:00:00
다사45755425,37.5883139632005,126.885522036856,945875,1954375,38.50548,2025-10-01 10:00:00
다사45755250,37.5725411627953,126.88565165651899,945875,1952625,40.454926,2025-10-01 10:00:00
다사45755275,37.574794422606004,126.885633145611,945875,1952875,39.194824,2025-10-01 10:00:00
다사45755300,37.577047681546794,126.885614632641,945875,1953125,39.086483,2025-10-01 10:00:00
다사45755325,37.579300939617504,126.88559611760901,945875,1953375,38.974136,2025-10-01 10:00:00
다사46003950,37.455385023760705,126.889437917091,946125,1939625,40.91366,2025-10-01 10:00:00
다사46003975,37.4576383299629,126.889419597854,946125,1939875,40.87113,2025-10-01 10:00:00
다사46004000,37.4598916352961,126.88940127657801,946125,1940125,40.84388,2025-10-01 10:00:00
다사46004025,37.4621449397605,126.889382953262,946125,1940375,39.831345,2025-10-01 10:00:00
다사45755450,37.5905672169211,126.88550351151001,945875,1954625,38.38205,2025-10-01 10:00:00
다사45755475,37.5928204697716,126.88548498410101,945875,1954875,38.26012,2025-10-01 10:00:00
다사45755500,37.595073721752,126.88546645462799,945875,1955125,38.148327,2025-10-01 10:00:00
다사46003925,37.4531317166896,126.889456234288,946125,1939375,40.954857,2025-10-01 10:00:00
다사46004950,37.5455165939105,126.888703554255,946125,1949625,42.772987,2025-10-01 10:00:00
다사46004975,37.5477698653416,126.888685153241,946125,1949875,42.694458,2025-10-01 10:00:00
다사46005000,37.5500231359029,126.88866675017799,946125,1950125,42.614002,2025-10-01 10:00:00
다사46005025,37.552276405594604,126.88864834506501,946125,1950375,42.52806,2025-10-01 10:00:00
다사46004850,37.5365034994902,126.88877713782101,946125,1948625,43.215214,2025-10-01 10:00:00
다사46004875,37.53875677439971,126.88875874500201,946125,1948875,43.231155,2025-10-01 10:00:00
다사46004900,37.5410100484396,126.888740350135,946125,1949125,43.218765,2025-10-01 10:00:00
다사46004925,37.5432633216099,126.88872195321899,946125,1949375,43.192696,2025-10-01 10:00:00
다사46005150,37.563542741007105,126.88855628874902,946125,1951625,40.370193,2025-10-01 10:00:00
다사46005175,37.5657960054803,126.888537871334,946125,1951875,40.274704,2025-10-01 10:00:00
다사46005200,37.56804926908371,126.88851945186701,946125,1952125,40.776634,2025-10-01 10:00:00
다사46005225,37.570302531817205,126.888501030349,946125,1952375,40.668133,2025-10-01 10:00:00
다사46005050,37.5545296744166,126.888629937903,946125,1950625,42.443962,2025-10-01 10:00:00
다사46005075,37.5567829423689,126.88861152868999,946125,1950875,40.643005,2025-10-01 10:00:00
다사46005100,37.5590362094514,126.888593117427,946125,1951125,40.552853,2025-10-01 10:00:00
다사46005125,37.561289475664104,126.88857470411399,946125,1951375,40.46493,2025-10-01 10:00:00
다사46004550,37.509464132755205,126.88899769195801,946125,1945625,43.03103,2025-10-01 10:00:00
다사46004575,37.5117174180983,126.888979323701,946125,1945875,42.957775,2025-10-01 10:00:00
다사46004600,37.513970702571996,126.88896095339899,946125,1946125,42.88561,2025-10-01 10:00:00
다사46004625,37.5162239861764,126.88894258105101,946125,1946375,42.79631,2025-10-01 10:00:00
다사46004450,37.5004509826896,126.889071144534,946125,1944625,43.539406,2025-10-01 10:00:00
다사46004475,37.5027042715099,126.889052784457,946125,1944875,43.3058,2025-10-01 10:00:00
다사46004500,37.504957559461005,126.889034422335,946125,1945125,43.190132,2025-10-01 10:00:00
다사46004525,37.5072108465428,126.889016058169,946125,1945375,43.10124,2025-10-01 10:00:00
다사46004750,37.527490391156704,126.888850688616,946125,1947625,43.173866,2025-10-01 10:00:00
다사46004775,37.529743669544395,126.88883230398899,946125,1947875,43.09348,2025-10-01 10:00:00
다사46004800,37.5319969470625,126.888813917314,946125,1948125,43.12134,2025-10-01 10:00:00
다사46004825,37.5342502237111,126.888795528591,946125,1948375,43.17889,2025-10-01 10:00:00
다사46004650,37.5184772689113,126.88892420665701,946125,1946625,42.969185,2025-10-01 10:00:00
다사46004675,37.5207305507768,126.888905830217,946125,1946875,42.73006,2025-10-01 10:00:00
다사46004700,37.5229838317729,126.88888745173,946125,1947125,43.798565,2025-10-01 10:00:00
다사46004725,37.5252371118996,126.88886907119699,946125,1947375,43.42941,2025-10-01 10:00:00
다사45754150,37.4733968701504,126.886464099022,945875,1941625,40.3165,2025-10-01 10:00:00
다사45754175,37.4756501682207,126.886445678591,945875,1941875,40.447823,2025-10-01 10:00:00
다사45754200,37.4779034654219,126.886427256109,945875,1942125,40.59523,2025-10-01 10:00:00
다사45754225,37.480156761753896,126.886408831576,945875,1942375,40.73392,2025-10-01 10:00:00
다사45754050,37.4643836691783,126.886537760238,945875,1940625,39.98824,2025-10-01 10:00:00
다사45754075,37.4666369707249,126.88651934801001,945875,1940875,40.034885,2025-10-01 10:00:00
다사45754100,37.4688902714025,126.886500933731,945875,1941125,40.10993,2025-10-01 10:00:00
다사45754125,37.471143571211,126.886482517402,945875,1941375,40.194447,2025-10-01 10:00:00
다사45754350,37.4914232303761,126.88631667813101,945875,1943625,40.61889,2025-10-01 10:00:00
다사45754375,37.493676521492795,126.886298241285,945875,1943875,40.84257,2025-10-01 10:00:00
다사45754400,37.4959298117403,126.886279802386,945875,1944125,41.289295,2025-10-01 10:00:00
다사45754425,37.4981831011184,126.88626136143299,945875,1944375,42.13036,2025-10-01 10:00:00
다사45754250,37.482410057216796,126.88639040499099,945875,1942625,40.11274,2025-10-01 10:00:00
다사45754275,37.4846633518104,126.886371976355,945875,1942875,40.23856,2025-10-01 10:00:00
다사45754300,37.4869166455349,126.88635354566601,945875,1943125,40.360878,2025-10-01 10:00:00
다사45754325,37.489169938390106,126.886335112925,945875,1943375,40.472626,2025-10-01 10:00:00
다사45505325,37.579286237284,126.882764913524,945625,1953375,38.93915,2025-10-01 10:00:00
다사45505350,37.581539493296,126.882746311115,945625,1953625,38.833473,2025-10-01 10:00:00
다사45505375,37.583792748437794,126.882727706634,945625,1953875,38.72353,2025-10-01 10:00:00
다사45505400,37.5860460027096,126.882709100081,945625,1954125,38.611057,2025-10-01 10:00:00
다사45505225,37.5702732045358,126.882839302444,945625,1952375,39.9508,2025-10-01 10:00:00
다사45505250,37.5725264640279,126.882820708321,945625,1952625,40.353004,2025-10-01 10:00:00
다사45505275,37.57477972265,126.882802112126,945625,1952875,39.14042,2025-10-01 10:00:00
다사45505300,37.577032980402,126.88278351386101,945625,1953125,39.039307,2025-10-01 10:00:00
다사45753950,37.4553704543015,126.886611388657,945875,1939625,39.93933,2025-10-01 10:00:00
다사45753975,37.4576237593242,126.886592984626,945875,1939875,39.93463,2025-10-01 10:00:00
다사45754000,37.4598770634779,126.886574578546,945875,1940125,39.93736,2025-10-01 10:00:00
다사45754025,37.4621303667626,126.88655617041701,945875,1940375,39.959698,2025-10-01 10:00:00
다사45505425,37.5882992561112,126.88269049145599,945625,1954375,38.496693,2025-10-01 10:00:00
다사45505450,37.5905525086427,126.882671880757,945625,1954625,38.384357,2025-10-01 10:00:00
다사45505475,37.592805760303996,126.88265326798599,945625,1954875,38.273373,2025-10-01 10:00:00
다사45505500,37.5950590110952,126.88263465314199,945625,1955125,38.17225,2025-10-01 10:00:00
다사45754950,37.5455019772171,126.88587362668999,945875,1949625,42.60533,2025-10-01 10:00:00
다사45754975,37.547755247465794,126.88585514050301,945875,1949875,42.542557,2025-10-01 10:00:00
다사45755000,37.5500085168448,126.885836652259,945875,1950125,42.468708,2025-10-01 10:00:00
다사45755025,37.552261785354,126.885818161955,945875,1950375,42.401752,2025-10-01 10:00:00
다사45754850,37.5364888875252,126.88594755084999,945875,1948625,43.046146,2025-10-01 10:00:00
다사45754875,37.53874216125261,126.885929072897,945875,1948875,43.041508,2025-10-01 10:00:00
다사45754900,37.5409954341105,126.885910592886,945875,1949125,43.022697,2025-10-01 10:00:00
다사45754925,37.5432487060986,126.885892110817,945875,1949375,42.995148,2025-10-01 10:00:00
다사45755150,37.5635281148533,126.885725679539,945875,1951625,40.311615,2025-10-01 10:00:00
다사45755175,37.565781378143704,126.885707176876,945875,1951875,40.21163,2025-10-01 10:00:00
다사45755200,37.5680346405641,126.88568867215099,945875,1952125,40.11417,2025-10-01 10:00:00
다사45755225,37.5702879021147,126.88567016536601,945875,1952375,40.56256,2025-10-01 10:00:00
다사45755050,37.554515052993494,126.88579966959101,945875,1950625,40.67415,2025-10-01 10:00:00
다사45755075,37.5567683197632,126.885781175168,945875,1950875,40.580948,2025-10-01 10:00:00
다사45755100,37.559021585663096,126.885762678685,945875,1951125,40.488976,2025-10-01 10:00:00
다사45755125,37.5612748506931,126.88574418014299,945875,1951375,40.40203,2025-10-01 10:00:00
다사45754550,37.509449534968795,126.88616912586201,945875,1945625,43.180996,2025-10-01 10:00:00
다사45754575,37.5117028191308,126.886150672584,945875,1945875,43.04023,2025-10-01 10:00:00
다사45754600,37.51395610242329,126.88613221725201,945875,1946125,43.27927,2025-10-01 10:00:00
다사45754625,37.5162093848463,126.886113759864,945875,1946375,43.103306,2025-10-01 10:00:00
다사45754450,37.500436389627204,126.88624291842699,945875,1944625,43.64039,2025-10-01 10:00:00
다사45754475,37.5026896772667,126.88622447336701,945875,1944875,43.637634,2025-10-01 10:00:00
다사45754500,37.5049429640368,126.88620602625299,945875,1945125,43.48439,2025-10-01 10:00:00
다사45754525,37.5071962499375,126.886187577084,945875,1945375,43.327137,2025-10-01 10:00:00
다사45754750,37.527475783919,126.886021442089,945875,1947625,43.201744,2025-10-01 10:00:00
다사45754775,37.5297290611249,126.88600297236499,945875,1947875,43.084297,2025-10-01 10:00:00
다사45754800,37.531982337461294,126.88598450058399,945875,1948125,43.042362,2025-10-01 10:00:00
다사45754825,37.534235612928,126.885966026746,945875,1948375,43.038643,2025-10-01 10:00:00
다사45754650,37.5184626663999,126.886095300421,945875,1946625,42.89154,2025-10-01 10:00:00
다사45754675,37.5207159470839,126.88607683892201,945875,1946875,42.641754,2025-10-01 10:00:00
다사45754700,37.522969226898496,126.886058375367,945875,1947125,43.695126,2025-10-01 10:00:00
다사45754725,37.5252225058435,126.886039909756,945875,1947375,43.41432,2025-10-01 10:00:00
다사45504125,37.4711289258588,126.883655397262,945625,1941375,40.328262,2025-10-01 10:00:00
다사45504150,37.4733822236127,126.883636894023,945625,1941625,40.42862,2025-10-01 10:00:00
다사45504175,37.4756355204975,126.883618388723,945625,1941875,40.54479,2025-10-01 10:00:00
다사45504200,37.4778888165131,126.883599881362,945625,1942125,40.66896,2025-10-01 10:00:00
다사45504025,37.4621157261515,126.883729389622,945625,1940375,40.06824,2025-10-01 10:00:00
다사45504050,37.4643690273819,126.883710894622,945625,1940625,40.10742,2025-10-01 10:00:00
다사45504075,37.466622327743394,126.883692397562,945625,1940875,40.159653,2025-10-01 10:00:00
다사45504100,37.468875627235604,126.883673898442,945625,1941125,40.23647,2025-10-01 10:00:00
다사45504325,37.4891552835522,126.883507313643,945625,1943375,40.64757,2025-10-01 10:00:00
다사45504350,37.4914085743522,126.883488793914,945625,1943625,40.869125,2025-10-01 10:00:00
다사45504375,37.4936618642828,126.88347027212299,945625,1943875,41.171833,2025-10-01 10:00:00
다사45504400,37.4959151533441,126.88345174826901,945625,1944125,41.600574,2025-10-01 10:00:00
다사45504225,37.4801421116594,126.88358137194099,945625,1942375,40.040825,2025-10-01 10:00:00
다사45504250,37.4823954059365,126.88356286045901,945625,1942625,40.188515,2025-10-01 10:00:00
다사45504275,37.4846486993444,126.883544346915,945625,1942875,40.334694,2025-10-01 10:00:00
다사45504300,37.486901991883,126.88352583131001,945625,1943125,40.481674,2025-10-01 10:00:00
다사45255250,37.5725116973789,126.87998976219299,945375,1952625,39.791393,2025-10-01 10:00:00
다사45255275,37.5747649548069,126.879971080713,945375,1952875,39.681065,2025-10-01 10:00:00
다사45255300,37.5770182113647,126.87995239715201,945375,1953125,38.994514,2025-10-01 10:00:00
다사45255325,37.5792714670525,126.87993371151,945375,1953375,38.899593,2025-10-01 10:00:00
다사45255150,37.563498658966395,126.880064467311,945375,1951625,40.184853,2025-10-01 10:00:00
다사45255175,37.5657519198746,126.880045794151,945375,1951875,40.09773,2025-10-01 10:00:00
다사45255200,37.5680051799127,126.880027118912,945375,1952125,39.995113,2025-10-01 10:00:00
다사45255225,37.570258439080796,126.88000844159299,945375,1952375,39.897064,2025-10-01 10:00:00
다사45255450,37.5905377324388,126.879840252077,945375,1954625,38.378494,2025-10-01 10:00:00
다사45255475,37.592790982905505,126.879821553944,945375,1954875,38.27946,2025-10-01 10:00:00
다사45503975,37.4576091210832,126.883766373447,945625,1939875,40.033157,2025-10-01 10:00:00
다사45504000,37.45986242405179,126.883747882564,945625,1940125,40.04712,2025-10-01 10:00:00
다사45255350,37.5815247218701,126.879915023787,945375,1953625,38.801933,2025-10-01 10:00:00
다사45255375,37.5837779758176,126.879896333983,945375,1953875,38.697186,2025-10-01 10:00:00
다사45255400,37.5860312288948,126.879877642096,945375,1954125,38.59389,2025-10-01 10:00:00
다사45255425,37.5882844811019,126.87985894812799,945375,1954375,38.48774,2025-10-01 10:00:00
다사45504925,37.5432340227769,126.883062270473,945625,1949375,42.83708,2025-10-01 10:00:00
다사45504950,37.5454872927076,126.883043701183,945625,1949625,42.46128,2025-10-01 10:00:00
다사45504975,37.547740561768606,126.883025129825,945625,1949875,42.40303,2025-10-01 10:00:00
다사45505000,37.5499938299597,126.88300655639799,945625,1950125,42.340084,2025-10-01 10:00:00
다사45504825,37.5342209343564,126.88313652695801,945625,1948375,42.96381,2025-10-01 10:00:00
다사45504850,37.536474207766105,126.883117965937,945625,1948625,42.92882,2025-10-01 10:00:00
다사45504875,37.5387274803061,126.88309940285,945625,1948875,42.905453,2025-10-01 10:00:00
다사45504900,37.5409807519764,126.883080837695,945625,1949125,42.87807,2025-10-01 10:00:00
다사45505125,37.5612601578678,126.882913658232,945625,1951375,40.340015,2025-10-01 10:00:00
다사45505150,37.563513420839705,126.88289507238999,945625,1951625,40.251507,2025-10-01 10:00:00
다사45505175,37.56576668294171,126.882876484478,945625,1951875,40.15721,2025-10-01 10:00:00
다사45505200,37.5680199441738,126.882857894496,945625,1952125,40.055202,2025-10-01 10:00:00
다사45505025,37.5522470972811,126.882987980903,945625,1950375,42.279675,2025-10-01 10:00:00
다사45505050,37.5545003637325,126.882969403339,945625,1950625,40.604076,2025-10-01 10:00:00
다사45505075,37.5567536293142,126.882950823706,945625,1950875,40.518784,2025-10-01 10:00:00
다사45505100,37.5590068940259,126.88293224200399,945625,1951125,40.430923,2025-10-01 10:00:00
다사45504525,37.5071815856095,126.88335909805402,945625,1945375,43.380264,2025-10-01 10:00:00
다사45504550,37.509434869454296,126.88334056181999,945625,1945625,43.230587,2025-10-01 10:00:00
다사45504575,37.5116881524295,126.883322023522,945625,1945875,43.446144,2025-10-01 10:00:00
다사45504600,37.5139414345353,126.88330348316002,945625,1946125,43.263382,2025-10-01 10:00:00
다사45504425,37.498168441536,126.88343322235201,945625,1944375,43.01643,2025-10-01 10:00:00
다사45504450,37.5004217288585,126.883414694373,945625,1944625,43.39952,2025-10-01 10:00:00
다사45504475,37.5026750153116,126.88339616433001,945625,1944875,43.54151,2025-10-01 10:00:00
다사45504500,37.504928300895294,126.88337763222401,945625,1945125,43.49494,2025-10-01 10:00:00
다사45504725,37.5252078320209,126.88321075037202,945625,1947375,43.407475,2025-10-01 10:00:00
다사45504750,37.5274611089093,126.883192197618,945625,1947625,43.21811,2025-10-01 10:00:00
다사45504775,37.529714384928,126.883173642798,945625,1947875,43.088825,2025-10-01 10:00:00
다사45504800,37.5319676600771,126.88315508591101,945625,1948125,43.007175,2025-10-01 10:00:00
다사45504625,37.5161947157715,126.88328494073299,945625,1946375,43.060905,2025-10-01 10:00:00
다사45504650,37.5184479961383,126.883266396241,945625,1946625,42.842247,2025-10-01 10:00:00
다사45504675,37.5207012756354,126.883247849683,945625,1946875,42.605846,2025-10-01 10:00:00
다사45504700,37.522954554263,126.88322930106101,945625,1947125,42.364906,2025-10-01 10:00:00
다사45254050,37.4643543179671,126.880884031064,945375,1940625,40.22123,2025-10-01 10:00:00
다사45254075,37.4666076171378,126.88086544917299,945375,1940875,40.275097,2025-10-01 10:00:00
다사45254100,37.46886091543929,126.88084686521299,945375,1941125,40.358303,2025-10-01 10:00:00
다사45254125,37.4711142128715,126.880828279183,945375,1941375,40.439487,2025-10-01 10:00:00
다사45005375,37.5837631352884,126.87706496341299,945125,1953875,38.667374,2025-10-01 10:00:00
다사45005400,37.58601638716571,126.87704618619301,945125,1954125,38.569344,2025-10-01 10:00:00
다사45005425,37.588269638172704,126.87702740688299,945125,1954375,38.468628,2025-10-01 10:00:00
다사45005450,37.5905228883095,126.87700862548,945125,1954625,38.36332,2025-10-01 10:00:00
다사45254250,37.4823806869939,126.880735317987,945375,1942625,40.288128,2025-10-01 10:00:00
다사45254275,37.4846339792105,126.88071671953699,945375,1942875,40.450863,2025-10-01 10:00:00
다사45254300,37.4868872705577,126.88069811901501,945375,1943125,40.626762,2025-10-01 10:00:00
다사45254325,37.4891405610356,126.880679516422,945375,1943375,40.830227,2025-10-01 10:00:00
다사45254150,37.4733675094346,126.880809691084,945375,1941625,40.5384,2025-10-01 10:00:00
다사45254175,37.4756208051283,126.88079110091499,945375,1941875,40.639977,2025-10-01 10:00:00
다사45254200,37.4778740999528,126.88077250867599,945375,1942125,39.982845,2025-10-01 10:00:00
다사45254225,37.4801273939081,126.880753914367,945375,1942375,40.134987,2025-10-01 10:00:00
다사45005075,37.55672404488671,126.877290126999,945125,1950875,40.38455,2025-10-01 10:00:00
다사45005100,37.5589773072057,126.877271374858,945125,1951125,40.295525,2025-10-01 10:00:00
다사45005125,37.56123056865471,126.87725262062901,945125,1951375,40.210552,2025-10-01 10:00:00
다사45005150,37.563483829233604,126.87723386431101,945125,1951625,40.123756,2025-10-01 10:00:00
다사45004975,37.5477109869105,126.87736511468201,945125,1949875,42.153214,2025-10-01 10:00:00
다사45005000,37.5499642527095,126.87734637089301,945125,1950125,42.095875,2025-10-01 10:00:00
다사45005025,37.5522175176386,126.87732762501601,945125,1950375,40.550682,2025-10-01 10:00:00
다사45005050,37.5544707816976,126.877308877052,945125,1950625,40.46488,2025-10-01 10:00:00
다사45005275,37.574750119076796,126.87714005138001,945125,1952875,39.629265,2025-10-01 10:00:00
다사45005300,37.577003374435,126.877121282524,945125,1953125,39.52484,2025-10-01 10:00:00
다사45005325,37.579256628923,126.877102511578,945125,1953375,38.85758,2025-10-01 10:00:00
다사45005350,37.5815098825408,126.87708373854099,945125,1953625,38.765373,2025-10-01 10:00:00
다사45005175,37.5657370889425,126.877215105904,945125,1951875,40.031136,2025-10-01 10:00:00
다사45005200,37.567990347781205,126.87719634540701,945125,1952125,39.936985,2025-10-01 10:00:00
다사45005225,37.5702436057499,126.877177582822,945125,1952375,39.84191,2025-10-01 10:00:00
다사45005250,37.572496862848396,126.877158818146,945125,1952625,39.738613,2025-10-01 10:00:00
다사45254850,37.5364594602132,126.88028838309201,945375,1948625,42.85072,2025-10-01 10:00:00
다사45254875,37.5387127315602,126.88026973487,945375,1948875,42.800182,2025-10-01 10:00:00
다사45254900,37.5409660020375,126.880251084572,945375,1949125,42.756927,2025-10-01 10:00:00
다사45254925,37.5432192716449,126.880232432197,945375,1949375,42.711918,2025-10-01 10:00:00
다사45254750,37.5274463661276,126.88036295521401,945375,1947625,43.21646,2025-10-01 10:00:00
다사45254775,37.5296996409536,126.880344315297,945375,1947875,43.07864,2025-10-01 10:00:00
다사45254800,37.531952914909894,126.880325673305,945375,1948125,42.97389,2025-10-01 10:00:00
다사45254825,37.5342061879965,126.880307029236,945375,1948375,42.90047,2025-10-01 10:00:00
다사45255050,37.5544856066339,126.880139139156,945375,1950625,40.53442,2025-10-01 10:00:00
다사45255075,37.5567388710219,126.88012047431299,945375,1950875,40.451813,2025-10-01 10:00:00
다사45255100,37.5589921345401,126.880101807391,945375,1951125,40.36356,2025-10-01 10:00:00
다사45255125,37.5612453971882,126.880083138391,945375,1951375,40.277843,2025-10-01 10:00:00
다사45254950,37.5454725403824,126.880213777744,945375,1949625,42.66457,2025-10-01 10:00:00
다사45254975,37.5477258082501,126.88019512121402,945375,1949875,42.272003,2025-10-01 10:00:00
다사45255000,37.5499790752479,126.88017646260599,945375,1950125,42.216362,2025-10-01 10:00:00
다사45255025,37.5522323413758,126.88015780191999,945375,1950375,40.62093,2025-10-01 10:00:00
다사45254450,37.5004070003837,126.88058647238199,945375,1944625,43.241398,2025-10-01 10:00:00
다사45254475,37.5026602856449,126.88056785735701,945375,1944875,43.378666,2025-10-01 10:00:00
다사45254500,37.5049135700367,126.880549240259,945375,1945125,43.38638,2025-10-01 10:00:00
다사45254525,37.5071668535589,126.88053062108801,945375,1945375,43.32652,2025-10-01 10:00:00
다사45254350,37.4913938506441,126.880660911758,945375,1943625,41.069214,2025-10-01 10:00:00
다사45254375,37.4936471393831,126.880642305023,945375,1943875,41.36121,2025-10-01 10:00:00
다사45254400,37.4959004272528,126.880623696215,945375,1944125,41.707943,2025-10-01 10:00:00
다사45254425,37.498153714253,126.880605085335,945375,1944375,42.967663,2025-10-01 10:00:00
다사45254650,37.518433258126706,126.880437494126,945375,1946625,42.81089,2025-10-01 10:00:00
다사45254675,37.5206865364314,126.88041886251001,945375,1946875,42.592735,2025-10-01 10:00:00
다사45254700,37.5229398138665,126.88040022882,945375,1947125,42.375866,2025-10-01 10:00:00
다사45254725,37.5251930904319,126.88038159305401,945375,1947375,42.17392,2025-10-01 10:00:00
다사45254550,37.5094201362116,126.88051199984301,945375,1945625,43.56998,2025-10-01 10:00:00
다사45254575,37.51167341799479,126.880493376525,945375,1945875,43.411125,2025-10-01 10:00:00
다사45254600,37.51392669890829,126.88047475113301,945375,1946125,43.22226,2025-10-01 10:00:00
다사45254625,37.5161799789523,126.880456123666,945375,1946375,43.026424,2025-10-01 10:00:00
다사44755175,37.5657221901455,126.874384419746,944875,1951875,39.967594,2025-10-01 10:00:00
다사44755200,37.567975447779396,126.87436557399299,944875,1952125,39.87958,2025-10-01 10:00:00
다사44755225,37.5702287045431,126.87434672613999,944875,1952375,39.778236,2025-10-01 10:00:00
다사44755250,37.572481960436605,126.874327876189,944875,1952625,39.681946,2025-10-01 10:00:00
다사44755075,37.556709150908496,126.874459781773,944875,1950875,40.31215,2025-10-01 10:00:00
다사44755100,37.5589624120229,126.874440944414,944875,1951125,40.230133,2025-10-01 10:00:00
다사44755125,37.5612156722673,126.874422104956,944875,1951375,40.14239,2025-10-01 10:00:00
다사44755150,37.5634689316415,126.8744032634,944875,1951625,40.054527,2025-10-01 10:00:00
다사44755375,37.5837482268504,126.87423359493401,944875,1953875,38.631485,2025-10-01 10:00:00
다사44755400,37.586001477522295,126.87421473238199,944875,1954125,38.536926,2025-10-01 10:00:00
다사45004125,37.471099432249495,126.87800116317301,945125,1941375,40.544384,2025-10-01 10:00:00
다사45004150,37.4733527276161,126.87798249021499,945125,1941625,40.638596,2025-10-01 10:00:00
다사44755275,37.5747352154599,126.87430902413799,944875,1952875,39.58004,2025-10-01 10:00:00
다사44755300,37.5769884696129,126.87429016998699,944875,1953125,39.48154,2025-10-01 10:00:00
다사44755325,37.5792417228957,126.874271313737,944875,1953375,39.379646,2025-10-01 10:00:00
다사44755350,37.5814949753082,126.87425245538601,944875,1953625,38.721897,2025-10-01 10:00:00
다사44754775,37.5296699496733,126.874685666533,944875,1947875,43.022114,2025-10-01 10:00:00
다사44754800,37.5319232212276,126.87466685433,944875,1948125,42.892155,2025-10-01 10:00:00
다사44754825,37.534176491912106,126.874648040032,944875,1948375,42.78348,2025-10-01 10:00:00
다사44754850,37.5364297617266,126.87462922363999,944875,1948625,42.693306,2025-10-01 10:00:00
다사44754675,37.5206568547576,126.87476089439801,944875,1946875,42.558414,2025-10-01 10:00:00
다사44754700,37.5229101297912,126.87474209057301,944875,1947125,42.37116,2025-10-01 10:00:00
다사44754725,37.525163403955105,126.87472328465401,944875,1947375,42.193844,2025-10-01 10:00:00
다사44754750,37.5274166772491,126.874704476641,944875,1947625,42.026028,2025-10-01 10:00:00
다사44754975,37.54769609775,126.874535110236,944875,1949875,41.224636,2025-10-01 10:00:00
다사44755000,37.549949362344705,126.874516281266,944875,1950125,40.55718,2025-10-01 10:00:00
다사44755025,37.552202626069295,126.87449745019899,944875,1950375,40.472473,2025-10-01 10:00:00
다사44755050,37.5544558889239,126.87447861703501,944875,1950625,40.39232,2025-10-01 10:00:00
다사44754875,37.5386830306712,126.874610405151,944875,1948875,42.615723,2025-10-01 10:00:00
다사44754900,37.5409362987458,126.874591584567,944875,1949125,42.559097,2025-10-01 10:00:00
다사44754925,37.5431895659505,126.874572761886,944875,1949375,42.495193,2025-10-01 10:00:00
다사44754950,37.545442832285296,126.87455393711001,944875,1949625,41.288155,2025-10-01 10:00:00
다사45004675,37.520671729472106,126.87758987741199,945125,1946875,42.572758,2025-10-01 10:00:00
다사45004700,37.522925005709205,126.877571158654,945125,1947125,42.37736,2025-10-01 10:00:00
다사45004725,37.525178281076606,126.877552437812,945125,1947375,42.188297,2025-10-01 10:00:00
다사45004750,37.5274315555742,126.877533714885,945125,1947625,43.20415,2025-10-01 10:00:00
다사45004575,37.511658615826605,126.87766473160102,945125,1945875,43.33216,2025-10-01 10:00:00
다사45004600,37.5139118955425,126.87764602118,945125,1946125,43.162045,2025-10-01 10:00:00
다사45004625,37.5161651743887,126.877627308674,945125,1946375,42.983044,2025-10-01 10:00:00
다사45004650,37.518418452365204,126.877608594085,945125,1946625,42.781372,2025-10-01 10:00:00
다사45004875,37.5386979150152,126.87744006896799,945125,1948875,42.70638,2025-10-01 10:00:00
다사45004900,37.5409511842939,126.877421333526,945125,1949125,42.652252,2025-10-01 10:00:00
다사45004925,37.5432044527027,126.877402595998,945125,1949375,42.602848,2025-10-01 10:00:00
다사45004950,37.5454577202416,126.877383856383,945125,1949625,42.55323,2025-10-01 10:00:00
다사45004775,37.529684829202,126.877514989872,945125,1947875,43.05667,2025-10-01 10:00:00
다사45004800,37.5319381019601,126.877496262775,945125,1948125,42.93653,2025-10-01 10:00:00
다사45004825,37.534191373848294,126.877477533592,945125,1948375,42.841755,2025-10-01 10:00:00
다사45004850,37.536444644866705,126.87745880232299,945125,1948625,42.768505,2025-10-01 10:00:00
다사45004275,37.484619191409,126.87788909422899,945125,1942875,40.5739,2025-10-01 10:00:00
다사45004300,37.4868724815594,126.877870408792,945125,1943125,40.759132,2025-10-01 10:00:00
다사45004325,37.489125770840296,126.877851721274,945125,1943375,40.966873,2025-10-01 10:00:00
다사45004350,37.4913790592518,126.877833031675,945125,1943625,41.19852,2025-10-01 10:00:00
다사45004175,37.475606022113396,126.877963815177,945125,1941875,39.957935,2025-10-01 10:00:00
다사45004200,37.4778593157414,126.87794513806001,945125,1942125,40.102562,2025-10-01 10:00:00
다사45004225,37.4801126085,126.87792645886299,945125,1942375,40.250572,2025-10-01 10:00:00
다사45004250,37.482365900389205,126.877907777586,945125,1942625,40.410122,2025-10-01 10:00:00
다사45004475,37.5026454882668,126.87773955245702,945125,1944875,43.22592,2025-10-01 10:00:00
다사45004500,37.5048987714611,126.877720850367,945125,1945125,43.258263,2025-10-01 10:00:00
다사45004525,37.507152053785894,126.87770214619499,945125,1945375,43.58776,2025-10-01 10:00:00
다사45004550,37.509405335241,126.87768343994,945125,1945625,43.47889,2025-10-01 10:00:00
다사45004375,37.493632346793795,126.877814339995,945125,1943875,41.46274,2025-10-01 10:00:00
다사45004400,37.49588563346639,126.87779564623301,945125,1944125,42.651134,2025-10-01 10:00:00
다사45004425,37.4981389192694,126.87777695039,945125,1944375,42.90506,2025-10-01 10:00:00
다사45004450,37.5003922042029,126.877758252464,945125,1944625,43.105225,2025-10-01 10:00:00
다사44504750,37.5274017311527,126.87187524049101,944625,1947625,42.008343,2025-10-01 10:00:00
다사44504775,37.529655002367704,126.871856345288,944625,1947875,42.959938,2025-10-01 10:00:00
다사44504800,37.5319082727128,126.871837447981,944625,1948125,42.820198,2025-10-01 10:00:00
다사44504825,37.5341615421879,126.871818548569,944625,1948375,42.707806,2025-10-01 10:00:00
다사44504650,37.518388637593496,126.87195080026599,944625,1946625,42.709026,2025-10-01 10:00:00
다사44504675,37.520641912288106,126.871931913477,944625,1946875,42.534264,2025-10-01 10:00:00
다사44504700,37.5228951861128,126.871913024586,944625,1947125,42.355434,2025-10-01 10:00:00
다사44504725,37.5251484590677,126.87189413358999,944625,1947375,42.175266,2025-10-01 10:00:00
다사44504950,37.5454278765136,126.871724019932,944625,1949625,41.231934,2025-10-01 10:00:00
다사44504975,37.5476811407686,126.87170510788799,944625,1949875,41.166954,2025-10-01 10:00:00
다사44505000,37.5499344041535,126.87168619373699,944625,1950125,40.502625,2025-10-01 10:00:00
다사44505025,37.552187666668296,126.87166727748001,944625,1950375,40.415054,2025-10-01 10:00:00
다사44504850,37.5364148107931,126.871799647052,944625,1948625,42.60637,2025-10-01 10:00:00
다사44504875,37.538668078528296,126.87178074343001,944625,1948875,42.524124,2025-10-01 10:00:00
다사44504900,37.5409213453934,126.871761837703,944625,1949125,42.45356,2025-10-01 10:00:00
다사44504925,37.5431746113885,126.871742929871,944625,1949375,42.395187,2025-10-01 10:00:00
다사44504350,37.4913492734157,126.87217727776002,944625,1943625,41.325603,2025-10-01 10:00:00
다사44504375,37.4936025585472,126.872158416192,944625,1943875,41.975815,2025-10-01 10:00:00
다사44504400,37.4958558428091,126.87213955252399,944625,1944125,42.17049,2025-10-01 10:00:00
다사44504425,37.49810912620129,126.87212068675501,944625,1944375,42.33414,2025-10-01 10:00:00
다사44504250,37.4823361241937,126.87225270303499,944625,1942625,40.62756,2025-10-01 10:00:00
다사44504275,37.4845894128036,126.872233849865,944625,1942875,40.788895,2025-10-01 10:00:00
다사44504300,37.486842700543896,126.872214994597,944625,1943125,40.96312,2025-10-01 10:00:00
다사44504325,37.4890959874146,126.87219613722799,944625,1943375,41.13921,2025-10-01 10:00:00
다사44504550,37.5093755301168,126.872026326392,944625,1945625,43.264523,2025-10-01 10:00:00
다사44504575,37.5116288082907,126.87200744801399,944625,1945875,43.15439,2025-10-01 10:00:00
다사44504600,37.513882085594794,126.871988567534,944625,1946125,43.019367,2025-10-01 10:00:00
다사44504625,37.516135362029,126.871969684951,944625,1946375,42.87269,2025-10-01 10:00:00
다사44504450,37.500362408723795,126.872101818885,944625,1944625,42.455708,2025-10-01 10:00:00
다사44504475,37.5026156903767,126.872082948914,944625,1944875,42.539345,2025-10-01 10:00:00
다사44504500,37.504868971159794,126.87206407684099,944625,1945125,43.369156,2025-10-01 10:00:00
다사44504525,37.507122251073206,126.87204520266701,944625,1945375,43.33707,2025-10-01 10:00:00
다사44754375,37.493617486515205,126.874986377048,944875,1943875,41.50217,2025-10-01 10:00:00
다사44754400,37.4958707719851,126.874967598333,944875,1944125,42.647484,2025-10-01 10:00:00
다사44754425,37.4981240565854,126.874948817526,944875,1944375,42.41282,2025-10-01 10:00:00
다사44754450,37.500377340316206,126.874930034629,944875,1944625,42.57626,2025-10-01 10:00:00
다사44754275,37.484604335940006,126.87506147100201,944875,1942875,40.68868,2025-10-01 10:00:00
다사44754300,37.4868576248881,126.87504270064899,944875,1943125,40.87204,2025-10-01 10:00:00
다사44754325,37.4891109129666,126.875023928206,944875,1943375,41.067505,2025-10-01 10:00:00
다사44754350,37.4913642001757,126.875005153672,944875,1943625,41.28228,2025-10-01 10:00:00
다사44754575,37.511643745925205,126.874836088761,944875,1945875,43.24617,2025-10-01 10:00:00
다사44754600,37.5138970244379,126.87481729331002,944875,1946125,43.097084,2025-10-01 10:00:00
다사44754625,37.516150302080895,126.87479849576599,944875,1946375,42.927864,2025-10-01 10:00:00
다사44754650,37.518403578854105,126.874779696129,944875,1946625,42.746986,2025-10-01 10:00:00
다사44754475,37.502630623177296,126.874911249639,944875,1944875,42.680447,2025-10-01 10:00:00
다사44754500,37.504883905168796,126.87489246255801,944875,1945125,43.509514,2025-10-01 10:00:00
다사44754525,37.507137186290606,126.874873673385,944875,1945375,43.46132,2025-10-01 10:00:00
다사44754550,37.509390466542705,126.87485488211901,944875,1945625,43.371567,2025-10-01 10:00:00
다사44505150,37.5634539661901,126.87157266458799,944625,1951625,39.990253,2025-10-01 10:00:00
다사44505175,37.5657072234839,126.87155373568599,944625,1951875,39.90737,2025-10-01 10:00:00
다사44505200,37.5679604799074,126.871534804677,944625,1952125,39.81321,2025-10-01 10:00:00
다사44505225,37.5702137354606,126.871515871558,944625,1952375,39.71942,2025-10-01 10:00:00
다사44505050,37.554440928313,126.871648359116,944625,1950625,40.336098,2025-10-01 10:00:00
다사44505075,37.5566941890876,126.871629438645,944625,1950875,40.24713,2025-10-01 10:00:00
다사44505100,37.5589474489919,126.87161051606701,944625,1951125,40.166893,2025-10-01 10:00:00
다사44505125,37.5612007080261,126.87159159138099,944625,1951375,40.078686,2025-10-01 10:00:00
다사44754175,37.4755911714529,126.87513653151899,944875,1941875,40.080914,2025-10-01 10:00:00
다사44754200,37.477844463878895,126.87511776952299,944875,1942125,40.226597,2025-10-01 10:00:00
다사44754225,37.4800977554354,126.875099005439,944875,1942375,40.368168,2025-10-01 10:00:00
다사44754250,37.482351046122396,126.875080239266,944875,1942625,40.519566,2025-10-01 10:00:00
다사44505250,37.5724669901436,126.871496936331,944625,1952625,39.62867,2025-10-01 10:00:00
다사44505275,37.5747202439563,126.871477998995,944625,1952875,39.53344,2025-10-01 10:00:00
다사44505300,37.5769734968987,126.87145905955,944625,1953125,39.439953,2025-10-01 10:00:00
다사44505325,37.5792267489708,126.871440117995,944625,1953375,39.353607,2025-10-01 10:00:00
다사44005325,37.579196597428705,126.865777732852,944125,1953375,39.291275,2025-10-01 10:00:00
다사44254275,37.484574422,126.869406230828,944375,1942875,40.86274,2025-10-01 10:00:00
다사44254300,37.4868277085271,126.869387290644,944375,1943125,41.017147,2025-10-01 10:00:00
다사44254350,37.491334278972204,126.86934940394899,944375,1943625,41.801285,2025-10-01 10:00:00
다사44005225,37.5701835936693,126.86585416873001,944125,1952375,39.626038,2025-10-01 10:00:00
다사44005250,37.5724368459149,126.865835062953,944125,1952625,39.540226,2025-10-01 10:00:00
다사44005275,37.5746900972899,126.865815955047,944125,1952875,39.456047,2025-10-01 10:00:00
다사44005300,37.5769433477946,126.865796845014,944125,1953125,39.37081,2025-10-01 10:00:00
다사44254475,37.502600689865,126.86925465028901,944375,1944875,43.248505,2025-10-01 10:00:00
다사44254500,37.50485396943429,126.86923569322599,944375,1945125,43.247204,2025-10-01 10:00:00
다사44254525,37.5071072481338,126.86921673405199,944375,1945375,43.219883,2025-10-01 10:00:00
다사44254550,37.509360525963395,126.869197772766,944375,1945625,43.157227,2025-10-01 10:00:00
다사44254375,37.493587562890205,126.869330457437,944375,1943875,41.974636,2025-10-01 10:00:00
다사44254400,37.4958408459385,126.869311508815,944375,1944125,42.12605,2025-10-01 10:00:00
다사44254425,37.4980941281171,126.869292558084,944375,1944375,42.258324,2025-10-01 10:00:00
다사44254450,37.5003474094259,126.869273605242,944375,1944625,42.34863,2025-10-01 10:00:00
다사44004925,37.5431444988357,126.86608327216601,944125,1949375,41.16159,2025-10-01 10:00:00
다사44004950,37.545397761525,126.866064191905,944125,1949625,41.096886,2025-10-01 10:00:00
다사44004975,37.5476510233441,126.866045109519,944125,1949875,41.036873,2025-10-01 10:00:00
다사44005000,37.549904284293,126.866026025008,944125,1950125,40.97319,2025-10-01 10:00:00
다사44004825,37.5341314393766,126.86615957196501,944125,1948375,42.470093,2025-10-01 10:00:00
다사44004850,37.5363847055466,126.86614050020201,944125,1948625,42.375614,2025-10-01 10:00:00
다사44004875,37.5386379708464,126.866121426314,944125,1948875,42.291412,2025-10-01 10:00:00
다사44004900,37.540891235276106,126.86610235030199,944125,1949125,42.232025,2025-10-01 10:00:00
다사44005125,37.561170575983205,126.865930570565,944125,1951375,39.965054,2025-10-01 10:00:00
다사44005150,37.563423831710296,126.865911473297,944125,1951625,39.875587,2025-10-01 10:00:00
다사44005175,37.5656770865671,126.865892373902,944125,1951875,39.791416,2025-10-01 10:00:00
다사44005200,37.567930340553396,126.86587327238001,944125,1952125,39.707684,2025-10-01 10:00:00
다사44005025,37.5521575443716,126.86600693837099,944125,1950375,40.29093,2025-10-01 10:00:00
다사44005050,37.55441080358,126.865987849609,944125,1950625,40.20909,2025-10-01 10:00:00
다사44005075,37.5566640619181,126.86596875872,944125,1950875,40.127228,2025-10-01 10:00:00
다사44005100,37.5589173193858,126.86594966570601,944125,1951125,40.049137,2025-10-01 10:00:00
다사44255075,37.556679159424,126.86879909762399,944375,1950875,40.191933,2025-10-01 10:00:00
다사44255100,37.558932418112796,126.868780089828,944375,1951125,40.109165,2025-10-01 10:00:00
다사44255125,37.5611856759314,126.868761079914,944375,1951375,40.021275,2025-10-01 10:00:00
다사44255150,37.563438932879706,126.868742067884,944375,1951625,39.933395,2025-10-01 10:00:00
다사44254975,37.5476661159666,126.868875107646,944375,1949875,41.099834,2025-10-01 10:00:00
다사44255000,37.549919378136295,126.86885610831499,944375,1950125,41.03715,2025-10-01 10:00:00
다사44255025,37.5521726394357,126.868837106868,944375,1950375,40.35811,2025-10-01 10:00:00
다사44255050,37.554425899864995,126.86881810330401,944375,1950625,40.27222,2025-10-01 10:00:00
다사44255275,37.5747052045663,126.86864697596201,944375,1952875,39.497276,2025-10-01 10:00:00
다사44255300,37.5769584562926,126.86862795122299,944375,1953125,39.413197,2025-10-01 10:00:00
다사44255325,37.5792117071484,126.868608924364,944375,1953375,39.322765,2025-10-01 10:00:00
다사44504225,37.480082834714295,126.872271554105,944625,1942375,40.47329,2025-10-01 10:00:00
다사44255175,37.5656921889576,126.86872305373501,944375,1951875,39.852364,2025-10-01 10:00:00
다사44255200,37.5679454441653,126.868704037469,944375,1952125,39.762123,2025-10-01 10:00:00
다사44255225,37.5701986985027,126.868685019085,944375,1952375,39.67456,2025-10-01 10:00:00
다사44255250,37.572451951969704,126.868665998583,944375,1952625,39.584774,2025-10-01 10:00:00
다사44254675,37.520626902063796,126.869102934661,944375,1946875,42.506786,2025-10-01 10:00:00
다사44254700,37.5228801746741,126.869083960702,944375,1947125,42.326,2025-10-01 10:00:00
다사44254725,37.5251334464145,126.86906498463101,944375,1947375,42.147713,2025-10-01 10:00:00
다사44254750,37.5273867172849,126.869046006446,944375,1947625,41.963875,2025-10-01 10:00:00
다사44254575,37.5116138029233,126.86917880936899,944375,1945875,43.06479,2025-10-01 10:00:00
다사44254600,37.5138670790132,126.86915984386002,944375,1946125,42.94951,2025-10-01 10:00:00
다사44254625,37.5161203542333,126.869140876239,944375,1946375,42.818436,2025-10-01 10:00:00
다사44254650,37.5183736285835,126.86912190650601,944375,1946625,42.663395,2025-10-01 10:00:00
다사44254875,37.538653058586604,126.868951083815,944375,1948875,42.419025,2025-10-01 10:00:00
다사44254900,37.5409063242368,126.868932092945,944375,1949125,42.350132,2025-10-01 10:00:00
다사44254925,37.5431595890169,126.86891309996099,944375,1949375,41.232746,2025-10-01 10:00:00
다사44254950,37.545412852926795,126.868894104861,944375,1949625,41.164135,2025-10-01 10:00:00
다사44254775,37.52963998728529,126.86902702614799,944375,1947875,41.806145,2025-10-01 10:00:00
다사44254800,37.5318932564157,126.869008043736,944375,1948125,42.724564,2025-10-01 10:00:00
다사44254825,37.5341465246761,126.86898905921001,944375,1948375,42.59985,2025-10-01 10:00:00
다사44254850,37.5363997920664,126.86897007256901,944375,1948625,42.500805,2025-10-01 10:00:00
다사43754700,37.5228499485162,126.86342583928301,943875,1947125,42.256294,2025-10-01 10:00:00
다사43754725,37.5251032178112,126.86340669306001,943875,1947375,41.992237,2025-10-01 10:00:00
다사43754750,37.527356486236,126.863387544705,943875,1947625,41.743855,2025-10-01 10:00:00
다사43754775,37.5296097537907,126.863368394218,943875,1947875,41.5608,2025-10-01 10:00:00
다사43754600,37.5138368626355,126.863502402858,943875,1946125,42.796524,2025-10-01 10:00:00
다사43754625,37.51609013541079,126.86348326516199,943875,1946375,42.700554,2025-10-01 10:00:00
다사43754650,37.518343407315996,126.86346412533399,943875,1946625,42.586857,2025-10-01 10:00:00
다사43754675,37.520596678351104,126.86344498337401,943875,1946875,42.452248,2025-10-01 10:00:00
다사43754900,37.5408760785116,126.86327260978399,943875,1949125,42.10518,2025-10-01 10:00:00
다사43754925,37.543129340845105,126.86325344649599,943875,1949375,41.085007,2025-10-01 10:00:00
다사43754950,37.545382602308294,126.86323428107401,943875,1949625,41.02223,2025-10-01 10:00:00
다사43754975,37.547635862901295,126.86321511351801,943875,1949875,40.96241,2025-10-01 10:00:00
다사43754800,37.5318630204753,126.863349241597,943875,1948125,41.424835,2025-10-01 10:00:00
다사43754825,37.5341162862897,126.863330086844,943875,1948375,42.3014,2025-10-01 10:00:00
다사43754850,37.536369551233896,126.863310929958,943875,1948625,42.226448,2025-10-01 10:00:00
다사43754875,37.538622815307896,126.86329177093799,943875,1948875,42.158417,2025-10-01 10:00:00
다사43505275,37.5746596790788,126.860153919613,943625,1952875,39.369106,2025-10-01 10:00:00
다사43505300,37.5769129271237,126.86013463899201,943625,1953125,39.289227,2025-10-01 10:00:00
다사43754350,37.4913040870348,126.863693662663,943875,1943625,41.788998,2025-10-01 10:00:00
다사43754375,37.4935573685094,126.86367454626499,943875,1943875,41.904457,2025-10-01 10:00:00
다사43505175,37.565646678193396,126.86023102062599,943625,1951875,39.674828,2025-10-01 10:00:00
다사43505200,37.5678999297206,126.860211748593,943625,1952125,39.597893,2025-10-01 10:00:00
다사43505225,37.570153180377204,126.860192474413,943625,1952375,39.519115,2025-10-01 10:00:00
다사43505250,37.5724064301633,126.86017319808599,943625,1952625,39.443924,2025-10-01 10:00:00
다사43754500,37.5048237628344,126.86357893233802,943875,1945125,43.02801,2025-10-01 10:00:00
다사43754525,37.5070770390897,126.863559803163,943875,1945375,43.00699,2025-10-01 10:00:00
다사43754550,37.509330314474894,126.863540671859,943875,1945625,42.957756,2025-10-01 10:00:00
다사43754575,37.5115835889902,126.863521538424,943875,1945875,42.888386,2025-10-01 10:00:00
다사43754400,37.495810649114205,126.863655427738,943875,1944125,42.00066,2025-10-01 10:00:00
다사43754425,37.4980639288491,126.863636307082,943875,1944375,42.091866,2025-10-01 10:00:00
다사43754450,37.5003172077141,126.86361718429701,943875,1944625,42.158806,2025-10-01 10:00:00
다사43754475,37.50257048570929,126.863598059382,943875,1944875,43.03525,2025-10-01 10:00:00
다사44004525,37.5070921774726,126.866388267547,944125,1945375,43.10146,2025-10-01 10:00:00
다사44004550,37.5093454540828,126.866369221252,944125,1945625,43.052357,2025-10-01 10:00:00
다사44004575,37.511598729823106,126.866350172836,944125,1945875,42.97245,2025-10-01 10:00:00
다사44004600,37.5138520046934,126.86633112229799,944125,1946125,42.87196,2025-10-01 10:00:00
다사44004425,37.498079062333005,126.866464431523,944125,1944375,42.171326,2025-10-01 10:00:00
다사44004450,37.5003323424227,126.86644539370899,944125,1944625,42.2539,2025-10-01 10:00:00
다사44004475,37.502585621642496,126.86642635377501,944125,1944875,43.13926,2025-10-01 10:00:00
다사44004500,37.5048388999925,126.86640731172199,944125,1945125,43.132336,2025-10-01 10:00:00
다사44004725,37.5251183659956,126.866235837784,944125,1947375,42.089134,2025-10-01 10:00:00
다사44004750,37.5273716356459,126.866216774514,944125,1947625,41.88801,2025-10-01 10:00:00
다사44004775,37.5296249044262,126.866197709121,944125,1947875,41.71508,2025-10-01 10:00:00
다사44004800,37.531878172336505,126.86617864160499,944125,1948125,42.593716,2025-10-01 10:00:00
다사44004625,37.51610527869379,126.86631206963999,944125,1946375,42.761383,2025-10-01 10:00:00
다사44004650,37.5183585518243,126.86629301485901,944125,1946625,42.62774,2025-10-01 10:00:00
다사44004675,37.5206118240847,126.86627395795601,944125,1946875,42.47158,2025-10-01 10:00:00
다사44004700,37.522865095475204,126.866254898932,944125,1947125,42.291313,2025-10-01 10:00:00
다사43755100,37.5589021528111,126.86311924371,943875,1951125,39.977116,2025-10-01 10:00:00
다사43755125,37.5611554081819,126.863100063342,943875,1951375,39.898792,2025-10-01 10:00:00
다사43755150,37.56340866268229,126.863080880837,943875,1951625,39.812984,2025-10-01 10:00:00
다사43755175,37.5656619163123,126.863061696196,943875,1951875,39.728603,2025-10-01 10:00:00
다사43755000,37.549889122623895,126.863195943827,943875,1950125,40.907337,2025-10-01 10:00:00
다사43755025,37.5521423814762,126.863176772001,943875,1950375,40.219677,2025-10-01 10:00:00
다사43755050,37.55439563945821,126.863157598039,943875,1950625,40.14723,2025-10-01 10:00:00
다사43755075,37.5566488965698,126.86313842194299,943875,1950875,40.0629,2025-10-01 10:00:00
다사43755300,37.5769281714049,126.86296574093399,943875,1953125,39.33197,2025-10-01 10:00:00
다사43755325,37.579181419811896,126.862946543468,943875,1953375,39.25322,2025-10-01 10:00:00
다사44004375,37.4935724995442,126.866502500791,944125,1943875,41.941525,2025-10-01 10:00:00
다사44004400,37.4958257813735,126.86648346721701,944125,1944125,42.071407,2025-10-01 10:00:00
다사43755200,37.567915169071796,126.863042509418,943875,1952125,39.656418,2025-10-01 10:00:00
다사43755225,37.5701684209608,126.863023320503,943875,1952375,39.576176,2025-10-01 10:00:00
다사43755250,37.5724216719793,126.86300412945101,943875,1952625,39.496952,2025-10-01 10:00:00
다사43755275,37.5746749221274,126.862984936261,943875,1952875,39.41514,2025-10-01 10:00:00
다사43255050,37.554365107704896,126.857497101316,943375,1950625,40.002747,2025-10-01 10:00:00
다사43255075,37.5566183623471,126.857477754804,943375,1950875,39.920498,2025-10-01 10:00:00
다사43255100,37.5588716161188,126.857458406136,943375,1951125,39.839157,2025-10-01 10:00:00
다사43255125,37.56112486902,126.857439055314,943375,1951375,39.765812,2025-10-01 10:00:00
다사43254950,37.5453520804311,126.85757446582501,943375,1949625,40.87975,2025-10-01 10:00:00
다사43254975,37.5476053385552,126.857555127929,943375,1949875,40.825138,2025-10-01 10:00:00
다사43255000,37.5498585958089,126.85753578787902,943375,1950125,40.768314,2025-10-01 10:00:00
다사43255025,37.552111852192205,126.85751644567499,943375,1950375,40.419712,2025-10-01 10:00:00
다사43255250,37.5723911204669,126.857342268869,943375,1952625,39.386784,2025-10-01 10:00:00
다사43255275,37.5746443681444,126.857322905111,943375,1952875,39.311245,2025-10-01 10:00:00
다사43255300,37.57689761495121,126.857303539197,943375,1953125,39.240044,2025-10-01 10:00:00
다사43504350,37.491288889541295,126.860865795208,943625,1943625,41.75828,2025-10-01 10:00:00
다사43255150,37.563378121050604,126.857419702336,943375,1951625,39.686714,2025-10-01 10:00:00
다사43255175,37.5656313722106,126.85740034720301,943375,1951875,39.61723,2025-10-01 10:00:00
다사43255200,37.5678846225,126.85738098991399,943375,1952125,39.540974,2025-10-01 10:00:00
다사43255225,37.570137871918796,126.85736163047,943375,1952375,39.4612,2025-10-01 10:00:00
다사43254650,37.5183129150529,126.85780635268699,943375,1946625,42.427,2025-10-01 10:00:00
다사43254675,37.520566183621,126.85778704061501,943375,1946875,42.309566,2025-10-01 10:00:00
다사43254700,37.522819451318895,126.85776772639299,943375,1947125,41.91435,2025-10-01 10:00:00
다사43254725,37.525072718146504,126.857748410019,943375,1947375,41.11326,2025-10-01 10:00:00
다사43254550,37.5092998320785,126.857883579473,943375,1945625,42.74177,2025-10-01 10:00:00
다사43254575,37.5115531041274,126.857864276002,943375,1945875,42.690887,2025-10-01 10:00:00
다사43254600,37.513806375306004,126.85784497038,943375,1946125,42.612217,2025-10-01 10:00:00
다사43254625,37.5160596456146,126.857825662609,943375,1946375,42.526596,2025-10-01 10:00:00
다사43254850,37.5363390392304,126.85765179587901,943375,1948625,41.934555,2025-10-01 10:00:00
다사43254875,37.5385923008361,126.857632466595,943375,1948875,41.901516,2025-10-01 10:00:00
다사43254900,37.5408455615715,126.857613135158,943375,1949125,40.983513,2025-10-01 10:00:00
다사43254925,37.5430988214365,126.85759380156799,943375,1949375,40.931477,2025-10-01 10:00:00
다사43254750,37.527325984103896,126.857729091495,943375,1947625,41.115665,2025-10-01 10:00:00
다사43254775,37.529579249190995,126.857709770819,943375,1947875,41.104595,2025-10-01 10:00:00
다사43254800,37.5318325134078,126.857690447991,943375,1948125,41.0949,2025-10-01 10:00:00
다사43254825,37.5340857767542,126.857671123011,943375,1948375,41.069374,2025-10-01 10:00:00
다사43504875,37.538607591971,126.86046211769501,943625,1948875,42.023827,2025-10-01 10:00:00
다사43504900,37.54086085394329,126.860442871399,943625,1949125,41.061596,2025-10-01 10:00:00
다사43504925,37.54311411504529,126.86042362296001,943625,1949375,41.00254,2025-10-01 10:00:00
다사43504950,37.545367375277,126.860404372378,943625,1949625,40.951107,2025-10-01 10:00:00
다사43504775,37.5295945353789,126.86053908144699,943625,1947875,41.323357,2025-10-01 10:00:00
다사43504800,37.5318478008324,126.860519843723,943625,1948125,41.25147,2025-10-01 10:00:00
다사43504825,37.5341010654155,126.860500603856,943625,1948375,42.11532,2025-10-01 10:00:00
다사43504850,37.5363543291284,126.860481361847,943625,1948625,42.067642,2025-10-01 10:00:00
다사43505075,37.5566336633795,126.86030808730101,943625,1950875,39.996017,2025-10-01 10:00:00
다사43505100,37.55888691838871,126.86028882385,943625,1951125,39.913464,2025-10-01 10:00:00
다사43505125,37.5611401725274,126.860269558255,943625,1951375,39.82683,2025-10-01 10:00:00
다사43505150,37.5633934257956,126.86025029051399,943625,1951625,39.75263,2025-10-01 10:00:00
다사43504975,37.54762063463829,126.860385119651,943625,1949875,40.894615,2025-10-01 10:00:00
다사43505000,37.5498738931292,126.860365864781,943625,1950125,40.83906,2025-10-01 10:00:00
다사43505025,37.552127150749705,126.86034660776501,943625,1950375,40.158577,2025-10-01 10:00:00
다사43505050,37.55438040749979,126.860327348605,943625,1950625,40.07682,2025-10-01 10:00:00
다사43504475,37.5025552820655,126.860769767118,943625,1944875,42.93015,2025-10-01 10:00:00
다사43504500,37.5048085579604,126.860750555084,943625,1945125,42.928783,2025-10-01 10:00:00
다사43504525,37.50706183298529,126.86073134091002,943625,1945375,42.89678,2025-10-01 10:00:00
다사43504550,37.509315107140104,126.860712124596,943625,1945625,42.85396,2025-10-01 10:00:00
다사43504375,37.493542169786004,126.860846593867,943625,1943875,41.85291,2025-10-01 10:00:00
다사43504400,37.495795449160795,126.860827390388,943625,1944125,41.937683,2025-10-01 10:00:00
다사43504425,37.498048727665704,126.86080818477,943625,1944375,42.012814,2025-10-01 10:00:00
다사43504450,37.500302005300604,126.86078897701401,943625,1944625,42.062492,2025-10-01 10:00:00
다사43504675,37.520581464863206,126.86061601092399,943625,1946875,42.4392,2025-10-01 10:00:00
다사43504700,37.522834733797396,126.860596781767,943625,1947125,42.24067,2025-10-01 10:00:00
다사43504725,37.5250880018614,126.860577550469,943625,1947375,41.726864,2025-10-01 10:00:00
다사43504750,37.52734126905529,126.860558317029,943625,1947625,41.444088,2025-10-01 10:00:00
다사43504575,37.5115683804249,126.860692906143,943625,1945875,42.785175,2025-10-01 10:00:00
다사43504600,37.5138216528397,126.86067368554899,943625,1946125,42.7167,2025-10-01 10:00:00
다사43504625,37.5160749243843,126.86065446281499,943625,1946375,42.629562,2025-10-01 10:00:00
다사43504650,37.5183281950588,126.86063523793999,943625,1946625,42.541065,2025-10-01 10:00:00
다사43004450,37.5002713973589,126.855132568874,943125,1944625,42.735947,2025-10-01 10:00:00
다사43004475,37.502524671647,126.855113189018,943125,1944875,42.72712,2025-10-01 10:00:00
다사43004500,37.504777945064895,126.855093807003,943125,1945125,42.71089,2025-10-01 10:00:00
다사43004525,37.507031217612706,126.855074422831,943125,1945375,42.684006,2025-10-01 10:00:00
다사43004350,37.491258291505396,126.855210066722,943125,1943625,41.678013,2025-10-01 10:00:00
다사43004375,37.4935115692739,126.855190695496,943125,1943875,41.74914,2025-10-01 10:00:00
다사43004400,37.49576484617229,126.85517132211201,943125,1944125,41.8035,2025-10-01 10:00:00
다사43004425,37.498018122200605,126.855151946572,943125,1944375,41.846222,2025-10-01 10:00:00
다사43004650,37.5182975672983,126.854977469585,943125,1946625,42.260887,2025-10-01 10:00:00
다사43004675,37.52055083462471,126.85495807245701,943125,1946875,42.055492,2025-10-01 10:00:00
다사43004700,37.5228041010808,126.854938673169,943125,1947125,41.69119,2025-10-01 10:00:00
다사43004725,37.525057366666495,126.854919271721,943125,1947375,41.284645,2025-10-01 10:00:00
다사43004550,37.5092844892902,126.85505503649999,943125,1945625,42.6314,2025-10-01 10:00:00
다사43004575,37.5115377600976,126.85503564801,943125,1945875,42.568874,2025-10-01 10:00:00
다사43004600,37.513791030034795,126.85501625736099,943125,1946125,42.49386,2025-10-01 10:00:00
다사43004625,37.5160442991017,126.85499686455299,943125,1946375,42.388092,2025-10-01 10:00:00
다사42755050,37.55433430460629,126.851836613211,942875,1950625,39.873196,2025-10-01 10:00:00
다사42755075,37.5565875567572,126.85181709628401,942875,1950875,39.787853,2025-10-01 10:00:00
다사42755100,37.5588408080374,126.85179757718201,942875,1951125,39.712658,2025-10-01 10:00:00
다사42755125,37.561094058447,126.851778055907,942875,1951375,39.6405,2025-10-01 10:00:00
다사42754950,37.5453212872963,126.85191465918999,942875,1949625,40.756348,2025-10-01 10:00:00
다사42754975,37.5475745429297,126.85189515095502,942875,1949875,40.692604,2025-10-01 10:00:00
다사42755000,37.5498277976926,126.85187564054701,942875,1950125,40.357662,2025-10-01 10:00:00
다사42755025,37.5520810515848,126.851856127966,942875,1950375,40.26425,2025-10-01 10:00:00
다사42755250,37.5723602974336,126.851680416912,942875,1952625,39.262527,2025-10-01 10:00:00
다사42755275,37.57461354261861,126.851660882588,942875,1952875,39.197765,2025-10-01 10:00:00
다사43004300,37.486751733358204,126.855248802704,943125,1943125,41.516846,2025-10-01 10:00:00
다사43004325,37.4890050128668,126.855229435791,943125,1943375,41.59926,2025-10-01 10:00:00
다사42755150,37.563347307985794,126.85175853245701,942875,1951625,39.56066,2025-10-01 10:00:00
다사42755175,37.5656005566539,126.851739006834,942875,1951875,39.480663,2025-10-01 10:00:00
다사42755200,37.567853804451204,126.851719479035,942875,1952125,39.40754,2025-10-01 10:00:00
다사42755225,37.570107051377796,126.85169994906099,942875,1952375,39.33339,2025-10-01 10:00:00
다사43005250,37.572375742890294,126.85451134180799,943125,1952625,39.325443,2025-10-01 10:00:00
다사43005275,37.574628989324204,126.85449189276699,943125,1952875,39.25552,2025-10-01 10:00:00
다사43254300,37.4867670637361,126.85807649601699,943375,1943125,41.530674,2025-10-01 10:00:00
다사43254325,37.4890203444854,126.858057214028,943375,1943375,41.628662,2025-10-01 10:00:00
다사43005150,37.563362748447204,126.85458911631399,943125,1951625,39.621758,2025-10-01 10:00:00
다사43005175,37.565615998364,126.85456967593599,943125,1951875,39.550133,2025-10-01 10:00:00
다사43005200,37.5678692474101,126.85455023339199,943125,1952125,39.476078,2025-10-01 10:00:00
다사43005225,37.5701224955856,126.854530788683,943125,1952375,39.401764,2025-10-01 10:00:00
다사43254450,37.5002867351821,126.85796077186899,943375,1944625,41.971916,2025-10-01 10:00:00
다사43254475,37.5025400107113,126.857941476994,943375,1944875,42.8317,2025-10-01 10:00:00
다사43254500,37.504793285370496,126.85792217996901,943375,1945125,42.824085,2025-10-01 10:00:00
다사43254525,37.507046559159605,126.85790288079599,943375,1945375,42.787537,2025-10-01 10:00:00
다사43254350,37.4912736243647,126.858037929891,943375,1943625,41.718094,2025-10-01 10:00:00
다사43254375,37.4935269033741,126.85801864360799,943375,1943875,41.80389,2025-10-01 10:00:00
다사43254400,37.4957801815134,126.85799935517599,943375,1944125,41.8757,2025-10-01 10:00:00
다사43254425,37.4980334587828,126.857980064597,943375,1944375,41.92798,2025-10-01 10:00:00
다사43004850,37.5363236815398,126.854822232064,943125,1948625,41.835926,2025-10-01 10:00:00
다사43004875,37.538576941903294,126.854802817648,943125,1948875,41.807537,2025-10-01 10:00:00
다사43004900,37.5408302013963,126.85478340107001,943125,1949125,40.915142,2025-10-01 10:00:00
다사43004925,37.5430834600188,126.85476398233,943125,1949375,40.863136,2025-10-01 10:00:00
다사43004750,37.527310631382,126.85489986811199,943125,1947625,41.093586,2025-10-01 10:00:00
다사43004775,37.529563895227,126.854880462342,943125,1947875,41.032677,2025-10-01 10:00:00
다사43004800,37.531817158201704,126.85486105441099,943125,1948125,41.0123,2025-10-01 10:00:00
다사43004825,37.534070420306,126.85484164431801,943125,1948375,40.99635,2025-10-01 10:00:00
다사43005050,37.554349740073704,126.854666856182,943125,1950625,39.936493,2025-10-01 10:00:00
다사43005075,37.556602993473,126.85464742446199,943125,1950875,39.85511,2025-10-01 10:00:00
다사43005100,37.5588562460017,126.85462799057699,943125,1951125,39.777355,2025-10-01 10:00:00
다사43005125,37.5611094976598,126.85460855452801,943125,1951375,39.701084,2025-10-01 10:00:00
다사43004950,37.545336717770795,126.85474456142599,943125,1949625,40.80944,2025-10-01 10:00:00
다사43004975,37.547589974652404,126.85472513836001,943125,1949875,40.75285,2025-10-01 10:00:00
다사43005000,37.54984323066329,126.85470571313101,943125,1950125,40.430046,2025-10-01 10:00:00
다사43005025,37.552096485803794,126.854686285738,943125,1950375,40.349762,2025-10-01 10:00:00
다사42504925,37.5430525337573,126.84910435035,942625,1949375,40.77092,2025-10-01 10:00:00
다사42504950,37.5453057890078,126.84908475912701,942625,1949625,40.70272,2025-10-01 10:00:00
다사42504975,37.5475590433876,126.84906516572201,942625,1949875,40.373104,2025-10-01 10:00:00
다사42505000,37.549812296896704,126.849045570135,942625,1950125,40.277893,2025-10-01 10:00:00
다사42504825,37.534039504049204,126.849182693427,942625,1948375,40.95759,2025-10-01 10:00:00
다사42504850,37.536292762782104,126.849163110929,942625,1948625,40.910053,2025-10-01 10:00:00
다사42504875,37.5385460206444,126.84914352625,942625,1948875,40.885597,2025-10-01 10:00:00
다사42504900,37.540799277636204,126.849123939391,942625,1949125,40.830235,2025-10-01 10:00:00
다사42505125,37.561078551381705,126.84894755946002,942625,1951375,39.567978,2025-10-01 10:00:00
다사42505150,37.5633317996664,126.84892795077499,942625,1951625,39.494316,2025-10-01 10:00:00
다사42505175,37.5655850470803,126.848908339906,942625,1951875,39.416622,2025-10-01 10:00:00
다사42505200,37.5678382936234,126.848888726853,942625,1952125,39.33943,2025-10-01 10:00:00
다사42505025,37.5520655495352,126.84902597236601,942625,1950375,40.180496,2025-10-01 10:00:00
다사42505050,37.5543188013029,126.849006372414,942625,1950625,40.08671,2025-10-01 10:00:00
다사42505075,37.5565720521999,126.84898677027901,942625,1950875,39.71959,2025-10-01 10:00:00
다사42505100,37.558825302226204,126.848967165961,942625,1951125,39.640556,2025-10-01 10:00:00
다사42504525,37.507000331355904,126.849417513387,942625,1945375,42.465237,2025-10-01 10:00:00
다사42504550,37.509253600534294,126.84939795703899,942625,1945625,42.402336,2025-10-01 10:00:00
다사42504575,37.5115068688423,126.849378398514,942625,1945875,42.32593,2025-10-01 10:00:00
다사42504600,37.51376013628,126.849358837811,942625,1946125,42.23422,2025-10-01 10:00:00
다사42504425,37.4979872459391,126.84949571700399,942625,1944375,41.683174,2025-10-01 10:00:00
다사42504450,37.500240518598794,126.849476169365,942625,1944625,42.558872,2025-10-01 10:00:00
다사42504475,37.5024937903881,126.849456619549,942625,1944875,42.53875,2025-10-01 10:00:00
다사42504500,37.5047470613072,126.84943706755699,942625,1945125,42.504494,2025-10-01 10:00:00
다사42504725,37.5250264604121,126.849261001615,942625,1947375,41.383648,2025-10-01 10:00:00
다사42504750,37.5272797226272,126.849241427838,942625,1947625,41.212936,2025-10-01 10:00:00
다사42504775,37.529532983971706,126.84922185188101,942625,1947875,41.097103,2025-10-01 10:00:00
다사42504800,37.531786244445705,126.849202273744,942625,1948125,41.013462,2025-10-01 10:00:00
다사42504625,37.51601340284729,126.84933927492901,942625,1946375,42.11645,2025-10-01 10:00:00
다사42504650,37.5182666685442,126.84931970986901,942625,1946625,41.968952,2025-10-01 10:00:00
다사42504675,37.5205199333706,126.84930014263,942625,1946875,41.78397,2025-10-01 10:00:00
다사42504700,37.5227731973266,126.849280573212,942625,1947125,41.584084,2025-10-01 10:00:00
다사42754650,37.5182821517954,126.85214858864201,942875,1946625,42.096214,2025-10-01 10:00:00
다사42754675,37.5205354178745,126.852129106459,942875,1946875,41.89243,2025-10-01 10:00:00
다사42754700,37.5227886830833,126.852109622105,942875,1947125,41.6278,2025-10-01 10:00:00
다사42754725,37.525041947421705,126.852090135583,942875,1947375,41.35939,2025-10-01 10:00:00
다사42754550,37.5092690787754,126.852226495685,942875,1945625,42.521152,2025-10-01 10:00:00
다사42754575,37.5115223483359,126.852207022178,942875,1945875,42.45197,2025-10-01 10:00:00
다사42754600,37.513775617026,126.85218754650101,942875,1946125,42.36351,2025-10-01 10:00:00
다사42754625,37.5160288848459,126.852168068656,942875,1946375,42.240833,2025-10-01 10:00:00
다사42754850,37.5363082560571,126.851992670411,942875,1948625,40.931267,2025-10-01 10:00:00
다사42754875,37.5385615151727,126.85197317086399,942875,1948875,40.907494,2025-10-01 10:00:00
다사42754900,37.5408147734178,126.851953669144,942875,1949125,40.862507,2025-10-01 10:00:00
다사42754925,37.5430680307923,126.85193416525298,942875,1949375,40.81014,2025-10-01 10:00:00
다사42754750,37.527295210889704,126.852070646889,942875,1947625,41.16744,2025-10-01 10:00:00
다사42754775,37.5295484734872,126.85205115602601,942875,1947875,41.056076,2025-10-01 10:00:00
다사42754800,37.531801735214295,126.852031662992,942875,1948125,40.997234,2025-10-01 10:00:00
다사42754825,37.5340549960709,126.852012167787,942875,1948375,40.96356,2025-10-01 10:00:00
다사42754250,37.482229776173604,126.852460008722,942875,1942625,41.33131,2025-10-01 10:00:00
다사42754275,37.4844830561762,126.85244056121701,942875,1942875,41.409534,2025-10-01 10:00:00
다사42754300,37.4867363353086,126.85242111154699,942875,1943125,41.489426,2025-10-01 10:00:00
다사42754325,37.488989613571,126.85240165971099,942875,1943375,41.561665,2025-10-01 10:00:00
다사42505225,37.5700915392956,126.848869111615,942625,1952375,39.2708,2025-10-01 10:00:00
다사42505250,37.572344784097,126.848849494193,942625,1952625,39.195503,2025-10-01 10:00:00
다사42505275,37.5745980280275,126.848829874585,942625,1952875,39.142803,2025-10-01 10:00:00
다사42505300,37.576851271087,126.848810252793,942625,1953125,39.08768,2025-10-01 10:00:00
다사42754450,37.500255991831004,126.852304368036,942875,1944625,42.645367,2025-10-01 10:00:00
다사42754475,37.5025092648725,126.8522849032,942875,1944875,42.63634,2025-10-01 10:00:00
다사42754500,37.5047625370437,126.852265436196,942875,1945125,42.608974,2025-10-01 10:00:00
다사42754525,37.507015808344704,126.852245967025,942875,1945375,42.57028,2025-10-01 10:00:00
다사42754350,37.4912428909633,126.852382205709,942875,1943625,41.622654,2025-10-01 10:00:00
다사42754375,37.493496167485496,126.852362749541,942875,1943875,41.687878,2025-10-01 10:00:00
다사42754400,37.4957494431375,126.852343291206,942875,1944125,41.73535,2025-10-01 10:00:00
다사42754425,37.4980027179194,126.85232383070401,942875,1944375,41.767,2025-10-01 10:00:00
다사42254425,37.4979717062601,126.84666760548001,942375,1944375,41.599514,2025-10-01 10:00:00
다사42254450,37.5002249776622,126.846647972871,942375,1944625,42.455143,2025-10-01 10:00:00
다사42254475,37.502478248193995,126.846628338076,942375,1944875,42.434597,2025-10-01 10:00:00
다사42254500,37.5047315178554,126.846608701094,942375,1945125,42.39959,2025-10-01 10:00:00
다사42254325,37.4889586119485,126.84674611405899,942375,1943375,41.47379,2025-10-01 10:00:00
다사42254350,37.4912118868318,126.846726490192,942375,1943625,41.52508,2025-10-01 10:00:00
다사42254375,37.4934651608449,126.84670686413999,942375,1943875,41.556526,2025-10-01 10:00:00
다사42254400,37.495718433987605,126.84668723590299,942375,1944125,41.58212,2025-10-01 10:00:00
다사42254625,37.5159978531061,126.84651048338002,942375,1946375,41.998074,2025-10-01 10:00:00
다사42254650,37.5182511175448,126.846490833275,942375,1946625,41.867188,2025-10-01 10:00:00
다사42254675,37.5205043811131,126.84647118097999,942375,1946875,41.708115,2025-10-01 10:00:00
다사42254700,37.5227576438108,126.84645152649799,942375,1947125,41.54278,2025-10-01 10:00:00
다사42254525,37.5069847866464,126.846589061926,942375,1945375,42.355278,2025-10-01 10:00:00
다사42254550,37.509238054567,126.846569420571,942375,1945625,42.286827,2025-10-01 10:00:00
다사42254575,37.5114913216171,126.846549777028,942375,1945875,42.211678,2025-10-01 10:00:00
다사42254600,37.5137445877968,126.84653013129801,942375,1946125,42.118835,2025-10-01 10:00:00
다사42005125,37.561047333694404,126.843286573127,942125,1951375,39.397217,2025-10-01 10:00:00
다사42005150,37.5633005794544,126.84326679397101,942125,1951625,39.328148,2025-10-01 10:00:00
다사42005175,37.5655538243435,126.84324701261299,942125,1951875,39.262672,2025-10-01 10:00:00
다사42005200,37.5678070683616,126.84322722905199,942125,1952125,39.210464,2025-10-01 10:00:00
다사42005025,37.5520343419452,126.843365667724,942125,1950375,39.98981,2025-10-01 10:00:00
다사42005050,37.554287591188796,126.843345897378,942125,1950625,39.89535,2025-10-01 10:00:00
다사42005075,37.5565408395616,126.84332612483,942125,1950875,39.539997,2025-10-01 10:00:00
다사42005100,37.5587940870635,126.84330635008001,942125,1951125,39.465065,2025-10-01 10:00:00
다사42005325,37.579073275386705,126.84312827818701,942125,1953375,38.96284,2025-10-01 10:00:00
다사42254250,37.482198782077,126.84680497254999,942375,1942625,41.29827,2025-10-01 10:00:00
다사42254275,37.4844520595711,126.846785355237,942375,1942875,41.358994,2025-10-01 10:00:00
다사42254300,37.486705336194895,126.84676573574,942375,1943125,41.424778,2025-10-01 10:00:00
다사42005225,37.570060311508705,126.84320744328699,942125,1952375,39.15859,2025-10-01 10:00:00
다사42005250,37.5723135537847,126.84318765531799,942125,1952625,39.10901,2025-10-01 10:00:00
다사42005275,37.574566795189796,126.84316786514499,942125,1952875,39.060883,2025-10-01 10:00:00
다사42005300,37.5768200357238,126.843148072768,942125,1953125,39.01516,2025-10-01 10:00:00
다사42255225,37.570075959339206,126.84603827635401,942375,1952375,39.203953,2025-10-01 10:00:00
다사42255250,37.5723292028806,126.84601857365801,942375,1952625,39.15511,2025-10-01 10:00:00
다사42255275,37.57458244555121,126.845998868768,942375,1952875,39.103855,2025-10-01 10:00:00
다사42255300,37.5768356873507,126.845979161683,942375,1953125,39.051617,2025-10-01 10:00:00
다사42255125,37.5610629764641,126.84611706519699,942375,1951375,39.491905,2025-10-01 10:00:00
다사42255150,37.5633162234892,126.84609737127701,942375,1951625,39.40988,2025-10-01 10:00:00
다사42255175,37.5655694696435,126.846077675163,942375,1951875,39.34717,2025-10-01 10:00:00
다사42255200,37.5678227149268,126.846057976855,942375,1952125,39.274426,2025-10-01 10:00:00
다사42504325,37.4889741465982,126.849573885797,942625,1943375,41.52043,2025-10-01 10:00:00
다사42504350,37.491227422738795,126.849554346863,942625,1943625,41.579872,2025-10-01 10:00:00
다사42504375,37.4934806980091,126.849534805753,942625,1943875,41.626842,2025-10-01 10:00:00
다사42504400,37.4957339724093,126.84951526246599,942625,1944125,41.65545,2025-10-01 10:00:00
다사42255325,37.579088928279205,126.845959452403,942375,1953375,39.003098,2025-10-01 10:00:00
다사42504250,37.4822143129555,126.84963248954901,942625,1942625,41.32062,2025-10-01 10:00:00
다사42504275,37.4844675917066,126.84961295713998,942625,1942875,41.392876,2025-10-01 10:00:00
다사42504300,37.4867208695875,126.849593422556,942625,1943125,41.46219,2025-10-01 10:00:00
다사42254825,37.534023944241,126.846353221247,942375,1948375,40.95932,2025-10-01 10:00:00
다사42254850,37.5362772017152,126.846333553628,942375,1948625,40.904778,2025-10-01 10:00:00
다사42254875,37.538530458318796,126.846313883818,942375,1948875,40.86961,2025-10-01 10:00:00
다사42254900,37.540783714051706,126.846294211818,942375,1949125,40.806267,2025-10-01 10:00:00
다사42254725,37.525010905638,126.84643186982599,942375,1947375,41.374672,2025-10-01 10:00:00
다사42254750,37.5272641665947,126.846412210966,942375,1947625,41.23339,2025-10-01 10:00:00
다사42254775,37.529517426680705,126.846392549916,942375,1947875,41.119602,2025-10-01 10:00:00
다사42254800,37.5317706858962,126.846372886677,942375,1948125,41.028496,2025-10-01 10:00:00
다사42255025,37.5520499796553,126.846195818949,942375,1950375,40.091473,2025-10-01 10:00:00
다사42255050,37.554303230163704,126.84617613379999,942375,1950625,40.000214,2025-10-01 10:00:00
다사42255075,37.556556479801394,126.846156446458,942375,1950875,39.63765,2025-10-01 10:00:00
다사42255100,37.5588097285682,126.846136756924,942375,1951125,39.558765,2025-10-01 10:00:00
다사42254925,37.543036968913896,126.846274537627,942375,1949375,40.736465,2025-10-01 10:00:00
다사42254950,37.545290222905294,126.846254861245,942375,1949625,40.412537,2025-10-01 10:00:00
다사42254975,37.5475434760261,126.846235182671,942375,1949875,40.30624,2025-10-01 10:00:00
다사42255000,37.5497967282761,126.84621550190599,942375,1950125,40.187237,2025-10-01 10:00:00
다사41755125,37.56103162307271,126.84045608325899,941875,1951375,39.313164,2025-10-01 10:00:00
다사41755150,37.5632848675622,126.840436218869,941875,1951625,39.245335,2025-10-01 10:00:00
다사41755175,37.5655381111806,126.840416352267,941875,1951875,39.19836,2025-10-01 10:00:00
다사41755200,37.5677913539279,126.840396483451,941875,1952125,39.154434,2025-10-01 10:00:00
다사41755025,37.552018636405,126.840535518701,941875,1950375,39.85128,2025-10-01 10:00:00
다사41755050,37.5542718843784,126.840515663158,941875,1950625,39.763184,2025-10-01 10:00:00
다사41755075,37.5565251314808,126.84049580540399,941875,1950875,39.699413,2025-10-01 10:00:00
다사41755100,37.5587783777123,126.840475945438,941875,1951125,39.37127,2025-10-01 10:00:00
다사41755325,37.5790575545983,126.840297106176,941875,1953375,38.928722,2025-10-01 10:00:00
다사41755350,37.581310792119005,126.840277224079,941875,1953625,38.887585,2025-10-01 10:00:00
다사42004175,37.4754233496219,126.844036551223,942125,1941875,41.096363,2025-10-01 10:00:00
다사42004200,37.4776766284643,126.844016855587,942125,1942125,41.15685,2025-10-01 10:00:00
다사41755225,37.570044595804205,126.840376612423,941875,1952375,39.10766,2025-10-01 10:00:00
다사41755250,37.5722978368094,126.840356739182,941875,1952625,39.05717,2025-10-01 10:00:00
다사41755275,37.5745510769435,126.840336863727,941875,1952875,39.009335,2025-10-01 10:00:00
다사41755300,37.5768043162065,126.840316986058,941875,1953125,38.96476,2025-10-01 10:00:00
다사41754725,37.5249795927968,126.840773612826,941875,1947375,41.328995,2025-10-01 10:00:00
다사41754750,37.527232851220205,126.840753783799,941875,1947625,41.21482,2025-10-01 10:00:00
다사41754775,37.5294861087728,126.840733952564,941875,1947875,41.121716,2025-10-01 10:00:00
다사41754800,37.531739365454705,126.84071411912,941875,1948125,41.037586,2025-10-01 10:00:00
다사41754625,37.5159665503964,126.840852906856,941875,1946375,41.805737,2025-10-01 10:00:00
다사41754650,37.5182198123025,126.84083308666,941875,1946625,41.692543,2025-10-01 10:00:00
다사41754675,37.520473073337996,126.840813264256,941875,1946875,41.57573,2025-10-01 10:00:00
다사41754700,37.5227263335027,126.840793439645,941875,1947125,41.452557,2025-10-01 10:00:00
다사41754925,37.543005635802395,126.840614918765,941875,1949375,40.459328,2025-10-01 10:00:00
다사41754950,37.5452588872594,126.84059507206499,941875,1949625,40.292377,2025-10-01 10:00:00
다사41754975,37.5475121378455,126.84057522315399,941875,1949875,40.11309,2025-10-01 10:00:00
다사41755000,37.549765387560704,126.84055537203301,941875,1950125,39.95916,2025-10-01 10:00:00
다사41754825,37.533992621265895,126.840694283468,941875,1948375,40.959293,2025-10-01 10:00:00
다사41754850,37.5362458762062,126.840674445607,941875,1948625,40.902214,2025-10-01 10:00:00
다사41754875,37.5384991302757,126.840654605536,941875,1948875,40.838036,2025-10-01 10:00:00
다사41754900,37.5407523834745,126.84063476325501,941875,1949125,40.786026,2025-10-01 10:00:00
다사42004725,37.5249952830995,126.843602740227,942125,1947375,41.360695,2025-10-01 10:00:00
다사42004750,37.52724854279229,126.843582996283,942125,1947625,41.236225,2025-10-01 10:00:00
다사42004775,37.5295018016144,126.84356325014099,942125,1947875,41.12923,2025-10-01 10:00:00
다사42004800,37.531755059565796,126.84354350179899,942125,1948125,41.03624,2025-10-01 10:00:00
다사42004625,37.515982235622396,126.84368169402,942125,1946375,41.89889,2025-10-01 10:00:00
다사42004650,37.5182354987976,126.84366195886801,942125,1946625,41.775024,2025-10-01 10:00:00
다사42004675,37.52048876110221,126.84364222151899,942125,1946875,41.63517,2025-10-01 10:00:00
다사42004700,37.5227420225362,126.843622481972,942125,1947125,41.49646,2025-10-01 10:00:00
다사42004925,37.5430213362621,126.843444727096,942125,1949375,40.70434,2025-10-01 10:00:00
다사42004950,37.5452745889891,126.843424965555,942125,1949625,40.357433,2025-10-01 10:00:00
다사42004975,37.5475278408453,126.843405201812,942125,1949875,40.215202,2025-10-01 10:00:00
다사42005000,37.5497810918307,126.84338543586901,942125,1950125,40.098793,2025-10-01 10:00:00
다사42004825,37.5340083166465,126.84352375125799,942125,1948375,40.96635,2025-10-01 10:00:00
다사42004850,37.536261572856496,126.843503998517,942125,1948625,40.90303,2025-10-01 10:00:00
다사42004875,37.538514828195794,126.84348424357701,942125,1948875,40.85124,2025-10-01 10:00:00
다사42004900,37.5407680826644,126.843464486437,942125,1949125,40.796875,2025-10-01 10:00:00
다사42004325,37.488943009622105,126.843918344505,942125,1943375,41.421406,2025-10-01 10:00:00
다사42004350,37.4911962832427,126.84389863570699,942125,1943625,41.45827,2025-10-01 10:00:00
다사42004375,37.493449555992996,126.843878924713,942125,1943875,41.488827,2025-10-01 10:00:00
다사42004400,37.4957028278729,126.843859211525,942125,1944125,41.509933,2025-10-01 10:00:00
다사42004225,37.4799299064364,126.84399715775801,942125,1942375,41.217953,2025-10-01 10:00:00
다사42004250,37.482183183538204,126.84397745773501,942125,1942625,41.277626,2025-10-01 10:00:00
다사42004275,37.484436459769796,126.84395775551901,942125,1942875,41.330032,2025-10-01 10:00:00
다사42004300,37.4866897351311,126.843938051109,942125,1943125,41.3764,2025-10-01 10:00:00
다사42004525,37.5069691742163,126.84376061265301,942125,1945375,42.246437,2025-10-01 10:00:00
다사42004550,37.50922244087361,126.84374088628999,942125,1945625,42.179043,2025-10-01 10:00:00
다사42004575,37.5114757066604,126.84372115773,942125,1945875,42.10654,2025-10-01 10:00:00
다사42004600,37.513728971576704,126.843701426973,942125,1946125,42.007164,2025-10-01 10:00:00
다사42004425,37.4979560988824,126.84383949614201,942125,1944375,41.52359,2025-10-01 10:00:00
다사42004450,37.500209369021604,126.843819778564,942125,1944625,42.36701,2025-10-01 10:00:00
다사42004475,37.5024626382903,126.843800058789,942125,1944875,42.339134,2025-10-01 10:00:00
다사42004500,37.5047159066885,126.843780336819,942125,1945125,42.297626,2025-10-01 10:00:00
다사41504750,37.5272170918786,126.83792457352399,941625,1947625,41.195477,2025-10-01 10:00:00
다사41504775,37.529470348156295,126.837904657196,941625,1947875,41.097958,2025-10-01 10:00:00
다사41504800,37.5317236035632,126.83788473865101,941625,1948125,41.013103,2025-10-01 10:00:00
다사41504825,37.5339768580992,126.837864817887,941625,1948375,40.946716,2025-10-01 10:00:00
다사41504650,37.518204058059794,126.83800421665899,941625,1946625,41.62361,2025-10-01 10:00:00
다사41504675,37.5204573178207,126.83798430920099,941625,1946875,41.510002,2025-10-01 10:00:00
다사41504700,37.5227105767107,126.837964399526,941625,1947125,41.399727,2025-10-01 10:00:00
다사41504725,37.52496383473,126.837944487633,941625,1947375,41.294243,2025-10-01 10:00:00
다사41504950,37.545243117716204,126.837765180786,941625,1949625,40.20692,2025-10-01 10:00:00
다사41504975,37.547496367026795,126.837745246707,941625,1949875,39.907536,2025-10-01 10:00:00
다사41505000,37.549749615466396,126.837725310408,941625,1950125,39.7509,2025-10-01 10:00:00
다사41505025,37.552002863035,126.837705371889,941625,1950375,39.669678,2025-10-01 10:00:00
다사41504850,37.5362301117644,126.83784489490499,941625,1948625,40.880566,2025-10-01 10:00:00
다사41504875,37.5384833645587,126.837824969704,941625,1948875,40.82507,2025-10-01 10:00:00
다사41504900,37.5407366164821,126.83780504228399,941625,1949125,40.554844,2025-10-01 10:00:00
다사41504925,37.5429898675346,126.837785112645,941625,1949375,40.456696,2025-10-01 10:00:00
다사41504350,37.4911648730184,126.83824293332898,941625,1943625,41.341755,2025-10-01 10:00:00
다사41504375,37.4934181432268,126.838223052454,941625,1943875,41.363064,2025-10-01 10:00:00
다사41504400,37.495671412564604,126.838203169365,941625,1944125,41.369007,2025-10-01 10:00:00
다사41504425,37.4979246810319,126.838183284062,941625,1944375,42.210415,2025-10-01 10:00:00
다사41504250,37.4821517834803,126.83832243469601,941625,1942625,41.210964,2025-10-01 10:00:00
다사41504275,37.4844050571705,126.838302562674,941625,1942875,41.248875,2025-10-01 10:00:00
다사41504300,37.4866583299903,126.83828268843901,941625,1943125,41.289284,2025-10-01 10:00:00
다사41504325,37.4889116019396,126.83826281198999,941625,1943375,41.321358,2025-10-01 10:00:00
다사41504550,37.5091910103094,126.83808382432699,941625,1945625,41.984283,2025-10-01 10:00:00
다사41504575,37.511444273552996,126.838063925734,941625,1945875,41.905415,2025-10-01 10:00:00
다사41504600,37.513697535926,126.838044024925,941625,1946125,41.82008,2025-10-01 10:00:00
다사41504625,37.515950797428296,126.8380241219,941625,1946375,41.72495,2025-10-01 10:00:00
다사41504450,37.500177948628604,126.83816339654499,941625,1944625,42.184563,2025-10-01 10:00:00
다사41504475,37.502431215354704,126.838143506813,941625,1944875,42.153526,2025-10-01 10:00:00
다사41504500,37.504684481210205,126.838123614866,941625,1945125,42.107018,2025-10-01 10:00:00
다사41504525,37.5069377461951,126.838103720704,941625,1945375,42.054672,2025-10-01 10:00:00
다사41754325,37.488927339619,126.84109057714599,941875,1943375,41.370983,2025-10-01 10:00:00
다사41754350,37.4911806119715,126.841070783416,941875,1943625,41.400837,2025-10-01 10:00:00
다사41754375,37.493433883453605,126.841050987481,941875,1943875,41.4249,2025-10-01 10:00:00
다사41754400,37.4956871540652,126.841031189343,941875,1944125,41.441902,2025-10-01 10:00:00
다사41754225,37.4799142415053,126.84116973003,941875,1942375,41.197567,2025-10-01 10:00:00
다사41754250,37.4821675173392,126.841149945114,941875,1942625,41.25044,2025-10-01 10:00:00
다사41754275,37.4844207923029,126.841130157995,941875,1942875,41.29382,2025-10-01 10:00:00
다사41754300,37.486674066396205,126.841110368672,941875,1943125,41.33717,2025-10-01 10:00:00
다사41754525,37.5069534940658,126.84093216557501,941875,1945375,42.1443,2025-10-01 10:00:00
다사41754550,37.5092067594544,126.840912354205,941875,1945625,42.08028,2025-10-01 10:00:00
다사41754575,37.5114600239723,126.840892540629,941875,1945875,41.99731,2025-10-01 10:00:00
다사41754600,37.51371328761971,126.840872724846,941875,1946125,41.915485,2025-10-01 10:00:00
다사41754425,37.4979404238063,126.841011389,941875,1944375,42.294426,2025-10-01 10:00:00
다사41754450,37.500193692677,126.840991586452,941875,1944625,42.276543,2025-10-01 10:00:00
다사41754475,37.5024469606771,126.840971781698,941875,1944875,42.24378,2025-10-01 10:00:00
다사41754500,37.5047002278067,126.84095197474,941875,1945125,42.204807,2025-10-01 10:00:00
다사41505150,37.5632690878126,126.83760564597999,941625,1951625,39.194168,2025-10-01 10:00:00
다사41505175,37.5655223301549,126.837585694133,941625,1951875,39.15119,2025-10-01 10:00:00
다사41505200,37.567775571626,126.837565740064,941625,1952125,39.10064,2025-10-01 10:00:00
다사41505225,37.570028812226,126.83754578377301,941625,1952375,39.051605,2025-10-01 10:00:00
다사41505050,37.5542561097326,126.83768543114999,941625,1950625,39.61511,2025-10-01 10:00:00
다사41505075,37.5565093555592,126.83766548818899,941625,1950875,39.56738,2025-10-01 10:00:00
다사41505100,37.5587626005148,126.83764554300699,941625,1951125,39.27445,2025-10-01 10:00:00
다사41505125,37.561015844599204,126.837625595604,941625,1951375,39.23794,2025-10-01 10:00:00
다사41505350,37.5812950021582,126.83744596897101,941625,1953625,38.865887,2025-10-01 10:00:00
다사41505375,37.5835482375309,126.83742599933998,941625,1953875,38.838104,2025-10-01 10:00:00
다사41754175,37.475407687226294,126.841209293255,941875,1941875,41.09109,2025-10-01 10:00:00
다사41754200,37.477660964801004,126.84118951274401,941875,1942125,41.146324,2025-10-01 10:00:00
다사41505250,37.5722820519548,126.837525825259,941625,1952625,39.007847,2025-10-01 10:00:00
다사41505275,37.5745352908125,126.837505864522,941625,1952875,38.972694,2025-10-01 10:00:00
다사41505300,37.576788528799,126.837485901562,941625,1953125,38.933327,2025-10-01 10:00:00
다사41505325,37.579041765914205,126.837465936378,941625,1953375,38.90037,2025-10-01 10:00:00
다사41254400,37.4956556033713,126.83537515160101,941375,1944125,41.303932,2025-10-01 10:00:00
다사41254425,37.4979088705593,126.835355181339,941375,1944375,42.130165,2025-10-01 10:00:00
다사41254450,37.500162136876504,126.835335208853,941375,1944625,42.096992,2025-10-01 10:00:00
다사41254475,37.5024154023232,126.835315234142,941375,1944875,42.057446,2025-10-01 10:00:00
다사41254300,37.4866425259137,126.835455010418,941375,1943125,41.24388,2025-10-01 10:00:00
다사41254325,37.488895796584,126.835435049048,941375,1943375,41.265663,2025-10-01 10:00:00
다사41254350,37.491149066383706,126.835415085456,941375,1943625,41.28797,2025-10-01 10:00:00
다사41254375,37.493402335312794,126.83539511963998,941375,1943875,41.294106,2025-10-01 10:00:00
다사41254600,37.513681716495796,126.835215327221,941375,1946125,41.73205,2025-10-01 10:00:00
다사41254625,37.5159349767181,126.83519533916001,941375,1946375,41.643208,2025-10-01 10:00:00
다사41254650,37.518188236069705,126.835175348874,941375,1946625,41.544933,2025-10-01 10:00:00
다사41254675,37.5204414945504,126.835155356362,941375,1946875,41.44576,2025-10-01 10:00:00
다사41254500,37.5046686668991,126.835295257208,941375,1945125,42.01653,2025-10-01 10:00:00
다사41254525,37.5069219306044,126.835275278048,941375,1945375,41.95492,2025-10-01 10:00:00
다사41254550,37.5091751934389,126.83525529666402,941375,1945625,41.886597,2025-10-01 10:00:00
다사41254575,37.5114284554028,126.835235313055,941375,1945875,41.812363,2025-10-01 10:00:00
다사41005275,37.5745035148969,126.83184387279199,941125,1952875,38.899292,2025-10-01 10:00:00
다사41005300,37.5767567503139,126.831823739249,941125,1953125,38.86699,2025-10-01 10:00:00
다사41005325,37.5790099848594,126.831803603465,941125,1953375,38.843033,2025-10-01 10:00:00
다사41005350,37.5812632185336,126.831783465437,941125,1953625,38.813934,2025-10-01 10:00:00
다사41005175,37.5654905645158,126.831924384541,941125,1951875,39.045654,2025-10-01 10:00:00
다사41005200,37.567743803418004,126.831904259966,941125,1952125,39.00208,2025-10-01 10:00:00
다사41005225,37.569997041449,126.83188413315001,941125,1952375,38.967403,2025-10-01 10:00:00
다사41005250,37.57225027860861,126.83186400409201,941125,1952625,38.92768,2025-10-01 10:00:00
다사41254200,37.4776294345275,126.835534833675,941375,1942125,41.097286,2025-10-01 10:00:00
다사41254225,37.479882708679796,126.835514881194,941375,1942375,41.137512,2025-10-01 10:00:00
다사41254250,37.482135981961605,126.835494926491,941375,1942625,41.17622,2025-10-01 10:00:00
다사41254275,37.4843892543729,126.83547496956601,941375,1942875,41.208317,2025-10-01 10:00:00
다사41005375,37.5835164513364,126.831763325167,941125,1953875,38.78884,2025-10-01 10:00:00
다사41005400,37.5857696832678,126.83174318265301,941125,1954125,38.76204,2025-10-01 10:00:00
다사41005425,37.5880229143277,126.83172303789499,941125,1954375,38.735874,2025-10-01 10:00:00
다사41254175,37.475376159504705,126.835554783935,941375,1941875,41.05435,2025-10-01 10:00:00
다사41255200,37.567759721456,126.83473499889901,941375,1952125,39.043545,2025-10-01 10:00:00
다사41255225,37.5700129607742,126.83471495734501,941375,1952375,39.004757,2025-10-01 10:00:00
다사41255250,37.572266199221204,126.834694913559,941375,1952625,38.972862,2025-10-01 10:00:00
다사41255275,37.5745194367969,126.83467486754,941375,1952875,38.935905,2025-10-01 10:00:00
다사41255100,37.5587467554711,126.834815142799,941375,1951125,39.204826,2025-10-01 10:00:00
다사41255125,37.5609999982741,126.83479511017099,941375,1951375,39.177685,2025-10-01 10:00:00
다사41255150,37.563253240205896,126.83477507531201,941375,1951625,39.141556,2025-10-01 10:00:00
다사41255175,37.565506481266496,126.83475503822099,941375,1951875,39.093853,2025-10-01 10:00:00
다사41255400,37.585785611606,126.834574603951,941375,1954125,38.782043,2025-10-01 10:00:00
다사41504175,37.475391957187206,126.838382037489,941625,1941875,41.07961,2025-10-01 10:00:00
다사41504200,37.4776452334886,126.838362172104,941625,1942125,41.121815,2025-10-01 10:00:00
다사41504225,37.4798985089197,126.838342304506,941625,1942375,41.166924,2025-10-01 10:00:00
다사41255300,37.576772673501395,126.834654819289,941375,1953125,38.899467,2025-10-01 10:00:00
다사41255325,37.579025909334504,126.834634768805,941375,1953375,38.873734,2025-10-01 10:00:00
다사41255350,37.581279144296396,126.834614716087,941375,1953625,38.84825,2025-10-01 10:00:00
다사41255375,37.5835323783869,126.834594661136,941375,1953875,38.80902,2025-10-01 10:00:00
다사41254800,37.5317077738912,126.835055360399,941375,1948125,40.973217,2025-10-01 10:00:00
다사41254825,37.5339610271467,126.83503535452499,941375,1948375,40.898724,2025-10-01 10:00:00
다사41254850,37.5362142795313,126.83501534642201,941375,1948625,40.831635,2025-10-01 10:00:00
다사41254875,37.5384675310449,126.834995336091,941375,1948875,40.770687,2025-10-01 10:00:00
다사41254700,37.5226947521603,126.835135361623,941375,1947125,41.344185,2025-10-01 10:00:00
다사41254725,37.5249480088993,126.835115364658,941375,1947375,41.24481,2025-10-01 10:00:00
다사41254750,37.5272012647675,126.835095365466,941375,1947625,41.150234,2025-10-01 10:00:00
다사41254775,37.5294545197648,126.835075364046,941375,1947875,41.063168,2025-10-01 10:00:00
다사41255000,37.54973377554779,126.83489525100401,941375,1950125,39.497677,2025-10-01 10:00:00
다사41255025,37.5519870218353,126.834875227298,941375,1950375,39.487076,2025-10-01 10:00:00
다사41255050,37.5542402672517,126.834855201362,941375,1950625,39.478058,2025-10-01 10:00:00
다사41255075,37.556493511797,126.834835173196,941375,1950875,39.459118,2025-10-01 10:00:00
다사41254900,37.5407207816875,126.834975323532,941375,1949125,40.49302,2025-10-01 10:00:00
다사41254925,37.5429740314591,126.83495530874399,941375,1949375,40.413857,2025-10-01 10:00:00
다사41254950,37.545227280359704,126.834935291726,941375,1949625,39.482773,2025-10-01 10:00:00
다사41254975,37.54748052838929,126.83491527248002,941375,1949875,39.50406,2025-10-01 10:00:00
다사40755350,37.581247224870204,126.82895221703001,940875,1953625,38.785824,2025-10-01 10:00:00
다사40755375,37.583500456379795,126.82893199143999,940875,1953875,38.76328,2025-10-01 10:00:00
다사40755400,37.5857536870178,126.828911763598,940875,1954125,38.738445,2025-10-01 10:00:00
다사40755425,37.588006916784394,126.828891533502,940875,1954375,38.718853,2025-10-01 10:00:00
다사40755250,37.572234290117294,126.829033096866,940875,1952625,38.874268,2025-10-01 10:00:00
다사40755275,37.57448752511271,126.82901288028499,940875,1952875,38.85573,2025-10-01 10:00:00
다사40755300,37.5767407592366,126.828992661452,940875,1953125,38.82845,2025-10-01 10:00:00
다사40755325,37.5789939924892,126.828972440367,940875,1953375,38.80374,2025-10-01 10:00:00
다사41004275,37.4843733839101,126.83264737868,941125,1942875,41.16994,2025-10-01 10:00:00
다사41004300,37.4866266541665,126.83262733462,941125,1943125,41.191257,2025-10-01 10:00:00
다사41004325,37.488879923552204,126.83260728832899,941125,1943375,41.21624,2025-10-01 10:00:00
다사41004350,37.4911331920673,126.832587239806,941125,1943625,41.221973,2025-10-01 10:00:00
다사41004175,37.4753602941789,126.832727532603,941125,1941875,41.0292,2025-10-01 10:00:00
다사41004200,37.4776135679176,126.832707497469,941125,1942125,41.070385,2025-10-01 10:00:00
다사41004225,37.479866840785704,126.83268746010401,941125,1942375,41.107586,2025-10-01 10:00:00
다사41004250,37.4821201127832,126.832667420507,941125,1942625,41.143623,2025-10-01 10:00:00
다사40754950,37.545195402207796,126.829275520305,940875,1949625,39.71817,2025-10-01 10:00:00
다사40754975,37.5474486476589,126.829255330724,940875,1949875,39.5345,2025-10-01 10:00:00
다사40755000,37.5497018922388,126.829235138894,940875,1950125,39.440125,2025-10-01 10:00:00
다사40755025,37.5519551359474,126.829214944815,940875,1950375,39.389404,2025-10-01 10:00:00
다사40754850,37.536182411691705,126.829356256151,940875,1948625,40.63618,2025-10-01 10:00:00
다사40754875,37.5384356606275,126.829336075561,940875,1948875,40.514103,2025-10-01 10:00:00
다사40754900,37.540688908692005,126.829315892723,940875,1949125,40.174767,2025-10-01 10:00:00
다사40754925,37.5429421558855,126.829295707638,940875,1949375,39.97065,2025-10-01 10:00:00
다사40755150,37.5632213414217,126.82911394068,940875,1951625,39.05673,2025-10-01 10:00:00
다사40755175,37.5654745799027,126.82909373310301,940875,1951875,38.99286,2025-10-01 10:00:00
다사40755200,37.5677278175122,126.829073523275,940875,1952125,38.94113,2025-10-01 10:00:00
다사40755225,37.5699810542505,126.829053311196,940875,1952375,38.907898,2025-10-01 10:00:00
다사40755050,37.55420837878479,126.829194748487,940875,1950625,39.36995,2025-10-01 10:00:00
다사40755075,37.556461620751,126.82917454991001,940875,1950875,39.357353,2025-10-01 10:00:00
다사40755100,37.5587148618459,126.829154349083,940875,1951125,39.349277,2025-10-01 10:00:00
다사40755125,37.5609681020695,126.829134146006,940875,1951375,39.10951,2025-10-01 10:00:00
다사41004875,37.538451629734396,126.832165704707,941125,1948875,40.654217,2025-10-01 10:00:00
다사41004900,37.5407048790908,126.832145607008,941125,1949125,40.32402,2025-10-01 10:00:00
다사41004925,37.542958127576,126.83212550707199,941125,1949375,40.112793,2025-10-01 10:00:00
다사41004950,37.5452113751902,126.832105404896,941125,1949625,39.70462,2025-10-01 10:00:00
다사41004775,37.52943862359871,126.83224607312401,941125,1947875,41.002506,2025-10-01 10:00:00
다사41004800,37.5316918764391,126.832225984376,941125,1948125,40.91632,2025-10-01 10:00:00
다사41004825,37.533945128408604,126.83220589338998,941125,1948375,40.8314,2025-10-01 10:00:00
다사41004850,37.536198379507,126.832185800168,941125,1948625,40.744534,2025-10-01 10:00:00
다사41005075,37.5564776001941,126.832004860433,941125,1950875,39.397053,2025-10-01 10:00:00
다사41005100,37.5587308425814,126.831984744821,941125,1951125,39.38762,2025-10-01 10:00:00
다사41005125,37.5609840840974,126.831964626968,941125,1951375,39.138042,2025-10-01 10:00:00
다사41005150,37.563237324742204,126.831944506875,941125,1951625,39.0966,2025-10-01 10:00:00
다사41004975,37.5474646219333,126.832085300482,941125,1949875,39.473286,2025-10-01 10:00:00
다사41005000,37.54971786780521,126.832065193829,941125,1950125,39.422096,2025-10-01 10:00:00
다사41005025,37.5519711128061,126.832045084937,941125,1950375,39.410057,2025-10-01 10:00:00
다사41005050,37.5542243569357,126.832024973804,941125,1950625,39.403893,2025-10-01 10:00:00
다사41004475,37.5023995215827,126.832486963696,941125,1944875,41.97583,2025-10-01 10:00:00
다사41004500,37.5046527848736,126.83246690177401,941125,1945125,41.922028,2025-10-01 10:00:00
다사41004525,37.506906047293704,126.832446837617,941125,1945375,41.86038,2025-10-01 10:00:00
다사41004550,37.5091593088431,126.83242677122699,941125,1945625,41.799644,2025-10-01 10:00:00
다사41004375,37.49338645971179,126.83256718905001,941125,1943875,41.229473,2025-10-01 10:00:00
다사41004400,37.4956397264856,126.832547136061,941125,1944125,41.233425,2025-10-01 10:00:00
다사41004425,37.4978929923887,126.832527080839,941125,1944375,42.051556,2025-10-01 10:00:00
다사41004450,37.500146257421,126.832507023384,941125,1944625,42.015232,2025-10-01 10:00:00
다사41004675,37.5204256035274,126.83232640575001,941125,1946875,41.37168,2025-10-01 10:00:00
다사41004700,37.5226788598516,126.83230632594801,941125,1947125,41.277336,2025-10-01 10:00:00
다사41004725,37.5249321153049,126.83228624391,941125,1947375,41.18291,2025-10-01 10:00:00
다사41004750,37.52718536988729,126.832266159635,941125,1947625,41.09194,2025-10-01 10:00:00
다사41004575,37.5114125695216,126.832406702602,941125,1945875,41.720715,2025-10-01 10:00:00
다사41004600,37.5136658293293,126.832386631742,941125,1946125,41.644157,2025-10-01 10:00:00
다사41004625,37.5159190882662,126.83236655864599,941125,1946375,41.56092,2025-10-01 10:00:00
다사41004650,37.5181723463322,126.832346483316,941125,1946625,41.469765,2025-10-01 10:00:00
다사40505025,37.551939091259605,126.826384806942,940625,1950375,39.390587,2025-10-01 10:00:00
다사40505050,37.554192332799296,126.82636452541901,940625,1950625,39.355522,2025-10-01 10:00:00
다사40505075,37.556445573467705,126.826344241637,940625,1950875,39.321472,2025-10-01 10:00:00
다사40505100,37.558698813264705,126.826323955595,940625,1951125,39.302155,2025-10-01 10:00:00
다사40504925,37.542926116387704,126.826465910453,940625,1949375,39.883484,2025-10-01 10:00:00
다사40504950,37.5451793614126,126.826445637962,940625,1949625,39.694267,2025-10-01 10:00:00
다사40504975,37.5474326055662,126.826425363213,940625,1949875,39.55884,2025-10-01 10:00:00
다사40505000,37.5496858488485,126.826405086207,940625,1950125,39.45348,2025-10-01 10:00:00
다사40505225,37.569964999178794,126.82622249149401,940625,1952375,38.82771,2025-10-01 10:00:00
다사40505250,37.57221823374729,126.826202191892,940625,1952625,38.823128,2025-10-01 10:00:00
다사40505275,37.5744714674443,126.82618189003,940625,1952875,38.801746,2025-10-01 10:00:00
다사40505300,37.5767247002698,126.826161585907,940625,1953125,38.786755,2025-10-01 10:00:00
다사40505125,37.5609520521904,126.826303667295,940625,1951375,39.062107,2025-10-01 10:00:00
다사40505150,37.5632052902446,126.826283376735,940625,1951625,38.94577,2025-10-01 10:00:00
다사40505175,37.5654585274275,126.82626308391501,940625,1951875,38.865627,2025-10-01 10:00:00
다사40505200,37.5677117637389,126.826242788834,940625,1952125,38.84281,2025-10-01 10:00:00
다사40504625,37.515887108137605,126.82670900433399,940625,1946375,41.3928,2025-10-01 10:00:00
다사40504650,37.5181403636161,126.82668875891599,940625,1946625,41.30804,2025-10-01 10:00:00
다사40504675,37.5203936182236,126.826668511243,940625,1946875,41.218834,2025-10-01 10:00:00
다사40504700,37.5226468719601,126.826648261315,940625,1947125,41.129562,2025-10-01 10:00:00
다사40504525,37.5068740775134,126.826789963468,940625,1945375,41.680008,2025-10-01 10:00:00
다사40504550,37.5091273364759,126.82676972706498,940625,1945625,41.61719,2025-10-01 10:00:00
다사40504575,37.5113805945674,126.826749488408,940625,1945875,41.55006,2025-10-01 10:00:00
다사40504600,37.513633851788,126.826729247498,940625,1946125,41.47479,2025-10-01 10:00:00
다사40504825,37.5339131275759,126.826546977844,940625,1948375,40.638298,2025-10-01 10:00:00
다사40504850,37.5361663760856,126.826526714381,940625,1948625,40.524483,2025-10-01 10:00:00
다사40504875,37.5384196237242,126.826506448662,940625,1948875,40.39476,2025-10-01 10:00:00
다사40504900,37.5406728704916,126.826486180686,940625,1949125,40.255367,2025-10-01 10:00:00
다사40504725,37.5249001248255,126.82662800913201,940625,1947375,41.033497,2025-10-01 10:00:00
다사40504750,37.5271533768198,126.82660775469299,940625,1947625,40.94242,2025-10-01 10:00:00
다사40504775,37.5294066279429,126.826587497999,940625,1947875,40.839127,2025-10-01 10:00:00
다사40504800,37.531659878195,126.82656723905001,940625,1948125,40.746567,2025-10-01 10:00:00
다사40754550,37.509143356522,126.82959824802401,940875,1945625,41.709644,2025-10-01 10:00:00
다사40754575,37.511396615909796,126.829578094383,940875,1945875,41.6321,2025-10-01 10:00:00
다사40754600,37.513649874426704,126.829557938498,940875,1946125,41.558666,2025-10-01 10:00:00
다사40754625,37.5159031320726,126.829537780368,940875,1946375,41.47668,2025-10-01 10:00:00
다사40754450,37.5001303102623,126.82967884015,940875,1944625,41.928104,2025-10-01 10:00:00
다사40754475,37.5023835731335,126.829658695483,940875,1944875,41.888653,2025-10-01 10:00:00
다사40754500,37.504636835133795,126.82963854857401,940875,1945125,41.831936,2025-10-01 10:00:00
다사40754525,37.5068900962633,126.82961839942101,940875,1945375,41.7771,2025-10-01 10:00:00
다사40754750,37.527169407238,126.829436956041,940875,1947625,41.022026,2025-10-01 10:00:00
다사40754775,37.529422659657996,126.82941678443899,940875,1947875,40.92435,2025-10-01 10:00:00
다사40754800,37.531675911206996,126.82939661058901,940875,1948125,40.83355,2025-10-01 10:00:00
다사40754825,37.5339291618849,126.829376434494,940875,1948375,40.742237,2025-10-01 10:00:00
다사40754650,37.51815638884771,126.829517619993,940875,1946625,41.388824,2025-10-01 10:00:00
다사40754675,37.5204096447517,126.829497457374,940875,1946875,41.30006,2025-10-01 10:00:00
다사40754700,37.5226628997848,126.82947729250799,940875,1947125,41.21123,2025-10-01 10:00:00
다사40754725,37.5249161539469,126.82945712539801,940875,1947375,41.112827,2025-10-01 10:00:00
다사40505425,37.587990851324,126.826060031362,940625,1954375,38.69646,2025-10-01 10:00:00
다사40505450,37.5902440789201,126.826039713666,940625,1954625,38.676437,2025-10-01 10:00:00
다사40754200,37.4775976336591,126.829880163493,940875,1942125,41.036736,2025-10-01 10:00:00
다사40754225,37.4798509052375,126.82986004124399,940875,1942375,41.06994,2025-10-01 10:00:00
다사40505325,37.57897793222379,126.826141279522,940625,1953375,38.769924,2025-10-01 10:00:00
다사40505350,37.5812311633062,126.826120970875,940625,1953625,38.759598,2025-10-01 10:00:00
다사40505375,37.583484393517104,126.82610065996599,940625,1953875,38.733585,2025-10-01 10:00:00
다사40505400,37.5857376228564,126.82608034679501,940625,1954125,38.713894,2025-10-01 10:00:00
다사40754350,37.49111725006961,126.829759396388,940875,1943625,41.163754,2025-10-01 10:00:00
다사40754375,37.493370516423894,126.82973926069201,940875,1943875,41.162373,2025-10-01 10:00:00
다사40754400,37.495623781907504,126.829719122754,940875,1944125,41.9937,2025-10-01 10:00:00
다사40754425,37.497877046520294,126.82969898257299,940875,1944375,41.96207,2025-10-01 10:00:00
다사40754250,37.482104175945295,126.829839916755,940875,1942625,41.096085,2025-10-01 10:00:00
다사40754275,37.4843574457824,126.829819790025,940875,1942875,41.122726,2025-10-01 10:00:00
다사40754300,37.4866107147488,126.829799661054,940875,1943125,41.141266,2025-10-01 10:00:00
다사40754325,37.4888639828446,126.829779529842,940875,1943375,41.155224,2025-10-01 10:00:00
다사40254700,37.5226307763776,126.82381923237601,940375,1947125,41.0432,2025-10-01 10:00:00
다사40254725,37.5248840279408,126.823798895121,940375,1947375,40.95212,2025-10-01 10:00:00
다사40254750,37.5271372786328,126.82377855560101,940375,1947625,40.848602,2025-10-01 10:00:00
다사40254800,37.531643777403296,126.823737869766,940375,1948125,40.645016,2025-10-01 10:00:00
다사40254600,37.5136177614135,126.823900558753,940375,1946125,41.387093,2025-10-01 10:00:00
다사40254625,37.515871016461205,126.823880230555,940375,1946375,41.308243,2025-10-01 10:00:00
다사40254650,37.5181242706378,126.823859900093,940375,1946625,41.227173,2025-10-01 10:00:00
다사40254675,37.5203775239432,126.82383956736601,940375,1946875,41.132553,2025-10-01 10:00:00
다사40254925,37.542910009082796,126.82363611552499,940375,1949375,39.80465,2025-10-01 10:00:00
다사40254950,37.5451632528048,126.82361575787701,940375,1949625,39.67474,2025-10-01 10:00:00
다사40254975,37.5474164956554,126.823595397961,940375,1949875,39.55488,2025-10-01 10:00:00
다사40255000,37.549669737634794,126.823575035779,940375,1950125,39.45554,2025-10-01 10:00:00
다사40254825,37.5338970254817,126.82371752345,940375,1948375,40.530464,2025-10-01 10:00:00
다사40254850,37.5361502726889,126.82369717486799,940375,1948625,40.41832,2025-10-01 10:00:00
다사40254875,37.5384035190248,126.82367682402,940375,1948875,40.295376,2025-10-01 10:00:00
다사40254900,37.5406567644894,126.82365647090599,940375,1949125,40.15412,2025-10-01 10:00:00
다사40254300,37.4865786329029,126.82414432065599,940375,1943125,41.033394,2025-10-01 10:00:00
다사40254325,37.4888318984022,126.824124019602,940375,1943375,41.043533,2025-10-01 10:00:00
다사40254350,37.491085163030704,126.824103716288,940375,1943625,41.041264,2025-10-01 10:00:00
다사40254375,37.4933384267882,126.824083410713,940375,1943875,41.033237,2025-10-01 10:00:00
다사40254200,37.4775655621973,126.824225502271,940375,1942125,40.96961,2025-10-01 10:00:00
다사40254225,37.4798188311799,126.82420521025699,940375,1942375,40.995148,2025-10-01 10:00:00
다사40254250,37.4820720992917,126.82418491598301,940375,1942625,41.008667,2025-10-01 10:00:00
다사40254275,37.4843253665327,126.82416461945,940375,1942875,41.027836,2025-10-01 10:00:00
다사40254500,37.5046047325122,126.82398184891399,940375,1945125,41.656578,2025-10-01 10:00:00
다사40254525,37.506857991044,126.82396152976801,940375,1945375,41.600384,2025-10-01 10:00:00
다사40254550,37.5091112487049,126.82394120835899,940375,1945625,41.53408,2025-10-01 10:00:00
다사40254575,37.511364505494704,126.823920884688,940375,1945875,41.461155,2025-10-01 10:00:00
다사40254400,37.495591689674896,126.824063102876,940375,1944125,41.83534,2025-10-01 10:00:00
다사40254425,37.4978449516907,126.824042792778,940375,1944375,41.798496,2025-10-01 10:00:00
다사40254450,37.5000982128354,126.824022480419,940375,1944625,41.75723,2025-10-01 10:00:00
다사40254475,37.5023514731093,126.82400216579799,940375,1944875,41.71023,2025-10-01 10:00:00
다사40504225,37.479834902035606,126.82703262462601,940625,1942375,41.034847,2025-10-01 10:00:00
다사40504250,37.482088171448105,126.82701241524401,940625,1942625,41.06084,2025-10-01 10:00:00
다사40504275,37.4843414399899,126.82699220361201,940625,1942875,41.072132,2025-10-01 10:00:00
다사40504300,37.4865947076609,126.82697198973,940625,1943125,41.08551,2025-10-01 10:00:00
다사40255425,37.5879747179469,126.823228531485,940375,1954375,38.680428,2025-10-01 10:00:00
다사40255450,37.5902279442385,126.82320812844101,940375,1954625,38.660713,2025-10-01 10:00:00
다사40255475,37.5924811696584,126.823187723125,940375,1954875,38.64169,2025-10-01 10:00:00
다사40504200,37.4775816317524,126.82705283175699,940625,1942125,41.004044,2025-10-01 10:00:00
다사40504425,37.497861032954205,126.82687088655001,940625,1944375,41.884575,2025-10-01 10:00:00
다사40504450,37.500114295400294,126.826850659158,940625,1944625,41.839592,2025-10-01 10:00:00
다사40504475,37.50236755697561,126.826830429514,940625,1944875,41.7972,2025-10-01 10:00:00
다사40504500,37.50462081768,126.826810197617,940625,1945125,41.742847,2025-10-01 10:00:00
다사40504325,37.4888479744612,126.82695177359699,940625,1943375,41.099148,2025-10-01 10:00:00
다사40504350,37.4911012403907,126.826931555212,940625,1943625,41.101185,2025-10-01 10:00:00
다사40504375,37.4933545054493,126.826911334576,940625,1943875,41.09921,2025-10-01 10:00:00
다사40504400,37.4956077696372,126.826891111689,940625,1944125,41.913925,2025-10-01 10:00:00
다사40255125,37.560935934460296,126.82347319084299,940375,1951375,39.117847,2025-10-01 10:00:00
다사40255150,37.563189171211,126.823452815049,940375,1951625,38.767284,2025-10-01 10:00:00
다사40255175,37.565442407090295,126.823432436987,940375,1951875,38.735023,2025-10-01 10:00:00
다사40255200,37.5676956420981,126.82341205665399,940375,1952125,38.754116,2025-10-01 10:00:00
다사40255025,37.5519229787427,126.823554671328,940375,1950375,39.385727,2025-10-01 10:00:00
다사40255050,37.5541762189792,126.823534304609,940375,1950625,39.33719,2025-10-01 10:00:00
다사40255075,37.5564294583443,126.823513935622,940375,1950875,39.286972,2025-10-01 10:00:00
다사40255100,37.558682696838005,126.82349356436701,940375,1951125,39.226322,2025-10-01 10:00:00
다사40255325,37.5789618040636,126.82331012093799,940375,1953375,38.74011,2025-10-01 10:00:00
다사40255350,37.58121503384189,126.823289726982,940375,1953625,38.728905,2025-10-01 10:00:00
다사40255375,37.5834682627486,126.82326933075501,940375,1953875,38.714573,2025-10-01 10:00:00
다사40255400,37.5857214907836,126.82324893225599,940375,1954125,38.70182,2025-10-01 10:00:00
다사40255225,37.5699488762343,126.82339167405199,940375,1952375,38.763897,2025-10-01 10:00:00
다사40255250,37.572202109499,126.82337128917901,940375,1952625,38.75683,2025-10-01 10:00:00
다사40255275,37.5744553418921,126.823350902036,940375,1952875,38.752342,2025-10-01 10:00:00
다사40255300,37.5767085734136,126.823330512623,940375,1953125,38.747368,2025-10-01 10:00:00
다사40004225,37.479802692670795,126.821377798148,940125,1942375,40.953396,2025-10-01 10:00:00
다사40004250,37.4820559594764,126.82135741898199,940125,1942625,40.9706,2025-10-01 10:00:00
다사40004275,37.4843092254111,126.821337037547,940125,1942875,40.976532,2025-10-01 10:00:00
다사40004300,37.486562490474896,126.821316653843,940125,1943125,40.98514,2025-10-01 10:00:00
다사39755500,37.594701915826,126.817503810471,939875,1955125,38.607872,2025-10-01 10:00:00
다사39755525,37.5969551368766,126.817483229858,939875,1955375,38.591633,2025-10-01 10:00:00
다사40004175,37.475296156447,126.821418549673,940125,1941875,40.919228,2025-10-01 10:00:00
다사40004200,37.477549424994294,126.82139817504499,940125,1942125,40.93417,2025-10-01 10:00:00
다사40004425,37.4978288027298,126.821214701269,940125,1944375,41.722992,2025-10-01 10:00:00
다사40004450,37.5000820625677,126.821194303942,940125,1944625,41.67393,2025-10-01 10:00:00
다사40004475,37.50233532153471,126.821173904343,940125,1944875,41.629105,2025-10-01 10:00:00
다사40004500,37.50458857963061,126.821153502473,940125,1945125,41.573524,2025-10-01 10:00:00
다사40004325,37.4888157546678,126.821296267869,940125,1943375,40.977795,2025-10-01 10:00:00
다사40004350,37.491069017989794,126.82127587962401,940125,1943625,40.97984,2025-10-01 10:00:00
다사40004375,37.4933222804407,126.82125548911002,940125,1943875,40.964466,2025-10-01 10:00:00
다사40004400,37.495575542020795,126.821235096325,940125,1944125,41.76174,2025-10-01 10:00:00
다사39755200,37.567663195214706,126.81775059911301,939875,1952125,38.716408,2025-10-01 10:00:00
다사39755225,37.569916426727,126.817730045988,939875,1952375,38.71061,2025-10-01 10:00:00
다사39755250,37.5721696573677,126.817709490574,939875,1952625,38.706142,2025-10-01 10:00:00
다사39755275,37.5744228871365,126.817688932871,939875,1952875,38.70089,2025-10-01 10:00:00
다사39755100,37.5586502604488,126.81783278872601,939875,1951125,39.129898,2025-10-01 10:00:00
다사39755125,37.560903495447796,126.817812244755,939875,1951375,39.049015,2025-10-01 10:00:00
다사39755150,37.5631567295751,126.817791698496,939875,1951625,38.794094,2025-10-01 10:00:00
다사39755175,37.5654099628307,126.817771149949,939875,1951875,38.750782,2025-10-01 10:00:00
다사39755400,37.5856890229045,126.817586110002,939875,1954125,38.663334,2025-10-01 10:00:00
다사39755425,37.587942247442705,126.81756553855699,939875,1954375,38.65147,2025-10-01 10:00:00
다사39755450,37.590195471109,126.81754496482,939875,1954625,38.641075,2025-10-01 10:00:00
다사39755475,37.5924486939034,126.81752438879101,939875,1954875,38.62121,2025-10-01 10:00:00
다사39755300,37.5766761160337,126.81766837287701,939875,1953125,38.695717,2025-10-01 10:00:00
다사39755325,37.5789293440591,126.81764781059401,939875,1953375,38.686996,2025-10-01 10:00:00
다사39755350,37.5811825712127,126.817627246021,939875,1953625,38.686646,2025-10-01 10:00:00
다사39755375,37.5834357974945,126.81760667915701,939875,1953875,38.67466,2025-10-01 10:00:00
다사40005200,37.5676794525899,126.820581326744,940125,1952125,38.719036,2025-10-01 10:00:00
다사40005225,37.569932685417,126.82056085888,940125,1952375,38.717476,2025-10-01 10:00:00
다사40005250,37.5721859173724,126.82054038873699,940125,1952625,38.727722,2025-10-01 10:00:00
다사40005275,37.5744391484561,126.820519916313,940125,1952875,38.723797,2025-10-01 10:00:00
다사40005100,37.558666512566,126.820663175407,940125,1951125,39.162945,2025-10-01 10:00:00
다사40005125,37.5609197488793,126.82064271666,940125,1951375,39.05872,2025-10-01 10:00:00
다사40005150,37.563172984321106,126.820622255633,940125,1951625,38.7899,2025-10-01 10:00:00
다사40005175,37.5654262188913,126.82060179232799,940125,1951875,38.73883,2025-10-01 10:00:00
다사40005400,37.585705290799496,126.820417519988,940125,1954125,38.679913,2025-10-01 10:00:00
다사40005425,37.587958516652996,126.82039703388,940125,1954375,38.663258,2025-10-01 10:00:00
다사40005450,37.590211741634704,126.82037654548901,940125,1954625,38.64502,2025-10-01 10:00:00
다사40005475,37.5924649657447,126.82035605481701,940125,1954875,38.632706,2025-10-01 10:00:00
다사40005300,37.576692378668206,126.82049944161001,940125,1953125,38.718185,2025-10-01 10:00:00
다사40005325,37.5789456080086,126.820478964626,940125,1953375,38.71086,2025-10-01 10:00:00
다사40005350,37.5811988364773,126.820458485361,940125,1953625,38.70755,2025-10-01 10:00:00
다사40005375,37.583452064074294,126.820438003815,940125,1953875,38.69193,2025-10-01 10:00:00
다사40004650,37.518108109912795,126.82103104353399,940125,1946625,41.134872,2025-10-01 10:00:00
다사40004825,37.533880855602604,126.820888071322,940125,1948375,40.43759,2025-10-01 10:00:00
다사40004850,37.5361341015017,126.820867637621,940125,1948625,40.32614,2025-10-01 10:00:00
다사40004875,37.5383873465294,126.820847201645,940125,1948875,40.20546,2025-10-01 10:00:00
다사40004525,37.5068418368554,126.82113309833099,940125,1945375,41.51497,2025-10-01 10:00:00
다사40004550,37.509095093209204,126.821112691917,940125,1945625,41.44934,2025-10-01 10:00:00
다사40004575,37.5113483486918,126.82109228323,940125,1945875,41.375366,2025-10-01 10:00:00
다사40004625,37.5158548570436,126.821051459039,940125,1946375,41.21941,2025-10-01 10:00:00
다사40005000,37.549653558597605,126.82074498761801,940125,1950125,39.450226,2025-10-01 10:00:00
다사40005025,37.5519067983969,126.820724537982,940125,1950375,39.378704,2025-10-01 10:00:00
다사40005050,37.5541600373248,126.820704086068,940125,1950625,39.30989,2025-10-01 10:00:00
다사40005075,37.5564132753812,126.820683631877,940125,1950875,39.24362,2025-10-01 10:00:00
다사40004900,37.540640590685896,126.82082676339199,940125,1949125,40.06565,2025-10-01 10:00:00
다사40004925,37.5428938339709,126.820806322864,940125,1949375,39.75421,2025-10-01 10:00:00
다사40004950,37.5451470763846,126.82078588005899,940125,1949625,39.640034,2025-10-01 10:00:00
다사40004975,37.5474003179268,126.82076543497699,940125,1949875,39.533028,2025-10-01 10:00:00
다사39504950,37.5451145201075,126.81512613126199,939625,1949625,39.580658,2025-10-01 10:00:00
다사39504975,37.547367759016396,126.815105515848,939625,1949875,39.506092,2025-10-01 10:00:00
다사39505000,37.5496209970537,126.81508489813801,939625,1950125,39.417824,2025-10-01 10:00:00
다사39505025,37.5518742342194,126.815064278132,939625,1950375,39.345524,2025-10-01 10:00:00
다사39504425,37.497796301716704,126.815558525072,939625,1944375,41.562786,2025-10-01 10:00:00
다사39504450,37.5000495589246,126.81553795781001,939625,1944625,41.514862,2025-10-01 10:00:00
다사39504900,37.540608039675,126.815167355203,939625,1949125,39.94672,2025-10-01 10:00:00
다사39504925,37.5428612803271,126.81514674438,939625,1949375,39.675934,2025-10-01 10:00:00
다사39505150,37.563140406973,126.81496114364799,939625,1951625,38.976154,2025-10-01 10:00:00
다사39505175,37.5653936389087,126.814940509858,939625,1951875,38.756424,2025-10-01 10:00:00
다사39505200,37.5676468699725,126.814919873771,939625,1952125,38.732082,2025-10-01 10:00:00
다사39505225,37.5699001001647,126.814899235385,939625,1952375,38.708836,2025-10-01 10:00:00
다사39505050,37.5541274705135,126.81504365582899,939625,1950625,39.267475,2025-10-01 10:00:00
다사39505075,37.5563807059359,126.815023031229,939625,1950875,39.195023,2025-10-01 10:00:00
다사39505100,37.5586339404866,126.815002404333,939625,1951125,39.114048,2025-10-01 10:00:00
다사39505125,37.5608871741657,126.814981775139,939625,1951375,39.04772,2025-10-01 10:00:00
다사39255400,37.585656283382,126.811923296913,939375,1954125,38.640858,2025-10-01 10:00:00
다사39255425,37.587909505273,126.811902554794,939375,1954375,38.62979,2025-10-01 10:00:00
다사39255450,37.5901627262921,126.81188181036501,939375,1954625,38.618015,2025-10-01 10:00:00
다사39255475,37.5924159464391,126.811861063624,939375,1954875,38.604874,2025-10-01 10:00:00
다사39255300,37.5766433870981,126.812006242292,939375,1953125,38.675777,2025-10-01 10:00:00
다사39255325,37.578896612477,126.81198550941099,939375,1953375,38.66886,2025-10-01 10:00:00
다사39255350,37.581149836984,126.81196477422199,939375,1953625,38.665176,2025-10-01 10:00:00
다사39255375,37.583403060619,126.811944036722,939375,1953875,38.65162,2025-10-01 10:00:00
다사39504200,37.477516947644794,126.815743527407,939625,1942125,40.860054,2025-10-01 10:00:00
다사39504225,37.4797702126926,126.815722980746,939625,1942375,40.869556,2025-10-01 10:00:00
다사39504375,37.49328978468729,126.81559965272498,939625,1943875,41.6425,2025-10-01 10:00:00
다사39504400,37.4955430436376,126.815579090044,939625,1944125,41.60548,2025-10-01 10:00:00
다사39255500,37.594669165714,126.811840314574,939375,1955125,38.589706,2025-10-01 10:00:00
다사39255525,37.5969223841169,126.811819563211,939375,1955375,38.577515,2025-10-01 10:00:00
다사39255550,37.5991756016477,126.811798809538,939375,1955625,38.563374,2025-10-01 10:00:00
다사39504175,37.475263681726,126.815764071781,939625,1941875,40.842712,2025-10-01 10:00:00
다사39754375,37.4933060664071,126.81842756977699,939875,1943875,40.90067,2025-10-01 10:00:00
다사39754400,37.4955593266749,126.818407092044,939875,1944125,41.683933,2025-10-01 10:00:00
다사39754425,37.4978125860717,126.81838661203001,939875,1944375,41.643448,2025-10-01 10:00:00
다사39754450,37.500065844597394,126.818366129736,939875,1944625,41.59174,2025-10-01 10:00:00
다사39754250,37.4820397520022,126.81852992424999,939875,1942625,40.922638,2025-10-01 10:00:00
다사39754275,37.4842930166252,126.818509457914,939875,1942875,40.929962,2025-10-01 10:00:00
다사39754300,37.486546280377205,126.818488989299,939875,1943125,40.925636,2025-10-01 10:00:00
다사39754350,37.491052805268104,126.818448045231,939875,1943625,40.910168,2025-10-01 10:00:00
다사39755000,37.5496373117372,126.817914941735,939875,1950125,39.44008,2025-10-01 10:00:00
다사39755025,37.551890550222396,126.817894406913,939875,1950375,39.35826,2025-10-01 10:00:00
다사39755050,37.554143787836104,126.817873869805,939875,1950625,39.2892,2025-10-01 10:00:00
다사39755075,37.556397024578295,126.817853330409,939875,1950875,39.209328,2025-10-01 10:00:00
다사39754475,37.502319102252,126.81834564516001,939875,1944875,41.53908,2025-10-01 10:00:00
다사39754925,37.542877591052296,126.817976532479,939875,1949375,39.713577,2025-10-01 10:00:00
다사39754950,37.5451308321521,126.817956004517,939875,1949625,39.60431,2025-10-01 10:00:00
다사39754975,37.5473840723804,126.817935474269,939875,1949875,39.51766,2025-10-01 10:00:00
다사39505350,37.581166238048205,126.814796008971,939625,1953625,38.664696,2025-10-01 10:00:00
다사39505375,37.58341946300929,126.81477535679,939625,1953875,38.66195,2025-10-01 10:00:00
다사39505400,37.5856726870986,126.81475470230801,939625,1954125,38.65433,2025-10-01 10:00:00
다사39505425,37.5879259103159,126.814734045525,939625,1954375,38.64019,2025-10-01 10:00:00
다사39505250,37.572153329485005,126.814878594701,939625,1952625,38.699448,2025-10-01 10:00:00
다사39505275,37.5744065579336,126.81485795171801,939625,1952875,38.691204,2025-10-01 10:00:00
다사39505300,37.576659785510294,126.814837306435,939625,1953125,38.67992,2025-10-01 10:00:00
다사39505325,37.5789130122152,126.81481665885299,939625,1953375,38.674923,2025-10-01 10:00:00
다사39505550,37.5991920133233,126.814630727094,939625,1955625,38.56692,2025-10-01 10:00:00
다사39754175,37.4752799529076,126.81859130958799,939875,1941875,40.883854,2025-10-01 10:00:00
다사39754200,37.4775332201434,126.818570850087,939875,1942125,40.897625,2025-10-01 10:00:00
다사39754225,37.479786486508296,126.818550388308,939875,1942375,40.9108,2025-10-01 10:00:00
다사39505450,37.5901791326614,126.814713386442,939625,1954625,38.62642,2025-10-01 10:00:00
다사39505475,37.5924323541348,126.81469272505699,939625,1954875,38.614185,2025-10-01 10:00:00
다사39505500,37.594685574736296,126.814672061371,939625,1955125,38.60183,2025-10-01 10:00:00
다사39505525,37.59693879446579,126.814651395384,939625,1955375,38.581264,2025-10-01 10:00:00
다사39005025,37.5518413987284,126.809404027467,939125,1950375,39.3194,2025-10-01 10:00:00
다사39005050,37.554094632366706,126.80938323477699,939125,1950625,39.24677,2025-10-01 10:00:00
다사39005075,37.5563478651333,126.80936243977,939125,1950875,39.17888,2025-10-01 10:00:00
다사39005100,37.558601097027896,126.809341642448,939125,1951125,39.114513,2025-10-01 10:00:00
다사39004925,37.5428284554575,126.809487175079,939125,1949375,39.61631,2025-10-01 10:00:00
다사39004950,37.5450816925828,126.809466391648,939125,1949625,39.545273,2025-10-01 10:00:00
다사39004975,37.5473349288364,126.809445605903,939125,1949875,39.464104,2025-10-01 10:00:00
다사39005000,37.5495881642183,126.809424817843,939125,1950125,39.391777,2025-10-01 10:00:00
다사39005225,37.569867243423296,126.80923762108499,939125,1952375,38.72862,2025-10-01 10:00:00
다사39005250,37.5721204700866,126.809216809861,939125,1952625,38.705914,2025-10-01 10:00:00
다사39005275,37.574373695878,126.809195996318,939125,1952875,38.688805,2025-10-01 10:00:00
다사39005300,37.5766269207974,126.809175180458,939125,1953125,38.67725,2025-10-01 10:00:00
다사39005125,37.560854328050794,126.80932084280899,939125,1951375,39.052418,2025-10-01 10:00:00
다사39005150,37.56310755820179,126.809300040853,939125,1951625,39.004036,2025-10-01 10:00:00
다사39005175,37.5653607874808,126.809279236581,939125,1951875,38.782036,2025-10-01 10:00:00
다사39005200,37.567614015888,126.80925842999201,939125,1952125,38.754185,2025-10-01 10:00:00
다사38755325,37.578863609318795,126.806323217465,938875,1953375,38.668495,2025-10-01 10:00:00
다사38755350,37.581116831157104,126.80630231166,938875,1953625,38.653538,2025-10-01 10:00:00
다사38755375,37.5833700521234,126.806281403527,938875,1953875,38.64402,2025-10-01 10:00:00
다사38755400,37.5856232722175,126.806260493064,938875,1954125,38.632984,2025-10-01 10:00:00
다사38755225,37.569850713244705,126.806406817407,938875,1952375,38.732162,2025-10-01 10:00:00
다사38755250,37.572103938571296,126.80638592091299,938875,1952625,38.714554,2025-10-01 10:00:00
다사38755275,37.5743571630258,126.806365022091,938875,1952875,38.691666,2025-10-01 10:00:00
다사38755300,37.5766103866084,126.806344120942,938875,1953125,38.67439,2025-10-01 10:00:00
다사38755525,37.5968893596053,126.80615590581002,938875,1955375,38.573376,2025-10-01 10:00:00
다사38755550,37.59914257446621,126.806134981369,938875,1955625,38.55734,2025-10-01 10:00:00
다사38755575,37.6013957884549,126.80611405459801,938875,1955875,38.542744,2025-10-01 10:00:00
다사38755600,37.6036490015712,126.806093125495,938875,1956125,38.53324,2025-10-01 10:00:00
다사38755425,37.5878764914394,126.806239580273,938875,1954375,38.626156,2025-10-01 10:00:00
다사38755450,37.5901297097892,126.806218665152,938875,1954625,38.60408,2025-10-01 10:00:00
다사38755475,37.5923829272668,126.80619774770099,938875,1954875,38.595142,2025-10-01 10:00:00
다사38755500,37.5946361438722,126.806176827921,938875,1955125,38.582428,2025-10-01 10:00:00
다사39255000,37.5496046145474,126.812254856838,939375,1950125,39.40426,2025-10-01 10:00:00
다사39255025,37.551857850388,126.81223415164699,939375,1950375,39.327652,2025-10-01 10:00:00
다사39255050,37.554111085357,126.81221344415,939375,1950625,39.255337,2025-10-01 10:00:00
다사39255075,37.556364319454204,126.812192734347,939375,1950875,39.183926,2025-10-01 10:00:00
다사39254450,37.5000332055495,126.81270978817601,939375,1944625,41.43453,2025-10-01 10:00:00
다사39254925,37.5428449017954,126.812316958577,939375,1949375,39.641056,2025-10-01 10:00:00
다사39254950,37.545098140251,126.812296260303,939375,1949625,39.565063,2025-10-01 10:00:00
다사39254975,37.547351377835,126.81227555972299,939375,1949875,39.482117,2025-10-01 10:00:00
다사39255200,37.567630476863606,126.812089150727,939375,1952125,38.745674,2025-10-01 10:00:00
다사39255225,37.56988370573,126.81206842708099,939375,1952375,38.72113,2025-10-01 10:00:00
다사39255250,37.5721369337246,126.812047701127,939375,1952625,38.704525,2025-10-01 10:00:00
다사39255275,37.574390160847294,126.812026972864,939375,1952875,38.69132,2025-10-01 10:00:00
다사39255100,37.5586175526796,126.812172022237,939375,1951125,39.112675,2025-10-01 10:00:00
다사39255125,37.560870785033295,126.81215130782,939375,1951375,39.045174,2025-10-01 10:00:00
다사39255150,37.563124016515204,126.81213059109699,939375,1951625,38.992756,2025-10-01 10:00:00
다사39255175,37.5653772471253,126.812109872066,939375,1951875,38.772903,2025-10-01 10:00:00
다사39005425,37.5878930323141,126.80907106637301,939125,1954375,38.622303,2025-10-01 10:00:00
다사39005450,37.5901462520013,126.809050236598,939125,1954625,38.612133,2025-10-01 10:00:00
다사39005475,37.5923994708163,126.80902940450301,939125,1954875,38.60067,2025-10-01 10:00:00
다사39005500,37.594652688759204,126.80900857008699,939125,1955125,38.58533,2025-10-01 10:00:00
다사39005325,37.578880144844796,126.80915436227899,939125,1953375,38.67165,2025-10-01 10:00:00
다사39005350,37.581133368020204,126.80913354178101,939125,1953625,38.655594,2025-10-01 10:00:00
다사39005375,37.5833865903236,126.809112718965,939125,1953875,38.64493,2025-10-01 10:00:00
다사39005400,37.5856398117549,126.809091893829,939125,1954125,38.63653,2025-10-01 10:00:00
다사39254200,37.477500607498605,126.812916207015,939375,1942125,40.81829,2025-10-01 10:00:00
다사39254375,37.4932734352817,126.812771737963,939375,1943875,41.56804,2025-10-01 10:00:00
다사39254400,37.495526692908896,126.81275109033301,939375,1944125,41.52842,2025-10-01 10:00:00
다사39254425,37.497779949664896,126.812730440404,939375,1944375,41.481167,2025-10-01 10:00:00
다사39005525,37.59690590583,126.80898773335,939125,1955375,38.574585,2025-10-01 10:00:00
다사39005550,37.5991591220286,126.80896689429301,939125,1955625,38.55739,2025-10-01 10:00:00
다사39005575,37.601412337355,126.808946052915,939125,1955875,38.551342,2025-10-01 10:00:00
다사39254175,37.4752473429023,126.812936836261,939375,1941875,40.80605,2025-10-01 10:00:00
다사38255550,37.599109275512205,126.80047116252399,938375,1955625,38.56004,2025-10-01 10:00:00
다사38255575,37.601362486808895,126.80045006496701,938375,1955875,38.545143,2025-10-01 10:00:00
다사38255600,37.6036156972331,126.80042896506001,938375,1956125,38.53397,2025-10-01 10:00:00
다사38255625,37.6058689067848,126.800407862803,938375,1956375,38.51699,2025-10-01 10:00:00
다사38255450,37.5900964216017,126.800555529257,938375,1954625,38.60961,2025-10-01 10:00:00
다사38255475,37.592349636387894,126.80053444109801,938375,1954875,38.602222,2025-10-01 10:00:00
다사38255500,37.594602850301705,126.80051335058901,938375,1955125,38.58829,2025-10-01 10:00:00
다사38255525,37.5968560633432,126.800492257731,938375,1955375,38.5675,2025-10-01 10:00:00
다사38505050,37.5540615228859,126.803722822987,938625,1950625,39.23685,2025-10-01 10:00:00
다사38505075,37.5563147529746,126.80370185757499,938625,1950875,39.17611,2025-10-01 10:00:00
다사38505100,37.5585679821913,126.803680889827,938625,1951125,39.117813,2025-10-01 10:00:00
다사38505125,37.560821210536,126.80365991974399,938625,1951375,39.06966,2025-10-01 10:00:00
다사38504950,37.5450485938118,126.803806661293,938625,1949625,39.50502,2025-10-01 10:00:00
다사38504975,37.5473018273882,126.80378570521799,938625,1949875,39.438873,2025-10-01 10:00:00
다사38505000,37.5495550600927,126.803764746808,938625,1950125,39.370903,2025-10-01 10:00:00
다사38505025,37.5518082919253,126.80374378606501,938625,1950375,39.305733,2025-10-01 10:00:00
다사38255150,37.5630577761293,126.80080840406201,938375,1951625,39.033123,2025-10-01 10:00:00
다사38255175,37.5653110013824,126.800787344067,938375,1951875,38.989944,2025-10-01 10:00:00
다사38255200,37.5675642257634,126.80076628172701,938375,1952125,38.78702,2025-10-01 10:00:00
다사38255225,37.5698174492723,126.800745217041,938375,1952375,38.7486,2025-10-01 10:00:00
다사38255050,37.5540448663957,126.80089262058998,938375,1950625,39.23967,2025-10-01 10:00:00
다사38255075,37.55629809513721,126.800871569975,938375,1950875,39.180122,2025-10-01 10:00:00
다사38255100,37.558551323006604,126.800850517015,938375,1951125,39.123013,2025-10-01 10:00:00
다사38255125,37.560804550004,126.800829461711,938375,1951375,39.07368,2025-10-01 10:00:00
다사38255350,37.5810835537335,126.80063985841299,938375,1953625,38.663452,2025-10-01 10:00:00
다사38255375,37.583336772009,126.800618779646,938375,1953875,38.64445,2025-10-01 10:00:00
다사38255400,37.585589989412206,126.80059769853099,938375,1954125,38.636425,2025-10-01 10:00:00
다사38255425,37.5878432059431,126.800576615068,938375,1954375,38.62363,2025-10-01 10:00:00
다사38255250,37.572070671908996,126.800724150009,938375,1952625,38.72867,2025-10-01 10:00:00
다사38255275,37.574323893673395,126.80070308063,938375,1952875,38.704758,2025-10-01 10:00:00
다사38255300,37.5765771145657,126.80068200890499,938375,1953125,38.690796,2025-10-01 10:00:00
다사38255325,37.5788303345857,126.800660934832,938375,1953375,38.6705,2025-10-01 10:00:00
다사38754925,37.5428119413134,126.806657393895,938875,1949375,39.766144,2025-10-01 10:00:00
다사38754950,37.545065177103,126.80663652530899,938875,1949625,39.52138,2025-10-01 10:00:00
다사38754975,37.5473184120208,126.806615654398,938875,1949875,39.450348,2025-10-01 10:00:00
다사38755000,37.5495716460667,126.806594781163,938875,1950125,39.376904,2025-10-01 10:00:00
다사38505550,37.599125958960705,126.80330307077699,938625,1955625,38.555794,2025-10-01 10:00:00
다사38505575,37.601379171606105,126.803282058612,938625,1955875,38.54899,2025-10-01 10:00:00
다사38505600,37.6036323833791,126.803261044107,938625,1956125,38.534687,2025-10-01 10:00:00
다사38505625,37.6058855942798,126.80324002726101,938625,1956375,38.516907,2025-10-01 10:00:00
다사38755125,37.5608378032183,126.806490380114,938875,1951375,39.06494,2025-10-01 10:00:00
다사38755150,37.563091032032794,126.806469492927,938875,1951625,39.01209,2025-10-01 10:00:00
다사38755175,37.5653442599754,126.80644860341299,938875,1951875,38.970703,2025-10-01 10:00:00
다사38755200,37.5675974870461,126.80642771157301,938875,1952125,38.755466,2025-10-01 10:00:00
다사38755025,37.5518248792408,126.806573905604,938875,1950375,39.30546,2025-10-01 10:00:00
다사38755050,37.554078111543,126.806553027719,938875,1950625,39.243202,2025-10-01 10:00:00
다사38755075,37.5563313429733,126.80653214751001,938875,1950875,39.17376,2025-10-01 10:00:00
다사38755100,37.558584573531796,126.806511264975,938875,1951125,39.11179,2025-10-01 10:00:00
다사38505250,37.57208733917871,126.80355503429199,938625,1952625,38.717514,2025-10-01 10:00:00
다사38505275,37.5743405622909,126.803534050192,938625,1952875,38.701004,2025-10-01 10:00:00
다사38505300,37.576593784531,126.80351306375499,938625,1953125,38.685665,2025-10-01 10:00:00
다사38505325,37.578847005899,126.80349207498001,938625,1953375,38.66489,2025-10-01 10:00:00
다사38505150,37.5630744380086,126.803638947326,938625,1951625,39.021072,2025-10-01 10:00:00
다사38505175,37.56532766460921,126.803617972572,938625,1951875,38.977448,2025-10-01 10:00:00
다사38505200,37.567580890337794,126.80359699548201,938625,1952125,38.768566,2025-10-01 10:00:00
다사38505225,37.5698341151943,126.80357601605499,938625,1952375,38.74078,2025-10-01 10:00:00
다사38505450,37.5901130996559,126.80338709603501,938625,1954625,38.60115,2025-10-01 10:00:00
다사38505475,37.5923663157905,126.80336609323,938625,1954875,38.596718,2025-10-01 10:00:00
다사38505500,37.5946195310529,126.80334508808501,938625,1955125,38.585884,2025-10-01 10:00:00
다사38505525,37.596872745443,126.803324080601,938625,1955375,38.570724,2025-10-01 10:00:00
다사38505350,37.581100226394796,126.803471083868,938625,1953625,38.659122,2025-10-01 10:00:00
다사38505375,37.5833534460184,126.803450090417,938625,1953875,38.644142,2025-10-01 10:00:00
다사38505400,37.5856066647698,126.80342909462799,938625,1954125,38.63457,2025-10-01 10:00:00
다사38505425,37.587859882649,126.803408096501,938625,1954375,38.62398,2025-10-01 10:00:00
다사37755300,37.576543570971495,126.79501990625499,937875,1953125,38.702217,2025-10-01 10:00:00
다사37755325,37.578796788279206,126.794998661588,937875,1953375,38.68338,2025-10-01 10:00:00
다사37755350,37.5810500047144,126.794977414556,937875,1953625,38.669888,2025-10-01 10:00:00
다사37755375,37.5833032202772,126.79495616515699,937875,1953875,38.64837,2025-10-01 10:00:00
다사37755200,37.567530693017105,126.795104861264,937875,1952125,38.973854,2025-10-01 10:00:00
다사37755225,37.5697839138143,126.795083626059,937875,1952375,38.7655,2025-10-01 10:00:00
다사37755250,37.572037133739,126.79506238849,937875,1952625,38.74178,2025-10-01 10:00:00
다사37755275,37.5742903527915,126.79504114855499,937875,1952875,38.72217,2025-10-01 10:00:00
다사37755575,37.6013289133698,126.794786084736,937875,1955875,38.546337,2025-10-01 10:00:00
다사38004875,37.538255525931795,126.798210305371,938125,1948875,39.83897,2025-10-01 10:00:00
다사38004900,37.5405087594252,126.798189186024,938125,1949125,39.777203,2025-10-01 10:00:00
다사38004925,37.5427619920465,126.798168064324,938125,1949375,39.71745,2025-10-01 10:00:00
다사37755400,37.58555643496761,126.794934913391,937875,1954125,38.64002,2025-10-01 10:00:00
다사37755425,37.5878096487855,126.794913659258,937875,1954375,38.624527,2025-10-01 10:00:00
다사37755525,37.5968224953319,126.79482861905001,937875,1955375,38.577034,2025-10-01 10:00:00
다사37755550,37.599075704787204,126.79480735307699,937875,1955625,38.560375,2025-10-01 10:00:00
다사37754900,37.5404919754161,126.79535949933701,937875,1949125,39.759995,2025-10-01 10:00:00
다사37754925,37.5427452066798,126.795338292492,937875,1949375,39.705643,2025-10-01 10:00:00
다사37754950,37.5449984370714,126.795317083286,937875,1949625,39.46938,2025-10-01 10:00:00
다사37754975,37.5472516665909,126.79529587171801,937875,1949875,39.40808,2025-10-01 10:00:00
다사37505350,37.5810331283571,126.79214619617201,937625,1953625,38.674366,2025-10-01 10:00:00
다사37505375,37.5832863425553,126.792124861457,937625,1953875,38.662987,2025-10-01 10:00:00
다사37505400,37.585539555881,126.792103524366,937625,1954125,38.646103,2025-10-01 10:00:00
다사37754875,37.538238743280296,126.79538070382,937875,1948875,39.821167,2025-10-01 10:00:00
다사37755100,37.5585178011056,126.795189778435,937875,1951125,39.132744,2025-10-01 10:00:00
다사37755125,37.5607710253919,126.79516855268801,937875,1951375,39.08935,2025-10-01 10:00:00
다사37755150,37.5630242488059,126.795147324578,937875,1951625,39.044125,2025-10-01 10:00:00
다사37755175,37.565277471347706,126.795126094103,937875,1951875,39.01192,2025-10-01 10:00:00
다사37755000,37.5495048952382,126.795274657787,937875,1950125,39.34742,2025-10-01 10:00:00
다사37755025,37.55175812301339,126.795253441493,937875,1950375,39.28506,2025-10-01 10:00:00
다사37755050,37.554011349916294,126.79523222283702,937875,1950625,39.23309,2025-10-01 10:00:00
다사37755075,37.556264575947104,126.795211001818,937875,1950875,39.186066,2025-10-01 10:00:00
다사38005450,37.590079675626605,126.797723964828,938125,1954625,38.61374,2025-10-01 10:00:00
다사38005475,37.5923328890589,126.797702791314,938125,1954875,38.59594,2025-10-01 10:00:00
다사38005500,37.5945861016187,126.797681615442,938125,1955125,38.583202,2025-10-01 10:00:00
다사38005525,37.596839313306106,126.797660437211,938125,1955375,38.567093,2025-10-01 10:00:00
다사38005350,37.5810668131733,126.797808635306,938125,1953625,38.663033,2025-10-01 10:00:00
다사38005375,37.58332003009521,126.79778747122299,938125,1953875,38.654045,2025-10-01 10:00:00
다사38005400,37.585573246144705,126.79776630478202,938125,1954125,38.64022,2025-10-01 10:00:00
다사38005425,37.5878264613218,126.797745135984,938125,1954375,38.62042,2025-10-01 10:00:00
다사38254950,37.5450319427094,126.80097679961099,938375,1949625,39.49378,2025-10-01 10:00:00
다사38254975,37.5472851749389,126.80095575837099,938375,1949875,39.426434,2025-10-01 10:00:00
다사38255000,37.5495384062965,126.800934714788,938375,1950125,39.360123,2025-10-01 10:00:00
다사38255025,37.551791636782106,126.80091366886101,938375,1950375,39.2982,2025-10-01 10:00:00
다사38005550,37.599092524121,126.797639256621,938125,1955625,38.559105,2025-10-01 10:00:00
다사38005575,37.60134573406339,126.79761807367201,938125,1955875,38.550945,2025-10-01 10:00:00
다사38005600,37.6035989431333,126.797596888363,938125,1956125,38.537384,2025-10-01 10:00:00
다사38254925,37.542778709607795,126.800997838508,938375,1949375,39.734287,2025-10-01 10:00:00
다사38005050,37.5540281420724,126.798062420537,938125,1950625,39.23333,2025-10-01 10:00:00
다사38005075,37.556281369461296,126.798041284719,938125,1950875,39.183613,2025-10-01 10:00:00
다사38005100,37.558534595977996,126.798020146548,938125,1951125,39.130993,2025-10-01 10:00:00
다사38005125,37.560787821622604,126.797999006022,938125,1951375,39.07698,2025-10-01 10:00:00
다사38004950,37.545015223795794,126.798146940272,938125,1949625,39.483395,2025-10-01 10:00:00
다사38004975,37.5472684546731,126.79812581386801,938125,1949875,39.41978,2025-10-01 10:00:00
다사38005000,37.5495216846783,126.79810468511101,938125,1950125,39.35113,2025-10-01 10:00:00
다사38005025,37.5517749138114,126.798083554,938125,1950375,39.297577,2025-10-01 10:00:00
다사38005250,37.5720539367624,126.79789326807101,938125,1952625,38.73355,2025-10-01 10:00:00
다사38005275,37.5743071571736,126.797872113414,938125,1952875,38.71468,2025-10-01 10:00:00
다사38005300,37.5765603767125,126.797850956401,938125,1953125,38.69562,2025-10-01 10:00:00
다사38005325,37.578813595379,126.797829797032,938125,1953375,38.681168,2025-10-01 10:00:00
다사38005150,37.563041046395,126.797977863142,938125,1951625,39.031193,2025-10-01 10:00:00
다사38005175,37.565294270295205,126.79795671790701,938125,1951875,39.00225,2025-10-01 10:00:00
다사38005200,37.567547493323204,126.79793557031799,938125,1952125,38.96031,2025-10-01 10:00:00
다사38005225,37.5698007154789,126.79791442037201,938125,1952375,38.762264,2025-10-01 10:00:00
다사37005225,37.5697331015947,126.786591257349,937125,1952375,38.965042,2025-10-01 10:00:00
다사37005250,37.5719863174105,126.786569763976,937125,1952625,38.768524,2025-10-01 10:00:00
다사37005275,37.5742395323537,126.786548268209,937125,1952875,38.743656,2025-10-01 10:00:00
다사37005300,37.5764927464243,126.78652677004801,937125,1953125,38.721085,2025-10-01 10:00:00
다사37005125,37.5607202296058,126.786677206908,937125,1951375,39.107258,2025-10-01 10:00:00
다사37005150,37.5629734489119,126.78665572310801,937125,1951625,39.065098,2025-10-01 10:00:00
다사37005175,37.5652266673454,126.78663423691499,937125,1951875,39.02861,2025-10-01 10:00:00
다사37005200,37.5674798849063,126.78661274832899,937125,1952125,39.001095,2025-10-01 10:00:00
다사37255000,37.54947111289321,126.789614610236,937375,1950125,39.338726,2025-10-01 10:00:00
다사37255025,37.5517243379359,126.789593223578,937375,1950375,39.28438,2025-10-01 10:00:00
다사37255050,37.5539775621064,126.78957183453699,937375,1950625,39.234543,2025-10-01 10:00:00
다사37255075,37.556230785404395,126.789550443115,937375,1950875,39.19356,2025-10-01 10:00:00
다사37005325,37.5787459596222,126.786505269493,937125,1953375,38.70326,2025-10-01 10:00:00
다사37254925,37.5427114325309,126.789678755924,937375,1949375,39.681217,2025-10-01 10:00:00
다사37254950,37.5449646601906,126.789657376409,937375,1949625,39.452023,2025-10-01 10:00:00
다사37254975,37.5472178869781,126.78963599451299,937375,1949875,39.398163,2025-10-01 10:00:00
다사36755200,37.567462813139,126.78378204879101,936875,1952125,39.004112,2025-10-01 10:00:00
다사36755225,37.5697160284469,126.783760472554,936875,1952375,38.974094,2025-10-01 10:00:00
다사36755250,37.571969242882,126.783738893913,936875,1952625,38.95143,2025-10-01 10:00:00
다사36755275,37.5742224564445,126.78371731286998,936875,1952875,38.752747,2025-10-01 10:00:00
다사36755100,37.5584499431815,126.783868329715,936875,1951125,39.150597,2025-10-01 10:00:00
다사36755125,37.5607031619797,126.783846763087,936875,1951375,39.109512,2025-10-01 10:00:00
다사36755150,37.5629563799055,126.783825194058,936875,1951625,39.06903,2025-10-01 10:00:00
다사36755175,37.5652095969586,126.783803622626,936875,1951875,39.038025,2025-10-01 10:00:00
다사37005025,37.5517073436569,126.786763118188,937125,1950375,39.28576,2025-10-01 10:00:00
다사37005050,37.5539605664528,126.78674164395599,937125,1950625,39.23561,2025-10-01 10:00:00
다사37005075,37.5562137883763,126.786720167332,937125,1950875,39.18853,2025-10-01 10:00:00
다사37005100,37.5584670094273,126.78669868831601,937125,1951125,39.142067,2025-10-01 10:00:00
다사36755300,37.5764756691343,126.78369572942199,936875,1953125,38.73181,2025-10-01 10:00:00
다사37004950,37.5449476700346,126.786827526537,937125,1949625,39.44562,2025-10-01 10:00:00
다사37004975,37.547200895447794,126.786806059478,937125,1949875,39.388603,2025-10-01 10:00:00
다사37005000,37.549454119988496,126.78678459002899,937125,1950125,39.335365,2025-10-01 10:00:00
다사37505050,37.553994489927604,126.792402027501,937625,1950625,39.235966,2025-10-01 10:00:00
다사37505075,37.556247714594704,126.79238072128,937625,1950875,39.186092,2025-10-01 10:00:00
다사37505100,37.5585009383896,126.79235941268601,937625,1951125,39.133633,2025-10-01 10:00:00
다사37505125,37.560754161312104,126.792338101718,937625,1951375,39.095013,2025-10-01 10:00:00
다사37504950,37.544981582536295,126.792487228662,937625,1949625,39.464573,2025-10-01 10:00:00
다사37504975,37.5472348106925,126.79246593193001,937625,1949875,39.402534,2025-10-01 10:00:00
다사37505000,37.549488037976396,126.792444632826,937625,1950125,39.341854,2025-10-01 10:00:00
다사37505025,37.551741264388106,126.79242333134899,937625,1950375,39.288387,2025-10-01 10:00:00
다사37505250,37.5720202628392,126.792231511274,937625,1952625,38.75307,2025-10-01 10:00:00
다사37505275,37.574273480527395,126.792210186062,937625,1952875,38.729805,2025-10-01 10:00:00
다사37505300,37.5765266973431,126.792188858474,937625,1953125,38.709583,2025-10-01 10:00:00
다사37505325,37.5787799132863,126.79216752851102,937625,1953375,38.684467,2025-10-01 10:00:00
다사37505150,37.5630073833623,126.79231678837799,937625,1951625,39.052933,2025-10-01 10:00:00
다사37505175,37.5652606045401,126.792295472663,937625,1951875,39.01199,2025-10-01 10:00:00
다사37505200,37.5675138248455,126.79227415457399,937625,1952125,38.98834,2025-10-01 10:00:00
다사37505225,37.5697670442786,126.79225283411199,937625,1952375,38.779263,2025-10-01 10:00:00
다사37255200,37.5674968888085,126.78944345026001,937375,1952125,38.98959,2025-10-01 10:00:00
다사37255225,37.569750106872,126.789422044538,937375,1952375,38.961124,2025-10-01 10:00:00
다사37255250,37.5720033240629,126.78940063643299,937375,1952625,38.76168,2025-10-01 10:00:00
다사37255275,37.5742565403814,126.789379225943,937375,1952875,38.742535,2025-10-01 10:00:00
다사37255100,37.5584840078301,126.78952904931002,937375,1951125,39.14609,2025-10-01 10:00:00
다사37255125,37.5607372293833,126.789507653122,937375,1951375,39.099167,2025-10-01 10:00:00
다사37255150,37.5629904500642,126.789486254551,937375,1951625,39.061127,2025-10-01 10:00:00
다사37255175,37.5652436698726,126.789464853597,937375,1951875,39.020687,2025-10-01 10:00:00
다사37504850,37.53596866118961,126.792572391878,937625,1948625,39.865337,2025-10-01 10:00:00
다사37504875,37.5382218928346,126.79255110463001,937625,1948875,39.808796,2025-10-01 10:00:00
다사37504900,37.540475123607294,126.792529815012,937625,1949125,39.746014,2025-10-01 10:00:00
다사37504925,37.5427283535079,126.79250852302201,937625,1949375,39.692314,2025-10-01 10:00:00
다사37255300,37.576509755827296,126.789357813069,937375,1953125,38.71504,2025-10-01 10:00:00
다사37255325,37.578762970400604,126.789336397809,937375,1953375,38.699657,2025-10-01 10:00:00
다사37255350,37.5810161841014,126.789314980165,937375,1953625,38.681908,2025-10-01 10:00:00
다사37255375,37.583269396929495,126.78929356013398,937375,1953875,38.66244,2025-10-01 10:00:00
다사35755150,37.5628874253426,126.772503101973,935875,1951625,39.099197,2025-10-01 10:00:00
다사35755200,37.567393847423,126.772459274764,935875,1952125,39.033012,2025-10-01 10:00:00
다사35755225,37.569647057153794,126.77243735749799,935875,1952375,39.001083,2025-10-01 10:00:00
다사36004975,37.547132251171604,126.775486343341,936125,1949875,39.36853,2025-10-01 10:00:00
다사35755050,37.553874570706796,126.772590727112,935875,1950625,39.237118,2025-10-01 10:00:00
다사35755075,37.5561277856751,126.772568824487,935875,1950875,39.202045,2025-10-01 10:00:00
다사35755100,37.5583809997705,126.772546919422,935875,1951125,39.163967,2025-10-01 10:00:00
다사35755125,37.560634212993,126.77252501191799,935875,1951375,39.122917,2025-10-01 10:00:00
다사36005100,37.558398337387,126.77537726836,936125,1951125,39.161808,2025-10-01 10:00:00
다사36005125,37.560651552011706,126.775355446074,936125,1951375,39.122185,2025-10-01 10:00:00
다사36005150,37.562904765763605,126.77533362135799,936125,1951625,39.093323,2025-10-01 10:00:00
다사36005175,37.5651579786426,126.775311794211,936125,1951875,39.052864,2025-10-01 10:00:00
다사36005000,37.5493854701602,126.775464533204,936125,1950125,39.32281,2025-10-01 10:00:00
다사36005025,37.5516386882761,126.775442720637,936125,1950375,39.281162,2025-10-01 10:00:00
다사36005050,37.5538919055192,126.775420905641,936125,1950625,39.24707,2025-10-01 10:00:00
다사36005075,37.5561451218895,126.77539908821501,936125,1950875,39.200153,2025-10-01 10:00:00
다사35255025,37.5515864845676,126.766952447948,935375,1950375,39.27863,2025-10-01 10:00:00
다사35255050,37.553839697588394,126.766930377382,935375,1950625,39.243683,2025-10-01 10:00:00
다사35255075,37.55609290973629,126.76690830435801,935375,1950875,39.204937,2025-10-01 10:00:00
다사35255100,37.5583461210111,126.76688622887501,935375,1951125,39.16824,2025-10-01 10:00:00
다사35005050,37.5538221592829,126.764100206199,935125,1950625,39.246353,2025-10-01 10:00:00
다사35005075,37.5560753700122,126.764078047976,935125,1950875,39.20789,2025-10-01 10:00:00
다사35005100,37.5583285798685,126.76405588728501,935125,1951125,39.169483,2025-10-01 10:00:00
다사35505100,37.55836359431179,126.769716572924,935625,1951125,39.171024,2025-10-01 10:00:00
다사35505125,37.5606168061267,126.76969458020099,935625,1951375,39.137478,2025-10-01 10:00:00
다사35755000,37.5493681381516,126.772634525046,935875,1950125,39.326893,2025-10-01 10:00:00
다사35755025,37.5516213548656,126.772612627299,935875,1950375,39.284,2025-10-01 10:00:00
다사35505000,37.5493507383227,126.769804519327,935625,1950125,39.323574,2025-10-01 10:00:00
다사35505025,37.551603953629396,126.769782536399,935625,1950375,39.281803,2025-10-01 10:00:00
다사35505050,37.553857168063104,126.76976055102301,935625,1950625,39.245277,2025-10-01 10:00:00
다사35505075,37.556110381623995,126.76973856319799,935625,1950875,39.199474,2025-10-01 10:00:00
다사36505125,37.5606860265052,126.78101632166799,936625,1951375,39.112316,2025-10-01 10:00:00
다사36505150,37.5629392430452,126.780994667409,936625,1951625,39.077316,2025-10-01 10:00:00
다사36505175,37.565192458712396,126.780973010739,936625,1951875,39.04419,2025-10-01 10:00:00
다사36505200,37.567445673506896,126.780951351656,936625,1952125,39.010414,2025-10-01 10:00:00
다사36505025,37.5516731516191,126.781102914592,936625,1950375,39.28375,2025-10-01 10:00:00
다사36505050,37.5539263716496,126.781081269977,936625,1950625,39.236794,2025-10-01 10:00:00
다사36505075,37.5561795908074,126.781059622952,936625,1950875,39.198456,2025-10-01 10:00:00
다사36505100,37.5584328090927,126.781037973516,936625,1951125,39.15711,2025-10-01 10:00:00
다사36755000,37.54943705926279,126.78395457221201,936875,1950125,39.33633,2025-10-01 10:00:00
다사36755025,37.5516902815512,126.78393301518899,936875,1950375,39.280865,2025-10-01 10:00:00
다사36755050,37.55394350296721,126.78391145576599,936875,1950625,39.228992,2025-10-01 10:00:00
다사36755075,37.5561967235106,126.78388989394101,936875,1950875,39.189312,2025-10-01 10:00:00
다사36505225,37.5696988874287,126.780929690161,936625,1952375,38.98385,2025-10-01 10:00:00
다사36505250,37.5719521004777,126.78090802625401,936625,1952625,38.95871,2025-10-01 10:00:00
다사36505275,37.574205312654,126.780886359934,936625,1952875,38.762238,2025-10-01 10:00:00
다사36754975,37.5471838361018,126.78397612683399,936875,1949875,39.381516,2025-10-01 10:00:00
다사36255025,37.5516559538606,126.778272816404,936375,1950375,39.27737,2025-10-01 10:00:00
다사36255050,37.553909172500205,126.77825108659901,936375,1950625,39.23928,2025-10-01 10:00:00
다사36255075,37.556162390267,126.778229354373,936375,1950875,39.19398,2025-10-01 10:00:00
다사36255100,37.5584156071611,126.778207619727,936375,1951125,39.15488,2025-10-01 10:00:00
다사36005200,37.567411190648706,126.775289964633,936125,1952125,39.0318,2025-10-01 10:00:00
다사36005225,37.5696644017819,126.77526813262399,936125,1952375,38.99685,2025-10-01 10:00:00
다사36254975,37.547149513963596,126.77831626875602,936375,1949875,39.37912,2025-10-01 10:00:00
다사36255000,37.5494027343484,126.77829454379,936375,1950125,39.32592,2025-10-01 10:00:00
다사36255225,37.5696816785403,126.778098910182,936375,1952375,38.992065,2025-10-01 10:00:00
다사36255250,37.5719348901977,126.778077161008,936375,1952625,38.96473,2025-10-01 10:00:00
다사36504975,37.547166708940296,126.78114619658999,936625,1949875,39.378387,2025-10-01 10:00:00
다사36505000,37.549419930716,126.781124556796,936625,1950125,39.333534,2025-10-01 10:00:00
다사36255125,37.5606688231825,126.778185882661,936375,1951375,39.11885,2025-10-01 10:00:00
다사36255150,37.5629220383311,126.778164143173,936375,1951625,39.08215,2025-10-01 10:00:00
다사36255175,37.565175252607006,126.778142401264,936375,1951875,39.053867,2025-10-01 10:00:00
다사36255200,37.56742846601,126.778120656934,936375,1952125,39.019356,2025-10-01 10:00:00
다사62506525,37.6882899081609,127.07467497661999,962625,1965375,34.967358,2025-10-01 10:00:00
다사62506550,37.690543190917396,127.074662107468,962625,1965625,34.960083,2025-10-01 10:00:00
다사62506575,37.692796472807004,127.074649236882,962625,1965875,34.953594,2025-10-01 10:00:00
다사62506600,37.6950497538297,127.074636364862,962625,1966125,34.946186,2025-10-01 10:00:00
다사62506425,37.6792767684665,127.074726438892,962625,1964375,35.014114,2025-10-01 10:00:00
다사62506450,37.6815300546903,127.074713575474,962625,1964625,35.001545,2025-10-01 10:00:00
다사62506475,37.6837833400474,127.07470071062299,962625,1964875,34.9929,2025-10-01 10:00:00
다사62506500,37.6860366245376,127.074687844338,962625,1965125,34.9786,2025-10-01 10:00:00
다사62753875,37.4494470612489,127.07885739933,962875,1938875,43.638435,2025-10-01 10:00:00
다사62753900,37.4517004366061,127.078844765996,962875,1939125,43.629856,2025-10-01 10:00:00
다사62753925,37.4539538110984,127.07883213125601,962875,1939375,43.62265,2025-10-01 10:00:00
다사62753950,37.456207184725706,127.078819495109,962875,1939625,43.605606,2025-10-01 10:00:00
다사62506625,37.6973030339854,127.074623491408,962625,1966375,34.92715,2025-10-01 10:00:00
다사62753800,37.442686929988,127.078895290893,962875,1938125,44.851505,2025-10-01 10:00:00
다사62753825,37.444940307939795,127.078882661779,962875,1938375,44.863834,2025-10-01 10:00:00
다사62753850,37.4471936850268,127.07887003125799,962875,1938625,43.645725,2025-10-01 10:00:00
다사62506125,37.6522372661753,127.074880688178,962625,1961375,35.371765,2025-10-01 10:00:00
다사62506150,37.6544905627995,127.07486784194599,962625,1961625,35.355427,2025-10-01 10:00:00
다사62506175,37.6567438585571,127.07485499428199,962625,1961875,35.325306,2025-10-01 10:00:00
다사62506200,37.6589971534481,127.07484214518699,962625,1962125,35.271618,2025-10-01 10:00:00
다사62506025,37.643224071012604,127.07493205879999,962625,1960375,35.392735,2025-10-01 10:00:00
다사62506050,37.6454773711031,127.074919218291,962625,1960625,35.39228,2025-10-01 10:00:00
다사62506075,37.647730670327,127.074906376351,962625,1960875,35.386974,2025-10-01 10:00:00
다사62506100,37.649983968684396,127.07489353298,962625,1961125,35.385,2025-10-01 10:00:00
다사62506325,37.6702636149033,127.074777878235,962625,1963375,35.076015,2025-10-01 10:00:00
다사62506350,37.672516904594296,127.074765020548,962625,1963625,35.05866,2025-10-01 10:00:00
다사62506375,37.6747701934184,127.074752161429,962625,1963875,35.045,2025-10-01 10:00:00
다사62506400,37.6770234813758,127.074739300877,962625,1964125,35.025166,2025-10-01 10:00:00
다사62506225,37.661250447472504,127.074829294661,962625,1962375,35.200596,2025-10-01 10:00:00
다사62506250,37.6635037406303,127.074816442702,962625,1962625,35.153183,2025-10-01 10:00:00
다사62506275,37.66575703292129,127.074803589312,962625,1962875,35.126667,2025-10-01 10:00:00
다사62506300,37.6680103243457,127.07479073449,962625,1963125,35.099773,2025-10-01 10:00:00
다사62754475,37.503527831065604,127.078553810742,962875,1944875,37.76456,2025-10-01 10:00:00
다사62754500,37.5057811856596,127.078541143603,962875,1945125,37.415596,2025-10-01 10:00:00
다사62754525,37.508034539388206,127.078528475053,962875,1945375,36.981243,2025-10-01 10:00:00
다사62754550,37.510287892251505,127.078515805092,962875,1945625,36.648125,2025-10-01 10:00:00
다사62754375,37.4945144040364,127.078604465198,962875,1943875,38.9997,2025-10-01 10:00:00
다사62754400,37.4967677620917,127.078591803699,962875,1944125,38.730263,2025-10-01 10:00:00
다사62754425,37.4990211192816,127.07857914078998,962875,1944375,38.430107,2025-10-01 10:00:00
다사62754450,37.5012744756063,127.07856647647199,962875,1944625,38.103226,2025-10-01 10:00:00
다사62754675,37.5215546435863,127.078452434118,962875,1946875,35.18746,2025-10-01 10:00:00
다사62754700,37.5238079912569,127.07843975568899,962875,1947125,34.912525,2025-10-01 10:00:00
다사62754725,37.526061338062,127.07842707584801,962875,1947375,34.170296,2025-10-01 10:00:00
다사62754750,37.5283146840016,127.078414394594,962875,1947625,33.931286,2025-10-01 10:00:00
다사62754575,37.5125412442493,127.07850313371999,962875,1945875,36.339508,2025-10-01 10:00:00
다사62754600,37.5147945953817,127.078490460936,962875,1946125,36.04213,2025-10-01 10:00:00
다사62754625,37.517047945648706,127.078477786742,962875,1946375,35.75806,2025-10-01 10:00:00
다사62754650,37.5193012950503,127.078465111136,962875,1946625,35.466164,2025-10-01 10:00:00
다사62754075,37.4674740398875,127.07875629326401,962875,1940875,41.416256,2025-10-01 10:00:00
다사62754100,37.4697274083249,127.078743648672,962875,1941125,41.369087,2025-10-01 10:00:00
다사62754125,37.4719807758971,127.078731002672,962875,1941375,41.30958,2025-10-01 10:00:00
다사62754150,37.4742341426042,127.078718355264,962875,1941625,41.24668,2025-10-01 10:00:00
다사62753975,37.4584605574881,127.078806857554,962875,1939875,43.59803,2025-10-01 10:00:00
다사62754000,37.4607139293854,127.078794218593,962875,1940125,43.58005,2025-10-01 10:00:00
다사62754025,37.462967300417795,127.078781578224,962875,1940375,41.49004,2025-10-01 10:00:00
다사62754050,37.465220670585204,127.078768936448,962875,1940625,41.457474,2025-10-01 10:00:00
다사62754275,37.4855009631629,127.078655097096,962875,1942875,39.791386,2025-10-01 10:00:00
다사62754300,37.4877543246791,127.078642441236,962875,1943125,39.629257,2025-10-01 10:00:00
다사62754325,37.4900076853301,127.07862978396601,962875,1943375,39.44533,2025-10-01 10:00:00
다사62754350,37.4922610451159,127.078617125287,962875,1943625,39.236954,2025-10-01 10:00:00
다사62754175,37.476487508446205,127.078705706448,962875,1941875,41.167053,2025-10-01 10:00:00
다사62754200,37.4787408734231,127.07869305622299,962875,1942125,41.0778,2025-10-01 10:00:00
다사62754225,37.4809942375349,127.07868040458901,962875,1942375,40.975246,2025-10-01 10:00:00
다사62754250,37.483247600781496,127.07866775154699,962875,1942625,40.85408,2025-10-01 10:00:00
다사62504925,37.5440780094405,127.075495627556,962625,1949375,31.416548,2025-10-01 10:00:00
다사62504950,37.5463313476404,127.075482849823,962625,1949625,31.447775,2025-10-01 10:00:00
다사62504975,37.548584684974706,127.075470070667,962625,1949875,31.50584,2025-10-01 10:00:00
다사62505000,37.550838021443205,127.07545729008699,962625,1950125,31.568851,2025-10-01 10:00:00
다사62504825,37.5350646479836,127.075546724261,962625,1948375,32.11941,2025-10-01 10:00:00
다사62504850,37.5373179896463,127.075533952219,962625,1948625,32.032196,2025-10-01 10:00:00
다사62504875,37.539571330443394,127.075521178754,962625,1948875,31.965271,2025-10-01 10:00:00
다사62504900,37.5418246703748,127.07550840386601,962625,1949125,31.414019,2025-10-01 10:00:00
다사62505125,37.562104690798606,127.075393365834,962625,1951375,32.7798,2025-10-01 10:00:00
다사62505150,37.5643580220722,127.07538057671101,962625,1951625,32.89904,2025-10-01 10:00:00
다사62505175,37.566611352479896,127.075367786164,962625,1951875,32.966694,2025-10-01 10:00:00
다사62505200,37.568864682021605,127.07535499419201,962625,1952125,33.321827,2025-10-01 10:00:00
다사62505025,37.5530913570459,127.07544450808399,962625,1950375,31.647812,2025-10-01 10:00:00
다사62505050,37.5553446917828,127.07543172465701,962625,1950625,31.732855,2025-10-01 10:00:00
다사62505075,37.557598025653895,127.075418939807,962625,1950875,31.820906,2025-10-01 10:00:00
다사62505100,37.5598513586592,127.07540615353201,962625,1951125,31.8819,2025-10-01 10:00:00
다사62504525,37.5080244805155,127.075699877879,962625,1945375,37.14912,2025-10-01 10:00:00
다사62504550,37.510277832564704,127.07568712289302,962625,1945625,36.82147,2025-10-01 10:00:00
다사62504575,37.5125311837486,127.07567436648701,962625,1945875,36.505634,2025-10-01 10:00:00
다사62504600,37.514784534067005,127.07566160866001,962625,1946125,36.201714,2025-10-01 10:00:00
다사62504425,37.499011063664206,127.07575088362199,962625,1944375,38.555286,2025-10-01 10:00:00
다사62504450,37.5012644191751,127.07573813431601,962625,1944625,38.243813,2025-10-01 10:00:00
다사62504475,37.5035177738206,127.075725383591,962625,1944875,37.91822,2025-10-01 10:00:00
다사62504500,37.5057711276007,127.075712631445,962625,1945125,37.58012,2025-10-01 10:00:00
다사62504725,37.5260512726763,127.075597798209,962625,1947375,34.775425,2025-10-01 10:00:00
다사62504750,37.5283046178015,127.075585031855,962625,1947625,34.407097,2025-10-01 10:00:00
다사62504775,37.5305579620612,127.075572264079,962625,1947875,32.35932,2025-10-01 10:00:00
다사62504800,37.532811305455205,127.075559494881,962625,1948125,32.235474,2025-10-01 10:00:00
다사62504625,37.5170378835199,127.075648849412,962625,1946375,35.89833,2025-10-01 10:00:00
다사62504650,37.51929123210729,127.075636088743,962625,1946625,35.61574,2025-10-01 10:00:00
다사62504675,37.521544579829204,127.075623326653,962625,1946875,35.330017,2025-10-01 10:00:00
다사62504700,37.5237979266855,127.07561056314199,962625,1947125,35.051636,2025-10-01 10:00:00
다사62505725,37.616184402344295,127.07508603339399,962625,1957375,35.42051,2025-10-01 10:00:00
다사62505750,37.6184377128317,127.075073210037,962625,1957625,35.28684,2025-10-01 10:00:00
다사62505775,37.620691022452796,127.075060385253,962625,1957875,35.30571,2025-10-01 10:00:00
다사62505800,37.6229443312076,127.075047559039,962625,1958125,35.322666,2025-10-01 10:00:00
다사62505625,37.6071711517318,127.07513731253701,962625,1956375,34.22766,2025-10-01 10:00:00
다사62505650,37.60942446568429,127.075124494893,962625,1956625,34.360214,2025-10-01 10:00:00
다사62505675,37.6116777787706,127.07511167582199,962625,1956875,35.20712,2025-10-01 10:00:00
다사62505700,37.6139310909906,127.075098855322,962625,1957125,35.313133,2025-10-01 10:00:00
다사62505925,37.6342108619859,127.074983406536,962625,1959375,35.390263,2025-10-01 10:00:00
다사62505950,37.6364641655423,127.074970571747,962625,1959625,35.394886,2025-10-01 10:00:00
다사62505975,37.6387174682322,127.07495773552799,962625,1959875,35.39528,2025-10-01 10:00:00
다사62506000,37.6409707700557,127.074944897879,962625,1960125,35.39637,2025-10-01 10:00:00
다사62505825,37.625197639096,127.075034731397,962625,1958375,35.343643,2025-10-01 10:00:00
다사62505850,37.6274509461181,127.075021902325,962625,1958625,35.3524,2025-10-01 10:00:00
다사62505875,37.629704252273704,127.07500907182501,962625,1958875,35.36787,2025-10-01 10:00:00
다사62505900,37.631957557563,127.074996239895,962625,1959125,35.3797,2025-10-01 10:00:00
다사62505325,37.5801313167415,127.075291012957,962625,1953375,33.622913,2025-10-01 10:00:00
다사62505350,37.5823846410875,127.07527821243299,962625,1953625,33.64778,2025-10-01 10:00:00
다사62505375,37.5846379645674,127.07526541048401,962625,1953875,33.694435,2025-10-01 10:00:00
다사62505400,37.586891287181395,127.075252607109,962625,1954125,33.76154,2025-10-01 10:00:00
다사62505225,37.5711180106975,127.075342200795,962625,1952375,33.36227,2025-10-01 10:00:00
다사62505250,37.5733713385075,127.075329405973,962625,1952625,33.58686,2025-10-01 10:00:00
다사62505275,37.5756246654514,127.07531660972602,962625,1952875,33.59906,2025-10-01 10:00:00
다사62505300,37.5778779915294,127.075303812054,962625,1953125,33.60978,2025-10-01 10:00:00
다사62505525,37.598157887259795,127.075188568839,962625,1955375,33.86874,2025-10-01 10:00:00
다사62505550,37.6004112046771,127.07517575690399,962625,1955625,34.01401,2025-10-01 10:00:00
다사62505575,37.602664521228206,127.07516294354299,962625,1955875,34.10869,2025-10-01 10:00:00
다사62505600,37.6049178369131,127.075150128754,962625,1956125,34.24777,2025-10-01 10:00:00
다사62505425,37.5891446089292,127.075239802308,962625,1954375,33.853073,2025-10-01 10:00:00
다사62505450,37.591397929811,127.07522699608101,962625,1954625,33.966797,2025-10-01 10:00:00
다사62505475,37.593651249826706,127.075214188427,962625,1954875,34.105522,2025-10-01 10:00:00
다사62505500,37.595904568976295,127.07520137934601,962625,1955125,33.7308,2025-10-01 10:00:00
다사62256175,37.6567336777667,127.072020766532,962375,1961875,35.35364,2025-10-01 10:00:00
다사62256200,37.658986971835,127.07200783178499,962375,1962125,35.266537,2025-10-01 10:00:00
다사62256225,37.6612402650367,127.071994895597,962375,1962375,35.178753,2025-10-01 10:00:00
다사62256250,37.6634935573717,127.071981957967,962375,1962625,35.134007,2025-10-01 10:00:00
다사62256075,37.64772049282671,127.07207249111299,962375,1960875,35.39493,2025-10-01 10:00:00
다사62256100,37.6499737903616,127.072059562129,962375,1961125,35.38571,2025-10-01 10:00:00
다사62256125,37.6522270870299,127.07204663170401,962375,1961375,35.3855,2025-10-01 10:00:00
다사62256150,37.6544803828316,127.072033699838,962375,1961625,35.38268,2025-10-01 10:00:00
다사62256375,37.674760006045496,127.071917248195,962375,1963875,35.04608,2025-10-01 10:00:00
다사62256400,37.6770132931799,127.071904301914,962375,1964125,35.03453,2025-10-01 10:00:00
다사62256425,37.6792665794474,127.071891354191,962375,1964375,35.023125,2025-10-01 10:00:00
다사62256450,37.681519864848106,127.071878405026,962375,1964625,35.00781,2025-10-01 10:00:00
다사62256275,37.66574684884,127.07196901889601,962375,1962875,35.106915,2025-10-01 10:00:00
다사62256300,37.6680001394415,127.071956078384,962375,1963125,35.080788,2025-10-01 10:00:00
다사62256325,37.6702534291763,127.071943136429,962375,1963375,35.06724,2025-10-01 10:00:00
다사62256350,37.672506718044296,127.07193019303301,962375,1963625,35.05507,2025-10-01 10:00:00
다사62255775,37.620680854818,127.072227526639,962375,1957875,35.680393,2025-10-01 10:00:00
다사62255800,37.622934162750894,127.072214614926,962375,1958125,35.563797,2025-10-01 10:00:00
다사62255825,37.6251874698174,127.072201701775,962375,1958375,35.510807,2025-10-01 10:00:00
다사62255850,37.6274407760175,127.072188787185,962375,1958625,35.482468,2025-10-01 10:00:00
다사62255675,37.6116676144227,127.072279159111,962375,1956875,35.480644,2025-10-01 10:00:00
다사62255700,37.613920925821,127.07226625315,962375,1957125,35.694366,2025-10-01 10:00:00
다사62255725,37.616174236353004,127.072253345751,962375,1957375,35.922905,2025-10-01 10:00:00
다사62255750,37.61842754601871,127.072240436914,962375,1957625,35.891087,2025-10-01 10:00:00
다사62255975,37.6387072940211,127.072124192651,962375,1959875,35.433758,2025-10-01 10:00:00
다사62256000,37.6409605950223,127.072111269426,962375,1960125,35.42591,2025-10-01 10:00:00
다사62256025,37.643213895157,127.072098344762,962375,1960375,35.41441,2025-10-01 10:00:00
다사62256050,37.6454671944251,127.072085418658,962375,1960625,35.40259,2025-10-01 10:00:00
다사62255875,37.629694081351204,127.072175871156,962375,1958875,35.470592,2025-10-01 10:00:00
다사62255900,37.6319473858184,127.072162953689,962375,1959125,35.462547,2025-10-01 10:00:00
다사62255925,37.6342006894191,127.07215003478201,962375,1959375,35.451405,2025-10-01 10:00:00
다사62255950,37.6364539921534,127.072137114436,962375,1959625,35.446205,2025-10-01 10:00:00
다사62504125,37.471970730040795,127.075903764611,962625,1941375,41.438206,2025-10-01 10:00:00
다사62504150,37.474224095934794,127.07589103232999,962625,1941625,41.37456,2025-10-01 10:00:00
다사62504175,37.4764774609636,127.07587829863,962625,1941875,41.294186,2025-10-01 10:00:00
다사62504200,37.4787308251272,127.07586556351299,962625,1942125,41.21253,2025-10-01 10:00:00
다사62504025,37.4629572578138,127.075954679564,962625,1940375,43.596733,2025-10-01 10:00:00
다사62504050,37.465210627168204,127.075941952951,962625,1940625,43.56967,2025-10-01 10:00:00
다사62504075,37.4674639956575,127.075929224922,962625,1940875,41.522026,2025-10-01 10:00:00
다사62504100,37.4697173632817,127.075916495475,962625,1941125,41.49104,2025-10-01 10:00:00
다사62504325,37.4899976329672,127.07580186665199,962625,1943375,40.47456,2025-10-01 10:00:00
다사62504350,37.4922509919394,127.075789123023,962625,1943625,40.28085,2025-10-01 10:00:00
다사62504375,37.4945043500463,127.075776377976,962625,1943875,40.05223,2025-10-01 10:00:00
다사62504400,37.4967577072879,127.075763631509,962625,1944125,39.80132,2025-10-01 10:00:00
다사62504225,37.4809841884257,127.075852826978,962625,1942375,41.099705,2025-10-01 10:00:00
다사62504250,37.483237550858895,127.07584008902398,962625,1942625,40.97745,2025-10-01 10:00:00
다사62504275,37.4854909124269,127.075827349652,962625,1942875,40.836338,2025-10-01 10:00:00
다사62504300,37.4877442731297,127.07581460886101,962625,1943125,40.66172,2025-10-01 10:00:00
다사62256575,37.6927862788484,127.071813637552,962375,1965875,34.953686,2025-10-01 10:00:00
다사62256600,37.6950395590476,127.071800679728,962375,1966125,34.94094,2025-10-01 10:00:00
다사62256625,37.6972928383799,127.071787720459,962375,1966375,34.934624,2025-10-01 10:00:00
다사62503800,37.4426768946986,127.076069155331,962625,1938125,44.85841,2025-10-01 10:00:00
다사62256475,37.683773149382,127.071865454417,962375,1964875,34.994232,2025-10-01 10:00:00
다사62256500,37.686026433049,127.07185250236601,962375,1965125,34.980473,2025-10-01 10:00:00
다사62256525,37.688279715849,127.071839548871,962375,1965375,34.975395,2025-10-01 10:00:00
다사62256550,37.6905329977822,127.071826593934,962375,1965625,34.96226,2025-10-01 10:00:00
다사62503925,37.4539437717458,127.07600557184401,962625,1939375,43.640907,2025-10-01 10:00:00
다사62503950,37.4561971445603,127.07599285089898,962625,1939625,43.63308,2025-10-01 10:00:00
다사62503975,37.45845051650979,127.07598012853701,962625,1939875,43.62742,2025-10-01 10:00:00
다사62504000,37.46070388759429,127.07596740475901,962625,1940125,43.609505,2025-10-01 10:00:00
다사62503825,37.4449302718379,127.076056441465,962625,1938375,44.87575,2025-10-01 10:00:00
다사62503850,37.4471836481123,127.07604372618401,962625,1938625,44.885918,2025-10-01 10:00:00
다사62503875,37.449437023521796,127.076031009487,962625,1938875,43.65611,2025-10-01 10:00:00
다사62503900,37.4516903980663,127.076018291374,962625,1939125,43.647446,2025-10-01 10:00:00
다사62254575,37.5125210555056,127.072845600675,962375,1945875,36.66057,2025-10-01 10:00:00
다사62254600,37.5147744050045,127.072832757804,962375,1946125,36.35302,2025-10-01 10:00:00
다사62254625,37.5170277536378,127.072819913503,962375,1946375,36.059757,2025-10-01 10:00:00
다사62254650,37.5192811014056,127.072807067771,962375,1946625,35.764004,2025-10-01 10:00:00
다사62254475,37.503507648855205,127.072896957859,962375,1944875,39.030403,2025-10-01 10:00:00
다사62254500,37.505761001816,127.072884120707,962375,1945125,38.708393,2025-10-01 10:00:00
다사62254525,37.5080143539114,127.072871282126,962375,1945375,38.367027,2025-10-01 10:00:00
다사62254550,37.5102677051412,127.07285844211599,962375,1945625,38.021324,2025-10-01 10:00:00
다사62254775,37.530547827260605,127.072742817652,962375,1947875,32.95033,2025-10-01 10:00:00
다사62254800,37.5328011698348,127.07272996333401,962375,1948125,32.360794,2025-10-01 10:00:00
다사62254825,37.5350545115432,127.07271710758499,962375,1948375,32.257767,2025-10-01 10:00:00
다사62254850,37.5373078523859,127.072704250404,962375,1948625,33.069923,2025-10-01 10:00:00
다사62254675,37.5215344483078,127.072794220609,962375,1946875,35.477264,2025-10-01 10:00:00
다사62254700,37.5237877943445,127.072781372017,962375,1947125,35.19736,2025-10-01 10:00:00
다사62254725,37.5260411395155,127.07276852199301,962375,1947375,34.933834,2025-10-01 10:00:00
다사62254750,37.52829448382089,127.072755670538,962375,1947625,34.672733,2025-10-01 10:00:00
다사62254175,37.4764673458264,127.07305089223101,962375,1941875,41.42672,2025-10-01 10:00:00
다사62254200,37.478720709171206,127.073038072222,962375,1942125,41.3453,2025-10-01 10:00:00
다사62254225,37.4809740716509,127.073025250784,962375,1942375,41.23749,2025-10-01 10:00:00
다사62254250,37.48322743326529,127.07301242791901,962375,1942625,41.119026,2025-10-01 10:00:00
다사62254075,37.467453883794796,127.07310215799801,962375,1940875,43.586216,2025-10-01 10:00:00
다사62254100,37.4697072506004,127.07308934369699,962375,1941125,43.557995,2025-10-01 10:00:00
다사62254125,37.4719606165409,127.073076527969,962375,1941375,43.52327,2025-10-01 10:00:00
다사62254150,37.4742139816162,127.073063710814,962375,1941625,41.50614,2025-10-01 10:00:00
다사62254375,37.4944942283577,127.07294829217301,962375,1943875,40.170147,2025-10-01 10:00:00
다사62254400,37.4967475847802,127.072935460738,962375,1944125,39.917072,2025-10-01 10:00:00
다사62254425,37.4990009403373,127.072922627874,962375,1944375,39.642185,2025-10-01 10:00:00
다사62254450,37.50125429502889,127.072909793581,962375,1944625,39.345726,2025-10-01 10:00:00
다사62254275,37.4854807940144,127.072999603626,962375,1942875,40.97203,2025-10-01 10:00:00
다사62254300,37.4877341538982,127.072986777905,962375,1943125,40.780037,2025-10-01 10:00:00
다사62254325,37.489987512916706,127.072973950756,962375,1943375,40.60219,2025-10-01 10:00:00
다사62254350,37.492240871069896,127.072961122179,962375,1943625,40.39289,2025-10-01 10:00:00
다사62255375,37.5846278100757,127.07243391857,962375,1953875,33.846394,2025-10-01 10:00:00
다사62255400,37.5868811318685,127.07242102984699,962375,1954125,33.914032,2025-10-01 10:00:00
다사62255425,37.58913445279529,127.072408139689,962375,1954375,34.00822,2025-10-01 10:00:00
다사62255450,37.591387772855896,127.07239524809499,962375,1954625,34.114788,2025-10-01 10:00:00
다사62255275,37.5756145142435,127.072485459106,962375,1952875,33.694336,2025-10-01 10:00:00
다사62255300,37.577867839500605,127.072472576125,962375,1953125,33.722687,2025-10-01 10:00:00
다사62255325,37.580121163891704,127.07245969170799,962375,1953375,33.750576,2025-10-01 10:00:00
다사62255350,37.5823744874167,127.07244680585698,962375,1953625,33.78936,2025-10-01 10:00:00
다사62255575,37.6026543601664,127.07233076858299,962375,1955875,34.258247,2025-10-01 10:00:00
다사62255600,37.6049076750299,127.07231786837099,962375,1956125,34.417538,2025-10-01 10:00:00
다사62255625,37.6071609890271,127.072304966721,962375,1956375,35.154705,2025-10-01 10:00:00
다사62255650,37.609414302158,127.072292063635,962375,1956625,35.308758,2025-10-01 10:00:00
다사62255475,37.5936410920504,127.072382355066,962375,1954875,34.2382,2025-10-01 10:00:00
다사62255500,37.595894410378705,127.0723694606,962375,1955125,33.85775,2025-10-01 10:00:00
다사62255525,37.5981477278408,127.072356564697,962375,1955375,34.00332,2025-10-01 10:00:00
다사62255550,37.6004010444367,127.07234366735901,962375,1955625,34.149155,2025-10-01 10:00:00
다사62254975,37.5485745436135,127.072639943018,962375,1949875,32.915596,2025-10-01 10:00:00
다사62255000,37.5508278792617,127.072627077243,962375,1950125,32.96309,2025-10-01 10:00:00
다사62255025,37.553081214044106,127.072614210035,962375,1950375,33.01949,2025-10-01 10:00:00
다사62255050,37.5553345479606,127.072601341394,962375,1950625,32.49421,2025-10-01 10:00:00
다사62254875,37.539561192362896,127.07269139179199,962375,1948875,32.983067,2025-10-01 10:00:00
다사62254900,37.5418145314742,127.072678531747,962375,1949125,32.918247,2025-10-01 10:00:00
다사62254925,37.5440678697198,127.07266567027,962375,1949375,32.892006,2025-10-01 10:00:00
다사62254950,37.5463212070996,127.07265280736,962375,1949625,32.88999,2025-10-01 10:00:00
다사62255175,37.566601204555,127.072536976686,962375,1951875,33.52917,2025-10-01 10:00:00
다사62255200,37.5688545332761,127.072524099442,962375,1952125,33.58597,2025-10-01 10:00:00
다사62255225,37.5711078611312,127.072511220765,962375,1952375,33.631035,2025-10-01 10:00:00
다사62255250,37.5733611881204,127.072498340653,962375,1952625,33.670788,2025-10-01 10:00:00
다사62255075,37.557587881011294,127.07258847131901,962375,1950875,32.5634,2025-10-01 10:00:00
다사62255100,37.5598412131961,127.072575599812,962375,1951125,32.666977,2025-10-01 10:00:00
다사62255125,37.5620945445149,127.07256272687,962375,1951375,32.827263,2025-10-01 10:00:00
다사62255150,37.5643478749679,127.072549852495,962375,1951625,33.125374,2025-10-01 10:00:00
다사62005825,37.625177232522205,127.069368673591,962125,1958375,35.648666,2025-10-01 10:00:00
다사62005850,37.627430537894796,127.069355673483,962125,1958625,35.60001,2025-10-01 10:00:00
다사62005875,37.629683842401,127.06934267192601,962125,1958875,35.56418,2025-10-01 10:00:00
다사62005900,37.6319371460406,127.069329668921,962125,1959125,35.533756,2025-10-01 10:00:00
다사62005725,37.6161640023671,127.069420659546,962125,1957375,35.89647,2025-10-01 10:00:00
다사62005750,37.618417311205505,127.069407665229,962125,1957625,35.903202,2025-10-01 10:00:00
다사62005775,37.620670619177496,127.069394669464,962125,1957875,35.815952,2025-10-01 10:00:00
다사62005800,37.6229239262831,127.069381672251,962125,1958125,35.72331,2025-10-01 10:00:00
다사62006025,37.643203651240796,127.069264632164,962125,1960375,35.42553,2025-10-01 10:00:00
다사62006050,37.645456949681,127.069251620465,962125,1960625,35.405132,2025-10-01 10:00:00
다사62006075,37.64771024725471,127.069238607316,962125,1960875,35.385693,2025-10-01 10:00:00
다사62006100,37.649963543961704,127.06922559271798,962125,1961125,35.368908,2025-10-01 10:00:00
다사62005925,37.6341904488138,127.069316664467,962125,1959375,35.514126,2025-10-01 10:00:00
다사62005950,37.6364437507204,127.069303658565,962125,1959625,35.491356,2025-10-01 10:00:00
다사62005975,37.638697051760396,127.069290651214,962125,1959875,35.47289,2025-10-01 10:00:00
다사62006000,37.640950351933895,127.069277642413,962125,1960125,35.44567,2025-10-01 10:00:00
다사62005425,37.5891242287326,127.069576478506,962125,1954375,34.160233,2025-10-01 10:00:00
다사62005450,37.5913775479666,127.069563501546,962125,1954625,34.265312,2025-10-01 10:00:00
다사62005475,37.593630866334294,127.069550523141,962125,1954875,34.38305,2025-10-01 10:00:00
다사62005500,37.5958841838359,127.06953754328998,962125,1955125,34.520206,2025-10-01 10:00:00
다사62005325,37.5801109431352,127.069628371895,962125,1953375,33.885914,2025-10-01 10:00:00
다사62005350,37.582364265833796,127.06961540071501,962125,1953625,33.931435,2025-10-01 10:00:00
다사62005375,37.5846175876662,127.06960242809099,962125,1953875,33.99276,2025-10-01 10:00:00
다사62005400,37.5868709086325,127.069589454021,962125,1954125,34.067924,2025-10-01 10:00:00
다사62005625,37.607150758349704,127.069472622343,962125,1956375,35.299698,2025-10-01 10:00:00
다사62005650,37.6094040706536,127.06945963381399,962125,1956625,35.46023,2025-10-01 10:00:00
다사62005675,37.6116573820911,127.069446643838,962125,1956875,35.627464,2025-10-01 10:00:00
다사62005700,37.613910692662294,127.069433652416,962125,1957125,35.785038,2025-10-01 10:00:00
다사62005525,37.5981375004712,127.069524561993,962125,1955375,34.13387,2025-10-01 10:00:00
다사62005550,37.6003908162402,127.06951157924999,962125,1955625,34.28398,2025-10-01 10:00:00
다사62005575,37.602644131142995,127.06949859506001,962125,1955875,34.401917,2025-10-01 10:00:00
다사62005600,37.6048974451795,127.06948560942499,962125,1956125,35.1523,2025-10-01 10:00:00
다사62253750,37.4381600365994,127.073268614142,962375,1937625,44.844555,2025-10-01 10:00:00
다사62253800,37.44266679183671,127.07324302118299,962375,1938125,44.869034,2025-10-01 10:00:00
다사62253825,37.444920168158,127.073230222567,962375,1938375,44.87884,2025-10-01 10:00:00
다사62253850,37.4471735436143,127.073217422525,962375,1938625,44.900658,2025-10-01 10:00:00
다사62006525,37.6882694553665,127.069004122566,962125,1965375,34.973385,2025-10-01 10:00:00
다사62006550,37.6905227364708,127.068991081843,962125,1965625,34.963997,2025-10-01 10:00:00
다사62006575,37.6927760167081,127.068978039667,962125,1965875,34.954113,2025-10-01 10:00:00
다사62006600,37.6950292960784,127.06896499603701,962125,1966125,34.93949,2025-10-01 10:00:00
다사62253975,37.4584404079208,127.073153400937,962375,1939875,43.64888,2025-10-01 10:00:00
다사62254000,37.460693778187,127.073140592341,962375,1940125,43.64206,2025-10-01 10:00:00
다사62254025,37.462947147588004,127.07312778232,962375,1940375,43.63085,2025-10-01 10:00:00
다사62254050,37.465200516124,127.073114970872,962375,1940625,43.61161,2025-10-01 10:00:00
다사62253875,37.4494269182057,127.07320462105899,962375,1938875,44.91945,2025-10-01 10:00:00
다사62253900,37.451680291932,127.073191818167,962375,1939125,44.93623,2025-10-01 10:00:00
다사62253925,37.4539336647933,127.07317901384899,962375,1939375,43.660957,2025-10-01 10:00:00
다사62253950,37.4561870367896,127.073166208106,962375,1939625,43.653557,2025-10-01 10:00:00
다사62006225,37.6612300144963,127.069160497974,962125,1962375,35.12733,2025-10-01 10:00:00
다사62006250,37.6634833060031,127.069147474673,962125,1962625,35.11517,2025-10-01 10:00:00
다사62006275,37.6657365966431,127.069134449922,962125,1962875,35.10468,2025-10-01 10:00:00
다사62006300,37.6679898864162,127.06912142371901,962125,1963125,35.091454,2025-10-01 10:00:00
다사62006125,37.652216839802,127.06921257667,962125,1961375,35.357296,2025-10-01 10:00:00
다사62006150,37.65447013477571,127.06919955917101,962125,1961625,35.36515,2025-10-01 10:00:00
다사62006175,37.65672342888261,127.069186540223,962125,1961875,35.392498,2025-10-01 10:00:00
다사62006200,37.658976722122794,127.069173519824,962125,1962125,35.192657,2025-10-01 10:00:00
다사62006425,37.6792563222797,127.069056270933,962125,1964375,35.031364,2025-10-01 10:00:00
다사62006450,37.6815096068518,127.06904323602,962125,1964625,35.01115,2025-10-01 10:00:00
다사62006475,37.6837628905569,127.069030199655,962125,1964875,34.995083,2025-10-01 10:00:00
다사62006500,37.6860161733952,127.06901716183701,962125,1965125,34.99072,2025-10-01 10:00:00
다사62006325,37.6702431753226,127.069108396065,962125,1963375,35.08234,2025-10-01 10:00:00
다사62006350,37.6724964633622,127.06909536696001,962125,1963625,35.066654,2025-10-01 10:00:00
다사62006375,37.6747497505349,127.06908233640301,962125,1963875,35.048958,2025-10-01 10:00:00
다사62006400,37.6770030368407,127.06906930439399,962125,1964125,35.039234,2025-10-01 10:00:00
다사62004225,37.4809638872106,127.070197676019,962125,1942375,43.452732,2025-10-01 10:00:00
다사62004250,37.483217248000706,127.070184768242,962125,1942625,43.350338,2025-10-01 10:00:00
다사62004275,37.4854706079255,127.070171859029,962125,1942875,43.23448,2025-10-01 10:00:00
다사62004300,37.487723966984895,127.070158948378,962125,1943125,43.094757,2025-10-01 10:00:00
다사62004125,37.4719504353975,127.07024929275299,962125,1941375,43.57904,2025-10-01 10:00:00
다사62004150,37.4742037996486,127.07023639072399,962125,1941625,43.540787,2025-10-01 10:00:00
다사62004175,37.4764571630346,127.070223487259,962125,1941875,43.61153,2025-10-01 10:00:00
다사62004200,37.47871052555529,127.070210582357,962125,1942125,43.548122,2025-10-01 10:00:00
다사62004425,37.4989907493011,127.070094373555,962125,1944375,39.764217,2025-10-01 10:00:00
다사62004450,37.5012441031681,127.070081454275,962125,1944625,39.467865,2025-10-01 10:00:00
다사62004475,37.5034974561696,127.07006853355699,962125,1944875,39.16729,2025-10-01 10:00:00
다사62004500,37.5057508083056,127.070055611399,962125,1945125,38.84363,2025-10-01 10:00:00
다사62004325,37.4899773251789,127.070146036289,962125,1943375,42.945393,2025-10-01 10:00:00
다사62004350,37.4922306825076,127.07013312276301,962125,1943625,40.521465,2025-10-01 10:00:00
다사62004375,37.494484038970796,127.070120207798,962125,1943875,40.295025,2025-10-01 10:00:00
다사62004400,37.4967373945687,127.07010729139601,962125,1944125,40.03269,2025-10-01 10:00:00
다사62003825,37.4449099969002,127.07040400509399,962125,1938375,44.895664,2025-10-01 10:00:00
다사62003850,37.447163371533,127.070391120292,962125,1938625,44.90823,2025-10-01 10:00:00
다사62003875,37.4494167453008,127.070378234056,962125,1938875,44.928795,2025-10-01 10:00:00
다사62003900,37.4516701182035,127.070365346386,962125,1939125,44.9541,2025-10-01 10:00:00
다사62003725,37.435896489719205,127.07045552995599,962125,1937375,44.834904,2025-10-01 10:00:00
다사62003750,37.4381498678119,127.07044265089199,962125,1937625,44.842144,2025-10-01 10:00:00
다사62003775,37.440403245039704,127.070429770393,962125,1937875,44.8553,2025-10-01 10:00:00
다사62003800,37.4426566214024,127.070416888461,962125,1938125,44.873318,2025-10-01 10:00:00
다사62004025,37.4629369697406,127.07030088650299,962125,1940375,43.655094,2025-10-01 10:00:00
다사62004050,37.465190337452604,127.07028799022,962125,1940625,43.65454,2025-10-01 10:00:00
다사62004075,37.4674437042994,127.0702750925,962125,1940875,43.63608,2025-10-01 10:00:00
다사62004100,37.469697070281,127.07026219334499,962125,1941125,43.615566,2025-10-01 10:00:00
다사62003925,37.4539234902411,127.07035245728001,962125,1939375,44.963593,2025-10-01 10:00:00
다사62003950,37.4561768614136,127.07033956673901,962125,1939625,43.670376,2025-10-01 10:00:00
다사62003975,37.4584302317211,127.070326674762,962125,1939875,43.67117,2025-10-01 10:00:00
다사62004000,37.460683601163396,127.07031378135001,962125,1940125,43.670753,2025-10-01 10:00:00
다사62005025,37.553071003201396,127.069783913419,962125,1950375,33.142773,2025-10-01 10:00:00
다사62005050,37.5553243362921,127.069770959563,962125,1950625,32.58901,2025-10-01 10:00:00
다사62005075,37.5575776685168,127.069758004265,962125,1950875,33.23069,2025-10-01 10:00:00
다사62005100,37.5598309998756,127.069745047524,962125,1951125,32.753834,2025-10-01 10:00:00
다사62004925,37.5440576621801,127.06983571441499,962125,1949375,33.065052,2025-10-01 10:00:00
다사62004950,37.5463109987342,127.069822766329,962125,1949625,33.057507,2025-10-01 10:00:00
다사62004975,37.5485643344225,127.069809816801,962125,1949875,33.072124,2025-10-01 10:00:00
다사62005000,37.5508176692449,127.069796865831,962125,1950125,33.106106,2025-10-01 10:00:00
다사62005225,37.5710976436801,127.069680242169,962125,1952375,33.729248,2025-10-01 10:00:00
다사62005250,37.573350969843,127.069667276767,962125,1952625,33.776188,2025-10-01 10:00:00
다사62005275,37.5756042951398,127.06965430992099,962125,1952875,33.810028,2025-10-01 10:00:00
다사62005300,37.5778576195705,127.06964134163,962125,1953125,33.84714,2025-10-01 10:00:00
다사62005125,37.5620843303684,127.06973208933998,962125,1951375,33.148846,2025-10-01 10:00:00
다사62005150,37.564337659995395,127.06971912971301,962125,1951625,33.22054,2025-10-01 10:00:00
다사62005175,37.566590988756296,127.069706168642,962125,1951875,33.630615,2025-10-01 10:00:00
다사62005200,37.5688443166512,127.069693206127,962125,1952125,33.685658,2025-10-01 10:00:00
다사62004625,37.5170175560026,127.06999097902398,962125,1946375,36.212784,2025-10-01 10:00:00
다사62004650,37.5192709029453,127.06997804823,962125,1946625,35.91777,2025-10-01 10:00:00
다사62004675,37.5215242490224,127.069965115996,962125,1946875,35.631042,2025-10-01 10:00:00
다사62004700,37.5237775942338,127.06995218232201,962125,1947125,35.357655,2025-10-01 10:00:00
다사62004525,37.5080041595761,127.070042687803,962125,1945375,38.51009,2025-10-01 10:00:00
다사62004550,37.510257509980995,127.070029762768,962125,1945625,38.166412,2025-10-01 10:00:00
다사62004575,37.5125108595205,127.070016836293,962125,1945875,37.81937,2025-10-01 10:00:00
다사62004600,37.5147642081943,127.07000390837798,962125,1946125,37.467518,2025-10-01 10:00:00
다사62004825,37.535044307305796,127.06988749234101,962125,1948375,33.85173,2025-10-01 10:00:00
다사62004850,37.5372976473231,127.06987455002199,962125,1948625,33.253864,2025-10-01 10:00:00
다사62004875,37.5395509864745,127.069861606261,962125,1948875,33.163292,2025-10-01 10:00:00
다사62004900,37.5418043247602,127.069848661059,962125,1949125,33.100544,2025-10-01 10:00:00
다사62004725,37.5260309385796,127.06993924720699,962125,1947375,35.091213,2025-10-01 10:00:00
다사62004750,37.5282842820597,127.06992631065201,962125,1947625,35.29692,2025-10-01 10:00:00
다사62004775,37.5305376246741,127.069913372656,962125,1947875,36.00244,2025-10-01 10:00:00
다사62004800,37.532790966422795,127.06990043321899,962125,1948125,34.318447,2025-10-01 10:00:00
다사61755575,37.6026338341581,127.06666642298401,961875,1955875,35.127083,2025-10-01 10:00:00
다사61755600,37.604887147362106,127.066653351925,961875,1956125,35.26244,2025-10-01 10:00:00
다사61755625,37.6071404596998,127.06664027941099,961875,1956375,35.40569,2025-10-01 10:00:00
다사61755650,37.6093937711711,127.06662720543999,961875,1956625,35.542942,2025-10-01 10:00:00
다사61755475,37.5936205726787,127.066718692662,961875,1954875,34.53453,2025-10-01 10:00:00
다사61755500,37.595873889348,127.06670562742501,961875,1955125,34.663773,2025-10-01 10:00:00
다사61755525,37.598127205151,127.06669256073401,961875,1955375,34.26292,2025-10-01 10:00:00
다사61755550,37.600380520087704,127.066679492587,961875,1955625,34.413383,2025-10-01 10:00:00
다사61755775,37.6206603155315,127.066561813736,961875,1957875,35.849293,2025-10-01 10:00:00
다사61755800,37.6229136218042,127.06654873102501,961875,1958125,35.79333,2025-10-01 10:00:00
다사61755825,37.6251669272104,127.06653564685499,961875,1958375,35.73165,2025-10-01 10:00:00
다사61755850,37.6274202317501,127.066522561229,961875,1958625,35.680153,2025-10-01 10:00:00
다사61755675,37.611647081776,127.066614130012,961875,1956875,35.683475,2025-10-01 10:00:00
다사61755700,37.613900391514605,127.066601053129,961875,1957125,35.79524,2025-10-01 10:00:00
다사61755725,37.616153700386704,127.06658797478799,961875,1957375,35.865685,2025-10-01 10:00:00
다사61755750,37.618407008392296,127.06657489499099,961875,1957625,35.883472,2025-10-01 10:00:00
다사61755175,37.5665807050839,127.06687536204201,961875,1951875,33.758953,2025-10-01 10:00:00
다사61755200,37.5688340321471,127.066862314256,961875,1952125,33.81192,2025-10-01 10:00:00
다사61755225,37.5710873583443,127.066849265018,961875,1952375,33.860107,2025-10-01 10:00:00
다사61755250,37.5733406836754,127.06683621432501,961875,1952625,33.903107,2025-10-01 10:00:00
다사61755075,37.5575673881706,127.066927538654,961875,1950875,33.908527,2025-10-01 10:00:00
다사61755100,37.5598207186979,127.06691449668001,961875,1951125,33.339024,2025-10-01 10:00:00
다사61755125,37.5620740483592,127.066901453253,961875,1951375,33.386723,2025-10-01 10:00:00
다사61755150,37.564327377154605,127.066888408374,961875,1951625,33.445774,2025-10-01 10:00:00
다사61755375,37.5846072973391,127.066770939056,961875,1953875,34.153255,2025-10-01 10:00:00
다사61755400,37.5868606174733,127.06675787964,961875,1954125,34.22541,2025-10-01 10:00:00
다사61755425,37.5891139367414,127.066744818769,961875,1954375,34.317574,2025-10-01 10:00:00
다사61755450,37.591367255143204,127.066731756443,961875,1954625,34.419994,2025-10-01 10:00:00
다사61755275,37.5755940081404,127.06682316218,961875,1952875,33.94272,2025-10-01 10:00:00
다사61755300,37.5778473317393,127.06681010858,961875,1953125,33.98255,2025-10-01 10:00:00
다사61755325,37.580100654472105,127.066797053526,961875,1953375,34.030567,2025-10-01 10:00:00
다사61755350,37.5823539763387,127.066783997019,961875,1953625,34.081615,2025-10-01 10:00:00
다사61756375,37.674739426886795,127.066247426063,961875,1963875,35.05567,2025-10-01 10:00:00
다사61756400,37.676992712358604,127.066234308326,961875,1964125,35.04532,2025-10-01 10:00:00
다사61756425,37.6792459969635,127.066221189127,961875,1964375,35.028595,2025-10-01 10:00:00
다사61756450,37.6814992807014,127.066208068467,961875,1964625,35.018032,2025-10-01 10:00:00
다사61756275,37.6657262763306,127.06629988239901,961875,1962875,35.121582,2025-10-01 10:00:00
다사61756300,37.6679795652699,127.066286770506,961875,1963125,35.10909,2025-10-01 10:00:00
다사61756325,37.6702328533424,127.06627365715299,961875,1963375,35.083305,2025-10-01 10:00:00
다사61756350,37.672486140548,127.06626054233801,961875,1963625,35.075756,2025-10-01 10:00:00
다사61756575,37.6927656863863,127.066142443234,961875,1965875,34.95197,2025-10-01 10:00:00
다사61756600,37.695018964922106,127.06612931379999,961875,1966125,34.94309,2025-10-01 10:00:00
다사62003675,37.431389730938896,127.070481283784,962125,1936875,44.803757,2025-10-01 10:00:00
다사62003700,37.4336431107615,127.070468407587,962125,1937125,44.813885,2025-10-01 10:00:00
다사61756475,37.6837525635724,127.06619494634501,961875,1964875,34.99702,2025-10-01 10:00:00
다사61756500,37.6860058455764,127.066181822761,961875,1965125,34.989346,2025-10-01 10:00:00
다사61756525,37.6882591267133,127.066168697714,961875,1965375,34.97876,2025-10-01 10:00:00
다사61756550,37.6905124069833,127.066155571205,961875,1965625,34.96569,2025-10-01 10:00:00
다사61755975,37.63868674145021,127.066457111226,961875,1959875,35.49601,2025-10-01 10:00:00
다사61756000,37.6409400407904,127.06644401685,961875,1960125,35.461864,2025-10-01 10:00:00
다사61756025,37.643193339264,127.066430921015,961875,1960375,35.438248,2025-10-01 10:00:00
다사61756050,37.6454466368709,127.066417823722,961875,1960625,35.40071,2025-10-01 10:00:00
다사61755875,37.6296735354233,127.066509474144,961875,1958875,35.638065,2025-10-01 10:00:00
다사61755900,37.6319268382299,127.066496385602,961875,1959125,35.5983,2025-10-01 10:00:00
다사61755925,37.634180140169896,127.066483295601,961875,1959375,35.567127,2025-10-01 10:00:00
다사61755950,37.6364334412434,127.06647020414302,961875,1959625,35.531265,2025-10-01 10:00:00
다사61756175,37.656713111905,127.066352315364,961875,1961875,35.16416,2025-10-01 10:00:00
다사61756200,37.6589664043116,127.06633920931299,961875,1962125,35.152058,2025-10-01 10:00:00
다사61756225,37.6612196958514,127.066326101802,961875,1962375,35.142242,2025-10-01 10:00:00
다사61756250,37.663472986524404,127.06631299283,961875,1962625,35.12915,2025-10-01 10:00:00
다사61756075,37.6476999336112,127.066404724969,961875,1960875,35.363388,2025-10-01 10:00:00
다사61756100,37.6499532294847,127.066391624757,961875,1961125,35.31294,2025-10-01 10:00:00
다사61756125,37.6522065244916,127.066378523086,961875,1961375,35.27703,2025-10-01 10:00:00
다사61756150,37.6544598186317,127.066365419955,961875,1961625,35.220352,2025-10-01 10:00:00
다사61753975,37.4584199879107,127.067499950023,961875,1939875,45.029026,2025-10-01 10:00:00
다사61754000,37.460673356523706,127.067486971795,961875,1940125,43.686157,2025-10-01 10:00:00
다사61754025,37.4629267242715,127.067473992122,961875,1940375,43.69281,2025-10-01 10:00:00
다사61754050,37.4651800911541,127.067461011003,961875,1940625,43.68749,2025-10-01 10:00:00
다사61753875,37.4494065048071,127.067551848489,961875,1938875,44.93708,2025-10-01 10:00:00
다사61753900,37.451659876880704,127.06753887603901,961875,1939125,44.953884,2025-10-01 10:00:00
다사61753925,37.4539132480892,127.06752590214501,961875,1939375,44.981857,2025-10-01 10:00:00
다사61753950,37.4561666184325,127.067512926807,961875,1939625,45.01164,2025-10-01 10:00:00
다사61754175,37.47644691258839,127.067396083724,961875,1941875,43.678493,2025-10-01 10:00:00
다사61754200,37.4787002742794,127.06738309392999,961875,1942125,43.6091,2025-10-01 10:00:00
다사61754225,37.480953635105,127.06737010268999,961875,1942375,43.527504,2025-10-01 10:00:00
다사61754250,37.483206995065295,127.06735711000299,961875,1942625,43.4183,2025-10-01 10:00:00
다사61754075,37.4674334571715,127.067448028439,961875,1940875,43.67674,2025-10-01 10:00:00
다사61754100,37.4696868223237,127.06743504442899,961875,1941125,43.660496,2025-10-01 10:00:00
다사61754125,37.471940186610496,127.06742205897301,961875,1941375,43.640537,2025-10-01 10:00:00
다사61754150,37.4741935500321,127.067409072072,961875,1941625,43.600273,2025-10-01 10:00:00
다사61506525,37.6882487298898,127.063333274324,961625,1965375,34.978386,2025-10-01 10:00:00
다사61506550,37.6905020093199,127.06332006203002,961625,1965625,34.960846,2025-10-01 10:00:00
다사61506575,37.6927552878829,127.063306848264,961625,1965875,34.94924,2025-10-01 10:00:00
다사61506600,37.6950085655789,127.063293633025,961625,1966125,34.938694,2025-10-01 10:00:00
다사61506425,37.679235603498796,127.06338610878299,961625,1964375,35.03199,2025-10-01 10:00:00
다사61506450,37.6814888863971,127.063372902376,961625,1964625,35.020454,2025-10-01 10:00:00
다사61506475,37.683742168428296,127.063359694497,961625,1964875,34.999443,2025-10-01 10:00:00
다사61506500,37.6859954495926,127.06334648514601,961625,1965125,34.98704,2025-10-01 10:00:00
다사61753775,37.440393007862,127.06760372384599,961875,1937875,44.858406,2025-10-01 10:00:00
다사61753800,37.4426463833958,127.06759075717301,961875,1938125,44.879177,2025-10-01 10:00:00
다사61753825,37.44489975806471,127.06757778905501,961875,1938375,44.9003,2025-10-01 10:00:00
다사61753850,37.4471531318684,127.067564819494,961875,1938625,44.912926,2025-10-01 10:00:00
다사61753675,37.4313794970764,127.06765557610599,961875,1936875,44.801777,2025-10-01 10:00:00
다사61753700,37.4336328760703,127.067642615206,961875,1937125,44.817707,2025-10-01 10:00:00
다사61753725,37.435886254199204,127.067629652863,961875,1937375,44.827248,2025-10-01 10:00:00
다사61753750,37.4381396314631,127.067616689076,961875,1937625,44.84194,2025-10-01 10:00:00
다사61754775,37.530527354301704,127.067083929101,961875,1947875,37.00091,2025-10-01 10:00:00
다사61754800,37.5327806952195,127.067070904545,961875,1948125,36.741154,2025-10-01 10:00:00
다사61754825,37.5350340352716,127.067057878539,961875,1948375,34.08344,2025-10-01 10:00:00
다사61754850,37.5372873744578,127.06704485108101,961875,1948625,33.939453,2025-10-01 10:00:00
다사61754675,37.5215139819729,127.06713601282301,961875,1946875,36.60657,2025-10-01 10:00:00
다사61754700,37.5237673263537,127.06712299406799,961875,1947125,36.038578,2025-10-01 10:00:00
다사61754725,37.5260206698687,127.067109973862,961875,1947375,35.75845,2025-10-01 10:00:00
다사61754750,37.528274012518104,127.067096952207,961875,1947625,37.28997,2025-10-01 10:00:00
다사61754975,37.5485540574016,127.06697969202801,961875,1949875,33.64975,2025-10-01 10:00:00
다사61755000,37.5508073913928,127.066966655862,961875,1950125,33.592503,2025-10-01 10:00:00
다사61755025,37.553060724518,127.066953618245,961875,1950375,33.615013,2025-10-01 10:00:00
다사61755050,37.555314056777206,127.066940579176,961875,1950625,33.873558,2025-10-01 10:00:00
다사61754875,37.5395407127783,127.067031822173,961875,1948875,33.825012,2025-10-01 10:00:00
다사61754900,37.541794050232895,127.06701879181401,961875,1949125,33.74223,2025-10-01 10:00:00
다사61754925,37.5440473868217,127.067005760003,961875,1949375,33.686543,2025-10-01 10:00:00
다사61754950,37.5463007225446,127.066992726741,961875,1949625,33.655815,2025-10-01 10:00:00
다사61754375,37.4944737818857,127.067292124862,961875,1943875,42.60426,2025-10-01 10:00:00
다사61754400,37.4967271366535,127.067279123492,961875,1944125,42.372265,2025-10-01 10:00:00
다사61754425,37.498980490555795,127.067266120674,961875,1944375,39.882183,2025-10-01 10:00:00
다사61754450,37.5012338435925,127.06725311640801,961875,1944625,39.58688,2025-10-01 10:00:00
다사61754275,37.4854603541602,127.067344115869,961875,1942875,43.29735,2025-10-01 10:00:00
다사61754300,37.487713712389706,127.06733112028799,961875,1943125,43.15782,2025-10-01 10:00:00
다사61754325,37.489967069753796,127.06731812326001,961875,1943375,42.99193,2025-10-01 10:00:00
다사61754350,37.4922204262525,127.06730512478501,961875,1943625,42.7968,2025-10-01 10:00:00
다사61754575,37.512500595793206,127.06718807335,961875,1945875,37.96485,2025-10-01 10:00:00
다사61754600,37.514753943636606,127.06717506039301,961875,1946125,37.62111,2025-10-01 10:00:00
다사61754625,37.5170072906144,127.06716204598601,961875,1946375,37.27726,2025-10-01 10:00:00
다사61754650,37.5192606367265,127.06714903012899,961875,1946625,36.941998,2025-10-01 10:00:00
다사61754475,37.503487195763796,127.06724011069299,961875,1944875,39.28726,2025-10-01 10:00:00
다사61754500,37.5057405470695,127.06722710353,961875,1945125,38.966087,2025-10-01 10:00:00
다사61754525,37.50799389750971,127.067214094919,961875,1945375,38.6405,2025-10-01 10:00:00
다사61754550,37.5102472470843,127.06720108485901,961875,1945625,38.3065,2025-10-01 10:00:00
다사61505325,37.5800902979024,127.06396573661199,961625,1953375,34.1854,2025-10-01 10:00:00
다사61505350,37.5823436189316,127.063952594776,961625,1953625,34.238293,2025-10-01 10:00:00
다사61505375,37.5845969390945,127.063939451477,961625,1953875,34.304886,2025-10-01 10:00:00
다사61505400,37.5868502583912,127.06392630671301,961625,1954125,34.383327,2025-10-01 10:00:00
다사61505225,37.571077005124,127.064018289319,961625,1952375,34.007607,2025-10-01 10:00:00
다사61505250,37.573330329617896,127.064005153337,961625,1952625,34.051025,2025-10-01 10:00:00
다사61505275,37.5755836532456,127.063992015892,961625,1952875,34.093197,2025-10-01 10:00:00
다사61505300,37.577836976007106,127.06397887698401,961625,1953125,34.136787,2025-10-01 10:00:00
다사61505525,37.5981168418803,127.06386056093001,961625,1955375,34.391922,2025-10-01 10:00:00
다사61505550,37.600370155979206,127.063847407379,961625,1955625,35.126797,2025-10-01 10:00:00
다사61505575,37.6026234692116,127.063834252363,961625,1955875,35.24433,2025-10-01 10:00:00
다사61505600,37.6048767815777,127.06382109588199,961625,1956125,35.358467,2025-10-01 10:00:00
다사61505425,37.58910357682161,127.063913160486,961625,1954375,34.472122,2025-10-01 10:00:00
다사61505450,37.591356894385704,127.063900012794,961625,1954625,34.573612,2025-10-01 10:00:00
다사61505475,37.5936102110836,127.063886863638,961625,1954875,34.680695,2025-10-01 10:00:00
다사61505500,37.5958635269151,127.063873713016,961625,1955125,34.707848,2025-10-01 10:00:00
다사61504925,37.5440370436445,127.064175807042,961625,1949375,33.92585,2025-10-01 10:00:00
다사61504950,37.5462903785308,127.06416268860399,961625,1949625,33.893143,2025-10-01 10:00:00
다사61504975,37.5485437125511,127.064149568705,961625,1949875,33.879684,2025-10-01 10:00:00
다사61505000,37.5507970457055,127.064136447345,961625,1950125,33.872723,2025-10-01 10:00:00
다사61504825,37.5350236954405,127.064228266186,961625,1948375,34.317963,2025-10-01 10:00:00
다사61504850,37.537277033790296,127.06421515359101,961625,1948625,34.178665,2025-10-01 10:00:00
다사61504875,37.539530371274296,127.064202039535,961625,1948875,34.070534,2025-10-01 10:00:00
다사61504900,37.5417837078923,127.06418892401899,961625,1949125,33.987045,2025-10-01 10:00:00
다사61505125,37.5620636984874,127.06407081862,961625,1951375,33.554005,2025-10-01 10:00:00
다사61505150,37.56431702644571,127.064057688488,961625,1951625,33.609493,2025-10-01 10:00:00
다사61505175,37.5665703535379,127.06404455689501,961625,1951875,33.905506,2025-10-01 10:00:00
다사61505200,37.568823679764,127.064031423838,961625,1952125,33.9582,2025-10-01 10:00:00
다사61505025,37.5530503779939,127.064123324524,961625,1950375,33.89136,2025-10-01 10:00:00
다사61505050,37.5553037094163,127.06411020023998,961625,1950625,34.085136,2025-10-01 10:00:00
다사61505075,37.5575570399727,127.064097074495,961625,1950875,34.10773,2025-10-01 10:00:00
다사61505100,37.5598103696631,127.064083947289,961625,1951125,33.519394,2025-10-01 10:00:00
다사61506125,37.652196141098706,127.063544470961,961625,1961375,35.239235,2025-10-01 10:00:00
다사61506150,37.654449434399794,127.06353128219801,961625,1961625,35.19613,2025-10-01 10:00:00
다사61506175,37.656702726834105,127.06351809196501,961625,1961875,35.181484,2025-10-01 10:00:00
다사61506200,37.6589560184015,127.06350490026199,961625,1962125,35.164593,2025-10-01 10:00:00
다사61506025,37.6431829592269,127.063597211325,961625,1960375,35.435677,2025-10-01 10:00:00
다사61506050,37.645436255995,127.063584028438,961625,1960625,35.38691,2025-10-01 10:00:00
다사61506075,37.6476895518963,127.063570844081,961625,1960875,35.341663,2025-10-01 10:00:00
다사61506100,37.6499428469309,127.063557658256,961625,1961125,35.297764,2025-10-01 10:00:00
다사61506325,37.670222463235795,127.063438919701,961625,1963375,35.10054,2025-10-01 10:00:00
다사61506350,37.672475749602,127.06342571917801,961625,1963625,35.079002,2025-10-01 10:00:00
다사61506375,37.6747290351012,127.06341251718399,961625,1963875,35.063507,2025-10-01 10:00:00
다사61506400,37.6769823197335,127.063399313719,961625,1964125,35.04908,2025-10-01 10:00:00
다사61506225,37.6612093091021,127.06349170709,961625,1962375,35.156498,2025-10-01 10:00:00
다사61506250,37.6634625989359,127.063478512448,961625,1962625,35.14497,2025-10-01 10:00:00
다사61506275,37.66571588790271,127.063465316336,961625,1962875,35.12782,2025-10-01 10:00:00
다사61506300,37.6679691760027,127.063452118754,961625,1963125,35.114395,2025-10-01 10:00:00
다사61505725,37.616143330411795,127.06375529148701,961625,1957375,35.845776,2025-10-01 10:00:00
다사61505750,37.6183966375792,127.06374212621,961625,1957625,35.864563,2025-10-01 10:00:00
다사61505775,37.6206499438801,127.063728959466,961625,1957875,35.85136,2025-10-01 10:00:00
다사61505800,37.6229032493145,127.06371579125499,961625,1958125,35.818153,2025-10-01 10:00:00
다사61505625,37.607130093077394,127.06380793793501,961625,1956375,35.482445,2025-10-01 10:00:00
다사61505650,37.6093834037107,127.063794778522,961625,1956625,35.60177,2025-10-01 10:00:00
다사61505675,37.6116367134775,127.06378161764299,961625,1956875,35.70986,2025-10-01 10:00:00
다사61505700,37.613890022377895,127.063768455298,961625,1957125,35.79065,2025-10-01 10:00:00
다사61505925,37.6341697634877,127.06364992819401,961625,1959375,35.608513,2025-10-01 10:00:00
다사61505950,37.6364230637225,127.063636751179,961625,1959625,35.56355,2025-10-01 10:00:00
다사61505975,37.6386763630906,127.063623572696,961625,1959875,35.517937,2025-10-01 10:00:00
다사61506000,37.640929661592104,127.063610392745,961625,1960125,35.484577,2025-10-01 10:00:00
다사61505825,37.6251565538823,127.063702621577,961625,1958375,35.78156,2025-10-01 10:00:00
다사61505850,37.6274098575835,127.063689450433,961625,1958625,35.736855,2025-10-01 10:00:00
다사61505875,37.629663160418204,127.063676277821,961625,1958875,35.69118,2025-10-01 10:00:00
다사61505900,37.6319164623863,127.06366310374099,961625,1959125,35.64658,2025-10-01 10:00:00
다사61503725,37.4358759511234,127.064803777212,961625,1937375,44.823326,2025-10-01 10:00:00
다사61503750,37.438129327553,127.064790728704,961625,1937625,44.840405,2025-10-01 10:00:00
다사61503775,37.4403827031175,127.064777678743,961625,1937875,44.85588,2025-10-01 10:00:00
다사61503800,37.442636077817,127.06476462732799,961625,1938125,44.88083,2025-10-01 10:00:00
다사61256600,37.6949980980487,127.060457953724,961375,1966125,34.932476,2025-10-01 10:00:00
다사61503650,37.4291158166443,127.064842914023,961625,1936625,44.787495,2025-10-01 10:00:00
다사61503675,37.431369195669,127.064829869872,961625,1936875,44.7933,2025-10-01 10:00:00
다사61503700,37.4336225738287,127.064816824268,961625,1937125,44.81093,2025-10-01 10:00:00
다사61503925,37.453902938337706,127.064699348456,961625,1939375,44.99282,2025-10-01 10:00:00
다사61503950,37.4561563078464,127.06468628831999,961625,1939625,45.023834,2025-10-01 10:00:00
다사61503975,37.458409676489794,127.064673226729,961625,1939875,45.047913,2025-10-01 10:00:00
다사61504000,37.4606630442681,127.06466016368499,961625,1940125,45.081005,2025-10-01 10:00:00
다사61503825,37.4448894516514,127.064751574461,961625,1938375,44.89871,2025-10-01 10:00:00
다사61503850,37.447142824620705,127.06473852014,961625,1938625,44.91669,2025-10-01 10:00:00
다사61503875,37.4493961967249,127.06472546436599,961625,1938875,44.941086,2025-10-01 10:00:00
다사61503900,37.4516495679639,127.064712407137,961625,1939125,44.973755,2025-10-01 10:00:00
다사61256300,37.6679587186147,127.060617468472,961375,1963125,35.121418,2025-10-01 10:00:00
다사61256325,37.6702120050029,127.06060418372,961375,1963375,35.104073,2025-10-01 10:00:00
다사61256350,37.6724652905241,127.060590897488,961375,1963625,35.082645,2025-10-01 10:00:00
다사61256375,37.6747185751783,127.060577609776,961375,1963875,35.065918,2025-10-01 10:00:00
다사61256200,37.6589455643926,127.060670592682,961375,1962125,35.179546,2025-10-01 10:00:00
다사61256225,37.6611988542485,127.060657313848,961375,1962375,35.159195,2025-10-01 10:00:00
다사61256250,37.6634521432375,127.060644033536,961375,1962625,35.151436,2025-10-01 10:00:00
다사61256275,37.6657054313596,127.060630751744,961375,1962875,35.137325,2025-10-01 10:00:00
다사61256500,37.685984985443895,127.060511149004,961375,1965125,34.991856,2025-10-01 10:00:00
다사61256525,37.688238264895794,127.060497852406,961375,1965375,34.97442,2025-10-01 10:00:00
다사61256550,37.690491543480604,127.06048455432699,961375,1965625,34.96169,2025-10-01 10:00:00
다사61256575,37.692744821198204,127.060471254766,961375,1965875,34.946026,2025-10-01 10:00:00
다사61256400,37.6769718589656,127.060564320583,961375,1964125,35.051235,2025-10-01 10:00:00
다사61256425,37.679225141885794,127.06055102991002,961375,1964375,35.029156,2025-10-01 10:00:00
다사61256450,37.6814784239389,127.06053773775601,961375,1964625,35.015144,2025-10-01 10:00:00
다사61256475,37.6837317051249,127.06052444411999,961375,1964875,35.00308,2025-10-01 10:00:00
다사61504525,37.507983567712294,127.064385503484,961625,1945375,38.76326,2025-10-01 10:00:00
다사61504550,37.510236916451,127.0643724084,961625,1945625,38.438267,2025-10-01 10:00:00
다사61504575,37.5124902643241,127.06435931185699,961625,1945875,38.105698,2025-10-01 10:00:00
다사61504600,37.514743611331504,127.064346213856,961625,1946125,37.77211,2025-10-01 10:00:00
다사61504425,37.4989701641014,127.064437869241,961625,1944375,42.12169,2025-10-01 10:00:00
다사61504450,37.5012235163024,127.064424779988,961625,1944625,41.861706,2025-10-01 10:00:00
다사61504475,37.503476867638,127.06441168927799,961625,1944875,41.584293,2025-10-01 10:00:00
다사61504500,37.5057302181079,127.06439859711,961625,1945125,39.085888,2025-10-01 10:00:00
다사61504725,37.526010333383,127.064280701968,961625,1947375,37.731873,2025-10-01 10:00:00
다사61504750,37.5282636751961,127.064267595212,961625,1947625,37.438286,2025-10-01 10:00:00
다사61504775,37.5305170161434,127.064254486997,961625,1947875,37.17494,2025-10-01 10:00:00
다사61504800,37.5327703562249,127.064241377322,961625,1948125,36.927498,2025-10-01 10:00:00
다사61504625,37.516996957473204,127.064333114396,961625,1946375,37.43973,2025-10-01 10:00:00
다사61504650,37.51925030274929,127.064320013478,961625,1946625,37.107216,2025-10-01 10:00:00
다사61504675,37.5215036471596,127.0643069111,961625,1946875,38.675934,2025-10-01 10:00:00
다사61504700,37.5237569907042,127.06429380726401,961625,1947125,38.317497,2025-10-01 10:00:00
다사61504125,37.471929870180205,127.06459482663999,961625,1941375,43.694572,2025-10-01 10:00:00
다사61504150,37.4741832327668,127.06458175486601,961625,1941625,43.65602,2025-10-01 10:00:00
다사61504175,37.4764365944879,127.064568681636,961625,1941875,43.614647,2025-10-01 10:00:00
다사61504200,37.478689955343704,127.06455560695,961625,1942125,43.68271,2025-10-01 10:00:00
다사61504025,37.462916411181105,127.064647099186,961625,1940375,45.174026,2025-10-01 10:00:00
다사61504050,37.4651697772288,127.064634033232,961625,1940625,45.196354,2025-10-01 10:00:00
다사61504075,37.46742314241121,127.064620965823,961625,1940875,43.70826,2025-10-01 10:00:00
다사61504100,37.4696765067284,127.064607896959,961625,1941125,43.701054,2025-10-01 10:00:00
다사61504325,37.4899567466416,127.064490211679,961625,1943375,43.02862,2025-10-01 10:00:00
다사61504350,37.492210102304796,127.064477128255,961625,1943625,42.831818,2025-10-01 10:00:00
다사61504375,37.4944634571025,127.064464043374,961625,1943875,42.612213,2025-10-01 10:00:00
다사61504400,37.4967168110347,127.064450957036,961625,1944125,42.3778,2025-10-01 10:00:00
다사61504225,37.4809433153342,127.064542530808,961625,1942375,43.599007,2025-10-01 10:00:00
다사61504250,37.48319667445921,127.06452945321001,961625,1942625,43.495007,2025-10-01 10:00:00
다사61504275,37.4854500327187,127.064516374156,961625,1942875,43.364277,2025-10-01 10:00:00
다사61504300,37.4877033901129,127.064503293646,961625,1943125,43.20603,2025-10-01 10:00:00
다사61255100,37.5597999527713,127.061253399359,961375,1951125,33.724907,2025-10-01 10:00:00
다사61255125,37.562053280753105,127.061240185448,961375,1951375,33.75457,2025-10-01 10:00:00
다사61255150,37.564306607868794,127.06122697006501,961375,1951625,33.80363,2025-10-01 10:00:00
다사61255175,37.5665599341184,127.06121375321001,961375,1951875,34.16392,2025-10-01 10:00:00
다사61255000,37.550786632183105,127.061306240289,961375,1950125,34.117176,2025-10-01 10:00:00
다사61255025,37.5530399636292,127.061293032264,961375,1950375,34.12958,2025-10-01 10:00:00
다사61255050,37.5552932942093,127.06127982276699,961375,1950625,34.3146,2025-10-01 10:00:00
다사61255075,37.557546623923294,127.061266611799,961375,1950875,33.579117,2025-10-01 10:00:00
다사61255300,37.5778265523739,127.06114764685101,961375,1953125,34.30068,2025-10-01 10:00:00
다사61255325,37.5800798734264,127.061134421161,961375,1953375,34.347744,2025-10-01 10:00:00
다사61255350,37.5823331936126,127.06112119399799,961375,1953625,34.413532,2025-10-01 10:00:00
다사61255375,37.5845865129325,127.061107965361,961375,1953875,34.47143,2025-10-01 10:00:00
다사61255200,37.5688132595019,127.061200534883,961375,1952125,34.12757,2025-10-01 10:00:00
다사61255225,37.571066584019206,127.061187315084,961375,1952375,34.170555,2025-10-01 10:00:00
다사61255250,37.573319907670296,127.06117409381201,961375,1952625,34.216133,2025-10-01 10:00:00
다사61255275,37.575573230455205,127.061160871068,961375,1952875,34.25623,2025-10-01 10:00:00
다사61254700,37.5237465872855,127.061464621919,961375,1947125,38.438457,2025-10-01 10:00:00
다사61254725,37.5259999291226,127.061451431532,961375,1947375,37.872894,2025-10-01 10:00:00
다사61254750,37.5282532700939,127.06143823967699,961375,1947625,37.596527,2025-10-01 10:00:00
다사61254775,37.530506610199396,127.061425046352,961375,1947875,37.34391,2025-10-01 10:00:00
다사61254600,37.514733211279,127.061517368778,961375,1946125,37.915783,2025-10-01 10:00:00
다사61254625,37.5169865565793,127.061504184266,961375,1946375,37.59767,2025-10-01 10:00:00
다사61254650,37.5192399010138,127.06149099828501,961375,1946625,39.26174,2025-10-01 10:00:00
다사61254675,37.5214932445825,127.061477810836,961375,1946875,38.778305,2025-10-01 10:00:00
다사61254900,37.54177329773871,127.061359057685,961375,1949125,34.23334,2025-10-01 10:00:00
다사61254925,37.5440266326487,127.06134585554199,961375,1949375,34.17246,2025-10-01 10:00:00
다사61254950,37.5462799666929,127.06133265192899,961375,1949625,34.136253,2025-10-01 10:00:00
다사61254975,37.548533299871,127.06131944684401,961375,1949875,34.110012,2025-10-01 10:00:00
다사61254800,37.532759949439104,127.06141185155799,961375,1948125,37.124973,2025-10-01 10:00:00
다사61254825,37.535013287812795,127.061398655295,961375,1948375,36.9278,2025-10-01 10:00:00
다사61254850,37.537266625320704,127.061385457561,961375,1948625,34.42763,2025-10-01 10:00:00
다사61254875,37.5395199619626,127.061372258358,961375,1948875,34.320354,2025-10-01 10:00:00
다사61255900,37.631906018509795,127.060829823348,961375,1959125,35.68316,2025-10-01 10:00:00
다사61255925,37.6341593187672,127.060816562254,961375,1959375,35.638905,2025-10-01 10:00:00
다사61255950,37.6364126181578,127.060803299683,961375,1959625,35.591976,2025-10-01 10:00:00
다사61255975,37.638665916681795,127.060790035634,961375,1959875,35.541714,2025-10-01 10:00:00
다사61255800,37.622892808813894,127.060882852953,961375,1958125,35.834812,2025-10-01 10:00:00
다사61255825,37.6251461125378,127.060869597766,961375,1958375,35.80445,2025-10-01 10:00:00
다사61255850,37.627399415395104,127.060856341104,961375,1958625,35.768932,2025-10-01 10:00:00
다사61255875,37.629652717385795,127.060843082964,961375,1958875,35.727272,2025-10-01 10:00:00
다사61256100,37.649932396300294,127.060723693223,961375,1961125,35.293083,2025-10-01 10:00:00
다사61256125,37.65218568962361,127.060710420306,961375,1961375,35.23428,2025-10-01 10:00:00
다사61256150,37.6544389820801,127.06069714591001,961375,1961625,35.20925,2025-10-01 10:00:00
다사61256175,37.6566922736698,127.060683870035,961375,1961875,35.19336,2025-10-01 10:00:00
다사61256000,37.640919214339,127.06077677010799,961375,1960125,35.49494,2025-10-01 10:00:00
다사61256025,37.6431725111295,127.060763503104,961375,1960375,35.44347,2025-10-01 10:00:00
다사61256050,37.6454258070532,127.060750234622,961375,1960625,35.394096,2025-10-01 10:00:00
다사61256075,37.6476791021101,127.060736964662,961375,1960875,35.348392,2025-10-01 10:00:00
다사61255500,37.5958530965374,127.061041800072,961375,1955125,35.719696,2025-10-01 10:00:00
다사61255525,37.5981064106593,127.06102856259199,961375,1955375,35.801075,2025-10-01 10:00:00
다사61255550,37.60035972391479,127.061015323638,961375,1955625,35.36438,2025-10-01 10:00:00
다사61255575,37.6026130363039,127.06100208320801,961375,1955875,35.334274,2025-10-01 10:00:00
다사61255400,37.5868398313861,127.061094735251,961375,1954125,34.551693,2025-10-01 10:00:00
다사61255425,37.5890931489734,127.061081503667,961375,1954375,34.636723,2025-10-01 10:00:00
다사61255450,37.5913464656944,127.06106827061001,961375,1954625,34.731915,2025-10-01 10:00:00
다사61255475,37.5935997815491,127.06105503607799,961375,1954875,35.648174,2025-10-01 10:00:00
다사61255700,37.6138795852524,127.060935858934,961375,1957125,35.78895,2025-10-01 10:00:00
다사61255725,37.6161328924426,127.06092260965299,961375,1957375,35.831997,2025-10-01 10:00:00
다사61255750,37.618386198766295,127.06090935889601,961375,1957625,35.849957,2025-10-01 10:00:00
다사61255775,37.6206395042234,127.060896106662,961375,1957875,35.850826,2025-10-01 10:00:00
다사61255600,37.6048663478265,127.060988841304,961375,1956125,35.441452,2025-10-01 10:00:00
다사61255625,37.6071196584827,127.060975597924,961375,1956375,35.54545,2025-10-01 10:00:00
다사61255650,37.6093729682725,127.06096235307,961375,1956625,35.640015,2025-10-01 10:00:00
다사61255675,37.611626277195704,127.06094910674,961375,1956875,35.724827,2025-10-01 10:00:00
다사61006450,37.681467893326996,127.05770257461701,961125,1964625,35.016262,2025-10-01 10:00:00
다사61006475,37.68372117366229,127.057689195225,961125,1964875,35.001595,2025-10-01 10:00:00
다사61006500,37.685974453130605,127.057675814343,961125,1965125,34.978107,2025-10-01 10:00:00
다사61006525,37.6882277317317,127.05766243196999,961125,1965375,34.969013,2025-10-01 10:00:00
다사61006350,37.6724547633146,127.057756077279,961125,1963625,35.084515,2025-10-01 10:00:00
다사61006375,37.674708047118294,127.05774270384799,961125,1963875,35.06975,2025-10-01 10:00:00
다사61006400,37.6769613300549,127.05772932892799,961125,1964125,35.04631,2025-10-01 10:00:00
다사61006425,37.6792146121245,127.05771595251801,961125,1964375,35.036556,2025-10-01 10:00:00
다사61253700,37.4336122040369,127.061991034783,961375,1937125,44.811024,2025-10-01 10:00:00
다사61253725,37.4358655804919,127.061977903015,961375,1937375,44.818672,2025-10-01 10:00:00
다사61253750,37.4381189560817,127.061964769785,961375,1937625,44.83498,2025-10-01 10:00:00
다사61253775,37.4403723308065,127.06195163509199,961375,1937875,44.858883,2025-10-01 10:00:00
다사61006550,37.69048100946561,127.057649048106,961125,1965625,34.951107,2025-10-01 10:00:00
다사61006575,37.692734286332296,127.05763566275101,961125,1965875,34.940544,2025-10-01 10:00:00
다사61253650,37.42910544853179,127.062017293933,961375,1936625,45.166637,2025-10-01 10:00:00
다사61253675,37.4313588267169,127.062004165089,961375,1936875,44.79434,2025-10-01 10:00:00
다사61006050,37.645415290045705,127.057916442285,961125,1960625,35.40698,2025-10-01 10:00:00
다사61006075,37.6476685842528,127.057903086721,961125,1960875,35.362316,2025-10-01 10:00:00
다사61006100,37.649921877593,127.057889729669,961125,1961125,35.306362,2025-10-01 10:00:00
다사61006125,37.65217517006629,127.05787637113,961125,1961375,35.25773,2025-10-01 10:00:00
다사61005950,37.6364021045494,127.057969849665,961125,1959625,35.61511,2025-10-01 10:00:00
다사61005975,37.638655402223705,127.057956500051,961125,1959875,35.570343,2025-10-01 10:00:00
다사61006000,37.64090869903121,127.05794314895,961125,1960125,35.514214,2025-10-01 10:00:00
다사61006025,37.6431619949719,127.05792979636101,961125,1960375,35.45633,2025-10-01 10:00:00
다사61006250,37.6634416194295,127.057809556103,961125,1962625,35.158806,2025-10-01 10:00:00
다사61006275,37.665694906701205,127.057796188631,961125,1962875,35.142582,2025-10-01 10:00:00
다사61006300,37.667948193106,127.05778281967,961125,1963125,35.122482,2025-10-01 10:00:00
다사61006325,37.6702014786438,127.057769449219,961125,1963375,35.1028,2025-10-01 10:00:00
다사61006150,37.6544284616728,127.05786301110201,961125,1961625,35.232998,2025-10-01 10:00:00
다사61006175,37.6566817524123,127.057849649585,961125,1961875,35.211903,2025-10-01 10:00:00
다사61006200,37.658935042285,127.05783628658001,961125,1962125,35.192604,2025-10-01 10:00:00
다사61006225,37.6611883312907,127.05782292208599,961125,1962375,35.17323,2025-10-01 10:00:00
다사61254300,37.4876930001545,127.06167546846001,961375,1943125,43.258537,2025-10-01 10:00:00
다사61254325,37.48994635584229,127.061662301554,961375,1943375,43.066204,2025-10-01 10:00:00
다사61254350,37.4921997106645,127.06164913318199,961375,1943625,42.852066,2025-10-01 10:00:00
다사61254375,37.494453064621204,127.061635963343,961375,1943875,42.614662,2025-10-01 10:00:00
다사61254200,37.4786795687484,127.061728121425,961375,1942125,43.76098,2025-10-01 10:00:00
다사61254225,37.4809329278981,127.061714960382,961375,1942375,43.674625,2025-10-01 10:00:00
다사61254250,37.4831862861824,127.061701797874,961375,1942625,43.561413,2025-10-01 10:00:00
다사61254275,37.485439643601204,127.06168863389999,961375,1942875,43.42462,2025-10-01 10:00:00
다사61254500,37.505719821420996,127.06157009214701,961375,1945125,41.27181,2025-10-01 10:00:00
다사61254525,37.507973170184,127.061556913507,961375,1945375,40.99009,2025-10-01 10:00:00
다사61254550,37.510226518081396,127.061543733398,961375,1945625,38.554005,2025-10-01 10:00:00
다사61254575,37.5124798651131,127.06153055182199,961375,1945875,38.241756,2025-10-01 10:00:00
다사61254400,37.496706417712396,127.06162279203801,961375,1944125,42.361515,2025-10-01 10:00:00
다사61254425,37.4989597699379,127.061609619266,961375,1944375,42.09958,2025-10-01 10:00:00
다사61254450,37.5012131212979,127.061596445027,961375,1944625,41.825844,2025-10-01 10:00:00
다사61254475,37.5034664717923,127.061583269321,961375,1944875,41.546387,2025-10-01 10:00:00
다사61253900,37.4516391914531,127.06188593969,961375,1939125,44.968952,2025-10-01 10:00:00
다사61253925,37.453892560986795,127.06187279622,961375,1939375,44.992397,2025-10-01 10:00:00
다사61253950,37.4561459296553,127.06185965128701,961375,1939625,45.023804,2025-10-01 10:00:00
다사61253975,37.4583992974586,127.06184650488998,961375,1939875,45.054283,2025-10-01 10:00:00
다사61253800,37.4426257046661,127.061938498937,961375,1938125,44.876907,2025-10-01 10:00:00
다사61253825,37.4448790776606,127.06192536132,961375,1938375,44.89447,2025-10-01 10:00:00
다사61253850,37.447132449790004,127.061912222239,961375,1938625,44.916027,2025-10-01 10:00:00
다사61253875,37.4493858210541,127.061899081696,961375,1938875,44.946053,2025-10-01 10:00:00
다사61254100,37.4696661234954,127.06178075094499,961375,1941125,45.2798,2025-10-01 10:00:00
다사61254125,37.4719194861067,127.061767595762,961375,1941375,45.29865,2025-10-01 10:00:00
다사61254150,37.4741728478527,127.061754439115,961375,1941625,45.312687,2025-10-01 10:00:00
다사61254175,37.476426208733294,127.061741281003,961375,1941875,45.320156,2025-10-01 10:00:00
다사61254000,37.4606526643965,127.061833357029,961375,1940125,45.09101,2025-10-01 10:00:00
다사61254025,37.462906030469206,127.06182020770399,961375,1940375,45.12484,2025-10-01 10:00:00
다사61254050,37.4651593956766,127.061807056915,961375,1940625,45.222713,2025-10-01 10:00:00
다사61254075,37.4674127600187,127.061793904662,961375,1940875,45.253555,2025-10-01 10:00:00
다사61004850,37.537256149049,127.05855576300199,961125,1948625,35.74573,2025-10-01 10:00:00
다사61004875,37.5395094848435,127.058542478652,961125,1948875,35.67951,2025-10-01 10:00:00
다사61004900,37.541762819772,127.058529192822,961125,1949125,34.485226,2025-10-01 10:00:00
다사61004925,37.5440161538344,127.058515905513,961125,1949375,34.428288,2025-10-01 10:00:00
다사61004750,37.5282427972116,127.058608885611,961125,1947625,37.75973,2025-10-01 10:00:00
다사61004775,37.5304961364699,127.058595607177,961125,1947875,37.52084,2025-10-01 10:00:00
다사61004800,37.5327494748622,127.058582327264,961125,1948125,37.304935,2025-10-01 10:00:00
다사61004825,37.5350028123885,127.058569045873,961125,1948375,37.12817,2025-10-01 10:00:00
다사61005050,37.555282811156395,127.05844944676399,961125,1950625,34.576687,2025-10-01 10:00:00
다사61005075,37.5575361400225,127.058436150573,961125,1950875,33.81672,2025-10-01 10:00:00
다사61005100,37.5597894680225,127.058422852901,961125,1951125,33.837185,2025-10-01 10:00:00
다사61005125,37.5620427951564,127.05840955374799,961125,1951375,33.98242,2025-10-01 10:00:00
다사61004950,37.5462694870309,127.058502616723,961125,1949625,34.382393,2025-10-01 10:00:00
다사61004975,37.5485228193614,127.058489326454,961125,1949875,34.380344,2025-10-01 10:00:00
다사61005000,37.5507761508258,127.05847603470501,961125,1950125,34.37772,2025-10-01 10:00:00
다사61005025,37.553029481424105,127.058462741475,961125,1950375,34.384834,2025-10-01 10:00:00
다사61004450,37.501202658579004,127.058768111532,961125,1944625,41.769886,2025-10-01 10:00:00
다사61004475,37.503456008226706,127.058754850831,961125,1944875,41.500877,2025-10-01 10:00:00
다사61004500,37.505709357008705,127.058741588652,961125,1945125,41.226677,2025-10-01 10:00:00
다사61004525,37.507962704925,127.058728324997,961125,1945375,40.964767,2025-10-01 10:00:00
다사61004350,37.492189251331794,127.058821139575,961125,1943625,42.859146,2025-10-01 10:00:00
다사61004375,37.4944426044421,127.058807884778,961125,1943875,42.60186,2025-10-01 10:00:00
다사61004400,37.4966959566867,127.05879462850599,961125,1944125,42.3305,2025-10-01 10:00:00
다사61004425,37.498949308065704,127.058781370757,961125,1944375,42.049557,2025-10-01 10:00:00
다사61004650,37.5192294315201,127.058661984561,961125,1946625,39.350998,2025-10-01 10:00:00
다사61004675,37.521482774241704,127.05864871204099,961125,1946875,39.030693,2025-10-01 10:00:00
다사61004700,37.5237361160976,127.058635438043,961125,1947125,38.712254,2025-10-01 10:00:00
다사61004725,37.5259894570875,127.058622162566,961125,1947375,38.41277,2025-10-01 10:00:00
다사61004550,37.5102160519755,127.058715059865,961125,1945625,40.696125,2025-10-01 10:00:00
다사61004575,37.5124693981603,127.05870179325501,961125,1945875,40.426006,2025-10-01 10:00:00
다사61004600,37.5147227434793,127.058688525168,961125,1946125,40.1321,2025-10-01 10:00:00
다사61004625,37.5169760879326,127.058675255604,961125,1946375,39.67261,2025-10-01 10:00:00
다사61005650,37.6093624648565,127.058129929093,961125,1956625,35.672913,2025-10-01 10:00:00
다사61005675,37.611615772930605,127.058116597312,961125,1956875,35.73988,2025-10-01 10:00:00
다사61005700,37.6138690801382,127.058103264046,961125,1957125,35.79699,2025-10-01 10:00:00
다사61005725,37.6161223864792,127.058089929294,961125,1957375,35.83073,2025-10-01 10:00:00
다사61005550,37.6003492238947,127.05818324136999,961125,1955625,35.78185,2025-10-01 10:00:00
다사61005575,37.6026025354349,127.058169915528,961125,1955875,35.546906,2025-10-01 10:00:00
다사61005600,37.604855846108606,127.058156588201,961125,1956125,35.51296,2025-10-01 10:00:00
다사61005625,37.6071091559158,127.05814325939,961125,1956375,35.59572,2025-10-01 10:00:00
다사61005850,37.627388905185,127.05802323325199,961125,1958625,35.792534,2025-10-01 10:00:00
다사61005875,37.6296422063262,127.058009889585,961125,1958875,35.7569,2025-10-01 10:00:00
다사61005900,37.631895506600706,127.057996544431,961125,1959125,35.715252,2025-10-01 10:00:00
다사61005925,37.6341488060084,127.057983197791,961125,1959375,35.66588,2025-10-01 10:00:00
다사61005750,37.6183756919537,127.05807659305799,961125,1957625,35.846855,2025-10-01 10:00:00
다사61005775,37.6206289965615,127.058063255335,961125,1957875,35.847054,2025-10-01 10:00:00
다사61005800,37.6228823003026,127.05804991612699,961125,1958125,35.844078,2025-10-01 10:00:00
다사61005825,37.625135603177206,127.058036575432,961125,1958375,35.818268,2025-10-01 10:00:00
다사61005250,37.5733094178329,127.05834303576,961125,1952625,34.396652,2025-10-01 10:00:00
다사61005275,37.5755627397696,127.058329727717,961125,1952875,34.434647,2025-10-01 10:00:00
다사61005300,37.57781606083989,127.058316418191,961125,1953125,34.474266,2025-10-01 10:00:00
다사61005325,37.580069381044,127.058303107183,961125,1953375,34.52296,2025-10-01 10:00:00
다사61005150,37.5642961214241,127.058396253114,961125,1951625,34.364212,2025-10-01 10:00:00
다사61005175,37.5665494468256,127.058382950998,961125,1951875,34.3846,2025-10-01 10:00:00
다사61005200,37.5688027713609,127.05836964740101,961125,1952125,34.405205,2025-10-01 10:00:00
다사61005225,37.571056095029995,127.05835634232099,961125,1952375,34.42379,2025-10-01 10:00:00
다사61005450,37.5913359690694,127.0582365299,961125,1954625,35.754963,2025-10-01 10:00:00
다사61005475,37.5935892840753,127.058223209993,961125,1954875,35.808796,2025-10-01 10:00:00
다사61005500,37.5958425982149,127.058209888603,961125,1955125,35.877262,2025-10-01 10:00:00
다사61005525,37.598095911488,127.058196565729,961125,1955375,35.95045,2025-10-01 10:00:00
다사61005350,37.5823227003818,127.058289794693,961125,1953625,34.583103,2025-10-01 10:00:00
다사61005375,37.5845760188532,127.05827648071899,961125,1953875,34.646843,2025-10-01 10:00:00
다사61005400,37.586829336458294,127.05826316526199,961125,1954125,36.00601,2025-10-01 10:00:00
다사61005425,37.589082653196996,127.058249848323,961125,1954375,36.02649,2025-10-01 10:00:00
다사60756150,37.6544178731779,127.05502887778098,960875,1961625,35.251682,2025-10-01 10:00:00
다사60756175,37.656671163061795,127.055015430623,960875,1961875,35.225338,2025-10-01 10:00:00
다사60756200,37.65892445207879,127.055001981967,960875,1962125,35.206654,2025-10-01 10:00:00
다사60756225,37.661177740228794,127.054988531813,960875,1962375,35.18241,2025-10-01 10:00:00
다사60756050,37.6454047049727,127.055082651435,960875,1960625,35.43291,2025-10-01 10:00:00
다사60756075,37.6476579983244,127.055069210268,960875,1960875,35.38003,2025-10-01 10:00:00
다사60756100,37.6499112908091,127.055055767604,960875,1961125,35.32714,2025-10-01 10:00:00
다사60756125,37.652164582427,127.05504232344101,960875,1961375,35.27649,2025-10-01 10:00:00
다사60756350,37.672444167973396,127.05492125855899,960875,1963625,35.084877,2025-10-01 10:00:00
다사60756375,37.6746974509211,127.054907799411,960875,1963875,35.065865,2025-10-01 10:00:00
다사60756400,37.6769507330017,127.054894338763,960875,1964125,35.04704,2025-10-01 10:00:00
다사60756425,37.6792040142152,127.054880876616,960875,1964375,35.02805,2025-10-01 10:00:00
다사60756250,37.6634310275118,127.05497508016,960875,1962625,35.169052,2025-10-01 10:00:00
다사60756275,37.6656843139278,127.054961627008,960875,1962875,35.141,2025-10-01 10:00:00
다사60756300,37.6679375994767,127.054948172358,960875,1963125,35.12615,2025-10-01 10:00:00
다사60756325,37.6701908841586,127.054934716208,960875,1963375,35.107357,2025-10-01 10:00:00
다사60755750,37.6183651171414,127.055243828705,960875,1957625,35.84765,2025-10-01 10:00:00
다사60755775,37.6206184208945,127.05523040549299,960875,1957875,35.857395,2025-10-01 10:00:00
다사60755800,37.6228717237808,127.055216980786,960875,1958125,35.851917,2025-10-01 10:00:00
다사60755825,37.6251250258004,127.05520355458401,960875,1958375,35.8381,2025-10-01 10:00:00
다사60755650,37.60935189346289,127.055297506602,960875,1956625,35.712498,2025-10-01 10:00:00
다사60755675,37.611605200682504,127.05528408937,960875,1956875,35.765537,2025-10-01 10:00:00
다사60755700,37.613858507035395,127.05527067064301,960875,1957125,35.80711,2025-10-01 10:00:00
다사60755725,37.616111812521794,127.05525725042101,960875,1957375,35.83756,2025-10-01 10:00:00
다사60755950,37.6363915228975,127.055136401133,960875,1959625,35.64087,2025-10-01 10:00:00
다사60755975,37.6386448197166,127.055122965954,960875,1959875,35.592415,2025-10-01 10:00:00
다사60756000,37.6408981156688,127.055109529278,960875,1960125,35.53935,2025-10-01 10:00:00
다사60756025,37.64315141075421,127.055096091105,960875,1960375,35.484962,2025-10-01 10:00:00
다사60755850,37.6273783269533,127.055190126886,960875,1958625,35.81486,2025-10-01 10:00:00
다사60755875,37.6296316272395,127.05517669769199,960875,1958875,35.781494,2025-10-01 10:00:00
다사60755900,37.631884926659005,127.05516326700199,960875,1959125,35.744957,2025-10-01 10:00:00
다사60755925,37.6341382252116,127.05514983481599,960875,1959375,35.69433,2025-10-01 10:00:00
다사61004050,37.465148946497706,127.058980082063,961125,1940625,45.1744,2025-10-01 10:00:00
다사61004075,37.46740230999389,127.058966844966,961125,1940875,45.26723,2025-10-01 10:00:00
다사61004100,37.469655672624704,127.058953606395,961125,1941125,45.303883,2025-10-01 10:00:00
다사61004125,37.4719090343901,127.05894036634899,961125,1941375,45.328205,2025-10-01 10:00:00
다사61003950,37.4561354838594,127.05903301571699,961125,1939625,45.02183,2025-10-01 10:00:00
다사61003975,37.458388850817,127.059019784514,961125,1939875,45.053223,2025-10-01 10:00:00
다사61004000,37.4606422169093,127.059006551837,961125,1940125,45.090176,2025-10-01 10:00:00
다사61004025,37.4628955821362,127.058993317687,961125,1940375,45.13015,2025-10-01 10:00:00
다사61004250,37.4831758302351,127.05887414400298,961125,1942625,43.637352,2025-10-01 10:00:00
다사61004275,37.4854291868076,127.058860895109,961125,1942875,43.491196,2025-10-01 10:00:00
다사61004300,37.4876825425146,127.05884764473998,961125,1943125,43.312973,2025-10-01 10:00:00
다사61004325,37.489935897356,127.058834392895,961125,1943375,43.100616,2025-10-01 10:00:00
다사61004150,37.47416239529,127.05892712482901,961125,1941625,45.346725,2025-10-01 10:00:00
다사61004175,37.4764157553245,127.058913881835,961125,1941875,45.36422,2025-10-01 10:00:00
다사61004200,37.4786691144935,127.05890063736601,961125,1942125,45.355682,2025-10-01 10:00:00
다사61004225,37.480922472797104,127.058887391422,961125,1942375,45.33864,2025-10-01 10:00:00
다사60756550,37.6904704072749,127.05481354337601,960875,1965625,34.940758,2025-10-01 10:00:00
다사61003675,37.4313483902201,127.059178461768,961125,1936875,45.182648,2025-10-01 10:00:00
다사61003700,37.433601766695,127.059165246759,961125,1937125,45.195473,2025-10-01 10:00:00
다사61003725,37.435855142304796,127.05915203027901,961125,1937375,45.21335,2025-10-01 10:00:00
다사60756450,37.681457294561504,127.05486741296801,960875,1964625,35.011265,2025-10-01 10:00:00
다사60756475,37.6837105740406,127.054853947821,960875,1964875,34.99286,2025-10-01 10:00:00
다사60756500,37.685963852652606,127.054840481173,960875,1965125,34.976402,2025-10-01 10:00:00
다사60756525,37.6882171303974,127.054827013025,960875,1965375,34.964695,2025-10-01 10:00:00
다사61003850,37.4471220073763,127.05908592580201,961125,1938625,44.90342,2025-10-01 10:00:00
다사61003875,37.4493753777949,127.05907270048999,961125,1938875,44.93614,2025-10-01 10:00:00
다사61003900,37.4516287473484,127.059059473705,961125,1939125,44.961315,2025-10-01 10:00:00
다사61003925,37.4538821160365,127.059046245448,961125,1939375,44.990532,2025-10-01 10:00:00
다사61003750,37.4381085170495,127.059138812327,961125,1937625,45.22979,2025-10-01 10:00:00
다사61003775,37.4403618909289,127.059125592904,961125,1937875,44.84682,2025-10-01 10:00:00
다사61003800,37.4426152639432,127.059112372009,961125,1938125,44.8654,2025-10-01 10:00:00
다사61003825,37.4448686360924,127.059099149641,961125,1938375,44.88315,2025-10-01 10:00:00
다사60754550,37.5102055181335,127.055886387808,960875,1945625,40.652218,2025-10-01 10:00:00
다사60754575,37.5124588634659,127.055873036166,960875,1945875,40.42307,2025-10-01 10:00:00
다사60754600,37.514712207932604,127.055859683036,960875,1946125,40.180264,2025-10-01 10:00:00
다사60754625,37.516965551533396,127.055846328419,960875,1946375,39.743584,2025-10-01 10:00:00
다사60754450,37.5011921281459,127.055939779514,960875,1944625,41.69442,2025-10-01 10:00:00
다사60754475,37.5034454769414,127.055926433817,960875,1944875,41.41234,2025-10-01 10:00:00
다사60754500,37.5056988248712,127.055913086634,960875,1945125,41.142414,2025-10-01 10:00:00
다사60754525,37.50795217193521,127.055899737964,960875,1945375,40.88432,2025-10-01 10:00:00
다사60754750,37.528232256549394,127.055779533023,960875,1947625,37.90768,2025-10-01 10:00:00
다사60754775,37.5304855949548,127.05576616948,960875,1947875,37.68733,2025-10-01 10:00:00
다사60754800,37.5327389324943,127.055752804449,960875,1948125,37.4887,2025-10-01 10:00:00
다사60754825,37.534992269167795,127.05573943793001,960875,1948375,37.31783,2025-10-01 10:00:00
다사60754650,37.5192188942683,127.055832972315,960875,1946625,39.440495,2025-10-01 10:00:00
다사60754675,37.5214722361374,127.055819614724,960875,1946875,39.135944,2025-10-01 10:00:00
다사60754700,37.5237255771406,127.05580625564501,960875,1947125,38.837154,2025-10-01 10:00:00
다사60754725,37.525978917277996,127.05579289507799,960875,1947375,38.55255,2025-10-01 10:00:00
다사60754150,37.474151875078796,127.05609981201799,960875,1941625,45.38124,2025-10-01 10:00:00
다사60754175,37.4764052342618,127.056086484142,960875,1941875,45.397163,2025-10-01 10:00:00
다사60754200,37.4786585925792,127.056073154781,960875,1942125,45.3925,2025-10-01 10:00:00
다사60754225,37.4809119500311,127.05605982393699,960875,1942375,45.369213,2025-10-01 10:00:00
다사60754050,37.4651384296922,127.056153108685,960875,1940625,45.170673,2025-10-01 10:00:00
다사60754075,37.467391792337104,127.056139786744,960875,1940875,45.277145,2025-10-01 10:00:00
다사60754100,37.4696451541165,127.056126463319,960875,1941125,45.3132,2025-10-01 10:00:00
다사60754125,37.4718985150304,127.05611313841001,960875,1941375,45.3501,2025-10-01 10:00:00
다사60754350,37.4921787243068,127.055993147443,960875,1943625,42.856827,2025-10-01 10:00:00
다사60754375,37.494432076565104,127.05597980769,960875,1943875,42.574375,2025-10-01 10:00:00
다사60754400,37.4966854279577,127.05596646645,960875,1944125,42.277824,2025-10-01 10:00:00
다사60754425,37.4989387784847,127.05595312372499,960875,1944375,41.982697,2025-10-01 10:00:00
다사60754250,37.4831653066174,127.05604649160802,960875,1942625,45.31777,2025-10-01 10:00:00
다사60754275,37.485418662338205,127.056033157794,960875,1942875,43.556232,2025-10-01 10:00:00
다사60754300,37.4876720171934,127.056019822496,960875,1943125,43.36238,2025-10-01 10:00:00
다사60754325,37.4899253711829,127.05600648571199,960875,1943375,43.128017,2025-10-01 10:00:00
다사60755350,37.5823121392392,127.05545839687001,960875,1953625,36.224865,2025-10-01 10:00:00
다사60755375,37.5845654568567,127.05544499756,960875,1953875,36.21086,2025-10-01 10:00:00
다사60755400,37.586818773607796,127.05543159675699,960875,1954125,36.207954,2025-10-01 10:00:00
다사60755425,37.5890720894924,127.055418194461,960875,1954375,35.89261,2025-10-01 10:00:00
다사60755250,37.573298860105794,127.05551197918999,960875,1952625,34.661865,2025-10-01 10:00:00
다사60755275,37.575552181188705,127.05549858584801,960875,1952875,34.61929,2025-10-01 10:00:00
다사60755300,37.5778055014052,127.055485191014,960875,1953125,34.65664,2025-10-01 10:00:00
다사60755325,37.5800588207554,127.05547179468799,960875,1953375,36.25495,2025-10-01 10:00:00
다사60755550,37.600338655918996,127.05535116058701,960875,1955625,36.126823,2025-10-01 10:00:00
다사60755575,37.6025919666048,127.05533774933201,960875,1955875,35.638283,2025-10-01 10:00:00
다사60755600,37.6048452764241,127.055324336583,960875,1956125,35.584347,2025-10-01 10:00:00
다사60755625,37.6070985853768,127.055310922339,960875,1956375,35.651894,2025-10-01 10:00:00
다사60755450,37.591325404510705,127.05540479067301,960875,1954625,35.935528,2025-10-01 10:00:00
다사60755475,37.5935787186624,127.055391385392,960875,1954875,35.981865,2025-10-01 10:00:00
다사60755500,37.5958320319478,127.055377978617,960875,1955125,36.038868,2025-10-01 10:00:00
다사60755525,37.5980853443666,127.05536457034901,960875,1955375,36.099144,2025-10-01 10:00:00
다사60754950,37.546258939545105,127.05567258299801,960875,1949625,34.66073,2025-10-01 10:00:00
다사60754975,37.548512271022396,127.055659207544,960875,1949875,34.6601,2025-10-01 10:00:00
다사60755000,37.5507656016336,127.0556458306,960875,1950125,34.663765,2025-10-01 10:00:00
다사60755025,37.5530189313787,127.05563245216699,960875,1950375,34.663357,2025-10-01 10:00:00
다사60754850,37.5372456049753,127.055726069921,960875,1948625,36.028847,2025-10-01 10:00:00
다사60754875,37.5394989399168,127.05571270042401,960875,1948875,35.96958,2025-10-01 10:00:00
다사60754900,37.541752273992294,127.055699329438,960875,1949125,35.93853,2025-10-01 10:00:00
다사60754925,37.5440056072018,127.055685956963,960875,1949375,35.930347,2025-10-01 10:00:00
다사60755150,37.564285567111504,127.055565537644,960875,1951625,34.29251,2025-10-01 10:00:00
다사60755175,37.5665388916595,127.05555215026699,960875,1951875,34.63186,2025-10-01 10:00:00
다사60755200,37.5687922153412,127.055538761399,960875,1952125,34.6445,2025-10-01 10:00:00
다사60755225,37.5710455381566,127.05552537103998,960875,1952375,34.656334,2025-10-01 10:00:00
다사60755050,37.5552722602576,127.055619072243,960875,1950625,34.17623,2025-10-01 10:00:00
다사60755075,37.557525588270394,127.055605690829,960875,1950875,34.079403,2025-10-01 10:00:00
다사60755100,37.5597789154169,127.055592307924,960875,1951125,34.09407,2025-10-01 10:00:00
다사60755125,37.562032241697295,127.05557892353,960875,1951375,34.100273,2025-10-01 10:00:00
다사60505850,37.6273676807002,127.052357022016,960625,1958625,35.839386,2025-10-01 10:00:00
다사60505875,37.6296209801259,127.05234350729499,960625,1958875,35.807213,2025-10-01 10:00:00
다사60505900,37.6318742786848,127.05232999106899,960625,1959125,35.771774,2025-10-01 10:00:00
다사60505925,37.6341275763769,127.052316473337,960625,1959375,35.721703,2025-10-01 10:00:00
다사60505750,37.618354474329706,127.052411065848,960625,1957625,35.867775,2025-10-01 10:00:00
다사60505775,37.6206077772225,127.052397557147,960625,1957875,35.868942,2025-10-01 10:00:00
다사60505800,37.6228610792485,127.05238404694201,960625,1958125,35.868523,2025-10-01 10:00:00
다사60505825,37.62511438040771,127.05237053523199,960625,1958375,35.857925,2025-10-01 10:00:00
다사60506050,37.6453940518342,127.05224886208299,960625,1960625,35.463814,2025-10-01 10:00:00
다사60506075,37.647647344325,127.052235335313,960625,1960875,35.411522,2025-10-01 10:00:00
다사60506100,37.649900635948796,127.052221807036,960625,1961125,35.352318,2025-10-01 10:00:00
다사60506125,37.6521539267056,127.052208277251,960625,1961375,35.30631,2025-10-01 10:00:00
다사60505950,37.6363808732021,127.052302954098,960625,1959625,35.675358,2025-10-01 10:00:00
다사60505975,37.6386341691605,127.05228943335399,960625,1959875,35.623817,2025-10-01 10:00:00
다사60506000,37.6408874642519,127.05227591110399,960625,1960125,35.56458,2025-10-01 10:00:00
다사60506025,37.6431407584765,127.05226238734699,960625,1960375,35.50621,2025-10-01 10:00:00
다사60505450,37.5913147720184,127.052573052939,960625,1954625,36.12346,2025-10-01 10:00:00
다사60505475,37.5935680853105,127.052559562283,960625,1954875,36.16434,2025-10-01 10:00:00
다사60505500,37.5958213977361,127.052546070124,960625,1955125,36.207577,2025-10-01 10:00:00
다사60505525,37.598074709295204,127.052532576463,960625,1955375,36.25439,2025-10-01 10:00:00
다사60505350,37.582301510185104,127.05262700053999,960625,1953625,36.432217,2025-10-01 10:00:00
다사60505375,37.584554826943105,127.052613515893,960625,1953875,36.417126,2025-10-01 10:00:00
다사60505400,37.5868081428347,127.052600029744,960625,1954125,36.068172,2025-10-01 10:00:00
다사60505425,37.5890614578598,127.052586542093,960625,1954375,36.09227,2025-10-01 10:00:00
다사60505650,37.609341254091895,127.052465085605,960625,1956625,35.75364,2025-10-01 10:00:00
다사60505675,37.611594560451294,127.052451582922,960625,1956875,35.794678,2025-10-01 10:00:00
다사60505700,37.6138478659442,127.05243807873501,960625,1957125,35.83288,2025-10-01 10:00:00
다사60505725,37.616101170570296,127.052424573043,960625,1957375,35.855717,2025-10-01 10:00:00
다사60505550,37.6003280199877,127.052519081298,960625,1955625,36.27218,2025-10-01 10:00:00
다사60505575,37.6025813298136,127.05250558463001,960625,1955875,36.326515,2025-10-01 10:00:00
다사60505600,37.604834638773,127.052492086458,960625,1956125,35.65101,2025-10-01 10:00:00
다사60505625,37.607087946865704,127.05247858678301,960625,1956375,35.70596,2025-10-01 10:00:00
다사60753750,37.4380980104562,127.05631285634199,960875,1937625,45.23017,2025-10-01 10:00:00
다사60753775,37.440351383484995,127.056299552188,960875,1937875,45.244007,2025-10-01 10:00:00
다사60753800,37.442604755648496,127.05628624655199,960875,1938125,45.272575,2025-10-01 10:00:00
다사60753825,37.4448581269467,127.056272939435,960875,1938375,45.294163,2025-10-01 10:00:00
다사60506550,37.6904597369087,127.051978040147,960625,1965625,34.839314,2025-10-01 10:00:00
다사60753675,37.431337886178795,127.056352759919,960875,1936875,45.18573,2025-10-01 10:00:00
다사60753700,37.4335912618031,127.056339460207,960875,1937125,45.200317,2025-10-01 10:00:00
다사60753725,37.435844636562294,127.056326159015,960875,1937375,45.20899,2025-10-01 10:00:00
다사60753950,37.456124970458795,127.056206381621,960875,1939625,45.01327,2025-10-01 10:00:00
다사60753975,37.458378336565204,127.056193065611,960875,1939875,45.040314,2025-10-01 10:00:00
다사60754000,37.4606317018063,127.05617974811899,960875,1940125,45.078716,2025-10-01 10:00:00
다사60754025,37.462885066182,127.056166429144,960875,1940375,45.125973,2025-10-01 10:00:00
다사60753850,37.4471114973798,127.056259630836,960875,1938625,44.89692,2025-10-01 10:00:00
다사60753875,37.4493648669475,127.056246320756,960875,1938875,44.916542,2025-10-01 10:00:00
다사60753900,37.4516182356499,127.05623300919301,960875,1939125,44.94437,2025-10-01 10:00:00
다사60753925,37.453871603487,127.05621969614799,960875,1939375,44.97178,2025-10-01 10:00:00
다사60506250,37.663420367484704,127.05214060571501,960625,1962625,35.171246,2025-10-01 10:00:00
다사60506275,37.6656736530394,127.052127066884,960625,1962875,35.15189,2025-10-01 10:00:00
다사60506300,37.6679269377269,127.052113526544,960625,1963125,35.13042,2025-10-01 10:00:00
다사60506325,37.6701802215474,127.05209998469601,960625,1963375,35.103092,2025-10-01 10:00:00
다사60506150,37.6544072165955,127.052194745959,960625,1961625,35.276817,2025-10-01 10:00:00
다사60506175,37.6566605056183,127.05218121316003,960625,1961875,35.24977,2025-10-01 10:00:00
다사60506200,37.658913793774204,127.052167678853,960625,1962125,35.21964,2025-10-01 10:00:00
다사60506225,37.661167081063,127.05215414303801,960625,1962375,35.199898,2025-10-01 10:00:00
다사60506450,37.6814466276425,127.05203225282,960625,1964625,34.998886,2025-10-01 10:00:00
다사60506475,37.683699906259896,127.052018701917,960625,1964875,34.984604,2025-10-01 10:00:00
다사60506500,37.6859531840101,127.052005149503,960625,1965125,34.966408,2025-10-01 10:00:00
다사60506525,37.688206460893,127.05199159558,960625,1965375,34.858036,2025-10-01 10:00:00
다사60506350,37.6724335045007,127.052086441339,960625,1963625,35.083363,2025-10-01 10:00:00
다사60506375,37.674686786586896,127.052072896473,960625,1963875,35.060665,2025-10-01 10:00:00
다사60506400,37.676940067806,127.052059350098,960625,1964125,35.03901,2025-10-01 10:00:00
다사60506425,37.679193348157796,127.052045802214,960625,1964375,35.023468,2025-10-01 10:00:00
다사60504250,37.4831547153294,127.053218840697,960625,1942625,45.346264,2025-10-01 10:00:00
다사60504275,37.485408070193,127.053205421964,960625,1942875,45.242523,2025-10-01 10:00:00
다사60504300,37.4876614241909,127.053192001736,960625,1943125,45.10201,2025-10-01 10:00:00
다사60504325,37.4899147773231,127.053178580014,960625,1943375,43.144665,2025-10-01 10:00:00
다사60504150,37.474141287219204,127.053272500691,960625,1941625,45.4026,2025-10-01 10:00:00
다사60504175,37.4763946455452,127.053259087933,960625,1941875,45.43125,2025-10-01 10:00:00
다사60504200,37.4786480030055,127.05324567368099,960625,1942125,45.432243,2025-10-01 10:00:00
다사60504225,37.480901359600296,127.053232257936,960625,1942375,45.405148,2025-10-01 10:00:00
다사60504450,37.5011815299987,127.053111448982,960625,1944625,41.587196,2025-10-01 10:00:00
다사60504475,37.5034348779366,127.05309801828999,960625,1944875,41.286415,2025-10-01 10:00:00
다사60504500,37.505688225008704,127.053084586102,960625,1945125,41.001186,2025-10-01 10:00:00
다사60504525,37.5079415712149,127.053071152418,960625,1945375,40.741596,2025-10-01 10:00:00
다사60504350,37.4921681295896,127.053165156798,960625,1943625,42.845146,2025-10-01 10:00:00
다사60504375,37.4944214809905,127.053151732086,960625,1943875,42.52967,2025-10-01 10:00:00
다사60504400,37.4966748315256,127.05313830588001,960625,1944125,42.21082,2025-10-01 10:00:00
다사60504425,37.498928181195005,127.05312487817899,960625,1944375,41.89995,2025-10-01 10:00:00
다사60503850,37.4471009198005,127.053433337353,960625,1938625,45.309982,2025-10-01 10:00:00
다사60503875,37.4493542885118,127.05341994250401,960625,1938875,45.337643,2025-10-01 10:00:00
다사60503900,37.4516076563578,127.053406546163,960625,1939125,45.362465,2025-10-01 10:00:00
다사60503925,37.4538610233384,127.053393148331,960625,1939375,45.395065,2025-10-01 10:00:00
다사60503750,37.4380874363021,127.053486901838,960625,1937625,45.23218,2025-10-01 10:00:00
다사60503775,37.4403408084747,127.05347351295299,960625,1937875,45.25003,2025-10-01 10:00:00
다사60503800,37.4425941797819,127.053460122577,960625,1938125,45.27123,2025-10-01 10:00:00
다사60503825,37.4448475502239,127.05344673071001,960625,1938375,45.285736,2025-10-01 10:00:00
다사60504050,37.4651278452603,127.05332613678999,960625,1940625,45.15092,2025-10-01 10:00:00
다사60504075,37.4673812070483,127.053312730005,960625,1940875,45.2024,2025-10-01 10:00:00
다사60504100,37.46963456797079,127.05329932172701,960625,1941125,45.30852,2025-10-01 10:00:00
다사60504125,37.4718879280278,127.053285911955,960625,1941375,45.35368,2025-10-01 10:00:00
다사60503950,37.4561143894536,127.053379749007,960625,1939625,44.986565,2025-10-01 10:00:00
다사60503975,37.458367754703396,127.053366348192,960625,1939875,45.02513,2025-10-01 10:00:00
다사60504000,37.4606211190878,127.053352945884,960625,1940125,45.060017,2025-10-01 10:00:00
다사60504025,37.4628744826068,127.053339542083,960625,1940375,45.10452,2025-10-01 10:00:00
다사60505050,37.5552616415131,127.052788699211,960625,1950625,34.47122,2025-10-01 10:00:00
다사60505075,37.557514968667,127.052775232575,960625,1950875,34.3683,2025-10-01 10:00:00
다사60505100,37.55976829495471,127.052761764438,960625,1951125,34.37214,2025-10-01 10:00:00
다사60505125,37.5620216203761,127.052748294802,960625,1951375,34.560345,2025-10-01 10:00:00
다사60504950,37.5462483242356,127.052842550763,960625,1949625,36.588177,2025-10-01 10:00:00
다사60504975,37.5485016548542,127.05282909012399,960625,1949875,36.632236,2025-10-01 10:00:00
다사60505000,37.550754984606705,127.05281562798599,960625,1950125,36.689243,2025-10-01 10:00:00
다사60505025,37.553008313493,127.052802164348,960625,1950375,34.962193,2025-10-01 10:00:00
다사60505250,37.573288234489,127.052680924112,960625,1952625,36.767742,2025-10-01 10:00:00
다사60505275,37.5755415547126,127.052667445471,960625,1952875,36.675335,2025-10-01 10:00:00
다사60505300,37.5777948740699,127.052653965329,960625,1953125,36.507275,2025-10-01 10:00:00
다사60505325,37.5800481925607,127.052640483685,960625,1953375,36.459625,2025-10-01 10:00:00
다사60505150,37.5642749449313,127.052734823665,960625,1951625,34.5624,2025-10-01 10:00:00
다사60505175,37.5665282686202,127.052721351028,960625,1951875,34.55971,2025-10-01 10:00:00
다사60505200,37.56878159144279,127.05270787689,960625,1952125,34.90853,2025-10-01 10:00:00
다사60505225,37.5710349133991,127.05269440125099,960625,1952375,34.909386,2025-10-01 10:00:00
다사60504650,37.5192082892586,127.053003961556,960625,1946625,39.53141,2025-10-01 10:00:00
다사60504675,37.521461630269705,127.052990518894,960625,1946875,39.232197,2025-10-01 10:00:00
다사60504700,37.523714970414794,127.052977074735,960625,1947125,38.947388,2025-10-01 10:00:00
다사60504725,37.525968309694,127.05296362907801,960625,1947375,38.67933,2025-10-01 10:00:00
다사60504550,37.5101949165554,127.053057717239,960625,1945625,40.520832,2025-10-01 10:00:00
다사60504575,37.512448261029995,127.05304428056299,960625,1945875,40.350662,2025-10-01 10:00:00
다사60504600,37.514701604638795,127.053030842391,960625,1946125,40.20982,2025-10-01 10:00:00
다사60504625,37.5169549473816,127.05301740272199,960625,1946375,39.81983,2025-10-01 10:00:00
다사60504850,37.5372349930998,127.05289637833,960625,1948625,36.299114,2025-10-01 10:00:00
다사60504875,37.5394883271829,127.05288292368601,960625,1948875,36.246906,2025-10-01 10:00:00
다사60504900,37.5417416603999,127.05286946754299,960625,1949125,36.231327,2025-10-01 10:00:00
다사60504925,37.5439949927508,127.052856009902,960625,1949375,36.57297,2025-10-01 10:00:00
다사60504750,37.5282216481071,127.052950181924,960625,1947625,38.43809,2025-10-01 10:00:00
다사60504775,37.53047498565439,127.052936733272,960625,1947875,37.83,2025-10-01 10:00:00
다사60504800,37.5327283223356,127.052923283123,960625,1948125,37.640884,2025-10-01 10:00:00
다사60504825,37.5349816581507,127.05290983147499,960625,1948375,36.377686,2025-10-01 10:00:00
다사60255600,37.6048239331555,127.049659837838,960375,1956125,36.16348,2025-10-01 10:00:00
다사60255625,37.60707724038279,127.049646252731,960375,1956375,35.76748,2025-10-01 10:00:00
다사60255650,37.6093305467434,127.049632666111,960375,1956625,35.80321,2025-10-01 10:00:00
다사60255675,37.611583852237295,127.049619077978,960375,1956875,35.837173,2025-10-01 10:00:00
다사60255500,37.59581069558,127.049714163135,960375,1955125,36.382446,2025-10-01 10:00:00
다사60255525,37.5980640062738,127.04970058408001,960375,1955375,36.417343,2025-10-01 10:00:00
다사60255550,37.600317316101,127.049687003512,960375,1955625,36.452084,2025-10-01 10:00:00
다사60255575,37.6025706250616,127.04967342143101,960375,1955875,36.45844,2025-10-01 10:00:00
다사60255800,37.6228503667058,127.049551114602,960375,1958125,35.897717,2025-10-01 10:00:00
다사60255825,37.6251036669992,127.049537517384,960375,1958375,35.88589,2025-10-01 10:00:00
다사60255850,37.62735696642571,127.049523918652,960375,1958625,35.867416,2025-10-01 10:00:00
다사60255875,37.6296102649854,127.049510318404,960375,1958875,35.837364,2025-10-01 10:00:00
다사60255700,37.6138371568645,127.049605488331,960375,1957125,35.86151,2025-10-01 10:00:00
다사60255725,37.616090460625,127.04959189716999,960375,1957375,35.88794,2025-10-01 10:00:00
다사60255750,37.6183437635187,127.04957830449499,960375,1957625,35.89665,2025-10-01 10:00:00
다사60255775,37.6205970655456,127.049564710306,960375,1957875,35.89413,2025-10-01 10:00:00
다사60255200,37.5687708996659,127.049876993881,960375,1952125,37.194202,2025-10-01 10:00:00
다사60255225,37.5710242207575,127.04986343296301,960375,1952375,37.098213,2025-10-01 10:00:00
다사60255250,37.573277540982794,127.049849870534,960375,1952625,37.014767,2025-10-01 10:00:00
다사60255275,37.5755308603416,127.049836306595,960375,1952875,36.929104,2025-10-01 10:00:00
다사60255100,37.5597576066359,127.04993122245199,960375,1951125,34.673157,2025-10-01 10:00:00
다사60255125,37.5620109311929,127.04991766757401,960375,1951375,34.86351,2025-10-01 10:00:00
다사60255150,37.5642642548836,127.04990411118601,960375,1951625,34.86334,2025-10-01 10:00:00
다사60255175,37.5665175777079,127.04989055328899,960375,1951875,34.850037,2025-10-01 10:00:00
다사60255400,37.5867974441391,127.049768464234,960375,1954125,36.271126,2025-10-01 10:00:00
다사60255425,37.5890507582992,127.049754891227,960375,1954375,36.29782,2025-10-01 10:00:00
다사60255450,37.5913040715927,127.049741316708,960375,1954625,36.321926,2025-10-01 10:00:00
다사60255475,37.593557384019604,127.04972774067801,960375,1954875,36.351246,2025-10-01 10:00:00
다사60255300,37.577784178834,127.04982274114501,960375,1953125,36.84461,2025-10-01 10:00:00
다사60255325,37.58003749646,127.04980917418399,960375,1953375,36.664764,2025-10-01 10:00:00
다사60255350,37.5822908132196,127.04979560571199,960375,1953625,36.638855,2025-10-01 10:00:00
다사60255375,37.5845441291126,127.04978203572901,960375,1953875,36.251446,2025-10-01 10:00:00
다사60256400,37.6769293344679,127.04922436294201,960375,1964125,35.026997,2025-10-01 10:00:00
다사60256425,37.679182613952605,127.049210729322,960375,1964375,35.00741,2025-10-01 10:00:00
다사60256450,37.6814358925701,127.04919709418199,960375,1964625,34.988937,2025-10-01 10:00:00
다사60256475,37.6836891703203,127.04918345752199,960375,1964875,34.981377,2025-10-01 10:00:00
다사60256300,37.6679162078568,127.049278882239,960375,1963125,35.122166,2025-10-01 10:00:00
다사60256325,37.6701694908104,127.049265254693,960375,1963375,35.09636,2025-10-01 10:00:00
다사60256350,37.6724227728967,127.04925162562799,960375,1963625,35.075798,2025-10-01 10:00:00
다사60256375,37.6746760541159,127.04923799504401,960375,1963875,35.05338,2025-10-01 10:00:00
다사60503650,37.429073938959704,127.053540442474,960625,1936625,45.169567,2025-10-01 10:00:00
다사60503675,37.4313273145931,127.05352705954999,960625,1936875,45.18563,2025-10-01 10:00:00
다사60503700,37.43358068936129,127.05351367513599,960625,1937125,45.20002,2025-10-01 10:00:00
다사60503725,37.4358340632644,127.053500289232,960625,1937375,45.219006,2025-10-01 10:00:00
다사60256500,37.6859424472032,127.049169819344,960375,1965125,34.862904,2025-10-01 10:00:00
다사60256525,37.6881957232188,127.04915617964599,960375,1965375,34.84777,2025-10-01 10:00:00
다사60256550,37.6904489983671,127.049142538428,960375,1965625,34.831356,2025-10-01 10:00:00
다사60256575,37.6927022726481,127.04912889568999,960375,1965875,34.81525,2025-10-01 10:00:00
다사60256000,37.6408767447808,127.04944229443599,960375,1960125,35.60123,2025-10-01 10:00:00
다사60256025,37.6431300381391,127.04942868509501,960375,1960375,35.552444,2025-10-01 10:00:00
다사60256050,37.645383330630395,127.049415074238,960375,1960625,35.494358,2025-10-01 10:00:00
다사60256075,37.647636622254794,127.049401461864,960375,1960875,35.447227,2025-10-01 10:00:00
다사60255900,37.6318635626783,127.049496716641,960375,1959125,35.804924,2025-10-01 10:00:00
다사60255925,37.634116859504296,127.049483113363,960375,1959375,35.75502,2025-10-01 10:00:00
다사60255950,37.6363701554633,127.04946950857,960375,1959625,35.70556,2025-10-01 10:00:00
다사60255975,37.6386234505555,127.04945590226102,960375,1959875,35.661858,2025-10-01 10:00:00
다사60256200,37.6589030673712,127.049333377246,960375,1962125,35.234394,2025-10-01 10:00:00
다사60256225,37.661156353793295,127.04931975577101,960375,1962375,35.203594,2025-10-01 10:00:00
다사60256250,37.6634096393482,127.049306132778,960375,1962625,35.17358,2025-10-01 10:00:00
다사60256275,37.665662924036106,127.049292508268,960375,1962875,35.152225,2025-10-01 10:00:00
다사60256100,37.649889913012096,127.04938784797501,960375,1961125,35.39067,2025-10-01 10:00:00
다사60256125,37.6521432029024,127.049374232568,960375,1961375,35.3359,2025-10-01 10:00:00
다사60256150,37.6543964919257,127.04936061564501,960375,1961625,35.29703,2025-10-01 10:00:00
다사60256175,37.656649780082,127.049346997204,960375,1961875,35.265327,2025-10-01 10:00:00
다사60254000,37.4606104687539,127.05052614514,960375,1940125,45.49478,2025-10-01 10:00:00
다사60254025,37.4628638314106,127.05051265651501,960375,1940375,45.533382,2025-10-01 10:00:00
다사60254050,37.4651171932019,127.050499166388,960375,1940625,45.111725,2025-10-01 10:00:00
다사60254075,37.467370554127605,127.050485674759,960375,1940875,45.16792,2025-10-01 10:00:00
다사60253900,37.4515970094721,127.050580084625,960375,1939125,45.34994,2025-10-01 10:00:00
다사60253925,37.453850375590704,127.050566602006,960375,1939375,45.3875,2025-10-01 10:00:00
다사60253950,37.45610374084389,127.05055311788601,960375,1939625,45.41387,2025-10-01 10:00:00
다사60253975,37.4583571052316,127.050539632264,960375,1939875,45.44858,2025-10-01 10:00:00
다사60254200,37.4786373457726,127.050418194075,960375,1942125,45.466248,2025-10-01 10:00:00
다사60254225,37.4808907015048,127.05040469342899,960375,1942375,45.446648,2025-10-01 10:00:00
다사60254250,37.483144056371295,127.05039119128,960375,1942625,45.38746,2025-10-01 10:00:00
다사60254275,37.4853974103721,127.05037768762699,960375,1942875,45.256756,2025-10-01 10:00:00
다사60254100,37.4696239141878,127.050472181627,960375,1941125,45.228653,2025-10-01 10:00:00
다사60254125,37.4718772733824,127.05045868699301,960375,1941375,45.346283,2025-10-01 10:00:00
다사60254150,37.4741306317114,127.05044519085699,960375,1941625,45.400707,2025-10-01 10:00:00
다사60254175,37.47638398917479,127.05043169321699,960375,1941875,45.44469,2025-10-01 10:00:00
다사60006575,37.6926914650582,127.04629330969802,960125,1965875,34.80057,2025-10-01 10:00:00
다사60006600,37.694944737598796,127.046279579636,960125,1966125,34.787987,2025-10-01 10:00:00
다사60253650,37.429063300691105,127.05071482828698,960375,1936625,45.175354,2025-10-01 10:00:00
다사60253675,37.4313166754631,127.050701360671,960375,1936875,45.196186,2025-10-01 10:00:00
다사60006475,37.6836783662218,127.04634821464701,960125,1964875,34.866467,2025-10-01 10:00:00
다사60006500,37.685931642232,127.046334490704,960125,1965125,34.850163,2025-10-01 10:00:00
다사60006525,37.6881849173748,127.046320765231,960125,1965375,34.834446,2025-10-01 10:00:00
다사60006550,37.6904381916502,127.046307038229,960125,1965625,34.81473,2025-10-01 10:00:00
다사60253800,37.442583536343705,127.050634000093,960375,1938125,45.26889,2025-10-01 10:00:00
다사60253825,37.4448369059239,127.05062052347701,960375,1938375,45.28821,2025-10-01 10:00:00
다사60253850,37.447090274638704,127.050607045361,960375,1938625,45.310074,2025-10-01 10:00:00
다사60253875,37.4493436424881,127.05059356574301,960375,1938875,45.333267,2025-10-01 10:00:00
다사60253700,37.4335700493698,127.050687891555,960375,1937125,45.20628,2025-10-01 10:00:00
다사60253725,37.435823422411204,127.050674420939,960375,1937375,45.225426,2025-10-01 10:00:00
다사60253750,37.438076794587396,127.050660948824,960375,1937625,45.236553,2025-10-01 10:00:00
다사60253775,37.4403301658982,127.050647475209,960375,1937875,45.25205,2025-10-01 10:00:00
다사60254800,37.5327176443861,127.05009376329399,960375,1948125,37.763287,2025-10-01 10:00:00
다사60254825,37.534970979337395,127.050080226519,960375,1948375,36.619537,2025-10-01 10:00:00
다사60254850,37.537224313422705,127.050066688236,960375,1948625,36.525352,2025-10-01 10:00:00
다사60254875,37.5394776466418,127.05005314844601,960375,1948875,36.468857,2025-10-01 10:00:00
다사60254700,37.5237042959201,127.050147895322,960375,1947125,39.037647,2025-10-01 10:00:00
다사60254725,37.525957634335604,127.050134364575,960375,1947375,38.796303,2025-10-01 10:00:00
다사60254750,37.5282109718852,127.05012083232201,960375,1947625,38.56312,2025-10-01 10:00:00
다사60254775,37.530464308568604,127.050107298562,960375,1947875,37.95563,2025-10-01 10:00:00
다사60255000,37.550744299745105,127.04998542687099,960375,1950125,36.96506,2025-10-01 10:00:00
다사60255025,37.552997627767205,127.04997187803001,960375,1950375,37.036087,2025-10-01 10:00:00
다사60255050,37.555250954923004,127.04995832768,960375,1950625,36.215034,2025-10-01 10:00:00
다사60255075,37.5575042812126,127.049944775821,960375,1950875,34.676796,2025-10-01 10:00:00
다사60254900,37.5417309789948,127.05003960714701,960375,1949125,36.86832,2025-10-01 10:00:00
다사60254925,37.543984310481704,127.050026064341,960375,1949375,36.8013,2025-10-01 10:00:00
다사60254950,37.546237641102294,127.050012520026,960375,1949625,36.841637,2025-10-01 10:00:00
다사60254975,37.5484909708568,127.04999897420299,960375,1949875,36.906067,2025-10-01 10:00:00
다사60254400,37.4966641673905,127.050310146805,960375,1944125,42.133453,2025-10-01 10:00:00
다사60254425,37.4989175161968,127.050296634128,960375,1944375,41.794785,2025-10-01 10:00:00
다사60254450,37.5011708641374,127.050283119946,960375,1944625,41.459274,2025-10-01 10:00:00
다사60254475,37.5034242112122,127.050269604258,960375,1944875,41.137077,2025-10-01 10:00:00
다사60254300,37.487650763507204,127.05036418247101,960375,1943125,45.07634,2025-10-01 10:00:00
다사60254325,37.4899041157766,127.050350675811,960375,1943375,44.865192,2025-10-01 10:00:00
다사60254350,37.49215746718029,127.050337167647,960375,1943625,44.61838,2025-10-01 10:00:00
다사60254375,37.4944108177183,127.050323657978,960375,1943875,42.471043,2025-10-01 10:00:00
다사60254600,37.514690933598104,127.05020200324199,960375,1946125,40.077362,2025-10-01 10:00:00
다사60254625,37.5169442754775,127.05018847852101,960375,1946375,40.05354,2025-10-01 10:00:00
다사60254650,37.519197616491,127.050174952295,960375,1946625,39.58579,2025-10-01 10:00:00
다사60254675,37.5214509566386,127.05016142456101,960375,1946875,39.305565,2025-10-01 10:00:00
다사60254500,37.5056775574211,127.050256087066,960375,1945125,40.825413,2025-10-01 10:00:00
다사60254525,37.5079309027642,127.050242568369,960375,1945375,40.523945,2025-10-01 10:00:00
다사60254550,37.5101842472414,127.050229048165,960375,1945625,40.24972,2025-10-01 10:00:00
다사60254575,37.512437590852706,127.05021552645701,960375,1945875,40.031864,2025-10-01 10:00:00
다사60005375,37.5845333633652,127.04695055707501,960125,1953875,36.490463,2025-10-01 10:00:00
다사60005400,37.586786677521204,127.04693690023501,960125,1954125,36.51451,2025-10-01 10:00:00
다사60005425,37.589039990810704,127.046923241873,960125,1954375,36.522564,2025-10-01 10:00:00
다사60005450,37.5912933032336,127.046909581989,960125,1954625,36.535103,2025-10-01 10:00:00
다사60005275,37.57552009807571,127.04700516923,960125,1952875,37.200912,2025-10-01 10:00:00
다사60005300,37.5777734156978,127.046991518472,960125,1953125,37.11457,2025-10-01 10:00:00
다사60005325,37.5800267324535,127.046977866194,960125,1953375,37.032104,2025-10-01 10:00:00
다사60005350,37.5822800483426,127.046964212395,960125,1953625,36.454548,2025-10-01 10:00:00
다사60005575,37.602559852348705,127.046841259746,960125,1955875,36.634117,2025-10-01 10:00:00
다사60005600,37.6048131595718,127.04682759073,960125,1956125,36.277863,2025-10-01 10:00:00
다사60005625,37.6070664659281,127.046813920192,960125,1956375,35.838173,2025-10-01 10:00:00
다사60005650,37.6093197714176,127.046800248132,960125,1956625,35.863457,2025-10-01 10:00:00
다사60005475,37.5935466147899,127.046895920585,960125,1954875,36.54625,2025-10-01 10:00:00
다사60005500,37.595799925479604,127.046882257658,960125,1955125,36.56294,2025-10-01 10:00:00
다사60005525,37.5980532353026,127.046868593209,960125,1955375,36.583862,2025-10-01 10:00:00
다사60005550,37.600306544259,127.046854927239,960125,1955625,36.614014,2025-10-01 10:00:00
다사60004975,37.5484802190304,127.04716885978998,960125,1949875,37.12739,2025-10-01 10:00:00
다사60005000,37.550733547049,127.047155227264,960125,1950125,37.220425,2025-10-01 10:00:00
다사60005025,37.552986874201395,127.04714159321999,960125,1950375,37.299118,2025-10-01 10:00:00
다사60005050,37.5552402004874,127.047127957657,960125,1950625,36.518353,2025-10-01 10:00:00
다사60004875,37.5394668982936,127.047223374714,960125,1948875,36.813362,2025-10-01 10:00:00
다사60004900,37.541720229777106,127.04720974826,960125,1949125,36.69778,2025-10-01 10:00:00
다사60004925,37.5439735603944,127.04719612028799,960125,1949375,36.828594,2025-10-01 10:00:00
다사60004950,37.546226890145505,127.047182490798,960125,1949625,37.001328,2025-10-01 10:00:00
다사60005175,37.566506818922704,127.04705975706001,960125,1951875,37.50801,2025-10-01 10:00:00
다사60005200,37.5687601400106,127.04704611238199,960125,1952125,37.43154,2025-10-01 10:00:00
다사60005225,37.5710134602321,127.047032466185,960125,1952375,37.350704,2025-10-01 10:00:00
다사60005250,37.5732667795871,127.04701881846701,960125,1952625,37.2735,2025-10-01 10:00:00
다사60005075,37.557493525907205,127.047114320576,960125,1950875,36.58772,2025-10-01 10:00:00
다사60005100,37.5597468504606,127.04710068197599,960125,1951125,36.65828,2025-10-01 10:00:00
다사60005125,37.5620001741476,127.047087041856,960125,1951375,35.190258,2025-10-01 10:00:00
다사60005150,37.5642534969683,127.047073400218,960125,1951625,35.179543,2025-10-01 10:00:00
다사60006175,37.6566389864529,127.046512782765,960125,1961875,35.29141,2025-10-01 10:00:00
다사60006200,37.6588922728699,127.046499077157,960125,1962125,35.2485,2025-10-01 10:00:00
다사60006225,37.6611455584198,127.046485370022,960125,1962375,35.210613,2025-10-01 10:00:00
다사60006250,37.6633988431025,127.04647166136002,960125,1962625,35.174297,2025-10-01 10:00:00
다사60006075,37.647625832113796,127.04656758993299,960125,1960875,35.484776,2025-10-01 10:00:00
다사60006100,37.6498791219992,127.04655389043,960125,1961125,35.433273,2025-10-01 10:00:00
다사60006125,37.6521324110175,127.04654018940201,960125,1961375,35.37581,2025-10-01 10:00:00
다사60006150,37.6543856991688,127.046526486847,960125,1961625,35.32058,2025-10-01 10:00:00
다사60006375,37.6746652535081,127.046403095134,960125,1963875,35.039444,2025-10-01 10:00:00
다사60006400,37.6769185329875,127.04638937730499,960125,1964125,35.018425,2025-10-01 10:00:00
다사60006425,37.6791718115996,127.046375657948,960125,1964375,34.99457,2025-10-01 10:00:00
다사60006450,37.681425089344394,127.046361937062,960125,1964625,34.890648,2025-10-01 10:00:00
다사60006275,37.665652126918104,127.04645795116998,960125,1962875,35.14368,2025-10-01 10:00:00
다사60006300,37.6679054098664,127.046444239453,960125,1963125,35.117874,2025-10-01 10:00:00
다사60006325,37.6701586919475,127.046430526208,960125,1963375,35.08485,2025-10-01 10:00:00
다사60006350,37.672411973161395,127.046416811435,960125,1963625,35.059887,2025-10-01 10:00:00
다사60005775,37.620586285864,127.046731864979,960125,1957875,35.933784,2025-10-01 10:00:00
다사60005800,37.6228395861529,127.046718183777,960125,1958125,35.928623,2025-10-01 10:00:00
다사60005825,37.6250928855749,127.04670450105199,960125,1958375,35.922897,2025-10-01 10:00:00
다사60005850,37.62734618413,127.04669081680201,960125,1958625,35.906193,2025-10-01 10:00:00
다사60005675,37.6115730760405,127.046786574548,960125,1956875,35.885525,2025-10-01 10:00:00
다사60005700,37.6138263797966,127.046772899441,960125,1957125,35.909252,2025-10-01 10:00:00
다사60005725,37.6160796826859,127.04675922281,960125,1957375,35.92737,2025-10-01 10:00:00
다사60005750,37.6183329847084,127.04674554465599,960125,1957625,35.933697,2025-10-01 10:00:00
다사60005975,37.638612663901796,127.04662237268299,960125,1959875,35.700245,2025-10-01 10:00:00
다사60006000,37.64086595725529,127.046608679284,960125,1960125,35.642056,2025-10-01 10:00:00
다사60006025,37.643119249741794,127.046594984359,960125,1960375,35.587364,2025-10-01 10:00:00
다사60006050,37.6453725413613,127.04658128790899,960125,1960625,35.539715,2025-10-01 10:00:00
다사60005875,37.629599481818204,127.046677131028,960125,1958875,35.87932,2025-10-01 10:00:00
다사60005900,37.6318527786395,127.046663443729,960125,1959125,35.843647,2025-10-01 10:00:00
다사60005925,37.634106074593895,127.04664975490499,960125,1959375,35.79831,2025-10-01 10:00:00
다사60005950,37.636359369681294,127.046636064557,960125,1959625,35.748547,2025-10-01 10:00:00
다사60003775,37.4403194557556,127.047821438965,960125,1937875,45.25241,2025-10-01 10:00:00
다사60003800,37.442572825334004,127.047807879109,960125,1938125,45.266838,2025-10-01 10:00:00
다사60003825,37.4448261940469,127.047794317744,960125,1938375,45.282497,2025-10-01 10:00:00
다사60003850,37.4470795618944,127.04778075486901,960125,1938625,45.299507,2025-10-01 10:00:00
다사60003675,37.4313059687888,127.047875663292,960125,1936875,45.197906,2025-10-01 10:00:00
다사60003700,37.4335593418285,127.047862109474,960125,1937125,45.20884,2025-10-01 10:00:00
다사60003725,37.4358127140029,127.047848554147,960125,1937375,45.220886,2025-10-01 10:00:00
다사60003750,37.438066085312,127.04783499731,960125,1937625,45.232174,2025-10-01 10:00:00
다사60003975,37.45834638815,127.047712917838,960125,1939875,45.425247,2025-10-01 10:00:00
다사60004000,37.4605997508046,127.04769934589899,960125,1940125,45.465202,2025-10-01 10:00:00
다사60004025,37.462853112593706,127.047685772449,960125,1940375,45.508766,2025-10-01 10:00:00
다사60004050,37.4651064735172,127.047672197488,960125,1940625,45.55036,2025-10-01 10:00:00
다사60003875,37.4493329288764,127.04776719048401,960125,1938875,45.329075,2025-10-01 10:00:00
다사60003900,37.451586294993,127.047753624588,960125,1939125,45.340294,2025-10-01 10:00:00
다사60003925,37.4538396602442,127.04774005718201,960125,1939375,45.365658,2025-10-01 10:00:00
다사60003950,37.4560930246298,127.047726488265,960125,1939625,45.3968,2025-10-01 10:00:00
다사59756325,37.6701478249591,127.04359579925101,959875,1963375,35.074364,2025-10-01 10:00:00
다사59756350,37.672401105295,127.04358199877,959875,1963625,35.046917,2025-10-01 10:00:00
다사59756375,37.674654384763606,127.043568196753,959875,1963875,35.025448,2025-10-01 10:00:00
다사59756400,37.676907663364894,127.043554393197,959875,1964125,34.994427,2025-10-01 10:00:00
다사59756225,37.6611346949427,127.0436509858,959875,1962375,35.217113,2025-10-01 10:00:00
다사59756250,37.6633879787477,127.043637191468,959875,1962625,35.173443,2025-10-01 10:00:00
다사59756275,37.6656412616854,127.043623395599,959875,1962875,35.137333,2025-10-01 10:00:00
다사59756300,37.6678945437559,127.04360959819401,959875,1963125,35.101837,2025-10-01 10:00:00
다사59756525,37.6881740433611,127.043485352346,959875,1965375,34.818024,2025-10-01 10:00:00
다사59756550,37.690427316758104,127.04347153956002,959875,1965625,34.795547,2025-10-01 10:00:00
다사59756575,37.6926805892876,127.043457725235,959875,1965875,34.784145,2025-10-01 10:00:00
다사59756600,37.6949338609497,127.04344390937,959875,1966125,34.76283,2025-10-01 10:00:00
다사59756425,37.6791609410989,127.04354058810301,959875,1964375,34.88778,2025-10-01 10:00:00
다사59756450,37.6814142179655,127.043526781472,959875,1964625,34.86413,2025-10-01 10:00:00
다사59756475,37.6836674939648,127.04351297330099,959875,1964875,34.849472,2025-10-01 10:00:00
다사59756500,37.685920769096604,127.04349916359301,959875,1965125,34.832157,2025-10-01 10:00:00
다사60004575,37.512426852934,127.04738677385599,960125,1945875,39.689613,2025-10-01 10:00:00
다사60004600,37.5146801948106,127.047373165599,960125,1946125,39.514935,2025-10-01 10:00:00
다사60004625,37.516933535821096,127.047359555827,960125,1946375,39.76446,2025-10-01 10:00:00
다사60004650,37.51918687596571,127.04734594453899,960125,1946625,39.542747,2025-10-01 10:00:00
다사60004475,37.5034134767685,127.047441191732,960125,1944875,40.999077,2025-10-01 10:00:00
다사60004500,37.5056668221087,127.047427589535,960125,1945125,40.66571,2025-10-01 10:00:00
다사60004525,37.5079201665831,127.047413985824,960125,1945375,40.33221,2025-10-01 10:00:00
다사60004550,37.5101735101915,127.04740038059799,960125,1945625,40.007175,2025-10-01 10:00:00
다사60004775,37.5304535636978,127.047277865359,960125,1947875,38.45595,2025-10-01 10:00:00
다사60004800,37.5327068986459,127.047264244973,960125,1948125,37.866535,2025-10-01 10:00:00
다사60004825,37.534960232728,127.04725062307,960125,1948375,36.828003,2025-10-01 10:00:00
다사60004850,37.5372135659439,127.04723699965099,960125,1948625,36.674263,2025-10-01 10:00:00
다사60004675,37.521440215244205,127.047332331735,960125,1946875,39.339794,2025-10-01 10:00:00
다사60004700,37.5236935536567,127.047318717416,960125,1947125,39.12273,2025-10-01 10:00:00
다사60004725,37.525946891203105,127.04730510158001,960125,1947375,38.901806,2025-10-01 10:00:00
다사60004750,37.5282002278835,127.047291484227,960125,1947625,38.67951,2025-10-01 10:00:00
다사60004175,37.4763732651508,127.04760430000499,960125,1941875,45.446278,2025-10-01 10:00:00
다사60004200,37.478626620880604,127.047590715971,960125,1942125,45.49419,2025-10-01 10:00:00
다사60004225,37.4808799757446,127.047577130425,960125,1942375,45.498062,2025-10-01 10:00:00
다사60004250,37.483133329743,127.047563543367,960125,1942625,45.431194,2025-10-01 10:00:00
다사60004075,37.4673598335752,127.04765862101499,960125,1940875,45.609795,2025-10-01 10:00:00
다사60004100,37.469613192767504,127.04764504303101,960125,1941125,45.674843,2025-10-01 10:00:00
다사60004125,37.4718665510942,127.04763146353399,960125,1941375,45.305992,2025-10-01 10:00:00
다사60004150,37.474119908555295,127.047617882526,960125,1941625,45.381523,2025-10-01 10:00:00
다사60004375,37.4944000867486,127.047495585375,960125,1943875,44.211235,2025-10-01 10:00:00
다사60004400,37.4966534355523,127.047481989235,960125,1944125,42.0406,2025-10-01 10:00:00
다사60004425,37.498906783490206,127.04746839158199,960125,1944375,41.6886,2025-10-01 10:00:00
다사60004450,37.5011601305623,127.047454792414,960125,1944625,41.33905,2025-10-01 10:00:00
다사60004275,37.4853866828756,127.047549954795,960125,1942875,45.279575,2025-10-01 10:00:00
다사60004300,37.4876400351425,127.04753636471001,960125,1943125,45.061108,2025-10-01 10:00:00
다사60004325,37.489893386543706,127.047522773112,960125,1943375,44.790085,2025-10-01 10:00:00
다사60004350,37.492146737079,127.04750918,960125,1943625,44.493958,2025-10-01 10:00:00
다사59755125,37.561989349240605,127.044256417658,959875,1951375,37.23305,2025-10-01 10:00:00
다사59755150,37.5642426711858,127.04424269076799,959875,1951625,37.791767,2025-10-01 10:00:00
다사59755175,37.5664959922646,127.04422896235,959875,1951875,37.726288,2025-10-01 10:00:00
다사59755200,37.568749312476896,127.04421523240299,959875,1952125,37.659973,2025-10-01 10:00:00
다사59755025,37.5529760527957,127.04431130992901,959875,1950375,36.759117,2025-10-01 10:00:00
다사59755050,37.5552293782065,127.044297589154,959875,1950625,36.820286,2025-10-01 10:00:00
다사59755075,37.557482702750896,127.04428386685,959875,1950875,36.87843,2025-10-01 10:00:00
다사59755100,37.5597360264289,127.044270143018,959875,1951125,36.936493,2025-10-01 10:00:00
다사59755325,37.580015900541206,127.044146559725,959875,1953375,37.629147,2025-10-01 10:00:00
다사59755350,37.5822692155544,127.044132820599,959875,1953625,36.893612,2025-10-01 10:00:00
다사59755375,37.5845225297011,127.044119079943,959875,1953875,36.82816,2025-10-01 10:00:00
다사59755400,37.5867758429811,127.044105337757,959875,1954125,36.79633,2025-10-01 10:00:00
다사59755225,37.57100263182279,127.04420150092699,959875,1952375,37.595757,2025-10-01 10:00:00
다사59755250,37.573255950302205,127.044187767921,959875,1952625,37.542248,2025-10-01 10:00:00
다사59755275,37.575509267915,127.04417403338499,959875,1952875,37.496864,2025-10-01 10:00:00
다사59755300,37.5777625846614,127.04416029732,959875,1953125,37.48782,2025-10-01 10:00:00
다사59754725,37.5259360802966,127.0444758401,959875,1947375,39.01398,2025-10-01 10:00:00
다사59754750,37.52818941610229,127.044462137649,959875,1947625,38.823166,2025-10-01 10:00:00
다사59754775,37.530442751041896,127.044448433672,959875,1947875,38.607006,2025-10-01 10:00:00
다사59754800,37.5326960851153,127.04443472816901,959875,1948125,37.502243,2025-10-01 10:00:00
다사59754625,37.5169227284126,127.04453063464899,959875,1946375,39.68486,2025-10-01 10:00:00
다사59754650,37.51917606768271,127.04451693829999,959875,1946625,39.632977,2025-10-01 10:00:00
다사59754675,37.521429406086796,127.044503240425,959875,1946875,39.36873,2025-10-01 10:00:00
다사59754700,37.523682743624704,127.044489541026,959875,1947125,39.20216,2025-10-01 10:00:00
다사59754925,37.54396274248929,127.044366177752,959875,1949375,37.107197,2025-10-01 10:00:00
다사59754950,37.5462160713653,127.044352463088,959875,1949625,37.2648,2025-10-01 10:00:00
다사59754975,37.5484693993751,127.044338746896,959875,1949875,37.39282,2025-10-01 10:00:00
다사59755000,37.5507227265185,127.04432502917601,959875,1950125,37.497414,2025-10-01 10:00:00
다사59754825,37.5349494183225,127.04442102113899,959875,1948375,37.36755,2025-10-01 10:00:00
다사59754850,37.537202750663496,127.044407312582,959875,1948625,37.13919,2025-10-01 10:00:00
다사59754875,37.5394560821384,127.04439360249901,959875,1948875,36.97192,2025-10-01 10:00:00
다사59754900,37.5417094127469,127.04437989088899,959875,1949125,36.981747,2025-10-01 10:00:00
다사59755925,37.6340952216459,127.043816397972,959875,1959375,35.848335,2025-10-01 10:00:00
다사59755950,37.636348515856206,127.043802622069,959875,1959625,35.798824,2025-10-01 10:00:00
다사59755975,37.6386018091995,127.04378884463001,959875,1959875,35.746696,2025-10-01 10:00:00
다사59756000,37.6408551016758,127.043775065657,959875,1960125,35.69218,2025-10-01 10:00:00
다사59755825,37.6250820361349,127.04387148624399,959875,1958375,35.969414,2025-10-01 10:00:00
다사59755850,37.6273353338131,127.04385771647699,959875,1958625,35.954933,2025-10-01 10:00:00
다사59755875,37.6295886306243,127.043843945176,959875,1958875,35.929363,2025-10-01 10:00:00
다사59755900,37.631841926568605,127.043830172341,959875,1959125,35.896214,2025-10-01 10:00:00
다사59756125,37.652121551051,127.043706147762,959875,1961375,35.416874,2025-10-01 10:00:00
다사59756150,37.654374838324706,127.043692359576,959875,1961625,35.360413,2025-10-01 10:00:00
다사59756175,37.6566281247312,127.043678569854,959875,1961875,35.30016,2025-10-01 10:00:00
다사59756200,37.6588814102706,127.04366477859502,959875,1962125,35.259438,2025-10-01 10:00:00
다사59756025,37.643108393285,127.043761285149,959875,1960375,35.632946,2025-10-01 10:00:00
다사59756050,37.6453616840271,127.043747503106,959875,1960625,35.581,2025-10-01 10:00:00
다사59756075,37.6476149739022,127.043733719527,959875,1960875,35.53059,2025-10-01 10:00:00
다사59756100,37.649868262910104,127.043719934412,959875,1961125,35.478622,2025-10-01 10:00:00
다사59755525,37.5980423963818,127.044036603861,959875,1955375,36.780136,2025-10-01 10:00:00
다사59755550,37.6002957044618,127.044022852488,959875,1955625,36.778538,2025-10-01 10:00:00
다사59755575,37.60254901167521,127.044009099583,959875,1955875,36.788116,2025-10-01 10:00:00
다사59755600,37.6048023180218,127.043995345146,959875,1956125,36.397285,2025-10-01 10:00:00
다사59755425,37.5890291553946,127.04409159404,959875,1954375,36.77846,2025-10-01 10:00:00
다사59755450,37.591282466941294,127.044077848792,959875,1954625,36.764336,2025-10-01 10:00:00
다사59755475,37.5935357776215,127.044064102013,959875,1954875,36.75818,2025-10-01 10:00:00
다사59755500,37.595789087435,127.044050353703,959875,1955125,36.7544,2025-10-01 10:00:00
다사59755725,37.6160688367531,127.043926549974,959875,1957375,35.980793,2025-10-01 10:00:00
다사59755750,37.6183221378989,127.04391278634199,959875,1957625,35.98958,2025-10-01 10:00:00
다사59755775,37.620575438177795,127.04389902117599,959875,1957875,35.98856,2025-10-01 10:00:00
다사59755800,37.6228287375898,127.043885254476,959875,1958125,35.98087,2025-10-01 10:00:00
다사59755625,37.6070556235017,127.04398158917601,959875,1956375,36.425323,2025-10-01 10:00:00
다사59755650,37.60930892811471,127.04396783167499,959875,1956625,35.92997,2025-10-01 10:00:00
다사59755675,37.611562231861,127.04395407264099,959875,1956875,35.944626,2025-10-01 10:00:00
다사59755700,37.6138155347405,127.043940312074,959875,1957125,35.96618,2025-10-01 10:00:00
다사59506500,37.685909827797204,127.04066383802099,959625,1965125,34.810394,2025-10-01 10:00:00
다사59506525,37.6881631011778,127.04064994099899,959625,1965375,34.78953,2025-10-01 10:00:00
다사59506550,37.6904163736909,127.04063604242901,959625,1965625,34.782993,2025-10-01 10:00:00
다사59506575,37.6926696453365,127.040622142311,959625,1965875,34.764877,2025-10-01 10:00:00
다사59506400,37.6768967256004,127.040719410626,959625,1964125,34.887264,2025-10-01 10:00:00
다사59506425,37.679150002450704,127.040705519797,959625,1964375,34.862823,2025-10-01 10:00:00
다사59506450,37.6814032784336,127.040691627419,959625,1964625,34.842697,2025-10-01 10:00:00
다사59506475,37.683656553549106,127.040677733494,959625,1964875,34.823647,2025-10-01 10:00:00
다사59753725,37.4358019380396,127.04502268886299,959875,1937375,45.230114,2025-10-01 10:00:00
다사59753750,37.4380553084761,127.04500904730601,959875,1937625,45.24246,2025-10-01 10:00:00
다사59753775,37.4403086780471,127.04499540423001,959875,1937875,45.256214,2025-10-01 10:00:00
다사59753800,37.4425620467527,127.044981759635,959875,1938125,45.270996,2025-10-01 10:00:00
다사59506600,37.6949229161146,127.04060824064301,959625,1966125,34.756035,2025-10-01 10:00:00
다사59506625,37.6971761860252,127.04059433742701,959625,1966375,34.739742,2025-10-01 10:00:00
다사59753675,37.431295194570495,127.045049967421,959875,1936875,45.200523,2025-10-01 10:00:00
다사59753700,37.433548566737706,127.045036328901,959875,1937125,45.213047,2025-10-01 10:00:00
다사59506100,37.649857335745104,127.04088597993,959625,1961125,35.526928,2025-10-01 10:00:00
다사59506125,37.6521106230029,127.040872107658,959625,1961375,35.461708,2025-10-01 10:00:00
다사59506150,37.6543639093935,127.04085823384099,959625,1961625,35.399612,2025-10-01 10:00:00
다사59506175,37.656617194917004,127.040844358478,959625,1961875,35.330322,2025-10-01 10:00:00
다사59506000,37.6408441780422,127.04094145356599,959625,1960125,35.75256,2025-10-01 10:00:00
다사59506025,37.6430974687686,127.040927587474,959625,1960375,35.683594,2025-10-01 10:00:00
다사59506050,37.6453507586279,127.040913719838,959625,1960625,35.63599,2025-10-01 10:00:00
다사59506075,37.6476040476201,127.04089985065599,959625,1960875,35.57685,2025-10-01 10:00:00
다사59506300,37.6678836095253,127.040774958472,959625,1963125,35.085342,2025-10-01 10:00:00
다사59506325,37.6701368898451,127.040761073831,959625,1963375,35.05285,2025-10-01 10:00:00
다사59506350,37.6723901692975,127.04074718764299,959625,1963625,35.025383,2025-10-01 10:00:00
다사59506375,37.6746434478826,127.04073329990901,959625,1963875,34.912716,2025-10-01 10:00:00
다사59506200,37.6588704795732,127.040830481569,959625,1962125,35.25968,2025-10-01 10:00:00
다사59506225,37.661123763362106,127.040816603114,959625,1962375,35.2052,2025-10-01 10:00:00
다사59506250,37.6633770462838,127.040802723113,959625,1962625,35.167633,2025-10-01 10:00:00
다사59506275,37.6656303283382,127.04078884156601,959625,1962875,35.120964,2025-10-01 10:00:00
다사59754325,37.489882589624294,127.044694871926,959875,1943375,44.69297,2025-10-01 10:00:00
다사59754350,37.4921359392859,127.04468119386699,959875,1943625,44.37378,2025-10-01 10:00:00
다사59754375,37.49438928808161,127.044667514285,959875,1943875,44.05912,2025-10-01 10:00:00
다사59754400,37.4966426360114,127.044653833179,959875,1944125,43.75158,2025-10-01 10:00:00
다사59754225,37.480869182320006,127.04474956893499,959875,1942375,45.54465,2025-10-01 10:00:00
다사59754250,37.4831225354448,127.044735896966,959875,1942625,45.494553,2025-10-01 10:00:00
다사59754275,37.485375887703796,127.04472222347601,959875,1942875,45.308784,2025-10-01 10:00:00
다사59754300,37.4876292390969,127.04470854846201,959875,1943125,45.031628,2025-10-01 10:00:00
다사59754525,37.507909362671796,127.044585404795,959875,1945375,40.273655,2025-10-01 10:00:00
다사59754550,37.510162705405996,127.044571714545,959875,1945625,39.98618,2025-10-01 10:00:00
다사59754575,37.5124160472742,127.044558022771,959875,1945875,39.767445,2025-10-01 10:00:00
다사59754600,37.5146693882764,127.044544329472,959875,1946125,39.675694,2025-10-01 10:00:00
다사59754425,37.49889598307529,127.04464015055001,959875,1944375,43.451923,2025-10-01 10:00:00
다사59754450,37.5011493292733,127.044626466397,959875,1944625,41.249813,2025-10-01 10:00:00
다사59754475,37.5034026746054,127.04461278071999,959875,1944875,40.909164,2025-10-01 10:00:00
다사59754500,37.5056560190716,127.04459909351999,959875,1945125,40.58867,2025-10-01 10:00:00
다사59753925,37.4538288772988,127.044913513869,959875,1939375,45.357155,2025-10-01 10:00:00
다사59753950,37.4560822408115,127.04489986015601,959875,1939625,45.376358,2025-10-01 10:00:00
다사59753975,37.4583356034586,127.044886204923,959875,1939875,45.40241,2025-10-01 10:00:00
다사59754000,37.4605889652401,127.044872548169,959875,1940125,45.426964,2025-10-01 10:00:00
다사59753825,37.4448154145929,127.04496811352101,959875,1938375,45.2823,2025-10-01 10:00:00
다사59753850,37.4470687815676,127.044954465888,959875,1938625,45.297848,2025-10-01 10:00:00
다사59753875,37.449322147676895,127.04494081673501,959875,1938875,45.319283,2025-10-01 10:00:00
다사59753900,37.451575512920606,127.044927166062,959875,1939125,45.33762,2025-10-01 10:00:00
다사59754125,37.4718557611635,127.04480424158702,959875,1941375,45.688545,2025-10-01 10:00:00
다사59754150,37.474109117751205,127.044790575707,959875,1941625,45.321968,2025-10-01 10:00:00
다사59754175,37.4763624734732,127.044776908305,959875,1941875,45.418488,2025-10-01 10:00:00
다사59754200,37.4786158283295,127.04476323938101,959875,1942125,45.506386,2025-10-01 10:00:00
다사59754025,37.4628423261561,127.044858889895,959875,1940375,45.46102,2025-10-01 10:00:00
다사59754050,37.465095686206396,127.04484523009899,959875,1940625,45.50682,2025-10-01 10:00:00
다사59754075,37.4673490453911,127.044831568783,959875,1940875,45.556232,2025-10-01 10:00:00
다사59754100,37.469602403710105,127.044817905946,959875,1941125,45.618027,2025-10-01 10:00:00
다사59504900,37.541698527904394,127.041550035046,959625,1949125,37.552116,2025-10-01 10:00:00
다사59504925,37.543951856766206,127.04153623674401,959625,1949375,37.625565,2025-10-01 10:00:00
다사59504950,37.546205184761796,127.041522436905,959625,1949625,37.688602,2025-10-01 10:00:00
다사59504975,37.5484585118909,127.041508635529,959625,1949875,40.222115,2025-10-01 10:00:00
다사59504800,37.5326852037942,127.041605212891,959625,1948125,37.892567,2025-10-01 10:00:00
다사59504825,37.5349385361211,127.04159142073401,959625,1948375,37.84851,2025-10-01 10:00:00
다사59504850,37.5371918675818,127.041577627041,959625,1948625,37.658737,2025-10-01 10:00:00
다사59504875,37.539445198176296,127.041563831812,959625,1948875,37.203815,2025-10-01 10:00:00
다사59505100,37.559725134541004,127.041439605589,959625,1951125,39.802643,2025-10-01 10:00:00
다사59505125,37.56197845647171,127.041425794988,959625,1951375,40.282097,2025-10-01 10:00:00
다사59505150,37.564231777536,127.04141198284799,959625,1951625,40.29542,2025-10-01 10:00:00
다사59505175,37.566485097733796,127.04139816917,959625,1951875,37.936157,2025-10-01 10:00:00
다사59505000,37.5507118381537,127.04149483261601,959625,1950125,40.37897,2025-10-01 10:00:00
다사59505025,37.552965163550205,127.041481028166,959625,1950375,40.504597,2025-10-01 10:00:00
다사59505050,37.5552184880802,127.041467222178,959625,1950625,40.59513,2025-10-01 10:00:00
다사59505075,37.557471811743795,127.04145341465201,959625,1950875,40.650597,2025-10-01 10:00:00
다사59504500,37.505645148309796,127.041770599028,959625,1945125,40.594185,2025-10-01 10:00:00
다사59504525,37.507898491030396,127.041756825289,959625,1945375,40.32321,2025-10-01 10:00:00
다사59504550,37.5101518328849,127.04174305001699,959625,1945625,40.09231,2025-10-01 10:00:00
다사59504575,37.5124051738733,127.041729273211,959625,1945875,39.913048,2025-10-01 10:00:00
다사59504400,37.496631768767706,127.04182567864599,959625,1944125,43.606476,2025-10-01 10:00:00
다사59504425,37.4988851149522,127.041811911042,959625,1944375,43.316257,2025-10-01 10:00:00
다사59504450,37.5011384602707,127.041798141904,959625,1944625,43.025364,2025-10-01 10:00:00
다사59504475,37.50339180472329,127.041784371233,959625,1944875,40.894016,2025-10-01 10:00:00
다사59504700,37.523671865824205,127.04166036616199,959625,1947125,39.299156,2025-10-01 10:00:00
다사59504725,37.525925201616,127.041646580147,959625,1947375,39.154606,2025-10-01 10:00:00
다사59504750,37.5281785365416,127.04163279259701,959625,1947625,39.002007,2025-10-01 10:00:00
다사59504775,37.530431870601,127.041619003512,959625,1947875,38.8448,2025-10-01 10:00:00
다사59504600,37.514658513995705,127.04171549486999,959625,1946125,39.80882,2025-10-01 10:00:00
다사59504625,37.516911853252,127.041701714995,959625,1946375,39.732002,2025-10-01 10:00:00
다사59504650,37.5191651916422,127.041687933585,959625,1946625,39.658016,2025-10-01 10:00:00
다사59504675,37.5214185291663,127.041674150641,959625,1946875,39.431004,2025-10-01 10:00:00
다사59505700,37.613804621696296,127.04110772623999,959625,1957125,36.03849,2025-10-01 10:00:00
다사59505725,37.6160579228268,127.04109387867099,959625,1957375,36.0484,2025-10-01 10:00:00
다사59505750,37.618311223090295,127.04108002956,959625,1957625,36.061184,2025-10-01 10:00:00
다사59505775,37.620564522487,127.04106617890601,959625,1957875,36.05831,2025-10-01 10:00:00
다사59505600,37.6047914085058,127.041163101093,959625,1956125,36.94869,2025-10-01 10:00:00
다사59505625,37.607044713103704,127.04114925969299,959625,1956375,36.540394,2025-10-01 10:00:00
다사59505650,37.6092980168348,127.041135416751,959625,1956625,36.57461,2025-10-01 10:00:00
다사59505675,37.611551319699004,127.04112157226601,959625,1956875,36.027126,2025-10-01 10:00:00
다사59505900,37.6318310064657,127.040996902488,959625,1959125,35.956417,2025-10-01 10:00:00
다사59505925,37.6340843006604,127.040983042574,959625,1959375,35.9104,2025-10-01 10:00:00
다사59505950,37.6363375939881,127.040969181115,959625,1959625,35.856895,2025-10-01 10:00:00
다사59505975,37.6385908864487,127.040955318113,959625,1959875,35.80825,2025-10-01 10:00:00
다사59505800,37.6228178210167,127.041052326709,959625,1958125,36.052887,2025-10-01 10:00:00
다사59505825,37.6250711186794,127.04103847296899,959625,1958375,36.03318,2025-10-01 10:00:00
다사59505850,37.6273244154752,127.041024617686,959625,1958625,36.017254,2025-10-01 10:00:00
다사59505875,37.6295777114039,127.041010760859,959625,1958875,35.991272,2025-10-01 10:00:00
다사59505300,37.5777516857247,127.041329077698,959625,1953125,37.764587,2025-10-01 10:00:00
다사59505325,37.580005000723204,127.041315254785,959625,1953375,37.776558,2025-10-01 10:00:00
다사59505350,37.5822583148551,127.04130143033301,959625,1953625,37.736603,2025-10-01 10:00:00
다사59505375,37.584511628120296,127.041287604342,959625,1953875,37.131866,2025-10-01 10:00:00
다사59505200,37.5687384170651,127.04138435395299,959625,1952125,37.877434,2025-10-01 10:00:00
다사59505225,37.570991735529795,127.041370537198,959625,1952375,37.827763,2025-10-01 10:00:00
다사59505250,37.573245053128,127.041356718904,959625,1952625,37.781216,2025-10-01 10:00:00
다사59505275,37.5754983698597,127.04134289907,959625,1952875,37.75834,2025-10-01 10:00:00
다사59505500,37.59577818144629,127.041218451279,959625,1955125,36.964035,2025-10-01 10:00:00
다사59505525,37.5980314895113,127.04120461604401,959625,1955375,36.97203,2025-10-01 10:00:00
다사59505550,37.6002847967096,127.041190779269,959625,1955625,36.95458,2025-10-01 10:00:00
다사59505575,37.6025381030411,127.041176940951,959625,1955875,36.946125,2025-10-01 10:00:00
다사59505400,37.5867649405189,127.04127377681002,959625,1954125,37.075798,2025-10-01 10:00:00
다사59505425,37.58901825205071,127.041259947738,959625,1954375,37.033978,2025-10-01 10:00:00
다사59505450,37.591271562715995,127.04124611712601,959625,1954625,37.004868,2025-10-01 10:00:00
다사59505475,37.5935248725145,127.04123228497299,959625,1954875,36.980812,2025-10-01 10:00:00
다사59256225,37.661112763678105,127.037982221975,959375,1962375,35.1944,2025-10-01 10:00:00
다사59256250,37.663366045711,127.037968256305,959375,1962625,35.136757,2025-10-01 10:00:00
다사59256275,37.6656193268766,127.037954289079,959375,1962875,35.09058,2025-10-01 10:00:00
다사59256300,37.6678726071748,127.037940320297,959375,1963125,35.052906,2025-10-01 10:00:00
다사59256125,37.6520996268734,127.0380380691,959375,1961375,35.51065,2025-10-01 10:00:00
다사59256150,37.6543529123755,127.038024109652,959375,1961625,35.439938,2025-10-01 10:00:00
다사59256175,37.6566061970103,127.038010148648,959375,1961875,35.355186,2025-10-01 10:00:00
다사59256200,37.6588594807779,127.03799618609,959375,1962125,35.265804,2025-10-01 10:00:00
다사59256425,37.679138995654995,127.03787045303801,959375,1964375,34.83123,2025-10-01 10:00:00
다사59256450,37.681392270748795,127.037856474915,959375,1964625,34.817844,2025-10-01 10:00:00
다사59256475,37.683645544975,127.037842495235,959375,1964875,34.79973,2025-10-01 10:00:00
다사59256500,37.6858988183338,127.037828513997,959375,1965125,34.784393,2025-10-01 10:00:00
다사59256325,37.6701258866057,127.037926349958,959375,1963375,35.021843,2025-10-01 10:00:00
다사59256350,37.6723791651691,127.037912378063,959375,1963625,34.898556,2025-10-01 10:00:00
다사59256375,37.6746324428652,127.03789840461201,959375,1963875,34.873486,2025-10-01 10:00:00
다사59256400,37.6768857196938,127.03788442960301,959375,1964125,34.85319,2025-10-01 10:00:00
다사59255825,37.6250601332085,127.03820546123801,959375,1958375,36.12237,2025-10-01 10:00:00
다사59255850,37.6273134291163,127.038191520438,959375,1958625,36.098576,2025-10-01 10:00:00
다사59255875,37.6295667241571,127.038177578085,959375,1958875,36.07048,2025-10-01 10:00:00
다사59255900,37.6318200183309,127.038163634179,959375,1959125,36.03399,2025-10-01 10:00:00
다사59255725,37.616046940907104,127.038261208911,959375,1957375,36.154575,2025-10-01 10:00:00
다사59255750,37.6183002402829,127.03824727432101,959375,1957625,36.163273,2025-10-01 10:00:00
다사59255775,37.620553538791796,127.038233338179,959375,1957875,36.16434,2025-10-01 10:00:00
다사59255800,37.6228068364337,127.038219400485,959375,1958125,36.150875,2025-10-01 10:00:00
다사59256025,37.6430864761928,127.03809389134399,959375,1960375,35.748196,2025-10-01 10:00:00
다사59256050,37.6453397651638,127.038079938115,959375,1960625,35.69108,2025-10-01 10:00:00
다사59256075,37.647593053267606,127.038065983331,959375,1960875,35.633877,2025-10-01 10:00:00
다사59256100,37.649846340504105,127.03805202699301,959375,1961125,35.575474,2025-10-01 10:00:00
다사59255925,37.6340733116375,127.038149688719,959375,1959375,35.98416,2025-10-01 10:00:00
다사59255950,37.636326604077,127.03813574170601,959375,1959625,35.924343,2025-10-01 10:00:00
다사59255975,37.6385798956495,127.03812179314,959375,1959875,35.869434,2025-10-01 10:00:00
다사59256000,37.640833186354705,127.038107843019,959375,1960125,35.810337,2025-10-01 10:00:00
다사59504100,37.469591547015796,127.041990770382,959625,1941125,45.527145,2025-10-01 10:00:00
다사59504125,37.471844903590295,127.041977021162,959625,1941375,45.590897,2025-10-01 10:00:00
다사59504150,37.474098259299204,127.04196327041001,959625,1941625,45.683483,2025-10-01 10:00:00
다사59504175,37.4763516141422,127.041949518127,959625,1941875,45.80982,2025-10-01 10:00:00
다사59504000,37.460578112060496,127.04204575196,959625,1940125,45.394012,2025-10-01 10:00:00
다사59504025,37.462831472097896,127.04203200886101,959625,1940375,45.41727,2025-10-01 10:00:00
다사59504050,37.4650848312695,127.04201826423201,959625,1940625,45.44811,2025-10-01 10:00:00
다사59504075,37.4673381895755,127.04200451807199,959625,1940875,45.48515,2025-10-01 10:00:00
다사59504300,37.487618375370495,127.04188073373699,959625,1943125,44.94352,2025-10-01 10:00:00
다사59504325,37.4898717250187,127.041866972263,959625,1943375,44.563435,2025-10-01 10:00:00
다사59504350,37.4921250738009,127.041853209257,959625,1943625,44.22355,2025-10-01 10:00:00
다사59504375,37.49437842171729,127.041839444718,959625,1943875,43.909893,2025-10-01 10:00:00
다사59504200,37.478604968119505,127.041935764312,959625,1942125,45.46831,2025-10-01 10:00:00
다사59504225,37.480858321231,127.04192200896601,959625,1942375,45.59244,2025-10-01 10:00:00
다사59504250,37.4831116734767,127.041908252089,959625,1942625,45.576668,2025-10-01 10:00:00
다사59504275,37.4853650248565,127.04189449367901,959625,1942875,45.327236,2025-10-01 10:00:00
다사59256625,37.6971651721145,127.03775858443701,959375,1966375,34.72319,2025-10-01 10:00:00
다사59503725,37.4357910945213,127.042196825098,959625,1937375,45.23205,2025-10-01 10:00:00
다사59503750,37.438044464079795,127.04218309882098,959625,1937625,45.246677,2025-10-01 10:00:00
다사59503775,37.4402978327727,127.04216937101499,959625,1937875,45.261734,2025-10-01 10:00:00
다사59256525,37.688152090825,127.037814531201,959375,1965375,34.771347,2025-10-01 10:00:00
다사59256550,37.6904053624487,127.037800546847,959375,1965625,34.756485,2025-10-01 10:00:00
다사59256575,37.6926586332049,127.037786560936,959375,1965875,34.742554,2025-10-01 10:00:00
다사59256600,37.6949119030935,127.037772573466,959375,1966125,34.73472,2025-10-01 10:00:00
다사59503900,37.451564663255,127.042100709055,959625,1939125,45.323807,2025-10-01 10:00:00
다사59503925,37.453818026754796,127.04208697207599,959625,1939375,45.340164,2025-10-01 10:00:00
다사59503950,37.456071389389,127.04207323356701,959625,1939625,45.35142,2025-10-01 10:00:00
다사59503975,37.458324751157605,127.042059493528,959625,1939875,45.36755,2025-10-01 10:00:00
다사59503800,37.44255120060021,127.042155641681,959625,1938125,45.272087,2025-10-01 10:00:00
다사59503825,37.4448045675622,127.042141910818,959625,1938375,45.2832,2025-10-01 10:00:00
다사59503850,37.447057933658705,127.042128178426,959625,1938625,45.299244,2025-10-01 10:00:00
다사59503875,37.449311298889604,127.042114444505,959625,1938875,45.30572,2025-10-01 10:00:00
다사59254625,37.5169009103395,127.03887279687599,959375,1946375,39.829823,2025-10-01 10:00:00
다사59254650,37.5191542478443,127.038858930406,959375,1946625,39.73155,2025-10-01 10:00:00
다사59254675,37.5214075844829,127.03884506239099,959375,1946875,39.62169,2025-10-01 10:00:00
다사59254700,37.5236609202554,127.03883119283199,959375,1947125,39.428738,2025-10-01 10:00:00
다사59254525,37.5078875516589,127.038928247318,959375,1945375,40.44094,2025-10-01 10:00:00
다사59254550,37.5101408926282,127.03891438702298,959375,1945625,40.231148,2025-10-01 10:00:00
다사59254575,37.5123942327315,127.038900525185,959375,1945875,40.061466,2025-10-01 10:00:00
다사59254600,37.5146475719686,127.03888666180201,959375,1946125,39.932186,2025-10-01 10:00:00
다사59254825,37.534927586124,127.03876182186501,959375,1948375,38.57001,2025-10-01 10:00:00
다사59254850,37.5371809166989,127.038747943036,959375,1948625,38.861774,2025-10-01 10:00:00
다사59254875,37.539434246407396,127.03873406266099,959375,1948875,39.20685,2025-10-01 10:00:00
다사59254900,37.5416875752496,127.03872018074,959375,1949125,40.632496,2025-10-01 10:00:00
다사59254725,37.5259142551616,127.038817321729,959375,1947375,39.32071,2025-10-01 10:00:00
다사59254750,37.5281675892016,127.038803449081,959375,1947625,39.224083,2025-10-01 10:00:00
다사59254775,37.5304209223753,127.038789574887,959375,1947875,39.110435,2025-10-01 10:00:00
다사59254800,37.532674254682796,127.038775699149,959375,1948125,38.411068,2025-10-01 10:00:00
다사59254225,37.480847392477706,127.039094450529,959375,1942375,45.56039,2025-10-01 10:00:00
다사59254250,37.4831007438389,127.039080608743,959375,1942625,45.68537,2025-10-01 10:00:00
다사59254275,37.4853540943341,127.039066765414,959375,1942875,45.24044,2025-10-01 10:00:00
다사59254300,37.4876074439634,127.039052920545,959375,1943125,44.734165,2025-10-01 10:00:00
다사59254125,37.4718339783748,127.039149802267,959375,1941375,45.45848,2025-10-01 10:00:00
다사59254150,37.47408733319929,127.039135966644,959375,1941625,45.515797,2025-10-01 10:00:00
다사59254175,37.4763406871579,127.03912212948,959375,1941875,45.61519,2025-10-01 10:00:00
다사59254200,37.4785940402508,127.03910829077499,959375,1942125,45.78724,2025-10-01 10:00:00
다사59254425,37.498874179120996,127.038983673067,959375,1944375,43.24423,2025-10-01 10:00:00
다사59254450,37.5011275235545,127.038969818944,959375,1944625,42.993458,2025-10-01 10:00:00
다사59254475,37.503380867122004,127.03895596327801,959375,1944875,42.743824,2025-10-01 10:00:00
다사59254500,37.5056342098235,127.03894210607001,959375,1945125,42.51285,2025-10-01 10:00:00
다사59254325,37.4898607927269,127.039039074133,959375,1943375,44.361862,2025-10-01 10:00:00
다사59254350,37.4921141406243,127.03902522618,959375,1943625,44.061848,2025-10-01 10:00:00
다사59254375,37.4943674876559,127.039011376684,959375,1943875,43.775944,2025-10-01 10:00:00
다사59254400,37.496620833821396,127.03899752564699,959375,1944125,43.51037,2025-10-01 10:00:00
다사59255425,37.5890072807795,127.038428302976,959375,1954375,37.276127,2025-10-01 10:00:00
다사59255450,37.5912605905576,127.038414387,959375,1954625,37.243164,2025-10-01 10:00:00
다사59255475,37.593513899469,127.038400469473,959375,1954875,37.21177,2025-10-01 10:00:00
다사59255500,37.595767207513596,127.038386550396,959375,1955125,37.179493,2025-10-01 10:00:00
다사59255325,37.5799940329997,127.038483951386,959375,1953375,37.93269,2025-10-01 10:00:00
다사59255350,37.5822473462447,127.03847004160801,959375,1953625,37.91777,2025-10-01 10:00:00
다사59255375,37.584500658623,127.03845613028,959375,1953875,37.35254,2025-10-01 10:00:00
다사59255400,37.5867539701346,127.03844221740299,959375,1954125,37.313206,2025-10-01 10:00:00
다사59255625,37.607033734734294,127.038316931751,959375,1956375,36.665825,2025-10-01 10:00:00
다사59255650,37.60928703757789,127.038303003368,959375,1956625,36.693718,2025-10-01 10:00:00
다사59255675,37.6115403395545,127.03828907343399,959375,1956875,36.119415,2025-10-01 10:00:00
다사59255700,37.6137936406643,127.038275141949,959375,1957125,36.138927,2025-10-01 10:00:00
다사59255525,37.5980205146914,127.038372629769,959375,1955375,37.175922,2025-10-01 10:00:00
다사59255550,37.600273821002396,127.038358707591,959375,1955625,37.13557,2025-10-01 10:00:00
다사59255575,37.6025271264465,127.038344783862,959375,1955875,37.107777,2025-10-01 10:00:00
다사59255600,37.6047804310239,127.038330858582,959375,1956125,37.10133,2025-10-01 10:00:00
다사59255025,37.552954206465,127.03865074793998,959375,1950375,40.531296,2025-10-01 10:00:00
다사59255050,37.555207530108795,127.03863685674,959375,1950625,40.589424,2025-10-01 10:00:00
다사59255075,37.5574608528861,127.03862296399299,959375,1950875,40.628128,2025-10-01 10:00:00
다사59255100,37.559714174797,127.03860906969801,959375,1951125,39.808323,2025-10-01 10:00:00
다사59254925,37.5439409032255,127.03870629727301,959375,1949375,40.391335,2025-10-01 10:00:00
다사59254950,37.546194230335004,127.03869241225901,959375,1949625,40.349213,2025-10-01 10:00:00
다사59254975,37.548447556578104,127.03867852569999,959375,1949875,40.390926,2025-10-01 10:00:00
다사59255000,37.550700881954796,127.038664637593,959375,1950125,40.456753,2025-10-01 10:00:00
다사59255225,37.5709807713533,127.03853957500799,959375,1952375,38.029015,2025-10-01 10:00:00
다사59255250,37.573234088064794,127.03852567142599,959375,1952625,37.983746,2025-10-01 10:00:00
다사59255275,37.5754874039098,127.03851176629499,959375,1952875,37.951706,2025-10-01 10:00:00
다사59255300,37.5777407188881,127.038497859615,959375,1953125,37.936802,2025-10-01 10:00:00
다사59255125,37.5619674958413,127.038595173856,959375,1951375,40.25753,2025-10-01 10:00:00
다사59255150,37.5642208160191,127.038581276466,959375,1951625,40.260586,2025-10-01 10:00:00
다사59255175,37.5664741353304,127.038567377528,959375,1951875,40.246,2025-10-01 10:00:00
다사59255200,37.568727453775104,127.038553477042,959375,1952125,40.210464,2025-10-01 10:00:00
다사59005900,37.6318089621642,127.035330367423,959125,1959125,36.11713,2025-10-01 10:00:00
다사59005925,37.6340622545773,127.03531633641899,959125,1959375,36.06572,2025-10-01 10:00:00
다사59005950,37.63631554612321,127.035302303851,959125,1959625,35.999035,2025-10-01 10:00:00
다사59005975,37.638568836801895,127.03528826972,959125,1959875,35.937984,2025-10-01 10:00:00
다사59005800,37.62279578384079,127.03538647581301,959125,1958125,36.279476,2025-10-01 10:00:00
다사59005825,37.625049079722295,127.03537245106001,959125,1958375,36.24419,2025-10-01 10:00:00
다사59005850,37.62730237473671,127.03535842474301,959125,1958625,36.201435,2025-10-01 10:00:00
다사59005875,37.6295556688841,127.035344396865,959125,1958875,36.163864,2025-10-01 10:00:00
다사59006100,37.6498352771874,127.035218075611,959125,1961125,35.636234,2025-10-01 10:00:00
다사59006125,37.652088562662705,127.035204032097,959125,1961375,35.56356,2025-10-01 10:00:00
다사59006150,37.6543418472707,127.035189987018,959125,1961625,35.473385,2025-10-01 10:00:00
다사59006175,37.6565951310114,127.03517594037399,959125,1961875,35.36324,2025-10-01 10:00:00
다사59006000,37.6408221266135,127.03527423402599,959125,1960125,35.879498,2025-10-01 10:00:00
다사59006025,37.643075415557796,127.035260196768,959125,1960375,35.81544,2025-10-01 10:00:00
다사59006050,37.645328703634895,127.03524615794599,959125,1960625,35.750214,2025-10-01 10:00:00
다사59006075,37.6475819908448,127.035232117561,959125,1960875,35.685295,2025-10-01 10:00:00
다사59005500,37.595756165637,127.03555465106399,959125,1955125,37.414597,2025-10-01 10:00:00
다사59005525,37.598009471922104,127.03554064504401,959125,1955375,37.403828,2025-10-01 10:00:00
다사59005550,37.6002627773403,127.035526637464,959125,1955625,37.336647,2025-10-01 10:00:00
다사59005575,37.6025160818916,127.035512628323,959125,1955875,37.28141,2025-10-01 10:00:00
다사59005400,37.5867429318284,127.035610659546,959125,1954125,37.535206,2025-10-01 10:00:00
다사59005425,37.588996241580794,127.03559665976499,959125,1954375,37.514256,2025-10-01 10:00:00
다사59005450,37.5912495504664,127.03558265842399,959125,1954625,37.48877,2025-10-01 10:00:00
다사59005475,37.5935028584851,127.035568655524,959125,1954875,37.456936,2025-10-01 10:00:00
다사59005700,37.613782591644394,127.035442559209,959125,1957125,37.543392,2025-10-01 10:00:00
다사59005725,37.616035890994,127.035428540703,959125,1957375,37.519173,2025-10-01 10:00:00
다사59005750,37.6182891894766,127.035414520635,959125,1957625,37.478813,2025-10-01 10:00:00
다사59005775,37.620542487092294,127.035400499005,959125,1957875,37.416214,2025-10-01 10:00:00
다사59005600,37.6047693855761,127.035498617622,959125,1956125,38.721363,2025-10-01 10:00:00
다사59005625,37.607022688393606,127.03548460536001,959125,1956375,38.6748,2025-10-01 10:00:00
다사59005650,37.6092759903441,127.03547059153799,959125,1956625,38.664196,2025-10-01 10:00:00
다사59005675,37.6115292914278,127.035456576154,959125,1956875,38.681385,2025-10-01 10:00:00
다사59253825,37.4447936529548,127.039315709643,959375,1938375,45.286793,2025-10-01 10:00:00
다사59253850,37.4470470181675,127.039301892493,959375,1938625,45.299164,2025-10-01 10:00:00
다사59253875,37.4493003825147,127.03928807380501,959375,1938875,45.30848,2025-10-01 10:00:00
다사59253900,37.4515537459962,127.039274253578,959375,1939125,45.324345,2025-10-01 10:00:00
다사59006600,37.6949008218865,127.03493690784599,959125,1966125,34.70985,2025-10-01 10:00:00
다사59253750,37.4380335521232,127.039357151864,959375,1937625,45.258686,2025-10-01 10:00:00
다사59253775,37.4402869199326,127.039343339328,959375,1937875,45.26812,2025-10-01 10:00:00
다사59253800,37.4425402868765,127.039329525255,959375,1938125,45.280804,2025-10-01 10:00:00
다사59254025,37.4628205504192,127.039205129357,959375,1940375,45.37415,2025-10-01 10:00:00
다사59254050,37.46507390870671,127.039191299895,959375,1940625,45.387573,2025-10-01 10:00:00
다사59254075,37.4673272661285,127.039177468892,959375,1940875,45.401917,2025-10-01 10:00:00
다사59254100,37.4695806226845,127.03916363635,959375,1941125,45.428192,2025-10-01 10:00:00
다사59253925,37.453807108612104,127.039260431812,959375,1939375,45.328262,2025-10-01 10:00:00
다사59253950,37.456060470362395,127.039246608507,959375,1939625,45.339104,2025-10-01 10:00:00
다사59253975,37.458313831247004,127.03923278366301,959375,1939875,45.35294,2025-10-01 10:00:00
다사59254000,37.460567191266,127.03921895728001,959375,1940125,45.362305,2025-10-01 10:00:00
다사59006300,37.6678615367045,127.035105683678,959125,1963125,35.006516,2025-10-01 10:00:00
다사59006325,37.670114815241,127.035091627642,959125,1963375,34.884563,2025-10-01 10:00:00
다사59006350,37.6723680929099,127.03507757004,959125,1963625,34.86396,2025-10-01 10:00:00
다사59006375,37.674621369711396,127.035063510872,959125,1963875,34.836655,2025-10-01 10:00:00
다사59006200,37.6588484138848,127.035161892166,959125,1962125,35.256783,2025-10-01 10:00:00
다사59006225,37.6611016958908,127.035147842392,959125,1962375,35.169403,2025-10-01 10:00:00
다사59006250,37.6633549770294,127.03513379105301,959125,1962625,35.098938,2025-10-01 10:00:00
다사59006275,37.665608257300704,127.035119738148,959125,1962875,35.05095,2025-10-01 10:00:00
다사59006500,37.6858877407065,127.03499319152999,959125,1965125,34.76062,2025-10-01 10:00:00
다사59006525,37.6881410123029,127.034979122961,959125,1965375,34.74861,2025-10-01 10:00:00
다사59006550,37.6903942830317,127.034965052824,959125,1965625,34.731354,2025-10-01 10:00:00
다사59006575,37.6926475528929,127.03495098111901,959125,1965875,34.725372,2025-10-01 10:00:00
다사59006400,37.6768746456455,127.03504945013701,959125,1964125,34.820137,2025-10-01 10:00:00
다사59006425,37.679127920712,127.035035387836,959125,1964375,34.80244,2025-10-01 10:00:00
다사59006450,37.681381194911104,127.035021323968,959125,1964625,34.79156,2025-10-01 10:00:00
다사59006475,37.6836344682426,127.035007258533,959125,1964875,34.771793,2025-10-01 10:00:00
다사59004300,37.487596444875706,127.036225108894,959125,1943125,44.331894,2025-10-01 10:00:00
다사59004325,37.489849792749,127.036211177545,959125,1943375,44.11813,2025-10-01 10:00:00
다사59004350,37.4921031397562,127.03619724464501,959125,1943625,43.911583,2025-10-01 10:00:00
다사59004375,37.4943564858974,127.03618331019301,959125,1943875,43.70988,2025-10-01 10:00:00
다사59004200,37.478583044723294,127.03628081877899,959125,1942125,45.346367,2025-10-01 10:00:00
다사59004225,37.4808363960603,127.036266893634,959125,1942375,45.4787,2025-10-01 10:00:00
다사59004250,37.4830897465314,127.036252966938,959125,1942625,45.729042,2025-10-01 10:00:00
다사59004275,37.4853430961366,127.03623903869101,959125,1942875,44.62331,2025-10-01 10:00:00
다사59004500,37.50562320361279,127.036113614655,959125,1945125,42.63146,2025-10-01 10:00:00
다사59004525,37.5078765445576,127.03609967088998,959125,1945375,42.44338,2025-10-01 10:00:00
다사59004550,37.5101298846362,127.036085725573,959125,1945625,40.40182,2025-10-01 10:00:00
다사59004575,37.51238322384871,127.036071778702,959125,1945875,40.21897,2025-10-01 10:00:00
다사59004400,37.4966098311726,127.03616937418998,959125,1944125,43.49724,2025-10-01 10:00:00
다사59004425,37.498863175581796,127.036155436634,959125,1944375,43.283096,2025-10-01 10:00:00
다사59004450,37.5011165191249,127.03614149752701,959125,1944625,43.060295,2025-10-01 10:00:00
다사59004475,37.50336986180189,127.03612755686702,959125,1944875,42.842945,2025-10-01 10:00:00
다사59003900,37.4515427611445,127.03644779963999,959125,1939125,45.322914,2025-10-01 10:00:00
다사59003925,37.453796122871,127.036433893088,959125,1939375,45.33535,2025-10-01 10:00:00
다사59003950,37.4560494837319,127.03641998498699,959125,1939625,45.33478,2025-10-01 10:00:00
다사59003975,37.458302843727104,127.03640607533801,959125,1939875,45.34214,2025-10-01 10:00:00
다사59003800,37.4425293055816,127.03650341036699,959125,1938125,45.293568,2025-10-01 10:00:00
다사59003825,37.4447826707708,127.036489510007,959125,1938375,45.299953,2025-10-01 10:00:00
다사59003850,37.44703603509429,127.036475608099,959125,1938625,45.308952,2025-10-01 10:00:00
다사59003875,37.4492893985522,127.036461704643,959125,1938875,45.31644,2025-10-01 10:00:00
다사59004100,37.4695696307165,127.036336503857,959125,1941125,45.332253,2025-10-01 10:00:00
다사59004125,37.471822985517,127.03632258491301,959125,1941375,45.3281,2025-10-01 10:00:00
다사59004150,37.47407633945161,127.03630866441799,959125,1941625,45.31685,2025-10-01 10:00:00
다사59004175,37.4763296925204,127.036294742374,959125,1941875,45.320213,2025-10-01 10:00:00
다사59004000,37.460556202856495,127.03639216414,959125,1940125,45.336494,2025-10-01 10:00:00
다사59004025,37.4628095611202,127.036378251394,959125,1940375,45.338535,2025-10-01 10:00:00
다사59004050,37.4650629185181,127.03636433709801,959125,1940625,45.34439,2025-10-01 10:00:00
다사59004075,37.4673162750502,127.036350421252,959125,1940875,45.338486,2025-10-01 10:00:00
다사59005100,37.5597031471969,127.03577853535499,959125,1951125,40.856167,2025-10-01 10:00:00
다사59005125,37.561956467349404,127.035764554272,959125,1951375,40.25974,2025-10-01 10:00:00
다사59005150,37.5642097866352,127.03575057163201,959125,1951625,40.258026,2025-10-01 10:00:00
다사59005175,37.566463105054495,127.035736587435,959125,1951875,40.23661,2025-10-01 10:00:00
다사59005000,37.550689857921704,127.03583444411699,959125,1950125,40.595642,2025-10-01 10:00:00
다사59005025,37.5529431815403,127.035820469261,959125,1950375,40.61315,2025-10-01 10:00:00
다사59005050,37.5551965042923,127.035806492849,959125,1950625,40.63519,2025-10-01 10:00:00
다사59005075,37.557449826177894,127.03579251488001,959125,1950875,40.649464,2025-10-01 10:00:00
다사59005300,37.5777296841514,127.035666643081,959125,1953125,38.10604,2025-10-01 10:00:00
다사59005325,37.5799829973708,127.03565264953501,959125,1953375,38.10777,2025-10-01 10:00:00
다사59005350,37.5822363097234,127.035638654431,959125,1953625,38.108334,2025-10-01 10:00:00
다사59005375,37.5844896212093,127.035624657768,959125,1953875,39.37226,2025-10-01 10:00:00
다사59005200,37.5687164226072,127.03572260168,959125,1952125,40.19435,2025-10-01 10:00:00
다사59005225,37.5709697392933,127.03570861436701,959125,1952375,40.139576,2025-10-01 10:00:00
다사59005250,37.573223055112706,127.035694625497,959125,1952625,38.16437,2025-10-01 10:00:00
다사59005275,37.575476370065395,127.03568063506799,959125,1952875,38.12407,2025-10-01 10:00:00
다사59004700,37.5236499069182,127.03600202104799,959125,1947125,39.569214,2025-10-01 10:00:00
다사59004725,37.5259032409334,127.035988064856,959125,1947375,39.507923,2025-10-01 10:00:00
다사59004750,37.528156574082296,127.035974107109,959125,1947625,39.426193,2025-10-01 10:00:00
다사59004775,37.5304099063649,127.035960147808,959125,1947875,42.010048,2025-10-01 10:00:00
다사59004600,37.5146365621951,127.036057830278,959125,1946125,40.07188,2025-10-01 10:00:00
다사59004625,37.5168898996752,127.036043880301,959125,1946375,39.945156,2025-10-01 10:00:00
다사59004650,37.5191432362891,127.036029928771,959125,1946625,39.834343,2025-10-01 10:00:00
다사59004675,37.52139657203679,127.036015975686,959125,1946875,39.744816,2025-10-01 10:00:00
다사59004900,37.541676554782704,127.03589032797899,959125,1949125,40.916195,2025-10-01 10:00:00
다사59004925,37.5439298818671,127.035876359347,959125,1949375,40.733955,2025-10-01 10:00:00
다사59004950,37.546183208085104,127.03586238916,959125,1949625,40.62459,2025-10-01 10:00:00
다사59004975,37.5484365334366,127.03584841741699,959125,1949875,40.585297,2025-10-01 10:00:00
다사59004800,37.53266323778121,127.035946186952,959125,1948125,41.27556,2025-10-01 10:00:00
다사59004825,37.534916568331106,127.03593222454201,959125,1948375,41.277645,2025-10-01 10:00:00
다사59004850,37.5371698980147,127.035918260576,959125,1948625,41.0692,2025-10-01 10:00:00
다사59004875,37.5394232268319,127.035904295055,959125,1948875,41.06918,2025-10-01 10:00:00
다사58755550,37.6002516657235,127.032694568897,958875,1955625,37.590405,2025-10-01 10:00:00
다사58755575,37.602504969376504,127.032680474345,958875,1955875,38.91133,2025-10-01 10:00:00
다사58755600,37.6047582721625,127.032666378223,958875,1956125,38.802853,2025-10-01 10:00:00
다사58755625,37.607011574081604,127.03265228053101,958875,1956375,38.751003,2025-10-01 10:00:00
다사58755450,37.5912384424423,127.032750931408,958875,1954625,37.75031,2025-10-01 10:00:00
다사58755475,37.593491749563,127.032736843134,958875,1954875,37.72696,2025-10-01 10:00:00
다사58755500,37.5957450558167,127.032722753291,958875,1955125,37.90657,2025-10-01 10:00:00
다사58755525,37.5979983612036,127.032708661879,958875,1955375,37.680252,2025-10-01 10:00:00
다사58755750,37.6182780706717,127.03258176851001,958875,1957625,37.66385,2025-10-01 10:00:00
다사58755775,37.6205313673886,127.03256766139299,958875,1957875,37.5978,2025-10-01 10:00:00
다사58755800,37.6227846632383,127.03255355270399,958875,1958125,37.50812,2025-10-01 10:00:00
다사58755825,37.625037958220894,127.032539442444,958875,1958375,37.4021,2025-10-01 10:00:00
다사58755650,37.609264875133704,127.032638181268,958875,1956625,38.783062,2025-10-01 10:00:00
다사58755675,37.6115181753188,127.03262408043501,958875,1956875,38.84483,2025-10-01 10:00:00
다사58755700,37.6137714746368,127.032609978031,958875,1957125,37.723186,2025-10-01 10:00:00
다사58755725,37.616024773087794,127.032595874056,958875,1957375,37.709927,2025-10-01 10:00:00
다사58755150,37.5641986893845,127.03291986835501,958875,1951625,40.28346,2025-10-01 10:00:00
다사58755175,37.566452006906296,127.03290579889901,958875,1951875,40.261196,2025-10-01 10:00:00
다사58755200,37.568705323561396,127.032891727875,958875,1952125,40.220394,2025-10-01 10:00:00
다사58755225,37.5709586393499,127.03287765528401,958875,1952375,40.016914,2025-10-01 10:00:00
다사58755050,37.555185410631,127.03297613051501,958875,1950625,40.713917,2025-10-01 10:00:00
다사58755075,37.55743873161921,127.032962067325,958875,1950875,40.70438,2025-10-01 10:00:00
다사58755100,37.559692051740896,127.03294800256799,958875,1951125,40.88455,2025-10-01 10:00:00
다사58755125,37.561945370996,127.032933936245,958875,1951375,40.295334,2025-10-01 10:00:00
다사58755350,37.582225205291294,127.032807268814,958875,1953625,39.977936,2025-10-01 10:00:00
다사58755375,37.5844785158793,127.032793186815,958875,1953875,39.490307,2025-10-01 10:00:00
다사58755400,37.5867318256005,127.032779103248,958875,1954125,39.516445,2025-10-01 10:00:00
다사58755425,37.5889851344548,127.032765018113,958875,1954375,37.76438,2025-10-01 10:00:00
다사58755250,37.573211954271706,127.03286358112499,958875,1952625,39.973106,2025-10-01 10:00:00
다사58755275,37.5754652683267,127.032849505399,958875,1952875,39.923615,2025-10-01 10:00:00
다사58755300,37.577718581515,127.032835428106,958875,1953125,39.912006,2025-10-01 10:00:00
다사58755325,37.5799718938366,127.032821349244,958875,1953375,39.931194,2025-10-01 10:00:00
다사58756350,37.672356952520005,127.032242763583,958875,1963625,34.81252,2025-10-01 10:00:00
다사58756375,37.6746102284215,127.032228618698,958875,1963875,34.79584,2025-10-01 10:00:00
다사58756400,37.6768635034555,127.03221447223801,958875,1964125,34.78536,2025-10-01 10:00:00
다사58756425,37.6791167776219,127.03220032420099,958875,1964375,34.767338,2025-10-01 10:00:00
다사58756250,37.66334384023921,127.032299327366,958875,1962625,35.03918,2025-10-01 10:00:00
다사58756275,37.6655971196106,127.03228518878299,958875,1962875,34.902485,2025-10-01 10:00:00
다사58756300,37.6678503981145,127.03227104862499,958875,1963125,34.86789,2025-10-01 10:00:00
다사58756325,37.670103675751,127.03225690689199,958875,1963375,34.83945,2025-10-01 10:00:00
다사58756550,37.69038313544,127.032129560368,958875,1965625,34.713367,2025-10-01 10:00:00
다사58756575,37.6926364044007,127.03211540286999,958875,1965875,34.702908,2025-10-01 10:00:00
다사58756600,37.6948896724937,127.032101243795,958875,1966125,34.92912,2025-10-01 10:00:00
다사59003775,37.4402759395268,127.036517309179,959125,1937875,45.27649,2025-10-01 10:00:00
다사58756450,37.6813700509207,127.03218617458799,958875,1964625,34.755245,2025-10-01 10:00:00
다사58756475,37.683623323351895,127.032172023398,958875,1964875,34.745506,2025-10-01 10:00:00
다사58756500,37.6858765949156,127.032157870632,958875,1965125,34.73398,2025-10-01 10:00:00
다사58756525,37.6881298656116,127.03214371628799,958875,1965375,34.71848,2025-10-01 10:00:00
다사58755950,37.636304420126706,127.03246886755899,958875,1959625,36.086647,2025-10-01 10:00:00
다사58755975,37.6385577099062,127.032454747865,958875,1959875,36.0158,2025-10-01 10:00:00
다사58756000,37.640810998818495,127.03244062659701,958875,1960125,35.946877,2025-10-01 10:00:00
다사58756025,37.643064286863606,127.03242650375601,958875,1960375,35.87775,2025-10-01 10:00:00
다사58755850,37.6272912523364,127.032525330611,958875,1958625,37.282654,2025-10-01 10:00:00
다사58755875,37.6295445455848,127.03251121720699,958875,1958875,37.15423,2025-10-01 10:00:00
다사58755900,37.631797837966,127.03249710223,958875,1959125,37.042007,2025-10-01 10:00:00
다사58755925,37.6340511294799,127.032482985681,958875,1959375,36.155113,2025-10-01 10:00:00
다사58756150,37.6543307140792,127.032355865948,958875,1961625,35.514797,2025-10-01 10:00:00
다사58756175,37.6565839969203,127.032341733665,958875,1961875,35.327534,2025-10-01 10:00:00
다사58756200,37.658837278894,127.03232759980699,958875,1962125,35.18817,2025-10-01 10:00:00
다사58756225,37.6610905600003,127.03231346437401,958875,1962375,35.098892,2025-10-01 10:00:00
다사58756050,37.64531757404129,127.032412379342,958875,1960625,35.80523,2025-10-01 10:00:00
다사58756075,37.6475708603518,127.032398253354,958875,1960875,35.738464,2025-10-01 10:00:00
다사58756100,37.649824145794895,127.032384125793,958875,1961125,35.67711,2025-10-01 10:00:00
다사58756125,37.652077430370795,127.032369996658,958875,1961375,35.620655,2025-10-01 10:00:00
다사58753950,37.456038429497596,127.033593363016,958875,1939625,45.34545,2025-10-01 10:00:00
다사58753975,37.4582917885978,127.03357936856199,958875,1939875,45.34657,2025-10-01 10:00:00
다사58754000,37.4605451468323,127.03356537254999,958875,1940125,45.343845,2025-10-01 10:00:00
다사58754025,37.4627985042009,127.033551374979,958875,1940375,45.33943,2025-10-01 10:00:00
다사58753775,37.4402648915555,127.03369128057699,958875,1937875,45.29946,2025-10-01 10:00:00
다사58753800,37.4425182567157,127.033677297026,958875,1938125,45.311577,2025-10-01 10:00:00
다사58753900,37.4515317086998,127.033621347249,958875,1939125,45.33992,2025-10-01 10:00:00
다사58753925,37.453785069531605,127.033607355911,958875,1939375,45.339985,2025-10-01 10:00:00
다사58754150,37.4740652780564,127.033481363743,958875,1941625,45.213436,2025-10-01 10:00:00
다사58754175,37.4763186302298,127.03346735681801,958875,1941875,45.144154,2025-10-01 10:00:00
다사58754200,37.4785719815373,127.033453348333,958875,1942125,45.03292,2025-10-01 10:00:00
다사58754225,37.4808253319788,127.033439338289,958875,1942375,44.85176,2025-10-01 10:00:00
다사58754050,37.4650518607037,127.03353737584999,958875,1940625,45.33354,2025-10-01 10:00:00
다사58754075,37.467305216340705,127.03352337516199,958875,1940875,45.320316,2025-10-01 10:00:00
다사58754100,37.4695585711118,127.033509372915,958875,1941125,45.29668,2025-10-01 10:00:00
다사58754125,37.471811925017,127.033495369109,958875,1941375,45.26695,2025-10-01 10:00:00
다사58506375,37.6745990189955,127.029393728101,958625,1963875,35.02204,2025-10-01 10:00:00
다사58506400,37.6768522931238,127.029379495914,958625,1964125,35.00632,2025-10-01 10:00:00
다사58506425,37.6791055663846,127.029365262142,958625,1964375,34.987083,2025-10-01 10:00:00
다사58506450,37.681358838777705,127.029351026784,958625,1964625,34.97653,2025-10-01 10:00:00
다사58506275,37.6655859138064,127.029450640993,958625,1962875,35.15189,2025-10-01 10:00:00
다사58506300,37.667839191405,127.029436415148,958625,1963125,35.09187,2025-10-01 10:00:00
다사58506325,37.6700924681361,127.029422187717,958625,1963375,35.06496,2025-10-01 10:00:00
다사58506350,37.6723457439995,127.029407958702,958625,1963625,35.04103,2025-10-01 10:00:00
다사58506575,37.6926251877284,127.029279826199,958625,1965875,34.914402,2025-10-01 10:00:00
다사58506600,37.6948784549154,127.02926558132201,958625,1966125,34.907177,2025-10-01 10:00:00
다사58506625,37.697131721234605,127.02925133485701,958625,1966375,34.89642,2025-10-01 10:00:00
다사58506650,37.6993849866861,127.029237086805,958625,1966625,34.88655,2025-10-01 10:00:00
다사58506475,37.6836121103032,127.02933678983999,958625,1964875,34.95486,2025-10-01 10:00:00
다사58506500,37.685865380961,127.02932255131,958625,1965125,34.94661,2025-10-01 10:00:00
다사58506525,37.68811865075121,127.029308311193,958625,1965375,34.935726,2025-10-01 10:00:00
다사58506550,37.6903719196736,127.029294069489,958625,1965625,34.923756,2025-10-01 10:00:00
다사58754750,37.528145491184,127.033144766692,958875,1947625,42.104637,2025-10-01 10:00:00
다사58754775,37.5303988225699,127.033130722283,958875,1947875,42.054386,2025-10-01 10:00:00
다사58754800,37.5326521530895,127.03311667631,958875,1948125,41.597546,2025-10-01 10:00:00
다사58754825,37.53490548274271,127.03310262877301,958875,1948375,41.60234,2025-10-01 10:00:00
다사58754650,37.5191321569767,127.033200928689,958875,1946625,39.962337,2025-10-01 10:00:00
다사58754675,37.521385491828,127.03318689053499,958875,1946875,39.888313,2025-10-01 10:00:00
다사58754700,37.523638825812995,127.033172850818,958875,1947125,42.120712,2025-10-01 10:00:00
다사58754725,37.525892158931605,127.03315880953699,958875,1947375,42.147514,2025-10-01 10:00:00
다사58754950,37.546172118012294,127.033032367617,958875,1949625,40.826813,2025-10-01 10:00:00
다사58754975,37.5484254424667,127.03301831068998,958875,1949875,40.76355,2025-10-01 10:00:00
다사58755000,37.5506787660547,127.033004252197,958875,1950125,40.732548,2025-10-01 10:00:00
다사58755025,37.5529320887761,127.032990192139,958875,1950375,40.716152,2025-10-01 10:00:00
다사58754850,37.5371588115295,127.033088579672,958875,1948625,41.150646,2025-10-01 10:00:00
다사58754875,37.539412139449894,127.03307452900499,958875,1948875,41.119606,2025-10-01 10:00:00
다사58754900,37.541665466503794,127.03306047677401,958875,1949125,41.03228,2025-10-01 10:00:00
다사58754925,37.5439187926913,127.033046422978,958875,1949375,40.92134,2025-10-01 10:00:00
다사58754350,37.4920920711966,127.033369264661,958875,1943625,43.899796,2025-10-01 10:00:00
다사58754375,37.4943454164421,127.03335524525299,958875,1943875,43.755157,2025-10-01 10:00:00
다사58754400,37.4965987608215,127.033341224284,958875,1944125,43.5926,2025-10-01 10:00:00
다사58754425,37.498852104334794,127.03332720175399,958875,1944375,43.413406,2025-10-01 10:00:00
다사58754250,37.483078681554396,127.033425326684,958875,1942625,44.68668,2025-10-01 10:00:00
다사58754275,37.485332030264004,127.033411313519,958875,1942875,44.083557,2025-10-01 10:00:00
다사58754300,37.4875853781076,127.033397298794,958875,1943125,44.08784,2025-10-01 10:00:00
다사58754325,37.4898387250851,127.033383282508,958875,1943375,44.013596,2025-10-01 10:00:00
다사58754550,37.510118808909,127.03325706567499,958875,1945625,42.46632,2025-10-01 10:00:00
다사58754575,37.5123721472253,127.033243033773,958875,1945875,42.33168,2025-10-01 10:00:00
다사58754600,37.5146254846753,127.033229000308,958875,1946125,40.22328,2025-10-01 10:00:00
다사58754625,37.516878821259205,127.03321496528,958875,1946375,40.072872,2025-10-01 10:00:00
다사58754450,37.501105446981896,127.033313177662,958875,1944625,43.225494,2025-10-01 10:00:00
다사58754475,37.503358788762895,127.033299152008,958875,1944875,43.02608,2025-10-01 10:00:00
다사58754500,37.50561212967779,127.033285124793,958875,1945125,42.823948,2025-10-01 10:00:00
다사58754525,37.507865469726504,127.033271096015,958875,1945375,42.634995,2025-10-01 10:00:00
다사58505175,37.5664408408858,127.03007501193001,958625,1951875,40.312634,2025-10-01 10:00:00
다사58505200,37.568694156637896,127.030060855637,958625,1952125,40.287575,2025-10-01 10:00:00
다사58505225,37.5709474715233,127.030046697768,958625,1952375,40.112343,2025-10-01 10:00:00
다사58505250,37.5732007855419,127.03003253832199,958625,1952625,40.089436,2025-10-01 10:00:00
다사58505075,37.5574275692103,127.030131621336,958625,1950875,40.859203,2025-10-01 10:00:00
다사58505100,37.559680888429206,127.030117471348,958625,1951125,40.027596,2025-10-01 10:00:00
다사58505125,37.561934206781395,127.030103319785,958625,1951375,40.009674,2025-10-01 10:00:00
다사58505150,37.5641875242669,127.03008916664601,958625,1951625,40.332573,2025-10-01 10:00:00
다사58505375,37.584467342633204,127.029961717431,958625,1953875,40.1719,2025-10-01 10:00:00
다사58505400,37.5867206514509,127.029947548519,958625,1954125,39.367653,2025-10-01 10:00:00
다사58505425,37.588973959401706,127.029933378029,958625,1954375,39.399372,2025-10-01 10:00:00
다사58505450,37.5912272664857,127.029919205961,958625,1954625,38.2835,2025-10-01 10:00:00
다사58505275,37.5754540986938,127.030018377299,958625,1952875,40.045086,2025-10-01 10:00:00
다사58505300,37.577707410978896,127.03000421469801,958625,1953125,40.067833,2025-10-01 10:00:00
다사58505325,37.579960722397104,127.02999005052,958625,1953375,40.092167,2025-10-01 10:00:00
다사58505350,37.582214032948606,127.029975884764,958625,1953625,40.12437,2025-10-01 10:00:00
다사58504775,37.5303876709905,127.030301298323,958625,1947875,42.13146,2025-10-01 10:00:00
다사58504800,37.5326410006079,127.03028716723301,958625,1948125,41.714924,2025-10-01 10:00:00
다사58504825,37.5348943293589,127.03027303456899,958625,1948375,41.712128,2025-10-01 10:00:00
다사58504850,37.5371476572434,127.03025890033199,958625,1948625,41.696213,2025-10-01 10:00:00
다사58504675,37.5213743438566,127.03035780694701,958625,1946875,42.49759,2025-10-01 10:00:00
다사58504700,37.523627676939704,127.030343682151,958625,1947125,42.39431,2025-10-01 10:00:00
다사58504725,37.5258810091563,127.03032955578101,958625,1947375,42.183647,2025-10-01 10:00:00
다사58504750,37.528134340506604,127.030315427839,958625,1947625,42.164337,2025-10-01 10:00:00
다사58504975,37.5484142836684,127.030188205529,958625,1949875,40.90783,2025-10-01 10:00:00
다사58505000,37.5506676063538,127.030174061843,958625,1950125,40.86217,2025-10-01 10:00:00
다사58505025,37.552920928172604,127.030159916583,958625,1950375,40.82725,2025-10-01 10:00:00
다사58505050,37.555174249124704,127.03014576974701,958625,1950625,40.799107,2025-10-01 10:00:00
다사58504875,37.5394009842614,127.03024476451999,958625,1948875,41.18708,2025-10-01 10:00:00
다사58504900,37.541654310413,127.030230627134,958625,1949125,41.12868,2025-10-01 10:00:00
다사58504925,37.543907635698,127.030216488174,958625,1949375,41.0469,2025-10-01 10:00:00
다사58504950,37.5461609601165,127.030202347639,958625,1949625,40.97381,2025-10-01 10:00:00
다사58505975,37.6385465149625,127.029621227582,958625,1959875,36.786232,2025-10-01 10:00:00
다사58506000,37.64079980297,127.02960702074101,958625,1960125,36.66887,2025-10-01 10:00:00
다사58506025,37.6430530901103,127.029592812318,958625,1960375,36.563816,2025-10-01 10:00:00
다사58506050,37.6453063763832,127.029578602311,958625,1960625,36.4527,2025-10-01 10:00:00
다사58505875,37.6295333542594,127.029678039121,958625,1958875,37.29917,2025-10-01 10:00:00
다사58505900,37.631786645736106,127.02966383860901,958625,1959125,37.15004,2025-10-01 10:00:00
다사58505925,37.6340399363455,127.029649636516,958625,1959375,37.01869,2025-10-01 10:00:00
다사58505950,37.6362932260876,127.02963543283998,958625,1959625,36.895325,2025-10-01 10:00:00
다사58506175,37.6565727947371,127.02950752853,958625,1961875,35.053787,2025-10-01 10:00:00
다사58506200,37.6588260758057,127.029493309022,958625,1962125,35.012043,2025-10-01 10:00:00
다사58506225,37.6610793560067,127.02947908793001,958625,1962375,35.22081,2025-10-01 10:00:00
다사58506250,37.663332635340296,127.029464865254,958625,1962625,35.18396,2025-10-01 10:00:00
다사58506075,37.6475596617888,127.029564390722,958625,1960875,35.76241,2025-10-01 10:00:00
다사58506100,37.649812946326996,127.029550177549,958625,1961125,35.683147,2025-10-01 10:00:00
다사58506125,37.6520662299978,127.029535962793,958625,1961375,35.604614,2025-10-01 10:00:00
다사58506150,37.6543195128012,127.029521746453,958625,1961625,35.509624,2025-10-01 10:00:00
다사58505575,37.60249378890121,127.02984832193701,958625,1955875,39.1413,2025-10-01 10:00:00
다사58505600,37.6047470907834,127.029834140394,958625,1956125,38.94866,2025-10-01 10:00:00
다사58505625,37.6070003917985,127.029819957271,958625,1956375,38.85707,2025-10-01 10:00:00
다사58505650,37.6092536919466,127.029805772569,958625,1956625,39.01108,2025-10-01 10:00:00
다사58505475,37.5934805727027,127.02990503231399,958625,1954875,38.27176,2025-10-01 10:00:00
다사58505500,37.5957338780528,127.02989085708799,958625,1955125,38.252163,2025-10-01 10:00:00
다사58505525,37.597987182535896,127.029876680284,958625,1955375,38.046215,2025-10-01 10:00:00
다사58505550,37.6002404861521,127.0298625019,958625,1955625,37.955357,2025-10-01 10:00:00
다사58505775,37.620520179680796,127.029734825352,958625,1957875,37.82408,2025-10-01 10:00:00
다사58505800,37.6227734746262,127.029720631166,958625,1958125,37.71323,2025-10-01 10:00:00
다사58505825,37.6250267687045,127.02970643539899,958625,1958375,37.58753,2025-10-01 10:00:00
다사58505850,37.627280061915606,127.029692238051,958625,1958625,37.448795,2025-10-01 10:00:00
다사58505675,37.61150699122771,127.029791586287,958625,1956875,39.138824,2025-10-01 10:00:00
다사58505700,37.6137602896416,127.029777398424,958625,1957125,39.1886,2025-10-01 10:00:00
다사58505725,37.616013587188505,127.029763208981,958625,1957375,37.993492,2025-10-01 10:00:00
다사58505750,37.6182668838682,127.029749017957,958625,1957625,37.92202,2025-10-01 10:00:00
다사58256225,37.6610680839102,127.02664471307199,958375,1962375,35.098625,2025-10-01 10:00:00
다사58256250,37.6633213623331,127.026630404727,958375,1962625,35.052124,2025-10-01 10:00:00
다사58256275,37.6655746398883,127.026616094788,958375,1962875,35.045902,2025-10-01 10:00:00
다사58256300,37.667827916576,127.026601783255,958375,1963125,35.024574,2025-10-01 10:00:00
다사58256125,37.6520549615438,127.026701930512,958375,1961375,35.802807,2025-10-01 10:00:00
다사58256150,37.6543082434367,127.026687628542,958375,1961625,35.29132,2025-10-01 10:00:00
다사58256175,37.656561524462,127.026673324979,958375,1961875,35.09308,2025-10-01 10:00:00
다사58256200,37.6588148046199,127.026659019822,958375,1962125,35.086807,2025-10-01 10:00:00
다사58256425,37.6790942870003,127.026530201669,958375,1964375,34.952328,2025-10-01 10:00:00
다사58256450,37.6813475584822,127.026515880567,958375,1964625,34.94334,2025-10-01 10:00:00
다사58256475,37.6836008290964,127.026501557868,958375,1964875,34.928974,2025-10-01 10:00:00
다사58256500,37.685854098842896,127.026487233574,958375,1965125,34.917152,2025-10-01 10:00:00
다사58256325,37.670081192396104,127.026587470128,958375,1963375,35.0098,2025-10-01 10:00:00
다사58256350,37.6723344673486,127.026573155406,958375,1963625,34.998127,2025-10-01 10:00:00
다사58256375,37.6745877414335,127.02655883908899,958375,1963875,34.979584,2025-10-01 10:00:00
다사58256400,37.676841014650705,127.026544521177,958375,1964125,34.96794,2025-10-01 10:00:00
다사58255825,37.6250155111731,127.026873429937,958375,1958375,37.787197,2025-10-01 10:00:00
다사58255850,37.627268803474294,127.026859147073,958375,1958625,37.626904,2025-10-01 10:00:00
다사58255875,37.629522094908204,127.026844862617,958375,1958875,37.45813,2025-10-01 10:00:00
다사58255900,37.631775385474796,127.026830576571,958375,1959125,37.27964,2025-10-01 10:00:00
다사58255725,37.6160023332962,127.026930545486,958375,1957375,39.535416,2025-10-01 10:00:00
다사58255750,37.618255629066205,127.026916268984,958375,1957625,38.238026,2025-10-01 10:00:00
다사58255775,37.620508923969,127.02690199089199,958375,1957875,38.090984,2025-10-01 10:00:00
다사58255800,37.6227622180047,127.02688771121001,958375,1958125,37.946365,2025-10-01 10:00:00
다사58256025,37.6430418252981,127.02675912246201,958375,1960375,36.579166,2025-10-01 10:00:00
다사58256050,37.6452951106606,127.02674482686399,958375,1960625,36.446407,2025-10-01 10:00:00
다사58256075,37.647548395155795,127.026730529673,958375,1960875,36.297573,2025-10-01 10:00:00
다사58256100,37.6498016787835,127.026716230889,958375,1961125,36.113018,2025-10-01 10:00:00
다사58255925,37.6340286751741,127.02681628893299,958375,1959375,37.11796,2025-10-01 10:00:00
다사58255950,37.6362819640061,127.02680199970301,958375,1959625,36.97154,2025-10-01 10:00:00
다사58255975,37.638535251970794,127.026787708881,958375,1959875,36.835815,2025-10-01 10:00:00
다사58256000,37.640788539068105,127.02677341646799,958375,1960125,36.707355,2025-10-01 10:00:00
다사58504375,37.49433427929,127.030527181875,958625,1943875,43.92624,2025-10-01 10:00:00
다사58504400,37.496587622768004,127.03051307594,958625,1944125,43.801975,2025-10-01 10:00:00
다사58504425,37.4988409653799,127.030498968435,958625,1944375,43.653736,2025-10-01 10:00:00
다사58504450,37.501094307125705,127.03048485935899,958625,1944625,43.4887,2025-10-01 10:00:00
다사58504275,37.4853208967166,127.030583589908,958625,1942875,44.88469,2025-10-01 10:00:00
다사58504300,37.487574243659104,127.03056949025499,958625,1943125,44.16466,2025-10-01 10:00:00
다사58504325,37.4898275897355,127.030555389032,958625,1943375,44.11116,2025-10-01 10:00:00
다사58504350,37.4920809349458,127.030541286238,958625,1943625,44.034447,2025-10-01 10:00:00
다사58504575,37.512361002861205,127.030414290406,958625,1945875,42.493874,2025-10-01 10:00:00
다사58504600,37.5146143394095,127.0304001719,958625,1946125,42.330128,2025-10-01 10:00:00
다사58504625,37.5168676750916,127.03038605182199,958625,1946375,42.841118,2025-10-01 10:00:00
다사58504650,37.519121009907295,127.030371930171,958625,1946625,42.76791,2025-10-01 10:00:00
다사58504475,37.5033476480052,127.030470748711,958625,1944875,43.305435,2025-10-01 10:00:00
다사58504500,37.50560098801861,127.030456636493,958625,1945125,43.107777,2025-10-01 10:00:00
다사58504525,37.5078543271657,127.030442522702,958625,1945375,42.905968,2025-10-01 10:00:00
다사58504550,37.510107665446604,127.03042840734,958625,1945625,42.69463,2025-10-01 10:00:00
다사58256625,37.6971204345592,127.02641558815901,958375,1966375,34.87666,2025-10-01 10:00:00
다사58256650,37.699373699099,127.026401254286,958375,1966625,34.87316,2025-10-01 10:00:00
다사58256675,37.701626962771,127.02638691881599,958375,1966875,34.86549,2025-10-01 10:00:00
다사58504050,37.465040735263706,127.030710416161,958625,1940625,45.359566,2025-10-01 10:00:00
다사58256525,37.688107367721706,127.026472907684,958375,1965375,34.913055,2025-10-01 10:00:00
다사58256550,37.6903606357328,127.02645858019699,958375,1965625,34.90376,2025-10-01 10:00:00
다사58256575,37.692613902876,127.026444251115,958375,1965875,34.891994,2025-10-01 10:00:00
다사58256600,37.6948671691515,127.026429920435,958375,1966125,34.89062,2025-10-01 10:00:00
다사58504175,37.476307500286204,127.030639972822,958625,1941875,45.163418,2025-10-01 10:00:00
다사58504200,37.478560850692894,127.030625879448,958625,1942125,45.078533,2025-10-01 10:00:00
다사58504225,37.480814200233496,127.03061178450399,958625,1942375,44.979244,2025-10-01 10:00:00
다사58504250,37.483067548908,127.030597687991,958625,1942625,44.908913,2025-10-01 10:00:00
다사58504075,37.4672940900001,127.03069633063,958625,1940875,45.34185,2025-10-01 10:00:00
다사58504100,37.4695474438706,127.030682243531,958625,1941125,45.32016,2025-10-01 10:00:00
다사58504125,37.4718007968751,127.030668154864,958625,1941375,45.282444,2025-10-01 10:00:00
다사58504150,37.474054149013604,127.030654064627,958625,1941625,45.22866,2025-10-01 10:00:00
다사58254625,37.5168564611725,127.02755713993601,958375,1946375,42.92112,2025-10-01 10:00:00
다사58254650,37.5191097950809,127.027542933225,958375,1946625,42.82702,2025-10-01 10:00:00
다사58254675,37.5213631281229,127.027528724932,958375,1946875,43.099934,2025-10-01 10:00:00
다사58254700,37.5236164602985,127.02751451505699,958375,1947125,43.098846,2025-10-01 10:00:00
다사58254525,37.5078431168754,127.027613950961,958375,1945375,43.304005,2025-10-01 10:00:00
다사58254550,37.5100964542491,127.027599750577,958375,1945625,43.036297,2025-10-01 10:00:00
다사58254575,37.5123497907566,127.02758554861201,958375,1945875,42.73932,2025-10-01 10:00:00
다사58254600,37.5146031263977,127.027571345065,958375,1946125,42.464203,2025-10-01 10:00:00
다사58254825,37.534883108179706,127.02744344193898,958375,1948375,41.83366,2025-10-01 10:00:00
다사58254850,37.5371364351565,127.027429222566,958375,1948625,41.811256,2025-10-01 10:00:00
다사58254875,37.539389761266705,127.02741500161001,958375,1948875,41.271626,2025-10-01 10:00:00
다사58254900,37.5416430865104,127.027400779069,958375,1949125,41.219795,2025-10-01 10:00:00
다사58254725,37.5258697916076,127.027500303599,958375,1947375,42.80693,2025-10-01 10:00:00
다사58254750,37.5281231220504,127.02748609055901,958375,1947625,42.257896,2025-10-01 10:00:00
다사58254775,37.5303764516266,127.027471875935,958375,1947875,41.850674,2025-10-01 10:00:00
다사58254800,37.5326297803364,127.02745765972901,958375,1948125,41.842266,2025-10-01 10:00:00
다사58254225,37.4808030008243,127.02778423228901,958375,1942375,45.20442,2025-10-01 10:00:00
다사58254250,37.4830563485924,127.027770050867,958375,1942625,45.167843,2025-10-01 10:00:00
다사58254275,37.4853096954944,127.027755867866,958375,1942875,45.144184,2025-10-01 10:00:00
다사58254300,37.4875630415303,127.027741683286,958375,1943125,45.13168,2025-10-01 10:00:00
다사58254125,37.4717896010912,127.02784094218799,958375,1941375,45.38081,2025-10-01 10:00:00
다사58254150,37.4740429523235,127.027826767081,958375,1941625,45.345974,2025-10-01 10:00:00
다사58254175,37.476296302689796,127.02781259039499,958375,1941875,45.300087,2025-10-01 10:00:00
다사58254200,37.478549652190104,127.027798412131,958375,1942125,45.2527,2025-10-01 10:00:00
다사58254425,37.4988297587175,127.02767073668699,958375,1944375,44.006916,2025-10-01 10:00:00
다사58254450,37.501083099556396,127.02765654262699,958375,1944625,43.879208,2025-10-01 10:00:00
다사58254475,37.503336439529,127.02764234698601,958375,1944875,43.72161,2025-10-01 10:00:00
다사58254500,37.5055897786353,127.027628149764,958375,1945125,43.53384,2025-10-01 10:00:00
다사58254325,37.4898163867001,127.02772749712601,958375,1943375,44.35069,2025-10-01 10:00:00
다사58254350,37.4920697310037,127.027713309386,958375,1943625,44.28436,2025-10-01 10:00:00
다사58254375,37.494323074441205,127.027699120067,958375,1943875,44.211273,2025-10-01 10:00:00
다사58254400,37.4965764170125,127.02768492916701,958375,1944125,44.11741,2025-10-01 10:00:00
다사58255425,37.5889627164216,127.027101739524,958375,1954375,39.58126,2025-10-01 10:00:00
다사58255450,37.591216022596505,127.027087482093,958375,1954625,39.629818,2025-10-01 10:00:00
다사58255475,37.593469327904394,127.027073223073,958375,1954875,38.629826,2025-10-01 10:00:00
다사58255500,37.59572263234529,127.02705896246401,958375,1955125,39.945713,2025-10-01 10:00:00
다사58255325,37.5799494830526,127.02715875337401,958375,1953375,40.278206,2025-10-01 10:00:00
다사58255350,37.582202792695206,127.027144502293,958375,1953625,40.27631,2025-10-01 10:00:00
다사58255375,37.584456101471,127.02713024962401,958375,1953875,40.3131,2025-10-01 10:00:00
다사58255400,37.5867094093797,127.027115995368,958375,1954125,40.372646,2025-10-01 10:00:00
다사58255625,37.6069891415445,127.02698763559201,958375,1956375,40.551487,2025-10-01 10:00:00
다사58255650,37.6092424407831,127.02697336545,958375,1956625,39.83476,2025-10-01 10:00:00
다사58255675,37.6114957391546,127.026959093719,958375,1956875,39.711098,2025-10-01 10:00:00
다사58255700,37.613749036659,127.02694482039699,958375,1957125,39.619305,2025-10-01 10:00:00
다사58255525,37.5979759359192,127.02704470026801,958375,1955375,39.984352,2025-10-01 10:00:00
다사58255550,37.600229238626106,127.027030436482,958375,1955625,40.014996,2025-10-01 10:00:00
다사58255575,37.602482540466,127.027016171108,958375,1955875,39.72594,2025-10-01 10:00:00
다사58255600,37.604735841438796,127.027001904145,958375,1956125,39.826756,2025-10-01 10:00:00
다사58255025,37.5529096997299,127.027329642602,958375,1950375,40.937466,2025-10-01 10:00:00
다사58255050,37.5551630197738,127.027315410555,958375,1950625,40.985996,2025-10-01 10:00:00
다사58255075,37.5574163389511,127.027301176922,958375,1950875,40.94029,2025-10-01 10:00:00
다사58255100,37.55966965726171,127.027286941705,958375,1951125,40.100513,2025-10-01 10:00:00
다사58254925,37.5438964108875,127.027386554944,958375,1949375,41.155064,2025-10-01 10:00:00
다사58254950,37.546149734398,127.02737232923599,958375,1949625,41.09358,2025-10-01 10:00:00
다사58254975,37.548403057041895,127.027358101942,958375,1949875,41.03134,2025-10-01 10:00:00
다사58255000,37.550656378819205,127.02734387306499,958375,1950125,40.979317,2025-10-01 10:00:00
다사58255225,37.570936235813605,127.027215741829,958375,1952375,40.228947,2025-10-01 10:00:00
다사58255250,37.5731895489236,127.027201497096,958375,1952625,40.269646,2025-10-01 10:00:00
다사58255275,37.5754428611668,127.027187250775,958375,1952875,40.355667,2025-10-01 10:00:00
다사58255300,37.5776961725431,127.027173002868,958375,1953125,40.330524,2025-10-01 10:00:00
다사58255125,37.5619229747056,127.02727270490101,958375,1951375,40.078068,2025-10-01 10:00:00
다사58255150,37.5641762912827,127.027258466512,958375,1951625,40.05467,2025-10-01 10:00:00
다사58255175,37.566429606993104,127.027244226537,958375,1951875,40.38771,2025-10-01 10:00:00
다사58255200,37.568682921836796,127.027229984976,958375,1952125,40.221577,2025-10-01 10:00:00
다사58005725,37.615991011411,127.024097883581,958125,1957375,39.889797,2025-10-01 10:00:00
다사58005750,37.6182443062659,127.024083521602,958125,1957625,38.56693,2025-10-01 10:00:00
다사58005775,37.6204976002535,127.024069158023,958125,1957875,38.36931,2025-10-01 10:00:00
다사58005800,37.6227508933738,127.02405479284401,958125,1958125,38.17906,2025-10-01 10:00:00
다사58005625,37.6069778233196,127.024155315502,958125,1956375,41.05073,2025-10-01 10:00:00
다사58005650,37.609231121643205,127.024140959921,958125,1956625,40.693382,2025-10-01 10:00:00
다사58005675,37.6114844190997,127.02412660273998,958125,1956875,40.32907,2025-10-01 10:00:00
다사58005700,37.613737715689,127.02411224396099,958125,1957125,40.07751,2025-10-01 10:00:00
다사58005925,37.6340173459659,127.023982942941,958125,1959375,37.234833,2025-10-01 10:00:00
다사58005950,37.6362706338823,127.023968568158,958125,1959625,37.05122,2025-10-01 10:00:00
다사58005975,37.6385239209313,127.023954191773,958125,1959875,36.89292,2025-10-01 10:00:00
다사58006000,37.6407772071129,127.023939813787,958125,1960125,36.7407,2025-10-01 10:00:00
다사58005825,37.6250041856268,127.024040426065,958125,1958375,37.991634,2025-10-01 10:00:00
다사58005850,37.6272574770126,127.02402605768499,958125,1958625,37.80502,2025-10-01 10:00:00
다사58005875,37.6295107675311,127.024011687705,958125,1958875,37.615692,2025-10-01 10:00:00
다사58005900,37.6317640571822,127.023997316124,958125,1959125,37.425274,2025-10-01 10:00:00
다사58005325,37.57993817580321,127.02432745781601,958125,1953375,40.410522,2025-10-01 10:00:00
다사58005350,37.5821914845315,127.024313121409,958125,1953625,40.415543,2025-10-01 10:00:00
다사58005375,37.584444792392794,127.024298783406,958125,1953875,40.44557,2025-10-01 10:00:00
다사58005400,37.5866980993871,127.024284443805,958125,1954125,40.50397,2025-10-01 10:00:00
다사58005225,37.5709249322209,127.024384787477,958125,1952375,40.334854,2025-10-01 10:00:00
다사58005250,37.573178244416795,127.024370457456,958125,1952625,40.37434,2025-10-01 10:00:00
다사58005275,37.575431555745794,127.024356125839,958125,1952875,40.41453,2025-10-01 10:00:00
다사58005300,37.577684866208,127.02434179262501,958125,1953125,40.420258,2025-10-01 10:00:00
다사58005525,37.597964621353704,127.02421272183999,958125,1955375,40.364925,2025-10-01 10:00:00
다사58005550,37.60021792314579,127.024198372654,958125,1955625,40.543415,2025-10-01 10:00:00
다사58005575,37.6024712240709,127.024184021868,958125,1955875,40.632088,2025-10-01 10:00:00
다사58005600,37.6047245241288,127.02416966948499,958125,1956125,40.929237,2025-10-01 10:00:00
다사58005425,37.5889514055145,127.024270102607,958125,1954375,39.76818,2025-10-01 10:00:00
다사58005450,37.591204710774896,127.024255759812,958125,1954625,39.84288,2025-10-01 10:00:00
다사58005475,37.5934580151682,127.02424141542,958125,1954875,39.93653,2025-10-01 10:00:00
다사58005500,37.5957113186945,127.024227069429,958125,1955125,40.244686,2025-10-01 10:00:00
다사58006525,37.688096016523396,127.023637505771,958125,1965375,34.885624,2025-10-01 10:00:00
다사58006550,37.6903492836175,127.023623092502,958125,1965625,34.876915,2025-10-01 10:00:00
다사58006575,37.6926025498438,127.023608677627,958125,1965875,34.871563,2025-10-01 10:00:00
다사58006600,37.6948558152022,127.02359426114599,958125,1966125,34.862743,2025-10-01 10:00:00
다사58006425,37.679082939469204,127.023695142792,958125,1964375,34.91888,2025-10-01 10:00:00
다사58006450,37.6813362100344,127.02368073594499,958125,1964625,34.910435,2025-10-01 10:00:00
다사58006475,37.6835894797318,127.02366632749201,958125,1964875,34.90367,2025-10-01 10:00:00
다사58006500,37.6858427485615,127.023651917435,958125,1965125,34.89228,2025-10-01 10:00:00
다사58254025,37.4627761875021,127.027897626835,958375,1940375,45.44042,2025-10-01 10:00:00
다사58254050,37.465029542198295,127.02788345804,958375,1940625,45.43732,2025-10-01 10:00:00
다사58254075,37.4672828960286,127.027869287667,958375,1940875,45.42579,2025-10-01 10:00:00
다사58254100,37.469536248992895,127.027855115716,958375,1941125,45.404976,2025-10-01 10:00:00
다사58006625,37.6971090796928,127.023579843058,958125,1966375,34.85698,2025-10-01 10:00:00
다사58006650,37.6993623433155,127.02356542336399,958125,1966625,34.85449,2025-10-01 10:00:00
다사58006675,37.7016156060703,127.023551002063,958125,1966875,34.849148,2025-10-01 10:00:00
다사58254000,37.4605228319399,127.027911794053,958375,1940125,45.43704,2025-10-01 10:00:00
다사58006125,37.6520436250091,127.02386789982401,958125,1961375,35.636536,2025-10-01 10:00:00
다사58006150,37.6542969059859,127.02385351222401,958125,1961625,35.352436,2025-10-01 10:00:00
다사58006175,37.656550186095096,127.023839123022,958125,1961875,35.161335,2025-10-01 10:00:00
다사58006200,37.658803465336796,127.023824732216,958125,1962125,35.045757,2025-10-01 10:00:00
다사58006025,37.643030492427,127.02392543419901,958125,1960375,36.588284,2025-10-01 10:00:00
다사58006050,37.645283776873704,127.023911053008,958125,1960625,36.434727,2025-10-01 10:00:00
다사58006075,37.647537060453,127.023896670216,958125,1960875,36.214947,2025-10-01 10:00:00
다사58006100,37.649790343164796,127.023882285822,958125,1961125,35.989304,2025-10-01 10:00:00
다사58006325,37.6700698485313,127.023752754133,958125,1963375,34.96354,2025-10-01 10:00:00
다사58006350,37.6723231225673,127.023738353705,958125,1963625,34.95576,2025-10-01 10:00:00
다사58006375,37.6745763957356,127.023723951672,958125,1963875,34.940235,2025-10-01 10:00:00
다사58006400,37.6768296680363,127.023709548034,958125,1964125,34.931908,2025-10-01 10:00:00
다사58006225,37.6610567437109,127.023810339807,958125,1962375,35.015545,2025-10-01 10:00:00
다사58006250,37.6633100212174,127.02379594579399,958125,1962625,34.99901,2025-10-01 10:00:00
다사58006275,37.665563297856394,127.023781550178,958125,1962875,34.98678,2025-10-01 10:00:00
다사58006300,37.6678165736276,127.023767152957,958125,1963125,34.974247,2025-10-01 10:00:00
다사58004125,37.4717783376655,127.02501373109,958125,1941375,45.526585,2025-10-01 10:00:00
다사58004150,37.474031687986106,127.024999471112,958125,1941625,45.510365,2025-10-01 10:00:00
다사58004175,37.4762850374406,127.02498520954701,958125,1941875,45.49136,2025-10-01 10:00:00
다사58004200,37.478538386029,127.024970946394,958125,1942125,45.47552,2025-10-01 10:00:00
다사58004025,37.462764927722795,127.02507075512501,958125,1940375,45.542515,2025-10-01 10:00:00
다사58004050,37.465018281507504,127.025056501497,958125,1940625,45.54244,2025-10-01 10:00:00
다사58004075,37.467271634426204,127.025042246282,958125,1940875,45.538563,2025-10-01 10:00:00
다사58004100,37.469524986478895,127.02502798948,958125,1941125,45.53239,2025-10-01 10:00:00
다사58004325,37.4898051159791,127.0248996068,958125,1943375,45.453377,2025-10-01 10:00:00
다사58004350,37.492058459370604,127.024885334114,958125,1943625,44.700863,2025-10-01 10:00:00
다사58004375,37.4943118018958,127.024871059839,958125,1943875,44.5819,2025-10-01 10:00:00
다사58004400,37.4965651435548,127.024856783974,958125,1944125,44.532314,2025-10-01 10:00:00
다사58004225,37.480791733751396,127.02495668165199,958125,1942375,45.46125,2025-10-01 10:00:00
다사58004250,37.4830450806075,127.024942415322,958125,1942625,45.45078,2025-10-01 10:00:00
다사58004275,37.4852984265976,127.02492814740299,958125,1942875,45.451004,2025-10-01 10:00:00
다사58004300,37.4875517717214,127.024913877896,958125,1943125,45.445236,2025-10-01 10:00:00
다사57756450,37.68132479343429,127.02084559292801,957875,1964625,34.883545,2025-10-01 10:00:00
다사57756475,37.6835780622095,127.020831098722,957875,1964875,34.88091,2025-10-01 10:00:00
다사57756500,37.6858313301168,127.02081660290101,957875,1965125,34.86965,2025-10-01 10:00:00
다사57756525,37.6880845971563,127.020802105464,957875,1965375,34.862255,2025-10-01 10:00:00
다사57756350,37.672311709655794,127.020903553608,957875,1963625,34.919968,2025-10-01 10:00:00
다사57756375,37.6745649819021,127.02088906586,957875,1963875,34.908855,2025-10-01 10:00:00
다사57756400,37.6768182532806,127.02087457649701,957875,1964125,34.895504,2025-10-01 10:00:00
다사57756425,37.6790715237913,127.02086008552,957875,1964375,34.89078,2025-10-01 10:00:00
다사57756650,37.6993509193356,127.020729594049,957875,1966625,34.83146,2025-10-01 10:00:00
다사57756675,37.7016041811677,127.02071508691799,957875,1966875,34.83291,2025-10-01 10:00:00
다사58003975,37.4582582175554,127.025099257619,958125,1939875,45.52914,2025-10-01 10:00:00
다사58004000,37.4605115730721,127.02508500716499,958125,1940125,45.538784,2025-10-01 10:00:00
다사57756550,37.690337863328,127.02078760641301,957875,1965625,34.854004,2025-10-01 10:00:00
다사57756575,37.692591128631705,127.020773105745,957875,1965875,34.85365,2025-10-01 10:00:00
다사57756600,37.694844393067605,127.02075860346201,957875,1966125,34.847633,2025-10-01 10:00:00
다사57756625,37.697097656635606,127.020744099564,957875,1966375,34.84682,2025-10-01 10:00:00
다사58004925,37.543885118259794,127.024556623299,958125,1949375,41.26749,2025-10-01 10:00:00
다사58004950,37.5461384408569,127.024542312417,958125,1949625,41.20504,2025-10-01 10:00:00
다사58004975,37.54839176258729,127.024527999941,958125,1949875,41.147564,2025-10-01 10:00:00
다사58005000,37.550645083451,127.02451368587099,958125,1950125,41.08975,2025-10-01 10:00:00
다사58004825,37.5348718192053,127.024613850893,958125,1948375,41.983974,2025-10-01 10:00:00
다사58004850,37.537125145268796,127.024599546384,958125,1948625,41.950893,2025-10-01 10:00:00
다사58004875,37.5393784704658,127.02458524028299,958125,1948875,42.101593,2025-10-01 10:00:00
다사58004900,37.541631794796096,127.024570932588,958125,1949125,41.329433,2025-10-01 10:00:00
다사58005125,37.561911674768794,127.02444209160299,958125,1951375,40.14776,2025-10-01 10:00:00
다사58005150,37.564164990432,127.024427767965,958125,1951625,40.12479,2025-10-01 10:00:00
다사58005175,37.5664183052285,127.024413442731,958125,1951875,40.107937,2025-10-01 10:00:00
다사58005200,37.5686716191581,127.024399115902,958125,1952125,40.313732,2025-10-01 10:00:00
다사58005025,37.552898403448,127.02449937020599,958125,1950375,41.13855,2025-10-01 10:00:00
다사58005050,37.555151722578294,127.024485052948,958125,1950625,41.08254,2025-10-01 10:00:00
다사58005075,37.5574050408419,127.02447073409401,958125,1950875,41.023117,2025-10-01 10:00:00
다사58005100,37.5596583582387,127.02445641364599,958125,1951125,40.507015,2025-10-01 10:00:00
다사58004525,37.5078318388556,127.02478538080099,958125,1945375,43.925808,2025-10-01 10:00:00
다사58004550,37.510085175316796,127.024771095396,958125,1945625,43.61456,2025-10-01 10:00:00
다사58004575,37.512338510911604,127.02475680839899,958125,1945875,43.173992,2025-10-01 10:00:00
다사58004600,37.51459184564,127.024742519811,958125,1946125,43.23353,2025-10-01 10:00:00
다사58004425,37.4988184843476,127.02484250652,958125,1944375,44.46711,2025-10-01 10:00:00
다사58004450,37.501071824274,127.02482822747601,958125,1944625,44.38984,2025-10-01 10:00:00
다사58004475,37.5033251633342,127.024813946841,958125,1944875,44.283627,2025-10-01 10:00:00
다사58004500,37.5055785015281,127.024799664617,958125,1945125,44.136948,2025-10-01 10:00:00
다사58004725,37.5258585062856,127.02467105299999,958125,1947375,42.98323,2025-10-01 10:00:00
다사58004750,37.528111835815395,127.02465675486201,958125,1947625,42.968872,2025-10-01 10:00:00
다사58004775,37.5303651644785,127.02464245513201,958125,1947875,42.024586,2025-10-01 10:00:00
다사58004800,37.532618492275205,127.02462815380899,958125,1948125,42.00235,2025-10-01 10:00:00
다사58004625,37.516845179502,127.02472822963199,958125,1946375,42.89289,2025-10-01 10:00:00
다사58004650,37.5190985124976,127.02471393786199,958125,1946625,43.22298,2025-10-01 10:00:00
다사58004675,37.5213518446267,127.0246996445,958125,1946875,43.25347,2025-10-01 10:00:00
다사58004700,37.523605175889394,127.02468534954599,958125,1947125,43.28058,2025-10-01 10:00:00
다사57755250,37.5731668720216,127.02153941941201,957875,1952625,40.442497,2025-10-01 10:00:00
다사57755275,37.575420182431,127.021525002498,957875,1952875,40.46834,2025-10-01 10:00:00
다사57755300,37.5776734919734,127.021510583979,957875,1953125,40.489933,2025-10-01 10:00:00
다사57755325,37.5799268006489,127.021496163853,957875,1953375,40.500916,2025-10-01 10:00:00
다사57755150,37.564153621714894,127.02159707101299,957875,1951625,40.195156,2025-10-01 10:00:00
다사57755175,37.5664069355919,127.02158266052,957875,1951875,40.1781,2025-10-01 10:00:00
다사57755200,37.568660248602,127.02156824842301,957875,1952125,40.392876,2025-10-01 10:00:00
다사57755225,37.570913560745296,127.02155383472,957875,1952375,40.41121,2025-10-01 10:00:00
다사57755450,37.5911933310209,127.02142403913,957875,1954625,40.040318,2025-10-01 10:00:00
다사57755475,37.59344663449421,127.021409609364,957875,1954875,40.369236,2025-10-01 10:00:00
다사57755500,37.5956999371003,127.02139517799101,957875,1955125,40.49193,2025-10-01 10:00:00
다사57755525,37.597953238839295,127.021380745011,957875,1955375,40.64896,2025-10-01 10:00:00
다사57755350,37.5821801084573,127.021481742122,957875,1953625,40.528275,2025-10-01 10:00:00
다사57755375,37.5844334153988,127.021467318784,957875,1953875,40.56561,2025-10-01 10:00:00
다사57755400,37.5866867214732,127.021452893839,957875,1954125,40.631203,2025-10-01 10:00:00
다사57755425,37.5889400266806,127.021438467288,957875,1954375,39.945877,2025-10-01 10:00:00
다사57754850,37.5371137875806,127.021769871795,957875,1948625,42.11693,2025-10-01 10:00:00
다사57754875,37.539367111858795,127.02175548054899,957875,1948875,42.263622,2025-10-01 10:00:00
다사57754900,37.541620435270296,127.02174108770001,957875,1949125,42.224236,2025-10-01 10:00:00
다사57754925,37.543873757815106,127.021726693248,957875,1949375,42.17788,2025-10-01 10:00:00
다사57754750,37.52810048180171,127.021827420757,957875,1947625,43.240078,2025-10-01 10:00:00
다사57754775,37.5303538095463,127.02181303591999,957875,1947875,42.787846,2025-10-01 10:00:00
다사57754800,37.532607136424396,127.02179864948098,957875,1948125,42.735107,2025-10-01 10:00:00
다사57754825,37.5348604624358,127.021784261439,957875,1948375,42.160862,2025-10-01 10:00:00
다사57755050,37.5551403575384,127.021654696935,957875,1950625,41.17746,2025-10-01 10:00:00
다사57755075,37.557393674882704,127.02164029286101,957875,1950875,40.61633,2025-10-01 10:00:00
다사57755100,37.559646991360296,127.02162588718299,957875,1951125,40.57433,2025-10-01 10:00:00
다사57755125,37.561900306971005,127.0216114799,957875,1951375,40.534725,2025-10-01 10:00:00
다사57754950,37.5461270794932,127.021712297192,957875,1949625,41.322876,2025-10-01 10:00:00
다사57754975,37.5483804003046,127.02169789953301,957875,1949875,41.26733,2025-10-01 10:00:00
다사57755000,37.550633720249294,127.021683500271,957875,1950125,41.3121,2025-10-01 10:00:00
다사57755025,37.5528870393272,127.021669099405,957875,1950375,41.24611,2025-10-01 10:00:00
다사57756050,37.6452723750227,127.02107728075501,957875,1960625,36.39939,2025-10-01 10:00:00
다사57756075,37.647525657680504,127.021062812362,957875,1960875,36.19903,2025-10-01 10:00:00
다사57756100,37.6497789394708,127.021048342357,957875,1961125,35.963364,2025-10-01 10:00:00
다사57756125,37.6520322203936,127.021033870739,957875,1961375,35.64109,2025-10-01 10:00:00
다사57755950,37.6362592357162,127.02113513821399,957875,1959625,37.14763,2025-10-01 10:00:00
다사57755975,37.6385125218441,127.02112067626601,957875,1959875,36.952126,2025-10-01 10:00:00
다사57756000,37.640765807104394,127.02110621270799,957875,1960125,36.77208,2025-10-01 10:00:00
다사57756025,37.643019091497294,127.021091747537,957875,1960375,36.602238,2025-10-01 10:00:00
다사57756250,37.6632986119936,127.020961488465,957875,1962625,34.983738,2025-10-01 10:00:00
다사57756275,37.665551887710706,127.020947007171,957875,1962875,34.95715,2025-10-01 10:00:00
다사57756300,37.6678051625601,127.020932524264,957875,1963125,34.9431,2025-10-01 10:00:00
다사57756325,37.670058436541794,127.02091803974301,957875,1963375,34.929035,2025-10-01 10:00:00
다사57756150,37.6542855004488,127.02101939751002,957875,1961625,35.36967,2025-10-01 10:00:00
다사57756175,37.6565387796364,127.021004922668,957875,1961875,35.197273,2025-10-01 10:00:00
다사57756200,37.6587920579565,127.02099044621299,957875,1962125,35.090443,2025-10-01 10:00:00
다사57756225,37.6610453354089,127.02097596814501,957875,1962375,35.024254,2025-10-01 10:00:00
다사57755650,37.6092197345271,127.021308555991,957875,1956625,40.888023,2025-10-01 10:00:00
다사57755675,37.611473031063,127.021294113361,957875,1956875,40.638107,2025-10-01 10:00:00
다사57755700,37.6137263267317,127.021279669123,957875,1957125,40.387226,2025-10-01 10:00:00
다사57755725,37.6159796215331,127.021265223276,957875,1957375,40.17336,2025-10-01 10:00:00
다사57755550,37.6002065397112,127.02136631042299,957875,1955625,40.839558,2025-10-01 10:00:00
다사57755575,37.602459839716,127.02135187422701,957875,1955875,41.048466,2025-10-01 10:00:00
다사57755600,37.604713138853505,127.021337436424,957875,1956125,41.010773,2025-10-01 10:00:00
다사57755625,37.6069664371239,127.021322997011,957875,1956375,41.038876,2025-10-01 10:00:00
다사57755850,37.627246082530704,127.021192969898,957875,1958625,37.975384,2025-10-01 10:00:00
다사57755875,37.62949937212821,127.021178514393,957875,1958875,37.769287,2025-10-01 10:00:00
다사57755900,37.6317526608583,127.02116405727699,957875,1959125,37.555737,2025-10-01 10:00:00
다사57755925,37.634005948721,127.021149598551,957875,1959375,37.3475,2025-10-01 10:00:00
다사57755750,37.618232915467296,127.02125077582,957875,1957625,39.98345,2025-10-01 10:00:00
다사57755775,37.6204862085342,127.02123632675399,957875,1957875,38.618156,2025-10-01 10:00:00
다사57755800,37.62273950073371,127.02122187607901,957875,1958125,38.396255,2025-10-01 10:00:00
다사57755825,37.624992792065896,127.021207423794,957875,1958375,38.183846,2025-10-01 10:00:00
다사57506375,37.6745534999329,127.018054181661,957625,1963875,34.87786,2025-10-01 10:00:00
다사57506400,37.6768067703838,127.018039606574,957625,1964125,34.874043,2025-10-01 10:00:00
다사57506425,37.6790600399669,127.018025029862,957625,1964375,34.865505,2025-10-01 10:00:00
다사57506450,37.6813133086821,127.018010451526,957625,1964625,34.85871,2025-10-01 10:00:00
다사57506275,37.665540409451395,127.018112465777,957625,1962875,34.95464,2025-10-01 10:00:00
다사57506300,37.6677936833734,127.018097897183,957625,1963125,34.930035,2025-10-01 10:00:00
다사57506325,37.670046956427704,127.01808332696599,957625,1963375,34.90447,2025-10-01 10:00:00
다사57506350,37.672300228614205,127.01806875512501,957625,1963625,34.889378,2025-10-01 10:00:00
다사57506575,37.6925796392401,127.01793753547899,957625,1965875,34.83462,2025-10-01 10:00:00
다사57506600,37.6948329027479,127.01792294739501,957625,1966125,34.830505,2025-10-01 10:00:00
다사57506625,37.6970861653877,127.01790835768499,957625,1966375,34.823727,2025-10-01 10:00:00
다사57506650,37.6993394271596,127.01789376635,957625,1966625,34.819992,2025-10-01 10:00:00
다사57506475,37.6835665765295,127.01799587156601,957625,1964875,34.859146,2025-10-01 10:00:00
다사57506500,37.685819843509,127.01798128998199,957625,1965125,34.84964,2025-10-01 10:00:00
다사57506525,37.688073109620596,127.017966706773,957625,1965375,34.840115,2025-10-01 10:00:00
다사57506550,37.6903263748643,127.01795212193899,957625,1965625,34.84078,2025-10-01 10:00:00
다사57505975,37.638501054709295,127.01828716237101,957625,1959875,37.019764,2025-10-01 10:00:00
다사57506000,37.6407543390429,127.01827261324,957625,1960125,36.767776,2025-10-01 10:00:00
다사57506025,37.643007622508996,127.01825806248699,957625,1960375,36.58968,2025-10-01 10:00:00
다사57506050,37.6452609051075,127.018243510114,957625,1960625,36.417145,2025-10-01 10:00:00
다사57505875,37.6294879086998,127.01834534269199,957625,1958875,37.899612,2025-10-01 10:00:00
다사57505900,37.6317411965034,127.018330800042,957625,1959125,37.678265,2025-10-01 10:00:00
다사57505925,37.6339944834395,127.01831625577199,957625,1959375,37.455437,2025-10-01 10:00:00
다사57505950,37.6362477695081,127.018301709882,957625,1959625,37.234127,2025-10-01 10:00:00
다사57506175,37.6565273050862,127.01817072392599,957625,1961875,35.233658,2025-10-01 10:00:00
다사57506200,37.6587805824791,127.018156161823,957625,1962125,35.121033,2025-10-01 10:00:00
다사57506225,37.6610338590042,127.018141598097,957625,1962375,35.03896,2025-10-01 10:00:00
다사57506250,37.6632871346617,127.018127032748,957625,1962625,34.987907,2025-10-01 10:00:00
다사57506075,37.6475141868384,127.01822895612,957625,1960875,36.21069,2025-10-01 10:00:00
다사57506100,37.6497674677018,127.018214400504,957625,1961125,35.84238,2025-10-01 10:00:00
다사57506125,37.6520207476976,127.01819984326599,957625,1961375,35.603584,2025-10-01 10:00:00
다사57506150,37.6542740268257,127.01818528440701,957625,1961625,35.39356,2025-10-01 10:00:00
다사57754450,37.5010604812788,127.02199991391501,957875,1944625,45.054367,2025-10-01 10:00:00
다사57754475,37.5033138194211,127.02198554828699,957875,1944875,44.998158,2025-10-01 10:00:00
다사57754500,37.505567156697005,127.02197118106001,957875,1945125,44.96474,2025-10-01 10:00:00
다사57754525,37.5078204931065,127.021956812232,957875,1945375,44.88213,2025-10-01 10:00:00
다사57754350,37.4920471200465,127.022057360431,957875,1943625,45.084354,2025-10-01 10:00:00
다사57754375,37.494300461654,127.022043001201,957875,1943875,45.07753,2025-10-01 10:00:00
다사57754400,37.4965538023953,127.022028640371,957875,1944125,45.070293,2025-10-01 10:00:00
다사57754425,37.4988071422702,127.022014277943,957875,1944375,45.067207,2025-10-01 10:00:00
다사57754650,37.519087162157604,127.02188494408999,957875,1946625,43.479713,2025-10-01 10:00:00
다사57754675,37.5213404933684,127.02187056565901,957875,1946875,43.595383,2025-10-01 10:00:00
다사57754700,37.5235938237127,127.02185618562599,957875,1947125,43.63244,2025-10-01 10:00:00
다사57754725,37.5258471531905,127.021841803993,957875,1947375,43.613235,2025-10-01 10:00:00
다사57754550,37.5100738286496,127.021942441805,957875,1945625,45.25535,2025-10-01 10:00:00
다사57754575,37.5123271633263,127.02192806977699,957875,1945875,44.809486,2025-10-01 10:00:00
다사57754600,37.5145804971366,127.021913696149,957875,1946125,43.834854,2025-10-01 10:00:00
다사57754625,37.516833830080294,127.02189932091999,957875,1946375,42.95759,2025-10-01 10:00:00
다사57754050,37.4650069531914,127.022229546541,957875,1940625,45.671387,2025-10-01 10:00:00
다사57754075,37.4672603051931,127.02221520648399,957875,1940875,45.67823,2025-10-01 10:00:00
다사57754100,37.4695136563287,127.02220086483,957875,1941125,45.69207,2025-10-01 10:00:00
다사57754125,37.4717670065982,127.02218652158001,957875,1941375,45.69421,2025-10-01 10:00:00
다사57506675,37.7015926880635,127.01787917338899,957625,1966875,34.820015,2025-10-01 10:00:00
다사57753975,37.4582468919901,127.02227255713301,957875,1939875,45.626797,2025-10-01 10:00:00
다사57754000,37.4605002465899,127.022258221865,957875,1940125,45.646427,2025-10-01 10:00:00
다사57754025,37.4627536003237,127.02224388500099,957875,1940375,45.658367,2025-10-01 10:00:00
다사57754250,37.4830337449536,127.022114781366,957875,1942625,45.7466,2025-10-01 10:00:00
다사57754275,37.485287090026205,127.02210042853001,957875,1942875,45.771362,2025-10-01 10:00:00
다사57754300,37.4875404342325,127.022086074095,957875,1943125,45.800434,2025-10-01 10:00:00
다사57754325,37.4897937775726,127.02207171806299,957875,1943375,45.095543,2025-10-01 10:00:00
다사57754150,37.4740203560016,127.022172176732,957875,1941625,45.701893,2025-10-01 10:00:00
다사57754175,37.4762737045388,127.022157830287,957875,1941875,45.708992,2025-10-01 10:00:00
다사57754200,37.4785270522099,127.02214348224399,957875,1942125,45.71651,2025-10-01 10:00:00
다사57754225,37.4807803990149,127.02212913260401,957875,1942375,45.728752,2025-10-01 10:00:00
다사57504775,37.5303423868301,127.01898361831101,957625,1947875,43.10737,2025-10-01 10:00:00
다사57504800,37.532595712784,127.01896914675501,957625,1948125,43.01585,2025-10-01 10:00:00
다사57504825,37.5348490378713,127.01895467358801,957625,1948375,42.93277,2025-10-01 10:00:00
다사57504850,37.5371023620919,127.01894019880899,957625,1948625,42.856476,2025-10-01 10:00:00
다사57504675,37.521329074348,127.01904148841899,957625,1946875,44.433205,2025-10-01 10:00:00
다사57504700,37.5235824037685,127.01902702330901,957625,1947125,44.25068,2025-10-01 10:00:00
다사57504725,37.5258357323223,127.01901255658701,957625,1947375,44.105797,2025-10-01 10:00:00
다사57504750,37.5280890600095,127.018998088255,957625,1947625,43.209892,2025-10-01 10:00:00
다사57504975,37.548368970194105,127.01886780072901,957625,1949875,42.4427,2025-10-01 10:00:00
다사57505000,37.5506222892142,127.018853316275,957625,1950125,41.42527,2025-10-01 10:00:00
다사57505025,37.5528756073676,127.018838830208,957625,1950375,41.351757,2025-10-01 10:00:00
다사57505050,37.5551289246541,127.01882434252701,957625,1950625,40.74287,2025-10-01 10:00:00
다사57504875,37.5393556854458,127.018925722418,957625,1948875,42.4487,2025-10-01 10:00:00
다사57504900,37.541609007933005,127.018911244415,957625,1949125,42.388596,2025-10-01 10:00:00
다사57504925,37.5438623295535,127.01889676479901,957625,1949375,42.337845,2025-10-01 10:00:00
다사57504950,37.5461156503072,127.01888228357099,957625,1949625,42.492886,2025-10-01 10:00:00
다사57504375,37.494289053715896,127.01921494416099,957625,1943875,45.533897,2025-10-01 10:00:00
다사57504400,37.4965423935339,127.019200498367,957625,1944125,45.57853,2025-10-01 10:00:00
다사57504425,37.4987957324856,127.019186050965,957625,1944375,45.647686,2025-10-01 10:00:00
다사57504450,37.5010490705709,127.01917160195299,957625,1944625,45.732517,2025-10-01 10:00:00
다사57504275,37.485275685780394,127.019272711255,957625,1942875,46.10725,2025-10-01 10:00:00
다사57504300,37.4875290290637,127.01925827189301,957625,1943125,45.44359,2025-10-01 10:00:00
다사57504325,37.4897823714808,127.019243830924,957625,1943375,45.464592,2025-10-01 10:00:00
다사57504350,37.4920357130315,127.019229388347,957625,1943625,45.48979,2025-10-01 10:00:00
다사57504575,37.5123157480009,127.019099332756,957625,1945875,47.210484,2025-10-01 10:00:00
다사57504600,37.5145690808875,127.01908487408701,957625,1946125,48.10078,2025-10-01 10:00:00
다사57504625,37.5168224129075,127.01907041380801,957625,1946375,45.980522,2025-10-01 10:00:00
다사57504650,37.519075744061105,127.019055951919,957625,1946625,44.728916,2025-10-01 10:00:00
다사57504475,37.503302407789796,127.019157151332,957625,1944875,45.835426,2025-10-01 10:00:00
다사57504500,37.50555574414221,127.019142699103,957625,1945125,45.96967,2025-10-01 10:00:00
다사57504525,37.507809079628295,127.019128245263,957625,1945375,46.665863,2025-10-01 10:00:00
다사57504550,37.5100624142478,127.019113789814,957625,1945625,46.87561,2025-10-01 10:00:00
다사57505575,37.6024483874014,127.018519728195,957625,1955875,41.10531,2025-10-01 10:00:00
다사57505600,37.6047016856131,127.018505204971,957625,1956125,40.987926,2025-10-01 10:00:00
다사57505625,37.6069549829576,127.01849068012899,957625,1956375,40.997314,2025-10-01 10:00:00
다사57505650,37.609208279434796,127.018476153669,957625,1956625,40.908825,2025-10-01 10:00:00
다사57505475,37.5934351858825,127.018577804916,957625,1954875,40.6483,2025-10-01 10:00:00
다사57505500,37.595688487563,127.018563288162,957625,1955125,40.65903,2025-10-01 10:00:00
다사57505525,37.597941788376296,127.01854876978999,957625,1955375,40.80179,2025-10-01 10:00:00
다사57505550,37.6001950883225,127.01853424980101,957625,1955625,40.957092,2025-10-01 10:00:00
다사57505775,37.620474748811205,127.018403497095,957625,1957875,38.827,2025-10-01 10:00:00
다사57505800,37.6227280400845,127.018388960923,957625,1958125,38.57819,2025-10-01 10:00:00
다사57505825,37.6249813304903,127.018374423132,957625,1958375,38.34845,2025-10-01 10:00:00
다사57505850,37.627234620028794,127.018359883722,957625,1958625,38.124813,2025-10-01 10:00:00
다사57505675,37.6114615750447,127.01846162559099,957625,1956875,40.74628,2025-10-01 10:00:00
다사57505700,37.613714869787394,127.018447095895,957625,1957125,40.549625,2025-10-01 10:00:00
다사57505725,37.61596816366271,127.01843256458,957625,1957375,40.34775,2025-10-01 10:00:00
다사57505750,37.618221456670604,127.018418031647,957625,1957625,40.155937,2025-10-01 10:00:00
다사57505175,37.5663954980835,127.01875187991399,957625,1951875,40.24206,2025-10-01 10:00:00
다사57505200,37.5686488101687,127.018737382549,957625,1952125,40.464508,2025-10-01 10:00:00
다사57505225,37.5709021213869,127.018722883569,957625,1952375,40.47954,2025-10-01 10:00:00
다사57505250,37.5731554317381,127.018708382974,957625,1952625,40.498455,2025-10-01 10:00:00
다사57505075,37.557382241073704,127.018809853232,957625,1950875,40.699192,2025-10-01 10:00:00
다사57505100,37.5596355566265,127.01879536232401,957625,1951125,40.651215,2025-10-01 10:00:00
다사57505125,37.5618888713124,127.018780869802,957625,1951375,40.612705,2025-10-01 10:00:00
다사57505150,37.564142185131395,127.018766375665,957625,1951625,40.26479,2025-10-01 10:00:00
다사57505375,37.5844219704891,127.018635855769,957625,1953875,40.67217,2025-10-01 10:00:00
다사57505400,37.5866752756381,127.01862134548,957625,1954125,40.736797,2025-10-01 10:00:00
다사57505425,37.58892857992,127.018606833575,957625,1954375,40.82408,2025-10-01 10:00:00
다사57505450,37.5911818833348,127.018592320054,957625,1954625,40.53764,2025-10-01 10:00:00
다사57505275,37.575408741222404,127.018693880764,957625,1952875,40.52349,2025-10-01 10:00:00
다사57505300,37.5776620498396,127.01867937693899,957625,1953125,40.554176,2025-10-01 10:00:00
다사57505325,37.5799153575898,127.01866487149799,957625,1953375,40.582108,2025-10-01 10:00:00
다사57505350,37.582168664473,127.018650364441,957625,1953625,40.61939,2025-10-01 10:00:00
다사57255925,37.6339829501215,127.015482914613,957375,1959375,37.537468,2025-10-01 10:00:00
다사57255950,37.636236235258,127.015468283169,957375,1959625,37.30221,2025-10-01 10:00:00
다사57255975,37.638489519527,127.01545365009599,957375,1959875,37.03224,2025-10-01 10:00:00
다사57256000,37.6407428029284,127.01543901539301,957375,1960125,36.80964,2025-10-01 10:00:00
다사57255825,37.624969800900296,127.01554142408999,957375,1958375,38.473465,2025-10-01 10:00:00
다사57255850,37.6272230895068,127.015526799165,957375,1958625,38.240215,2025-10-01 10:00:00
다사57255875,37.6294763772459,127.01551217261002,957375,1958875,38.008747,2025-10-01 10:00:00
다사57255900,37.6317296641175,127.015497544426,957375,1959125,37.7759,2025-10-01 10:00:00
다사57256125,37.6520092069211,127.015365817415,957375,1961375,35.57675,2025-10-01 10:00:00
다사57256150,37.654262485116604,127.015351172927,957375,1961625,35.37284,2025-10-01 10:00:00
다사57256175,37.6565157624445,127.015336526807,957375,1961875,35.22542,2025-10-01 10:00:00
다사57256200,37.65876903890471,127.01532187905501,957375,1962125,35.12177,2025-10-01 10:00:00
다사57256025,37.6429960854622,127.01542437905898,957375,1960375,36.607407,2025-10-01 10:00:00
다사57256050,37.645249367128294,127.015409741094,957375,1960625,36.306984,2025-10-01 10:00:00
다사57256075,37.6475026479269,127.01539510149901,957375,1960875,36.11171,2025-10-01 10:00:00
다사57256100,37.6497559278578,127.015380460273,957375,1961125,35.836338,2025-10-01 10:00:00
다사57255525,37.59793026996479,127.01571679618601,957375,1955375,40.88873,2025-10-01 10:00:00
다사57255550,37.6001835689797,127.01570219079599,957375,1955625,41.006046,2025-10-01 10:00:00
다사57255575,37.602436867127295,127.015687583779,957375,1955875,41.113766,2025-10-01 10:00:00
다사57255600,37.6046901644077,127.015672975135,957375,1956125,40.94713,2025-10-01 10:00:00
다사57255425,37.5889170652329,127.015775201479,957375,1954375,41.3738,2025-10-01 10:00:00
다사57255450,37.5911703677166,127.01576060259501,957375,1954625,40.662956,2025-10-01 10:00:00
다사57255475,37.593423669333205,127.015746002085,957375,1954875,40.767788,2025-10-01 10:00:00
다사57255500,37.5956769700826,127.015731399949,957375,1955125,40.76452,2025-10-01 10:00:00
다사57255725,37.615956637799705,127.01559990750299,957375,1957375,40.439247,2025-10-01 10:00:00
다사57255750,37.618209929875995,127.015585289093,957375,1957625,40.263664,2025-10-01 10:00:00
다사57255775,37.6204632210848,127.015570669054,957375,1957875,40.08006,2025-10-01 10:00:00
다사57255800,37.6227165114263,127.01555604738701,957375,1958125,38.717834,2025-10-01 10:00:00
다사57255625,37.6069434608208,127.01565836486401,957375,1956375,40.948345,2025-10-01 10:00:00
다사57255650,37.6091967563665,127.015643752966,957375,1956625,40.884518,2025-10-01 10:00:00
다사57255675,37.6114500510449,127.01562913943998,957375,1956875,40.7655,2025-10-01 10:00:00
다사57255700,37.613703344856,127.01561452428601,957375,1957125,40.611507,2025-10-01 10:00:00
다사57503975,37.4582354988161,127.019445858242,957625,1939875,45.73666,2025-10-01 10:00:00
다사57504000,37.460488852493604,127.01943143816099,957625,1940125,45.756657,2025-10-01 10:00:00
다사57504025,37.4627422053049,127.019417016474,957625,1940375,45.78224,2025-10-01 10:00:00
다사57504050,37.464995557250205,127.019402593181,957625,1940625,45.808186,2025-10-01 10:00:00
다사57256625,37.6970746059493,127.015072617432,957375,1966375,34.809196,2025-10-01 10:00:00
다사57256650,37.6993278667875,127.015057940277,957375,1966625,34.80267,2025-10-01 10:00:00
다사57256675,37.7015811267576,127.015043261485,957375,1966875,34.80257,2025-10-01 10:00:00
다사57503950,37.455982144272596,127.019460276717,957625,1939625,45.709217,2025-10-01 10:00:00
다사57504175,37.4762623039845,127.01933045262399,957625,1941875,45.93775,2025-10-01 10:00:00
다사57504200,37.478515650732795,127.019316019693,957625,1942125,45.97083,2025-10-01 10:00:00
다사57504225,37.4807689966149,127.019301585154,957625,1942375,46.00917,2025-10-01 10:00:00
다사57504250,37.4830223416308,127.01928714900801,957625,1942625,46.051487,2025-10-01 10:00:00
다사57504075,37.467248908329296,127.019388168283,957625,1940875,45.834667,2025-10-01 10:00:00
다사57504100,37.4695022585424,127.019373741778,957625,1941125,45.85647,2025-10-01 10:00:00
다사57504125,37.47175560788921,127.019359313667,957625,1941375,45.881126,2025-10-01 10:00:00
다사57504150,37.47400895637,127.01934488394899,957625,1941625,45.912956,2025-10-01 10:00:00
다사57256325,37.6700354081891,127.01524861581301,957375,1963375,34.90085,2025-10-01 10:00:00
다사57256350,37.6722886794426,127.015233958266,957375,1963625,34.885143,2025-10-01 10:00:00
다사57256375,37.6745419498282,127.01521929908701,957375,1963875,34.870075,2025-10-01 10:00:00
다사57256400,37.676795219346,127.015204638274,957375,1964125,34.855877,2025-10-01 10:00:00
다사57256225,37.6610223144971,127.015307229671,957375,1962375,35.04715,2025-10-01 10:00:00
다사57256250,37.6632755892218,127.01529257865499,957375,1962625,34.99669,2025-10-01 10:00:00
다사57256275,37.665528863078706,127.015277926007,957375,1962875,34.956833,2025-10-01 10:00:00
다사57256300,37.66778213606779,127.015263271726,957375,1963125,34.919865,2025-10-01 10:00:00
다사57256525,37.6880615539163,127.015131309706,957375,1965375,34.823723,2025-10-01 10:00:00
다사57256550,37.6903148182266,127.01511663908998,957375,1965625,34.81943,2025-10-01 10:00:00
다사57256575,37.692568081668796,127.01510196683901,957375,1965875,34.814507,2025-10-01 10:00:00
다사57256600,37.6948213442431,127.015087292953,957375,1966125,34.81565,2025-10-01 10:00:00
다사57256425,37.6790484879959,127.015189975828,957375,1964375,34.849445,2025-10-01 10:00:00
다사57256450,37.681301755777895,127.015175311749,957375,1964625,34.84182,2025-10-01 10:00:00
다사57256475,37.683555022692,127.015160646035,957375,1964875,34.83167,2025-10-01 10:00:00
다사57256500,37.6858082887381,127.015145978688,957375,1965125,34.830204,2025-10-01 10:00:00
다사57254325,37.48977089770371,127.016415945394,957375,1943375,45.82102,2025-10-01 10:00:00
다사57254350,37.4920242383258,127.016401417871,957375,1943625,45.88519,2025-10-01 10:00:00
다사57254375,37.4942775780816,127.016386888731,957375,1943875,45.972404,2025-10-01 10:00:00
다사57254400,37.4965309169709,127.01637235797199,957375,1944125,46.073254,2025-10-01 10:00:00
다사57254225,37.4807575265516,127.016474039311,957375,1942375,46.28341,2025-10-01 10:00:00
다사57254250,37.4830108706391,127.016459518258,957375,1942625,46.346676,2025-10-01 10:00:00
다사57254275,37.4852642138603,127.01644499558701,957375,1942875,45.730362,2025-10-01 10:00:00
다사57254300,37.4875175562152,127.016430471299,957375,1943125,45.765545,2025-10-01 10:00:00
다사57254525,37.50779759842089,127.01629967990401,957375,1945375,47.21389,2025-10-01 10:00:00
다사57254550,37.5100509321114,127.01628513943399,957375,1945625,48.179546,2025-10-01 10:00:00
다사57254575,37.512304264935395,127.016270597344,957375,1945875,48.778103,2025-10-01 10:00:00
다사57254600,37.51455759689279,127.016256053636,957375,1946125,49.202763,2025-10-01 10:00:00
다사57254425,37.498784254993794,127.016357825595,957375,1944375,46.20446,2025-10-01 10:00:00
다사57254450,37.5010375921503,127.0163432916,957375,1944625,46.370445,2025-10-01 10:00:00
다사57254475,37.5032909284403,127.01632875598699,957375,1944875,46.579037,2025-10-01 10:00:00
다사57254500,37.5055442638639,127.016314218755,957375,1945125,46.852142,2025-10-01 10:00:00
다사57006675,37.7015694972504,127.012207351218,957125,1966875,34.79347,2025-10-01 10:00:00
다사57253950,37.4559706844178,127.016633664236,957375,1939625,45.812885,2025-10-01 10:00:00
다사57253975,37.4582240380335,127.016619160956,957375,1939875,45.84854,2025-10-01 10:00:00
다사57254000,37.4604773907831,127.01660465606199,957375,1940125,45.88075,2025-10-01 10:00:00
다사57006575,37.6925564559182,127.012266399833,957125,1965875,34.80281,2025-10-01 10:00:00
다사57006600,37.6948097175534,127.012251640146,957125,1966125,34.801983,2025-10-01 10:00:00
다사57006625,37.697062978320496,127.012236878815,957125,1966375,34.799194,2025-10-01 10:00:00
다사57006650,37.6993162382195,127.01222211583901,957125,1966625,34.790783,2025-10-01 10:00:00
다사57254125,37.4717441415389,127.01653210736,957375,1941375,46.07747,2025-10-01 10:00:00
다사57254150,37.4739974890915,127.016517592773,957375,1941625,46.12062,2025-10-01 10:00:00
다사57254175,37.4762508357778,127.01650307656901,957375,1941875,46.168064,2025-10-01 10:00:00
다사57254200,37.47850418159779,127.016488558748,957375,1942125,46.22439,2025-10-01 10:00:00
다사57254025,37.4627307426666,127.016590149553,957375,1940375,45.916046,2025-10-01 10:00:00
다사57254050,37.464984093684,127.01657564142799,957375,1940625,45.954712,2025-10-01 10:00:00
다사57254075,37.4672374438351,127.01656113168801,957375,1940875,45.991673,2025-10-01 10:00:00
다사57254100,37.4694907931201,127.016546620332,957375,1941125,46.031513,2025-10-01 10:00:00
다사57255125,37.5618773677931,127.015950261317,957375,1951375,40.690353,2025-10-01 10:00:00
다사57255150,37.5641306806818,127.01593568193199,957375,1951625,40.647198,2025-10-01 10:00:00
다사57255175,37.5663839927035,127.01592110092301,957375,1951875,40.306694,2025-10-01 10:00:00
다사57255200,37.5686373038582,127.01590651828998,957375,1952125,40.293724,2025-10-01 10:00:00
다사57255025,37.5528641075691,127.016008562623,957375,1950375,40.873142,2025-10-01 10:00:00
다사57255050,37.5551174239255,127.015993989732,957375,1950625,40.82556,2025-10-01 10:00:00
다사57255075,37.557370739415,127.015979415217,957375,1950875,40.781162,2025-10-01 10:00:00
다사57255100,37.5596240540375,127.015964839079,957375,1951125,40.73452,2025-10-01 10:00:00
다사57255325,37.57990384662621,127.015833580758,957375,1953375,40.65275,2025-10-01 10:00:00
다사57255350,37.5821571525786,127.01581898837601,957375,1953625,41.503723,2025-10-01 10:00:00
다사57255375,37.5844104576638,127.01580439437001,957375,1953875,41.53981,2025-10-01 10:00:00
다사57255400,37.5866637618819,127.01578979873699,957375,1954125,41.59245,2025-10-01 10:00:00
다사57255225,37.570890614145895,127.015891934033,957375,1952375,40.538033,2025-10-01 10:00:00
다사57255250,37.5731439235665,127.015877348151,957375,1952625,40.555084,2025-10-01 10:00:00
다사57255275,37.5753972321202,127.015862760645,957375,1952875,40.584175,2025-10-01 10:00:00
다사57255300,37.577650539806704,127.015848171514,957375,1953125,40.61729,2025-10-01 10:00:00
다사57254725,37.5258242436811,127.016183310793,957375,1947375,44.72212,2025-10-01 10:00:00
다사57254750,37.5280775704389,127.01616875736299,957375,1947625,43.654682,2025-10-01 10:00:00
다사57254775,37.5303308963299,127.016154202313,957375,1947875,43.48154,2025-10-01 10:00:00
다사57254800,37.5325842213543,127.016139645641,957375,1948125,43.331608,2025-10-01 10:00:00
다사57254625,37.516810927983705,127.016241508307,957375,1946375,48.13603,2025-10-01 10:00:00
다사57254650,37.519064258208,127.01622696135901,957375,1946625,46.60057,2025-10-01 10:00:00
다사57254675,37.521317587565704,127.01621241279,957375,1946875,45.601864,2025-10-01 10:00:00
다사57254700,37.523570916056705,127.016197862602,957375,1947125,45.05971,2025-10-01 10:00:00
다사57254925,37.543850833475,127.01606683796301,957375,1949375,42.730423,2025-10-01 10:00:00
다사57254950,37.5461041532988,127.016052271562,957375,1949625,42.652477,2025-10-01 10:00:00
다사57254975,37.548357472255795,127.016037703538,957375,1949875,42.583424,2025-10-01 10:00:00
다사57255000,37.5506107903459,127.016023133892,957375,1950125,42.529163,2025-10-01 10:00:00
다사57254825,37.5348375455119,127.016125087349,957375,1948375,43.208572,2025-10-01 10:00:00
다사57254850,37.5370908688029,127.016110527435,957375,1948625,43.10746,2025-10-01 10:00:00
다사57254875,37.539344191227,127.0160959659,957375,1948875,42.64709,2025-10-01 10:00:00
다사57254900,37.5415975127844,127.016081402742,957375,1949125,42.5715,2025-10-01 10:00:00
다사57005475,37.5934120848466,127.01291420088002,957125,1954875,41.165047,2025-10-01 10:00:00
다사57005500,37.5956653846593,127.012899513362,957125,1955125,41.281517,2025-10-01 10:00:00
다사57005525,37.597918683604796,127.01288482420799,957125,1955375,41.39358,2025-10-01 10:00:00
다사57005550,37.600171981683005,127.012870133418,957125,1955625,41.497185,2025-10-01 10:00:00
다사57005375,37.584398876923,127.01297293459601,957125,1953875,41.616936,2025-10-01 10:00:00
다사57005400,37.586652180204794,127.01295825362,957125,1954125,41.373287,2025-10-01 10:00:00
다사57005425,37.588905482619296,127.012943571009,957125,1954375,41.4543,2025-10-01 10:00:00
다사57005450,37.591158784166495,127.01292888676201,957125,1954625,41.549065,2025-10-01 10:00:00
다사57005675,37.6114384590637,127.012796654916,957125,1956875,40.74947,2025-10-01 10:00:00
다사57005700,37.6136917519377,127.012781954304,957125,1957125,40.627228,2025-10-01 10:00:00
다사57005725,37.61594504394429,127.012767252055,957125,1957375,40.4742,2025-10-01 10:00:00
다사57005750,37.6181983350834,127.012752548167,957125,1957625,40.3103,2025-10-01 10:00:00
다사57005575,37.6024252788939,127.012855440991,957125,1955875,41.593624,2025-10-01 10:00:00
다사57005600,37.6046785752374,127.012840746928,957125,1956125,41.147884,2025-10-01 10:00:00
다사57005625,37.6069318707136,127.012826051227,957125,1956375,40.894398,2025-10-01 10:00:00
다사57005650,37.6091851653223,127.01281135389,957125,1956625,40.843143,2025-10-01 10:00:00
다사57005075,37.557359169906604,127.013148978825,957125,1950875,40.871304,2025-10-01 10:00:00
다사57005100,37.559612483593504,127.013134317457,957125,1951125,40.818657,2025-10-01 10:00:00
다사57005125,37.5618657964133,127.013119654457,957125,1951375,40.7699,2025-10-01 10:00:00
다사57005150,37.5641191083661,127.01310498982299,957125,1951625,40.720676,2025-10-01 10:00:00
다사57004975,37.5483459064898,127.01320760796999,957125,1949875,42.724785,2025-10-01 10:00:00
다사57005000,37.5505992236444,127.013192953132,957125,1950125,42.655888,2025-10-01 10:00:00
다사57005025,37.552852539932104,127.013178296662,957125,1950375,40.964542,2025-10-01 10:00:00
다사57005050,37.5551058553528,127.01316363856002,957125,1950625,40.917835,2025-10-01 10:00:00
다사57005275,37.5753856551244,127.01303164215,957125,1952875,41.563416,2025-10-01 10:00:00
다사57005300,37.5776389618748,127.01301696771401,957125,1953125,41.55974,2025-10-01 10:00:00
다사57005325,37.579892267758005,127.013002291643,957125,1953375,41.5679,2025-10-01 10:00:00
다사57005350,37.5821455727741,127.012987613937,957125,1953625,41.58177,2025-10-01 10:00:00
다사57005175,37.5663724194519,127.013090323556,957125,1951875,40.677383,2025-10-01 10:00:00
다사57005200,37.5686257296707,127.013075655655,957125,1952125,41.474052,2025-10-01 10:00:00
다사57005225,37.570879039022294,127.013060986121,957125,1952375,41.62896,2025-10-01 10:00:00
다사57005250,37.5731323475069,127.013046314953,957125,1952625,41.595345,2025-10-01 10:00:00
다사57006275,37.6655172485926,127.012443387869,957125,1962875,34.955128,2025-10-01 10:00:00
다사57006300,37.667770520643295,127.012428647901,957125,1963125,34.92369,2025-10-01 10:00:00
다사57006325,37.670023791826104,127.012413906292,957125,1963375,34.90288,2025-10-01 10:00:00
다사57006350,37.672277062141106,127.01239916303999,957125,1963625,34.882607,2025-10-01 10:00:00
다사57006175,37.6565041517115,127.01250233131901,957125,1961875,35.16818,2025-10-01 10:00:00
다사57006200,37.658757427233404,127.012487597919,957125,1962125,35.095562,2025-10-01 10:00:00
다사57006225,37.661010701887605,127.012472862877,957125,1962375,35.03056,2025-10-01 10:00:00
다사57006250,37.663263975674,127.012458126194,957125,1962625,34.987213,2025-10-01 10:00:00
다사57006475,37.683543400697104,127.012325422138,957125,1964875,34.82646,2025-10-01 10:00:00
다사57006500,37.6857966658044,127.012310669028,957125,1965125,34.818542,2025-10-01 10:00:00
다사57006525,37.688049930043704,127.012295914273,957125,1965375,34.811886,2025-10-01 10:00:00
다사57006550,37.690303193415,127.01228115787501,957125,1965625,34.803684,2025-10-01 10:00:00
다사57006375,37.6745303315881,127.012384418146,957125,1963875,34.8709,2025-10-01 10:00:00
다사57006400,37.6767836001673,127.01236967160901,957125,1964125,34.85748,2025-10-01 10:00:00
다사57006425,37.6790368678785,127.012354923428,957125,1964375,34.84451,2025-10-01 10:00:00
다사57006450,37.6812901347218,127.012340173605,957125,1964625,34.838604,2025-10-01 10:00:00
다사57005875,37.6294647777666,127.012679004158,957125,1958875,38.08383,2025-10-01 10:00:00
다사57005900,37.6317180637007,127.012664290441,957125,1959125,37.848934,2025-10-01 10:00:00
다사57005925,37.633971348767204,127.012649575084,957125,1959375,37.546898,2025-10-01 10:00:00
다사57005950,37.636224632966105,127.01263485808701,957125,1959625,37.299015,2025-10-01 10:00:00
다사57005775,37.6204516253551,127.012737842642,957125,1957875,40.137333,2025-10-01 10:00:00
다사57005800,37.622704914759204,127.01272313547899,957125,1958125,39.962086,2025-10-01 10:00:00
다사57005825,37.6249582032959,127.012708426677,957125,1958375,38.56608,2025-10-01 10:00:00
다사57005850,37.627211490964996,127.012693716237,957125,1958625,38.328068,2025-10-01 10:00:00
다사57006075,37.647491040946,127.012561248509,957125,1960875,36.17,2025-10-01 10:00:00
다사57006100,37.649744319938996,127.01254652167299,957125,1961125,35.574425,2025-10-01 10:00:00
다사57006125,37.651997598064206,127.01253179319599,957125,1961375,35.382343,2025-10-01 10:00:00
다사57006150,37.6542508753217,127.01251706307801,957125,1961625,35.258305,2025-10-01 10:00:00
다사57005975,37.6384779162973,127.012620139451,957125,1959875,37.062218,2025-10-01 10:00:00
다사57006000,37.640731198761,127.01260541917601,957125,1960125,36.83112,2025-10-01 10:00:00
다사57006025,37.642984480357,127.01259069726002,957125,1960375,36.438896,2025-10-01 10:00:00
다사57006050,37.6452377610853,127.01257597370501,957125,1960625,36.265804,2025-10-01 10:00:00
다사56756600,37.6947980226789,127.00941598898399,956875,1966125,34.796238,2025-10-01 10:00:00
다사56756625,37.6970512825013,127.009401141842,956875,1966375,34.78611,2025-10-01 10:00:00
다사56756650,37.699304541455604,127.00938629304599,956875,1966625,34.785072,2025-10-01 10:00:00
다사57003950,37.45595915696,127.013807053369,957125,1939625,45.186253,2025-10-01 10:00:00
다사56756500,37.6857849747079,127.00947536101101,956875,1965125,34.817284,2025-10-01 10:00:00
다사56756525,37.6880382380028,127.009460520485,956875,1965375,34.81316,2025-10-01 10:00:00
다사56756550,37.6902915004296,127.009445678305,956875,1965625,34.809643,2025-10-01 10:00:00
다사56756575,37.692544761988295,127.00943083447099,956875,1965875,34.7984,2025-10-01 10:00:00
다사57004075,37.4672259117105,127.01373409670799,957125,1940875,46.155506,2025-10-01 10:00:00
다사57004100,37.469479260062,127.01371950050199,957125,1941125,46.20422,2025-10-01 10:00:00
다사57004125,37.4717326075472,127.01370490267,957125,1941375,46.2626,2025-10-01 10:00:00
다사57004150,37.4739859541661,127.01369030321301,957125,1941625,46.329258,2025-10-01 10:00:00
다사57003975,37.4582125096425,127.013792465286,957125,1939875,45.961464,2025-10-01 10:00:00
다사57004000,37.4604658614588,127.013777875578,957125,1940125,46.00434,2025-10-01 10:00:00
다사57004025,37.4627192124089,127.01376328424699,957125,1940375,46.052692,2025-10-01 10:00:00
다사57004050,37.4649725624928,127.01374869128999,957125,1940625,46.10221,2025-10-01 10:00:00
다사56756200,37.6587457474655,127.009653318424,956875,1962125,35.055737,2025-10-01 10:00:00
다사56756225,37.6609990211759,127.00963849772499,956875,1962375,35.01276,2025-10-01 10:00:00
다사56756250,37.663252294018505,127.00962367537399,956875,1962625,34.980553,2025-10-01 10:00:00
다사56756275,37.66550556599321,127.009608851373,956875,1962875,34.949368,2025-10-01 10:00:00
다사56756100,37.6497326439454,127.009712584713,956875,1961125,35.24434,2025-10-01 10:00:00
다사56756125,37.6519859211271,127.00969777061701,956875,1961375,35.204086,2025-10-01 10:00:00
다사56756150,37.654239197441,127.00968295487,956875,1961625,35.168625,2025-10-01 10:00:00
다사56756175,37.6564924728872,127.00966813747299,956875,1961875,35.103672,2025-10-01 10:00:00
다사56756400,37.6767719128479,127.009534706586,956875,1964125,34.8563,2025-10-01 10:00:00
다사56756425,37.6790251796149,127.009519872672,956875,1964375,34.840443,2025-10-01 10:00:00
다사56756450,37.6812784455139,127.00950503710399,956875,1964625,34.83696,2025-10-01 10:00:00
다사56756475,37.6835317105449,127.00949019988501,956875,1964875,34.82773,2025-10-01 10:00:00
다사56756300,37.6677588371,127.009594025719,956875,1963125,34.92659,2025-10-01 10:00:00
다사56756325,37.6700121073389,127.009579198414,956875,1963375,34.89989,2025-10-01 10:00:00
다사56756350,37.6722653767099,127.009564369457,956875,1963625,34.88788,2025-10-01 10:00:00
다사56756375,37.6745186452128,127.00954953884701,956875,1963875,34.874897,2025-10-01 10:00:00
다사57004675,37.521306033021496,127.013383338782,957125,1946875,46.476685,2025-10-01 10:00:00
다사57004700,37.5235593605777,127.013368703515,957125,1947125,45.805885,2025-10-01 10:00:00
다사57004725,37.525812687267205,127.013354066619,957125,1947375,45.341053,2025-10-01 10:00:00
다사57004750,37.52806601309,127.01333942809299,957125,1947625,44.114254,2025-10-01 10:00:00
다사57004575,37.51229271413,127.013441863552,957125,1945875,48.98135,2025-10-01 10:00:00
다사57004600,37.5145460451528,127.013427234804,957125,1946125,48.917492,2025-10-01 10:00:00
다사57004625,37.516799375309,127.01341260442601,957125,1946375,48.226025,2025-10-01 10:00:00
다사57004650,37.5190527045986,127.013397972419,957125,1946625,47.1587,2025-10-01 10:00:00
다사57004875,37.5393326292025,127.013266211003,957125,1948875,42.805862,2025-10-01 10:00:00
다사57004900,37.5415859498246,127.01325156269199,957125,1949125,43.005333,2025-10-01 10:00:00
다사57004925,37.5438392695799,127.01323691275,957125,1949375,42.898136,2025-10-01 10:00:00
다사57004950,37.5460925884683,127.013222261176,957125,1949625,42.807373,2025-10-01 10:00:00
다사57004775,37.530319338046,127.013324787936,957125,1947875,43.864044,2025-10-01 10:00:00
다사57004800,37.532572662135294,127.01331014614901,957125,1948125,43.66057,2025-10-01 10:00:00
다사57004825,37.5348259853579,127.013295502731,957125,1948375,43.500717,2025-10-01 10:00:00
다사57004850,37.5370793077136,127.013280857682,957125,1948625,43.36963,2025-10-01 10:00:00
다사57004275,37.4852526742661,127.013617281537,957125,1942875,46.01297,2025-10-01 10:00:00
다사57004300,37.487506015686996,127.01360267232201,957125,1943125,46.07854,2025-10-01 10:00:00
다사57004325,37.4897593562414,127.013588061481,957125,1943375,46.150555,2025-10-01 10:00:00
다사57004350,37.492012695929496,127.01357344901301,957125,1943625,46.248486,2025-10-01 10:00:00
다사57004175,37.476239299918795,127.013675702129,957125,1941875,46.39318,2025-10-01 10:00:00
다사57004200,37.4784926448051,127.013661099421,957125,1942125,46.462223,2025-10-01 10:00:00
다사57004225,37.4807459888251,127.01364649508601,957125,1942375,46.550137,2025-10-01 10:00:00
다사57004250,37.482999331978796,127.013631889124,957125,1942625,46.633053,2025-10-01 10:00:00
다사57004475,37.50327938137279,127.01350036226002,957125,1944875,47.146633,2025-10-01 10:00:00
다사57004500,37.505532715862,127.013485740026,957125,1945125,47.45394,2025-10-01 10:00:00
다사57004525,37.5077860494846,127.013471116164,957125,1945375,47.827183,2025-10-01 10:00:00
다사57004550,37.5100393822406,127.013456490672,957125,1945625,48.69598,2025-10-01 10:00:00
다사57004375,37.4942660347511,127.013558834918,957125,1943875,46.359806,2025-10-01 10:00:00
다사57004400,37.496519372706295,127.013544219195,957125,1944125,46.502113,2025-10-01 10:00:00
다사57004425,37.498772709795,127.013529601845,957125,1944375,46.676662,2025-10-01 10:00:00
다사57004450,37.5010260460172,127.013514982866,957125,1944625,46.88621,2025-10-01 10:00:00
다사56755000,37.550587589109895,127.01036277400401,956875,1950125,42.781998,2025-10-01 10:00:00
다사56755025,37.5528409044565,127.010348032333,956875,1950375,42.7063,2025-10-01 10:00:00
다사56755050,37.555094218936205,127.01033328902099,956875,1950625,41.01127,2025-10-01 10:00:00
다사56755075,37.557347532548796,127.01031854406601,956875,1950875,40.96018,2025-10-01 10:00:00
다사56754900,37.5415743190538,127.010421724273,956875,1949125,43.185337,2025-10-01 10:00:00
다사56754925,37.543827637868205,127.01040698916799,956875,1949375,43.064827,2025-10-01 10:00:00
다사56754950,37.546080955815704,127.010392252421,956875,1949625,42.95775,2025-10-01 10:00:00
다사56754975,37.5483342728963,127.010377514033,956875,1949875,42.861046,2025-10-01 10:00:00
다사56755200,37.5686140876062,127.01024479465401,956875,1952125,41.51874,2025-10-01 10:00:00
다사56755225,37.570867396016396,127.01023003984301,956875,1952375,41.48069,2025-10-01 10:00:00
다사56755250,37.5731207035594,127.010215283389,956875,1952625,41.47778,2025-10-01 10:00:00
다사56755275,37.575374010235294,127.01020052528999,956875,1952875,41.63634,2025-10-01 10:00:00
다사56755100,37.5596008452944,127.010303797469,956875,1951125,40.909103,2025-10-01 10:00:00
다사56755125,37.561854157173,127.01028904923,956875,1951375,40.858063,2025-10-01 10:00:00
다사56755150,37.5641074681845,127.010274299347,956875,1951625,40.797016,2025-10-01 10:00:00
다사56755175,37.5663607783289,127.010259547822,956875,1951875,41.59074,2025-10-01 10:00:00
다사56754600,37.5145344256675,127.01059841760099,956875,1946125,48.652954,2025-10-01 10:00:00
다사56754625,37.5167877548836,127.010583702174,956875,1946375,48.149605,2025-10-01 10:00:00
다사56754650,37.5190410832329,127.010568985108,956875,1946625,47.435192,2025-10-01 10:00:00
다사56754675,37.5212944107155,127.010554266403,956875,1946875,46.95629,2025-10-01 10:00:00
다사56754500,37.5055211001368,127.010657262926,956875,1945125,47.766983,2025-10-01 10:00:00
다사56754525,37.5077744328194,127.01064255405198,956875,1945375,48.049458,2025-10-01 10:00:00
다사56754550,37.5100277646354,127.01062784353998,956875,1945625,48.77157,2025-10-01 10:00:00
다사56754575,37.5122810955848,127.01061313139,956875,1945875,48.84031,2025-10-01 10:00:00
다사56754800,37.5325610351272,127.01048064828699,956875,1948125,43.98553,2025-10-01 10:00:00
다사56754825,37.534814357409104,127.010465919744,956875,1948375,43.78767,2025-10-01 10:00:00
다사56754850,37.53706767882421,127.01045118956101,956875,1948625,43.62307,2025-10-01 10:00:00
다사56754875,37.5393209993724,127.010436457737,956875,1948875,43.013702,2025-10-01 10:00:00
다사56754700,37.5235477373314,127.010539546059,956875,1947125,46.34418,2025-10-01 10:00:00
다사56754725,37.5258010630805,127.01052482407499,956875,1947375,45.30144,2025-10-01 10:00:00
다사56754750,37.5280543879629,127.01051010045201,956875,1947625,44.527546,2025-10-01 10:00:00
다사56754775,37.5303077119785,127.01049537518999,956875,1947875,44.227867,2025-10-01 10:00:00
다사56755800,37.6226932500834,127.00989022521001,956875,1958125,39.983738,2025-10-01 10:00:00
다사56755825,37.624946537677296,127.009875430903,956875,1958375,38.629257,2025-10-01 10:00:00
다사56755850,37.6271998244035,127.00986063494801,956875,1958625,38.378532,2025-10-01 10:00:00
다사56755875,37.629453110262105,127.00984583734501,956875,1958875,38.0876,2025-10-01 10:00:00
다사56755700,37.613680091032705,127.00994938596001,956875,1957125,40.6106,2025-10-01 10:00:00
다사56755725,37.615933382096706,127.009934598244,956875,1957375,40.476307,2025-10-01 10:00:00
다사56755750,37.6181866722931,127.00991980888,956875,1957625,40.32373,2025-10-01 10:00:00
다사56755775,37.620439961622,127.009905017869,956875,1957875,40.164394,2025-10-01 10:00:00
다사56756000,37.6407195265409,127.009771824599,956875,1960125,36.62653,2025-10-01 10:00:00
다사56756025,37.6429728071936,127.00975701710199,956875,1960375,36.355362,2025-10-01 10:00:00
다사56756050,37.6452260869786,127.00974220795601,956875,1960625,36.030926,2025-10-01 10:00:00
다사56756075,37.6474793658959,127.00972739716002,956875,1960875,35.526325,2025-10-01 10:00:00
다사56755900,37.631706395253204,127.009831038094,956875,1959125,37.83767,2025-10-01 10:00:00
다사56755925,37.6339596793766,127.009816237194,956875,1959375,37.580753,2025-10-01 10:00:00
다사56755950,37.6362129626324,127.00980143464399,956875,1959625,37.325726,2025-10-01 10:00:00
다사56755975,37.6384662450205,127.009786630446,956875,1959875,37.060883,2025-10-01 10:00:00
다사56755400,37.5866405306068,127.010126710138,956875,1954125,41.44111,2025-10-01 10:00:00
다사56755425,37.58889383207929,127.01011194217399,956875,1954375,41.516903,2025-10-01 10:00:00
다사56755450,37.591147132684604,127.010097172565,956875,1954625,41.605644,2025-10-01 10:00:00
다사56755475,37.5934004324226,127.010082401311,956875,1954875,41.699615,2025-10-01 10:00:00
다사56755300,37.577627316044,127.010185765548,956875,1953125,41.632397,2025-10-01 10:00:00
다사56755325,37.5798806209855,127.010171004162,956875,1953375,41.636795,2025-10-01 10:00:00
다사56755350,37.58213392505979,127.010156241132,956875,1953625,41.656345,2025-10-01 10:00:00
다사56755375,37.5843872282669,127.01014147645701,956875,1953875,41.382484,2025-10-01 10:00:00
다사56755600,37.604666918102296,127.01000852035601,956875,1956125,41.60265,2025-10-01 10:00:00
다사56755625,37.606920212636,127.00999373922701,956875,1956375,41.311523,2025-10-01 10:00:00
다사56755650,37.6091735063024,127.009978956452,956875,1956625,41.278896,2025-10-01 10:00:00
다사56755675,37.611426799101295,127.009964172029,956875,1956875,41.214455,2025-10-01 10:00:00
다사56755500,37.595653731293204,127.010067628412,956875,1955125,41.29226,2025-10-01 10:00:00
다사56755525,37.5979070292966,127.010052853867,956875,1955375,41.387173,2025-10-01 10:00:00
다사56755550,37.6001603264325,127.01003807767599,956875,1955625,41.47165,2025-10-01 10:00:00
다사56755575,37.6024136227011,127.010023299839,956875,1955875,41.548412,2025-10-01 10:00:00
다사56506075,37.6474676227766,127.00689354746001,956625,1960875,35.583652,2025-10-01 10:00:00
다사56506100,37.6497208998772,127.00687864940399,956625,1961125,35.341522,2025-10-01 10:00:00
다사56506125,37.6519741761099,127.006863749688,956625,1961375,35.219254,2025-10-01 10:00:00
다사56506150,37.654227451474796,127.00684884831301,956625,1961625,35.14758,2025-10-01 10:00:00
다사56505975,37.6384545056965,127.006953123091,956625,1959875,36.859493,2025-10-01 10:00:00
다사56506000,37.6407077862682,127.006938231672,956625,1960125,36.580376,2025-10-01 10:00:00
다사56506025,37.6429610659721,127.00692333859399,956625,1960375,36.26555,2025-10-01 10:00:00
다사56506050,37.645214344808295,127.006908443857,956625,1960625,35.931095,2025-10-01 10:00:00
다사56506275,37.665493815280705,127.006774316528,956625,1962875,34.954216,2025-10-01 10:00:00
다사56506300,37.6677470854381,127.006759405189,956625,1963125,34.92918,2025-10-01 10:00:00
다사56506325,37.670000354727605,127.00674449218799,956625,1963375,34.907063,2025-10-01 10:00:00
다사56506350,37.672253623149,127.006729577526,956625,1963625,34.88519,2025-10-01 10:00:00
다사56506175,37.6564807259718,127.00683394527701,956625,1961875,35.098145,2025-10-01 10:00:00
다사56506200,37.6587339996009,127.006819040581,956625,1962125,35.04523,2025-10-01 10:00:00
다사56506225,37.66098727236211,127.006804134224,956625,1962375,35.00544,2025-10-01 10:00:00
다사56506250,37.6632405442554,127.006789226207,956625,1962625,34.9774,2025-10-01 10:00:00
다사56505675,37.6114150711577,127.00713169078999,956625,1956875,41.14145,2025-10-01 10:00:00
다사56505700,37.613668362141105,127.007116819263,956625,1957125,41.054394,2025-10-01 10:00:00
다사56505725,37.6159216522569,127.00710194608,956625,1957375,40.939487,2025-10-01 10:00:00
다사56505750,37.6181749415052,127.00708707123998,956625,1957625,40.800926,2025-10-01 10:00:00
다사56505575,37.602401898549104,127.007191160334,956625,1955875,41.501045,2025-10-01 10:00:00
다사56505600,37.6046551930025,127.00717629543199,956625,1956125,41.545204,2025-10-01 10:00:00
다사56505625,37.606908486588395,127.007161428874,956625,1956375,41.56991,2025-10-01 10:00:00
다사56505650,37.609161779306795,127.00714656066002,956625,1956625,41.198765,2025-10-01 10:00:00
다사56505875,37.6294413747326,127.00701267218099,956625,1958875,38.1147,2025-10-01 10:00:00
다사56505900,37.6316946587751,127.00699778739599,956625,1959125,37.86098,2025-10-01 10:00:00
다사56505925,37.6339479419499,127.006982900952,956625,1959375,37.60058,2025-10-01 10:00:00
다사56505950,37.6362012242571,127.006968012851,956625,1959625,37.124752,2025-10-01 10:00:00
다사56505775,37.620428229885896,127.007072194743,956625,1957875,40.64393,2025-10-01 10:00:00
다사56505800,37.622681517399,127.007057316589,956625,1958125,39.72696,2025-10-01 10:00:00
다사56505825,37.6249348040445,127.007042436777,956625,1958375,39.550938,2025-10-01 10:00:00
다사56505850,37.6271880898223,127.007027555308,956625,1958625,38.360573,2025-10-01 10:00:00
다사56754200,37.478481040354794,127.010833641719,956875,1942125,46.698696,2025-10-01 10:00:00
다사56754225,37.480734383435504,127.010818952486,956875,1942375,46.785057,2025-10-01 10:00:00
다사56754250,37.48298772564979,127.010804261617,956875,1942625,46.200783,2025-10-01 10:00:00
다사56754275,37.4852410669977,127.010789569113,956875,1942875,46.273212,2025-10-01 10:00:00
다사56754100,37.469467659368206,127.010892382297,956875,1941125,46.377373,2025-10-01 10:00:00
다사56754125,37.4717210059143,127.010877699605,956875,1941375,46.45145,2025-10-01 10:00:00
다사56754150,37.47397435159421,127.01086301527799,956875,1941625,46.521454,2025-10-01 10:00:00
다사56754175,37.476227696407705,127.010848329316,956875,1941875,46.61297,2025-10-01 10:00:00
다사56754400,37.4965077607403,127.01071608204501,956875,1944125,46.84046,2025-10-01 10:00:00
다사56754425,37.498761096889204,127.010701379721,956875,1944375,47.028053,2025-10-01 10:00:00
다사56754450,37.5010144321716,127.01068667576,956875,1944625,47.24584,2025-10-01 10:00:00
다사56754475,37.5032677665875,127.010671970162,956875,1944875,47.490055,2025-10-01 10:00:00
다사56754300,37.487494407479204,127.010774874972,956875,1943125,46.353786,2025-10-01 10:00:00
다사56754325,37.4897477470942,127.010760179195,956875,1943375,46.446526,2025-10-01 10:00:00
다사56754350,37.4920010858427,127.010745481782,956875,1943625,46.56234,2025-10-01 10:00:00
다사56754375,37.494254423724705,127.010730782732,956875,1943875,46.69073,2025-10-01 10:00:00
다사56506475,37.683519952235606,127.006654979284,956625,1964875,34.829937,2025-10-01 10:00:00
다사56506500,37.685773215448705,127.006640054649,956625,1965125,34.824924,2025-10-01 10:00:00
다사56506525,37.688026477793606,127.00662512835,956625,1965375,34.81552,2025-10-01 10:00:00
다사56506550,37.6902797392705,127.006610200389,956625,1965625,34.809692,2025-10-01 10:00:00
다사56506375,37.6745068907024,127.006714661201,956625,1963875,34.87245,2025-10-01 10:00:00
다사56506400,37.6767601573878,127.00669974321501,956625,1964125,34.859413,2025-10-01 10:00:00
다사56506425,37.679013423205106,127.00668482356701,956625,1964375,34.849613,2025-10-01 10:00:00
다사56506450,37.681266688154395,127.006669902257,956625,1964625,34.83883,2025-10-01 10:00:00
다사56754000,37.4604542645206,127.010951096719,956875,1940125,45.375015,2025-10-01 10:00:00
다사56754025,37.4627076145319,127.01093642056499,956875,1940375,46.187668,2025-10-01 10:00:00
다사56754050,37.464960963676894,127.010921742777,956875,1940625,46.2442,2025-10-01 10:00:00
다사56754075,37.46721431195571,127.010907063354,956875,1940875,46.3083,2025-10-01 10:00:00
다사56506575,37.692532999879106,127.00659527076401,956625,1965875,34.800198,2025-10-01 10:00:00
다사56506600,37.694786259619704,127.00658033947599,956625,1966125,34.79446,2025-10-01 10:00:00
다사56753950,37.4559475618992,127.01098044412599,956875,1939625,45.25447,2025-10-01 10:00:00
다사56753975,37.458200913643,127.01096577123998,956875,1939875,45.309807,2025-10-01 10:00:00
다사56504475,37.5032560840844,127.007843579701,956625,1944875,47.666374,2025-10-01 10:00:00
다사56504500,37.5055094166883,127.007828787463,956625,1945125,47.870304,2025-10-01 10:00:00
다사56504525,37.5077627484255,127.007813993578,956625,1945375,48.04789,2025-10-01 10:00:00
다사56504550,37.5100160792961,127.007799198045,956625,1945625,48.676247,2025-10-01 10:00:00
다사56504375,37.494242745002495,127.007902732184,956625,1943875,46.945316,2025-10-01 10:00:00
다사56504400,37.4964960810729,127.00788794653299,956625,1944125,47.095043,2025-10-01 10:00:00
다사56504425,37.4987494162767,127.007873159236,956625,1944375,47.266357,2025-10-01 10:00:00
다사56504450,37.5010027506138,127.007858370292,956625,1944625,47.461033,2025-10-01 10:00:00
다사56504675,37.521282720647996,127.007725195663,956625,1946875,47.19649,2025-10-01 10:00:00
다사56504700,37.5235360463181,127.00771039024201,956625,1947125,46.673363,2025-10-01 10:00:00
다사56504725,37.5257893711213,127.007695583171,956625,1947375,45.65259,2025-10-01 10:00:00
다사56504750,37.5280426950578,127.007680774452,956625,1947625,45.279884,2025-10-01 10:00:00
다사56504575,37.5122694092999,127.007784400865,956625,1945875,48.637066,2025-10-01 10:00:00
다사56504600,37.5145227384371,127.00776960203699,956625,1946125,48.426956,2025-10-01 10:00:00
다사56504625,37.5167760667075,127.00775480156099,956625,1946375,48.028843,2025-10-01 10:00:00
다사56504650,37.5190293941111,127.007739999436,956625,1946625,47.501965,2025-10-01 10:00:00
다사56504075,37.467202644570705,127.008080031635,956625,1940875,46.458607,2025-10-01 10:00:00
다사56504100,37.46945599103871,127.008065265727,956625,1941125,46.53982,2025-10-01 10:00:00
다사56504125,37.471709336640394,127.008050498175,956625,1941375,46.622868,2025-10-01 10:00:00
다사56504150,37.4739626813756,127.008035728979,956625,1941625,46.7096,2025-10-01 10:00:00
다사56503975,37.458189250035296,127.008139078827,956625,1939875,45.389523,2025-10-01 10:00:00
다사56504000,37.4604425999686,127.008124319494,956625,1940125,45.467617,2025-10-01 10:00:00
다사56504025,37.4626959490356,127.00810955851802,956625,1940375,45.540974,2025-10-01 10:00:00
다사56504050,37.464949297236295,127.008094795898,956625,1940625,46.383606,2025-10-01 10:00:00
다사56504275,37.4852293920555,127.007961858325,956625,1942875,46.50882,2025-10-01 10:00:00
다사56504300,37.487482731592,127.007947079259,956625,1943125,46.59654,2025-10-01 10:00:00
다사56504325,37.489736070262104,127.00793229854601,956625,1943375,46.701626,2025-10-01 10:00:00
다사56504350,37.4919894080655,127.00791751618799,956625,1943625,46.81316,2025-10-01 10:00:00
다사56504175,37.4762160252445,127.008020958138,956625,1941875,46.812077,2025-10-01 10:00:00
다사56504200,37.4784693682469,127.00800618565201,956625,1942125,46.904877,2025-10-01 10:00:00
다사56504225,37.4807227103829,127.00799141152201,956625,1942375,46.35233,2025-10-01 10:00:00
다사56504250,37.4829760516524,127.007976635746,956625,1942625,46.423935,2025-10-01 10:00:00
다사56505275,37.5753622974529,127.007369410074,956625,1952875,41.54417,2025-10-01 10:00:00
다사56505300,37.5776156023145,127.00735456502701,956625,1953125,41.551674,2025-10-01 10:00:00
다사56505325,37.579868906308796,127.007339718326,956625,1953375,41.36023,2025-10-01 10:00:00
다사56505350,37.582122209435795,127.007324869972,956625,1953625,41.395535,2025-10-01 10:00:00
다사56505175,37.5663490693345,127.00742877373199,956625,1951875,41.61413,2025-10-01 10:00:00
다사56505200,37.5686023776649,127.007413935297,956625,1952125,41.54165,2025-10-01 10:00:00
다사56505225,37.5708556851281,127.00739909520901,956625,1952375,41.541294,2025-10-01 10:00:00
다사56505250,37.5731089917241,127.007384253468,956625,1952625,41.548866,2025-10-01 10:00:00
다사56505475,37.5933887120614,127.007250603388,956625,1954875,41.72815,2025-10-01 10:00:00
다사56505500,37.595642009984495,127.007235745107,956625,1955125,41.29505,2025-10-01 10:00:00
다사56505525,37.5978953070401,127.007220885171,956625,1955375,41.37384,2025-10-01 10:00:00
다사56505550,37.6001486032283,127.00720602358,956625,1955625,41.44434,2025-10-01 10:00:00
다사56505375,37.5843755116956,127.00731001996401,956625,1953875,41.440777,2025-10-01 10:00:00
다사56505400,37.586628813088005,127.00729516830098,956625,1954125,41.498573,2025-10-01 10:00:00
다사56505425,37.5888821136132,127.00728031498501,956625,1954375,41.57075,2025-10-01 10:00:00
다사56505450,37.591135413271,127.007265460013,956625,1954625,41.645638,2025-10-01 10:00:00
다사56504875,37.5393093017369,127.007606706112,956625,1948875,43.994205,2025-10-01 10:00:00
다사56504900,37.5415626204719,127.007591887495,956625,1949125,43.35455,2025-10-01 10:00:00
다사56504925,37.5438159383401,127.007577067227,956625,1949375,43.217007,2025-10-01 10:00:00
다사56504950,37.5460692553412,127.007562245308,956625,1949625,43.09951,2025-10-01 10:00:00
다사56504775,37.5302960181274,127.007665964083,956625,1947875,44.54332,2025-10-01 10:00:00
다사56504800,37.5325493403301,127.007651152065,956625,1948125,44.27957,2025-10-01 10:00:00
다사56504825,37.5348026616659,127.007636338397,956625,1948375,44.05769,2025-10-01 10:00:00
다사56504850,37.537055982134795,127.00762152308,956625,1948625,44.192257,2025-10-01 10:00:00
다사56505075,37.557335827341596,127.007488110949,956625,1950875,41.071075,2025-10-01 10:00:00
다사56505100,37.5595891391405,127.007473279123,956625,1951125,41.019302,2025-10-01 10:00:00
다사56505125,37.5618424500723,127.00745844564501,956625,1951375,40.950863,2025-10-01 10:00:00
다사56505150,37.564095760137,127.00744361051399,956625,1951625,40.884422,2025-10-01 10:00:00
다사56504975,37.548322571475296,127.007547421739,956625,1949875,42.9945,2025-10-01 10:00:00
다사56505000,37.5505758867425,127.007532596518,956625,1950125,42.90239,2025-10-01 10:00:00
다사56505025,37.5528292011426,127.00751776964701,956625,1950375,42.81672,2025-10-01 10:00:00
다사56505050,37.555082514675604,127.007502941124,956625,1950625,41.119667,2025-10-01 10:00:00
다사56255450,37.591123625925704,127.004433749116,956375,1954625,41.682835,2025-10-01 10:00:00
다사56255475,37.5933769237631,127.00441880711901,956375,1954875,41.756744,2025-10-01 10:00:00
다사56255500,37.595630220733106,127.004403863457,956375,1955125,41.292374,2025-10-01 10:00:00
다사56255525,37.5978835168356,127.00438891813101,956375,1955375,41.35526,2025-10-01 10:00:00
다사56255350,37.58211042590221,127.00449350046499,956375,1953625,41.455612,2025-10-01 10:00:00
다사56255375,37.5843637272092,127.004478565124,956375,1953875,41.498875,2025-10-01 10:00:00
다사56255400,37.5866170276487,127.004463628118,956375,1954125,41.551193,2025-10-01 10:00:00
다사56255425,37.588870327220896,127.004448689449,956375,1954375,41.61908,2025-10-01 10:00:00
다사56255650,37.6091499843357,127.004314166524,956375,1956625,41.12685,2025-10-01 10:00:00
다사56255675,37.6114032752331,127.00429921120701,956375,1956875,41.062492,2025-10-01 10:00:00
다사56255700,37.6136565652629,127.00428425422301,956375,1957125,40.97638,2025-10-01 10:00:00
다사56255725,37.6159098544251,127.00426929557301,956375,1957375,40.871742,2025-10-01 10:00:00
다사56255550,37.6001368120706,127.00437397113998,956375,1955625,41.411564,2025-10-01 10:00:00
다사56255575,37.6023901064382,127.004359022484,956375,1955875,41.45768,2025-10-01 10:00:00
다사56255600,37.604643399938205,127.004344072163,956375,1956125,41.492504,2025-10-01 10:00:00
다사56255625,37.60689669257071,127.004329120176,956375,1956375,41.50634,2025-10-01 10:00:00
다사56255050,37.555070742571395,127.004672594878,956375,1950625,41.243683,2025-10-01 10:00:00
다사56255075,37.5573240542852,127.00465767948401,956375,1950875,41.20007,2025-10-01 10:00:00
다사56255100,37.5595773651319,127.00464276242901,956375,1951125,41.139275,2025-10-01 10:00:00
다사56255125,37.5618306751115,127.004627843712,956375,1951375,41.072132,2025-10-01 10:00:00
다사56254950,37.5460574870449,127.00473223984501,956375,1949625,43.228764,2025-10-01 10:00:00
다사56254975,37.5483108022271,127.004717331094,956375,1949875,43.11705,2025-10-01 10:00:00
다사56255000,37.5505641165423,127.004702420683,956375,1950125,43.012848,2025-10-01 10:00:00
다사56255025,37.5528174299904,127.004687508611,956375,1950375,42.92353,2025-10-01 10:00:00
다사56255250,37.5730972120012,127.004553225201,956375,1952625,41.545097,2025-10-01 10:00:00
다사56255275,37.5753505167774,127.004538296511,956375,1952875,41.58478,2025-10-01 10:00:00
다사56255300,37.5776038206863,127.004523366159,956375,1953125,41.610744,2025-10-01 10:00:00
다사56255325,37.5798571237279,127.004508434144,956375,1953375,41.418446,2025-10-01 10:00:00
다사56255150,37.56408398422379,127.00461292333401,956375,1951625,40.98656,2025-10-01 10:00:00
다사56255175,37.566337292469,127.004598001294,956375,1951875,41.617985,2025-10-01 10:00:00
다사56255200,37.568590599847,127.00458307759199,956375,1952125,41.508247,2025-10-01 10:00:00
다사56255225,37.5708439063577,127.004568152227,956375,1952375,41.445236,2025-10-01 10:00:00
다사56256250,37.663228726384794,127.0039547787,956375,1962625,34.98434,2025-10-01 10:00:00
다사56256275,37.6654819964553,127.00393978334499,956375,1962875,34.95722,2025-10-01 10:00:00
다사56256300,37.667735265657704,127.003924786319,956375,1963125,34.932575,2025-10-01 10:00:00
다사56256325,37.6699885339922,127.003909787623,956375,1963375,34.916904,2025-10-01 10:00:00
다사56256150,37.654215637423,127.00401474341601,956375,1961625,35.20648,2025-10-01 10:00:00
다사56256175,37.6564689109654,127.003999754742,956375,1961875,35.13358,2025-10-01 10:00:00
다사56256200,37.658722183639796,127.003984764398,956375,1962125,35.080254,2025-10-01 10:00:00
다사56256225,37.6609754554463,127.003969772384,956375,1962375,35.030148,2025-10-01 10:00:00
다사56256450,37.6812548626434,127.003834769072,956375,1964625,34.843502,2025-10-01 10:00:00
다사56256475,37.68350812576921,127.003819760347,956375,1964875,34.83556,2025-10-01 10:00:00
다사56256500,37.6857613880269,127.003804749949,956375,1965125,34.826473,2025-10-01 10:00:00
다사56503950,37.455935899235705,127.008153836517,956625,1939625,45.316193,2025-10-01 10:00:00
다사56256350,37.672241801458604,127.00389478725599,956375,1963625,34.897373,2025-10-01 10:00:00
다사56256375,37.6744950680569,127.003879785217,956375,1963875,34.88138,2025-10-01 10:00:00
다사56256400,37.6767483337872,127.00386478150699,956375,1964125,34.86648,2025-10-01 10:00:00
다사56256425,37.67900159864929,127.003849776126,956375,1964375,34.86086,2025-10-01 10:00:00
다사56255850,37.6271762872217,127.004194477325,956375,1958625,39.32884,2025-10-01 10:00:00
다사56255875,37.629429571177894,127.00417950867399,956375,1958875,38.12334,2025-10-01 10:00:00
다사56255900,37.6316828542665,127.004164538356,956375,1959125,37.73266,2025-10-01 10:00:00
다사56255925,37.6339361364873,127.00414956636999,956375,1959375,37.446815,2025-10-01 10:00:00
다사56255750,37.6181631427197,127.004254335257,956375,1957625,40.7351,2025-10-01 10:00:00
다사56255775,37.620416430146705,127.004239373274,956375,1957875,40.58142,2025-10-01 10:00:00
다사56255800,37.6226697167061,127.004224409625,956375,1958125,40.406517,2025-10-01 10:00:00
다사56255825,37.6249230023977,127.00420944430799,956375,1958375,40.201786,2025-10-01 10:00:00
다사56256050,37.6452025345745,127.00407468141701,956375,1960625,35.945194,2025-10-01 10:00:00
다사56256075,37.647455811588394,127.00405969942,956375,1960875,35.670353,2025-10-01 10:00:00
다사56256100,37.6497090877345,127.004044715755,956375,1961125,35.45072,2025-10-01 10:00:00
다사56256125,37.65196236301271,127.00402973042,956375,1961375,35.305096,2025-10-01 10:00:00
다사56255950,37.63618941784029,127.00413459271601,956375,1959625,37.159237,2025-10-01 10:00:00
다사56255975,37.6384426983256,127.00411961739401,956375,1959875,36.871605,2025-10-01 10:00:00
다사56256000,37.640695977943004,127.004104640403,956375,1960125,36.555355,2025-10-01 10:00:00
다사56256025,37.6429492566927,127.004089661744,956375,1960375,36.248802,2025-10-01 10:00:00
다사56006375,37.6744831772766,127.001044910905,956125,1963875,34.90098,2025-10-01 10:00:00
다사56006400,37.676736442046206,127.00102982147101,956125,1964125,34.88208,2025-10-01 10:00:00
다사56006425,37.67898970594771,127.001014730356,956125,1964375,34.869568,2025-10-01 10:00:00
다사56006450,37.6812429689809,127.00099963755899,956125,1964625,34.85598,2025-10-01 10:00:00
다사56006275,37.665470109516896,127.001105251832,956125,1962875,34.983543,2025-10-01 10:00:00
다사56006300,37.667723377758996,127.001090169121,956125,1963125,34.952732,2025-10-01 10:00:00
다사56006325,37.669976645133,127.00107508472999,956125,1963375,34.931293,2025-10-01 10:00:00
다사56006350,37.6722299116389,127.00105999865801,956125,1963625,34.9135,2025-10-01 10:00:00
다사56254050,37.4649375631712,127.00526785066299,956375,1940625,45.7353,2025-10-01 10:00:00
다사56254075,37.467190909555704,127.00525300155898,956375,1940875,46.596046,2025-10-01 10:00:00
다사56254100,37.469444255073796,127.00523815080099,956375,1941125,46.683643,2025-10-01 10:00:00
다사56254125,37.4716975997254,127.005223298389,956375,1941375,46.78,2025-10-01 10:00:00
다사56006475,37.683496231146,127.000984543081,956125,1964875,34.84813,2025-10-01 10:00:00
다사56006500,37.685749492442795,127.000969446921,956125,1965125,34.835274,2025-10-01 10:00:00
다사56254000,37.460430867803105,127.005297543913,956375,1940125,45.541615,2025-10-01 10:00:00
다사56254025,37.4626842159203,127.00528269811501,956375,1940375,45.638443,2025-10-01 10:00:00
다사56005975,37.63843082290771,127.001286113365,956125,1959875,36.86159,2025-10-01 10:00:00
다사56006000,37.6406841015655,127.001271050803,956125,1960125,36.569687,2025-10-01 10:00:00
다사56006025,37.642937379355295,127.001255986564,956125,1960375,36.27987,2025-10-01 10:00:00
다사56006050,37.6451906562773,127.001240920646,956125,1960625,35.992012,2025-10-01 10:00:00
다사56005875,37.6294176995985,127.001346346835,956125,1958875,38.20482,2025-10-01 10:00:00
다사56005900,37.6316709817275,127.001331290983,956125,1959125,37.723164,2025-10-01 10:00:00
다사56005925,37.6339242629887,127.00131623345501,956125,1959375,37.437572,2025-10-01 10:00:00
다사56005950,37.6361775433822,127.001301174249,956125,1959625,37.151543,2025-10-01 10:00:00
다사56006175,37.6564570278681,127.00116556587601,956125,1961875,35.191975,2025-10-01 10:00:00
다사56006200,37.6587102995824,127.001150489885,956125,1962125,35.130787,2025-10-01 10:00:00
다사56006225,37.6609635704286,127.001135412214,956125,1962375,35.074303,2025-10-01 10:00:00
다사56006250,37.6632168404068,127.00112033286301,956125,1962625,35.024937,2025-10-01 10:00:00
다사56006075,37.6474439323314,127.00122585305,956125,1960875,35.74311,2025-10-01 10:00:00
다사56006100,37.6496972075175,127.00121078377501,956125,1961125,35.556183,2025-10-01 10:00:00
다사56006125,37.651950481835705,127.001195712821,956125,1961375,35.401924,2025-10-01 10:00:00
다사56006150,37.6542037552859,127.00118064018801,956125,1961625,35.287766,2025-10-01 10:00:00
다사56254650,37.5190176372333,127.004911015413,956375,1946625,47.47471,2025-10-01 10:00:00
다사56254675,37.521270962818896,127.00489612657199,956375,1946875,47.280205,2025-10-01 10:00:00
다사56254700,37.523524287537704,127.004881236073,956375,1947125,46.270046,2025-10-01 10:00:00
다사56254725,37.52577761138961,127.00486634391599,956375,1947375,45.886272,2025-10-01 10:00:00
다사56254550,37.5100043262226,127.004970554199,956375,1945625,48.52181,2025-10-01 10:00:00
다사56254575,37.512257655275505,127.00495567198799,956375,1945875,48.438274,2025-10-01 10:00:00
다사56254600,37.5145109834616,127.00494078812099,956375,1946125,48.226124,2025-10-01 10:00:00
다사56254625,37.5167643107808,127.004925902596,956375,1946375,47.895813,2025-10-01 10:00:00
다사56254850,37.5370442176456,127.00479185824899,956375,1948625,44.391777,2025-10-01 10:00:00
다사56254875,37.5392975362959,127.004776956138,956375,1948875,44.183365,2025-10-01 10:00:00
다사56254900,37.5415508540793,127.004762052367,956375,1949125,43.50925,2025-10-01 10:00:00
다사56254925,37.5438041709956,127.004747146936,956375,1949375,43.36336,2025-10-01 10:00:00
다사56254750,37.528030934374705,127.0048514501,956375,1947625,45.522114,2025-10-01 10:00:00
다사56254775,37.5302842564928,127.00483655462601,956375,1947875,44.81125,2025-10-01 10:00:00
다사56254800,37.532537577744,127.004821657493,956375,1948125,44.559727,2025-10-01 10:00:00
다사56254825,37.53479089812829,127.00480675870001,956375,1948375,44.637154,2025-10-01 10:00:00
다사56254250,37.4829643099867,127.00514901152,956375,1942625,46.626053,2025-10-01 10:00:00
다사56254275,37.4852176494394,127.00513414918301,956375,1942875,46.714546,2025-10-01 10:00:00
다사56254300,37.487470988025606,127.005119285191,956375,1943125,46.808712,2025-10-01 10:00:00
다사56254325,37.4897243257452,127.005104419543,956375,1943375,46.910976,2025-10-01 10:00:00
다사56254150,37.4739509435107,127.005208444324,956375,1941625,46.88425,2025-10-01 10:00:00
다사56254175,37.4762042864294,127.00519358860501,956375,1941875,46.987885,2025-10-01 10:00:00
다사56254200,37.4784576284817,127.005178731231,956375,1942125,46.460644,2025-10-01 10:00:00
다사56254225,37.4807109696674,127.00516387220301,956375,1942375,46.537907,2025-10-01 10:00:00
다사56254450,37.5009910013439,127.00503006647,956375,1944625,47.554573,2025-10-01 10:00:00
다사56254475,37.5032443338636,127.005015190887,956375,1944875,47.702538,2025-10-01 10:00:00
다사56254500,37.5054976655167,127.005000313648,956375,1945125,47.84111,2025-10-01 10:00:00
다사56254525,37.507750996303,127.004985434752,956375,1945375,47.94343,2025-10-01 10:00:00
다사56254350,37.4919776625981,127.00508955224,956375,1943625,47.022236,2025-10-01 10:00:00
다사56254375,37.4942309985845,127.00507468328101,956375,1943875,47.139194,2025-10-01 10:00:00
다사56254400,37.496484333704295,127.00505981266701,956375,1944125,47.267433,2025-10-01 10:00:00
다사56254425,37.4987376679574,127.005044940397,956375,1944375,47.406967,2025-10-01 10:00:00
다사56004775,37.530272427075,127.002007146828,956125,1947875,44.896214,2025-10-01 10:00:00
다사56004800,37.532525747369206,127.00199216458,956125,1948125,45.015797,2025-10-01 10:00:00
다사56004825,37.534779066796396,127.00197718066299,956125,1948375,44.789604,2025-10-01 10:00:00
다사56004850,37.5370323853566,127.001962195077,956125,1948625,44.550518,2025-10-01 10:00:00
다사56004675,37.5212591372285,127.00206705913901,956125,1946875,47.008728,2025-10-01 10:00:00
다사56004700,37.5235124609906,127.002052083563,956125,1947125,46.310436,2025-10-01 10:00:00
다사56004725,37.5257657838857,127.00203710631901,956125,1947375,45.955147,2025-10-01 10:00:00
다사56004750,37.5280191059138,127.00202212740801,956125,1947625,45.63081,2025-10-01 10:00:00
다사56004975,37.5482989651517,127.001887242111,956125,1949875,43.2267,2025-10-01 10:00:00
다사56005000,37.5505522785094,127.001872246509,956125,1950125,43.11749,2025-10-01 10:00:00
다사56005025,37.552805591,127.001857249236,956125,1950375,43.022053,2025-10-01 10:00:00
다사56005050,37.5550589026235,127.00184225029301,956125,1950625,42.933056,2025-10-01 10:00:00
다사56004875,37.5392857030498,127.00194720782301,956125,1948875,44.33925,2025-10-01 10:00:00
다사56004900,37.5415390198759,127.001932218899,956125,1949125,44.15507,2025-10-01 10:00:00
다사56004925,37.5437923358349,127.00191722830601,956125,1949375,43.49005,2025-10-01 10:00:00
다사56004950,37.5460456509269,127.001902236043,956125,1949625,43.35047,2025-10-01 10:00:00
다사56004375,37.494219184471,127.002246636035,956125,1943875,48.916245,2025-10-01 10:00:00
다사56004400,37.4964725186346,127.002231680457,956125,1944125,49.05623,2025-10-01 10:00:00
다사56004425,37.4987258519316,127.00221672321399,956125,1944375,49.199265,2025-10-01 10:00:00
다사56004450,37.500979184361796,127.002201764305,956125,1944625,49.350193,2025-10-01 10:00:00
다사56004275,37.48520583914961,127.00230644169599,956125,1942875,46.89281,2025-10-01 10:00:00
다사56004300,37.4874591767799,127.002291492778,956125,1943125,46.989937,2025-10-01 10:00:00
다사56004325,37.4897125135436,127.00227654219499,956125,1943375,47.087727,2025-10-01 10:00:00
다사56004350,37.491965849440604,127.002261589947,956125,1943625,48.775352,2025-10-01 10:00:00
다사56004575,37.5122458335116,127.002126944769,956125,1945875,48.24966,2025-10-01 10:00:00
다사56004600,37.5144991607411,127.00211197586201,956125,1946125,48.04552,2025-10-01 10:00:00
다사56004625,37.516752487103794,127.002097005288,956125,1946375,47.756935,2025-10-01 10:00:00
다사56004650,37.5190058125996,127.002082033047,956125,1946625,47.402386,2025-10-01 10:00:00
다사56004475,37.5032325159253,127.00218680373001,956125,1944875,49.498016,2025-10-01 10:00:00
다사56004500,37.5054858466221,127.00217184148899,956125,1945125,49.616154,2025-10-01 10:00:00
다사56004525,37.507739176452105,127.002156877582,956125,1945375,49.69472,2025-10-01 10:00:00
다사56004550,37.5099925054152,127.002141912009,956125,1945625,49.71657,2025-10-01 10:00:00
다사56005575,37.602378246368204,127.001526886299,956125,1955875,41.416046,2025-10-01 10:00:00
다사56005600,37.6046315389095,127.00151185055901,956125,1956125,41.43711,2025-10-01 10:00:00
다사56005625,37.6068848305831,127.001496813144,956125,1956375,41.45305,2025-10-01 10:00:00
다사56005650,37.6091381213891,127.00148177405501,956125,1956625,41.44788,2025-10-01 10:00:00
다사56005475,37.5933650675279,127.001587012514,956125,1954875,41.782413,2025-10-01 10:00:00
다사56005500,37.595618363539295,127.001571983472,956125,1955125,41.840347,2025-10-01 10:00:00
다사56005525,37.5978716586831,127.001556952755,956125,1955375,41.330708,2025-10-01 10:00:00
다사56005550,37.6001249529595,127.00154192036501,956125,1955625,41.38037,2025-10-01 10:00:00
다사56005775,37.6204045624047,127.00140655347201,956125,1957875,40.509903,2025-10-01 10:00:00
다사56005800,37.62265784800471,127.001391504328,956125,1958125,40.333504,2025-10-01 10:00:00
다사56005825,37.624911132737104,127.001376453507,956125,1958375,40.16989,2025-10-01 10:00:00
다사56005850,37.6271644166017,127.001361401009,956125,1958625,39.4775,2025-10-01 10:00:00
다사56005675,37.6113914113276,127.00146673328899,956125,1956875,40.99043,2025-10-01 10:00:00
다사56005700,37.6136447003983,127.001451690849,956125,1957125,40.90278,2025-10-01 10:00:00
다사56005725,37.615897988601496,127.001436646733,956125,1957375,40.79777,2025-10-01 10:00:00
다사56005750,37.618151275936896,127.00142160093999,956125,1957625,40.6676,2025-10-01 10:00:00
다사56005175,37.566325447732396,127.001767230518,956125,1951875,41.650978,2025-10-01 10:00:00
다사56005200,37.5685787541525,127.001752221549,956125,1952125,41.482136,2025-10-01 10:00:00
다사56005225,37.570832059705296,127.00173721090799,956125,1952375,41.457874,2025-10-01 10:00:00
다사56005250,37.5730853643907,127.001722198596,956125,1952625,41.524685,2025-10-01 10:00:00
다사56005075,37.5573122133797,127.00182724968,956125,1950875,41.345387,2025-10-01 10:00:00
다사56005100,37.5595655232687,127.00181224739599,956125,1951125,41.304607,2025-10-01 10:00:00
다사56005125,37.5618188322905,127.001797243441,956125,1951375,41.23897,2025-10-01 10:00:00
다사56005150,37.564072140445106,127.001782237815,956125,1951625,41.140053,2025-10-01 10:00:00
다사56005375,37.5843518748077,127.00164711194701,956125,1953875,41.550102,2025-10-01 10:00:00
다사56005400,37.5866051742889,127.001632089599,956125,1954125,41.60315,2025-10-01 10:00:00
다사56005425,37.5888584729027,127.001617065578,956125,1954375,41.658276,2025-10-01 10:00:00
다사56005450,37.5911117706491,127.001602039883,956125,1954625,41.718456,2025-10-01 10:00:00
다사56005275,37.57533866820879,127.00170718461099,956125,1952875,41.609406,2025-10-01 10:00:00
다사56005300,37.5775919711596,127.001692168954,956125,1953125,41.434563,2025-10-01 10:00:00
다사56005325,37.579845273242995,127.001677151625,956125,1953375,41.47305,2025-10-01 10:00:00
다사56005350,37.5820985744591,127.00166213262301,956125,1953625,41.512478,2025-10-01 10:00:00
다사55755650,37.60912619046729,126.99864938326,955875,1956625,41.38684,2025-10-01 10:00:00
다사55755675,37.6113794794413,126.998634257048,955875,1956875,40.917053,2025-10-01 10:00:00
다사55755700,37.6136327675475,126.99861912915001,955875,1957125,40.83035,2025-10-01 10:00:00
다사55755725,37.615886054786,126.998603999568,955875,1957375,40.721798,2025-10-01 10:00:00
다사55755550,37.600113025895,126.998709871264,955875,1955625,41.34509,2025-10-01 10:00:00
다사55755575,37.6023663183395,126.998694751789,955875,1955875,41.372326,2025-10-01 10:00:00
다사55755600,37.6046196099164,126.998679630631,955875,1956125,41.389824,2025-10-01 10:00:00
다사55755625,37.6068729006257,126.99866450778799,955875,1956375,41.39246,2025-10-01 10:00:00
다사55755850,37.6271524779624,126.998528326371,955875,1958625,39.838356,2025-10-01 10:00:00
다사55755875,37.6294057599942,126.998513186673,955875,1958875,39.57087,2025-10-01 10:00:00
다사55755900,37.631659041158294,126.99849804528799,955875,1959125,37.861088,2025-10-01 10:00:00
다사55755925,37.6339123214545,126.998482902217,955875,1959375,37.435318,2025-10-01 10:00:00
다사55755750,37.6181393411568,126.9985888683,955875,1957625,40.704704,2025-10-01 10:00:00
다사55755775,37.6203926266599,126.998573735346,955875,1957875,40.51727,2025-10-01 10:00:00
다사55755800,37.6226459112952,126.998558600707,955875,1958125,40.31243,2025-10-01 10:00:00
다사55755825,37.6248991950627,126.998543464382,955875,1958375,40.08319,2025-10-01 10:00:00
다사55755250,37.5730734488928,126.99889117366301,955875,1952625,41.63921,2025-10-01 10:00:00
다사55755275,37.5753267517474,126.99887607438299,955875,1952875,41.45803,2025-10-01 10:00:00
다사55755300,37.5775800537345,126.998860973422,955875,1953125,41.5032,2025-10-01 10:00:00
다사55755325,37.579833354854294,126.99884587077801,955875,1953375,41.53451,2025-10-01 10:00:00
다사55755150,37.5640602288009,126.99895155396798,955875,1951625,42.051468,2025-10-01 10:00:00
다사55755175,37.5663135351249,126.998936461413,955875,1951875,41.93051,2025-10-01 10:00:00
다사55755200,37.5685668405815,126.998921367178,955875,1952125,41.516758,2025-10-01 10:00:00
다사55755225,37.5708201451709,126.998906271261,955875,1952375,41.57896,2025-10-01 10:00:00
다사55755450,37.591099847441,126.99877033232401,955875,1954625,41.746204,2025-10-01 10:00:00
다사55755475,37.5933531433559,126.99875521958401,955875,1954875,41.80249,2025-10-01 10:00:00
다사55755500,37.5956064384031,126.998740105161,955875,1955125,41.860996,2025-10-01 10:00:00
다사55755525,37.5978597325829,126.998724989054,955875,1955375,41.31096,2025-10-01 10:00:00
다사55755350,37.5820866551066,126.998830766452,955875,1953625,41.565247,2025-10-01 10:00:00
다사55755375,37.5843399544914,126.998815660444,955875,1953875,41.602646,2025-10-01 10:00:00
다사55755400,37.58659325300879,126.998800552754,955875,1954125,41.646866,2025-10-01 10:00:00
다사55755425,37.5888465506587,126.99878544338002,955875,1954375,41.695686,2025-10-01 10:00:00
다사55756450,37.6812310071672,126.998164507728,955875,1964625,34.86633,2025-10-01 10:00:00
다사55756475,37.683484268365895,126.998149327497,955875,1964875,34.860264,2025-10-01 10:00:00
다사55756500,37.6857375286964,126.998134145576,955875,1965125,34.848892,2025-10-01 10:00:00
다사56004050,37.4649257614817,127.002440907082,956125,1940625,45.97481,2025-10-01 10:00:00
다사55756350,37.672217953689795,126.99822521173999,955875,1963625,34.925014,2025-10-01 10:00:00
다사55756375,37.674471218361504,126.99821003827299,955875,1963875,34.913177,2025-10-01 10:00:00
다사55756400,37.6767244821649,126.998194863115,955875,1964125,34.89824,2025-10-01 10:00:00
다사55756425,37.678977745100205,126.998179686267,955875,1964375,34.884136,2025-10-01 10:00:00
다사56004175,37.4761924799625,127.00236622072599,956125,1941875,46.53719,2025-10-01 10:00:00
다사56004200,37.478445821059104,127.00235127846399,956125,1942125,46.619934,2025-10-01 10:00:00
다사56004225,37.4806991612892,127.002336334539,956125,1942375,46.706753,2025-10-01 10:00:00
다사56004250,37.48295250065271,127.002321388949,956125,1942625,46.794926,2025-10-01 10:00:00
다사56004075,37.4671791069108,127.002425973137,956125,1940875,46.07439,2025-10-01 10:00:00
다사56004100,37.4694324514735,127.00241103752899,956125,1941125,46.176804,2025-10-01 10:00:00
다사56004125,37.471685795169705,127.00239610025801,956125,1941375,46.28894,2025-10-01 10:00:00
다사56004150,37.473939137999295,127.002381161323,956125,1941625,47.024883,2025-10-01 10:00:00
다사55756050,37.6451787099169,126.998407161553,955875,1960625,36.06296,2025-10-01 10:00:00
다사55756075,37.6474319850055,126.99839200835699,955875,1960875,35.832165,2025-10-01 10:00:00
다사55756100,37.6496852592262,126.99837685347299,955875,1961125,35.64228,2025-10-01 10:00:00
다사55756125,37.651938532578896,126.998361696901,955875,1961375,35.48504,2025-10-01 10:00:00
다사55755950,37.6361656008828,126.998467757459,955875,1959625,37.150047,2025-10-01 10:00:00
다사55755975,37.6384188794432,126.998452611014,955875,1959875,36.870884,2025-10-01 10:00:00
다사55756000,37.640672157135704,126.99843746288099,955875,1960125,36.59394,2025-10-01 10:00:00
다사55756025,37.64292543396029,126.99842231306101,955875,1960375,36.321682,2025-10-01 10:00:00
다사55756250,37.6632048863216,126.998285888707,955875,1962625,35.069702,2025-10-01 10:00:00
다사55756275,37.6654581544659,126.998270722,955875,1962875,35.027515,2025-10-01 10:00:00
다사55756300,37.667711421742,126.998255553603,955875,1963125,34.984226,2025-10-01 10:00:00
다사55756325,37.66996468815,126.998240383517,955875,1963375,34.95044,2025-10-01 10:00:00
다사55756150,37.6541918050635,126.99834653863998,955875,1961625,35.356537,2025-10-01 10:00:00
다사55756175,37.6564450766801,126.99833137869,955875,1961875,35.255405,2025-10-01 10:00:00
다사55756200,37.658698347428704,126.99831621705201,955875,1962125,35.186817,2025-10-01 10:00:00
다사55756225,37.6609516173092,126.998301053724,955875,1962375,35.12491,2025-10-01 10:00:00
다사55506500,37.685725496787796,126.995298845922,955625,1965125,34.86149,2025-10-01 10:00:00
다사55754075,37.46716723663621,126.99959894637699,955875,1940875,46.134563,2025-10-01 10:00:00
다사55754100,37.4694205802379,126.99958392591999,955875,1941125,46.242527,2025-10-01 10:00:00
다사55754125,37.4716739229732,126.99956890378901,955875,1941375,46.365334,2025-10-01 10:00:00
다사55506400,37.6767124541436,126.995359906451,955625,1964125,34.915405,2025-10-01 10:00:00
다사55506425,37.6789657161071,126.99534464386998,955625,1964375,34.899677,2025-10-01 10:00:00
다사55506450,37.6812189772023,126.995329379588,955625,1964625,34.88511,2025-10-01 10:00:00
다사55506475,37.68347223742921,126.995314113605,955625,1964875,34.870213,2025-10-01 10:00:00
다사55754250,37.482940623650606,126.99949376804301,955875,1942625,48.384045,2025-10-01 10:00:00
다사55754275,37.4851939611863,126.999478735873,955875,1942875,48.50343,2025-10-01 10:00:00
다사55754300,37.4874472978552,126.99946370203001,955875,1943125,48.63292,2025-10-01 10:00:00
다사55754325,37.4897006336575,126.999448666512,955875,1943375,48.749535,2025-10-01 10:00:00
다사55754150,37.4739272648419,126.999553879986,955875,1941625,46.481083,2025-10-01 10:00:00
다사55754175,37.476180605844,126.99953885451,955875,1941875,46.615093,2025-10-01 10:00:00
다사55754200,37.478433945979496,126.99952382736099,955875,1942125,48.149418,2025-10-01 10:00:00
다사55754225,37.4806872852484,126.99950879853901,955875,1942375,48.268173,2025-10-01 10:00:00
다사55506100,37.6496732428608,126.995542924861,955625,1961125,35.735584,2025-10-01 10:00:00
다사55506125,37.6519265152425,126.99552768267,955625,1961375,35.57985,2025-10-01 10:00:00
다사55506150,37.654179786756,126.99551243878099,955625,1961625,35.449745,2025-10-01 10:00:00
다사55506175,37.6564330574015,126.995497193193,955625,1961875,35.34233,2025-10-01 10:00:00
다사55506000,37.6406601446538,126.995603876647,955625,1960125,36.621265,2025-10-01 10:00:00
다사55506025,37.642913420507604,126.99558864124701,955625,1960375,36.373283,2025-10-01 10:00:00
다사55506050,37.6451666954934,126.995573404149,955625,1960625,36.1296,2025-10-01 10:00:00
다사55506075,37.6474199696111,126.995558165354,955625,1960875,35.91977,2025-10-01 10:00:00
다사55506300,37.667699397606896,126.99542093977502,955625,1963125,35.028664,2025-10-01 10:00:00
다사55506325,37.6699526630434,126.99540568399401,955625,1963375,34.99032,2025-10-01 10:00:00
다사55506350,37.67220592761171,126.995390426513,955625,1963625,34.952038,2025-10-01 10:00:00
다사55506375,37.674459191311705,126.995375167332,955625,1963875,34.9321,2025-10-01 10:00:00
다사55506200,37.6586863271789,126.995481945907,955625,1962125,35.245415,2025-10-01 10:00:00
다사55506225,37.6609395960881,126.995466696923,955625,1962375,35.17671,2025-10-01 10:00:00
다사55506250,37.66319286412921,126.99545144623998,955625,1962625,35.119167,2025-10-01 10:00:00
다사55506275,37.6654461313021,126.995436193857,955625,1962875,35.06455,2025-10-01 10:00:00
다사55754850,37.537020485268,126.99913253357501,955875,1948625,44.662037,2025-10-01 10:00:00
다사55754875,37.5392738019985,126.99911746117701,955875,1948875,44.459187,2025-10-01 10:00:00
다사55754900,37.541527117861904,126.9991023871,955875,1949125,44.271038,2025-10-01 10:00:00
다사55754925,37.543780432858206,126.99908731134501,955875,1949375,43.59575,2025-10-01 10:00:00
다사55754750,37.5280072096752,126.999192806383,955875,1947625,45.66349,2025-10-01 10:00:00
다사55754775,37.530260529874,126.99917774069799,955875,1947875,45.25286,2025-10-01 10:00:00
다사55754800,37.532513849205706,126.999162673335,955875,1948125,45.04955,2025-10-01 10:00:00
다사55754825,37.534767167670395,126.999147604294,955875,1948375,44.875298,2025-10-01 10:00:00
다사55755050,37.555046994832004,126.999011907379,955875,1950625,43.024693,2025-10-01 10:00:00
다사55755075,37.5573003046251,126.998996821547,955875,1950875,41.514675,2025-10-01 10:00:00
다사55755100,37.559553613551,126.998981734034,955875,1951125,41.498817,2025-10-01 10:00:00
다사55755125,37.5618069216096,126.998966644841,955875,1951375,41.47906,2025-10-01 10:00:00
다사55754950,37.5460337469873,126.999072233911,955875,1949625,43.45687,2025-10-01 10:00:00
다사55754975,37.548287060249294,126.999057154797,955875,1949875,43.327023,2025-10-01 10:00:00
다사55755000,37.5505403726441,126.999042074004,955875,1950125,43.21794,2025-10-01 10:00:00
다사55755025,37.552793684171704,126.999026991532,955875,1950375,43.11005,2025-10-01 10:00:00
다사55754450,37.5009672996679,126.99937346380501,955875,1944625,49.29129,2025-10-01 10:00:00
다사55754475,37.5032206302697,126.999358418239,955875,1944875,49.383465,2025-10-01 10:00:00
다사55754500,37.5054739600046,126.99934337099701,955875,1945125,49.46732,2025-10-01 10:00:00
다사55754525,37.50772728887279,126.999328322079,955875,1945375,49.508743,2025-10-01 10:00:00
다사55754350,37.4919539685931,126.99943362932,955875,1943625,48.88287,2025-10-01 10:00:00
다사55754375,37.4942073026619,126.99941859045299,955875,1943875,49.00439,2025-10-01 10:00:00
다사55754400,37.496460635864,126.99940354991199,955875,1944125,49.114285,2025-10-01 10:00:00
다사55754425,37.4987139681994,126.999388507696,955875,1944375,49.21436,2025-10-01 10:00:00
다사55754650,37.51899392021021,126.99925305234899,955875,1946625,47.32843,2025-10-01 10:00:00
다사55754675,37.5212472438769,126.99923799337401,955875,1946875,46.356728,2025-10-01 10:00:00
다사55754700,37.5235005666767,126.99922293272101,955875,1947125,46.3122,2025-10-01 10:00:00
다사55754725,37.5257538886095,126.999207870391,955875,1947375,45.980354,2025-10-01 10:00:00
다사55754550,37.509980616873996,126.999313271486,955875,1945625,49.490013,2025-10-01 10:00:00
다사55754575,37.5122339440084,126.999298219216,955875,1945875,49.407093,2025-10-01 10:00:00
다사55754600,37.5144872702759,126.999283165271,955875,1946125,47.8973,2025-10-01 10:00:00
다사55754625,37.516740595676495,126.999268109648,955875,1946375,47.63573,2025-10-01 10:00:00
다사55504900,37.5415151480375,126.996272556981,955625,1949125,44.36604,2025-10-01 10:00:00
다사55504925,37.5437684620655,126.996257396063,955625,1949375,45.11889,2025-10-01 10:00:00
다사55504950,37.5460217752263,126.996242233458,955625,1949625,43.53987,2025-10-01 10:00:00
다사55504975,37.5482750875199,126.996227069163,955625,1949875,43.40985,2025-10-01 10:00:00
다사55504800,37.5325018832537,126.996333183768,955625,1948125,45.14086,2025-10-01 10:00:00
다사55504825,37.534755200750396,126.996318029603,955625,1948375,44.947853,2025-10-01 10:00:00
다사55504850,37.537008517379896,126.99630287375,955625,1948625,44.74747,2025-10-01 10:00:00
다사55504875,37.5392618331423,126.99628771621,955625,1948875,44.549526,2025-10-01 10:00:00
다사55505100,37.559541635979,126.996151222353,955625,1951125,41.69992,2025-10-01 10:00:00
다사55505125,37.5617949430688,126.99613604792201,955625,1951375,41.74107,2025-10-01 10:00:00
다사55505150,37.564048249291396,126.996120871801,955625,1951625,42.338047,2025-10-01 10:00:00
다사55505175,37.5663015546465,126.99610569398999,955625,1951875,42.437954,2025-10-01 10:00:00
다사55505000,37.5505283989463,126.99621190318001,955625,1950125,43.297176,2025-10-01 10:00:00
다사55505025,37.5527817095054,126.996196735507,955625,1950375,43.19459,2025-10-01 10:00:00
다사55505050,37.5550350191972,126.996181566145,955625,1950625,43.11728,2025-10-01 10:00:00
다사55505075,37.557288328021706,126.996166395094,955625,1950875,41.673553,2025-10-01 10:00:00
다사55504500,37.5054620056644,126.99651490218001,955625,1945125,49.347275,2025-10-01 10:00:00
다사55504525,37.5077153335652,126.996499768252,955625,1945375,49.339046,2025-10-01 10:00:00
다사55504550,37.509968660599,126.99648463263901,955625,1945625,49.290035,2025-10-01 10:00:00
다사55504575,37.512221986766,126.99646949533998,955625,1945875,49.199844,2025-10-01 10:00:00
다사55504400,37.4964486853925,126.99657542104299,955625,1944125,49.188393,2025-10-01 10:00:00
다사55504425,37.498702016760795,126.996560293854,955625,1944375,49.282322,2025-10-01 10:00:00
다사55504450,37.5009553472622,126.996545164981,955625,1944625,49.369396,2025-10-01 10:00:00
다사55504475,37.5032086768967,126.996530034423,955625,1944875,49.315903,2025-10-01 10:00:00
다사55504700,37.5234886045962,126.996393783556,955625,1947125,46.33054,2025-10-01 10:00:00
다사55504725,37.525741925561206,126.99637863613998,955625,1947375,46.80551,2025-10-01 10:00:00
다사55504750,37.527995245659106,126.99636348703599,955625,1947625,46.54442,2025-10-01 10:00:00
다사55504775,37.530248564889895,126.996348336246,955625,1947875,46.59071,2025-10-01 10:00:00
다사55504600,37.514475312066004,126.996454356355,955625,1946125,49.04292,2025-10-01 10:00:00
다사55504625,37.516728636498996,126.996439215685,955625,1946375,48.84039,2025-10-01 10:00:00
다사55504650,37.518981960065105,126.996424073328,955625,1946625,47.26813,2025-10-01 10:00:00
다사55504675,37.5212352827641,126.996408929285,955625,1946875,46.321533,2025-10-01 10:00:00
다사55505700,37.613620766710504,126.995786569137,955625,1957125,40.89742,2025-10-01 10:00:00
다사55505725,37.615874052978896,126.99577135408899,955625,1957375,40.76862,2025-10-01 10:00:00
다사55505750,37.6181273383796,126.99575613734501,955625,1957625,40.608425,2025-10-01 10:00:00
다사55505775,37.6203806229124,126.99574091890699,955625,1957875,40.42941,2025-10-01 10:00:00
다사55505600,37.60460761295921,126.995847412386,955625,1956125,41.346252,2025-10-01 10:00:00
다사55505625,37.6068609026986,126.995832204115,955625,1956375,41.342007,2025-10-01 10:00:00
다사55505650,37.6091141915703,126.99581699415,955625,1956625,41.33225,2025-10-01 10:00:00
다사55505675,37.6113674795743,126.995801782491,955625,1956875,41.535633,2025-10-01 10:00:00
다사55505900,37.631647032559,126.99566480128,955625,1959125,37.846767,2025-10-01 10:00:00
다사55505925,37.6339003118846,126.995649572667,955625,1959375,37.543602,2025-10-01 10:00:00
다사55505950,37.636153590342296,126.99563434235701,955625,1959625,36.994717,2025-10-01 10:00:00
다사55505975,37.638406867932,126.99561911035102,955625,1959875,36.730022,2025-10-01 10:00:00
다사55505800,37.6226339065775,126.995725698773,955625,1958125,40.223476,2025-10-01 10:00:00
다사55505825,37.624887189374704,126.995710476943,955625,1958375,39.99865,2025-10-01 10:00:00
다사55505850,37.627140471304,126.995695253418,955625,1958625,39.75746,2025-10-01 10:00:00
다사55505875,37.629393752365395,126.995680028197,955625,1958875,39.495422,2025-10-01 10:00:00
다사55505300,37.5775680684112,126.996029779571,955625,1953125,41.586792,2025-10-01 10:00:00
다사55505325,37.579821368561795,126.996014591614,955625,1953375,41.6084,2025-10-01 10:00:00
다사55505350,37.58207466784479,126.99599940196501,955625,1953625,41.63051,2025-10-01 10:00:00
다사55505375,37.5843279662604,126.995984210624,955625,1953875,41.65337,2025-10-01 10:00:00
다사55505200,37.568554859134295,126.99609051448799,955625,1952125,42.098164,2025-10-01 10:00:00
다사55505225,37.5708081627547,126.996075333295,955625,1952375,41.464737,2025-10-01 10:00:00
다사55505250,37.5730614655076,126.996060150412,955625,1952625,41.84139,2025-10-01 10:00:00
다사55505275,37.5753147673931,126.996044965837,955625,1952875,41.587704,2025-10-01 10:00:00
다사55505500,37.5955944453248,126.995908228533,955625,1955125,41.8718,2025-10-01 10:00:00
다사55505525,37.597847738534895,126.99589302703698,955625,1955375,41.412712,2025-10-01 10:00:00
다사55505550,37.6001010308773,126.99587782384701,955625,1955625,41.31634,2025-10-01 10:00:00
다사55505575,37.6023543223521,126.99586261896299,955625,1955875,41.33627,2025-10-01 10:00:00
다사55505400,37.5865812638084,126.995969017591,955625,1954125,41.695107,2025-10-01 10:00:00
다사55505425,37.5888345604889,126.995953822865,955625,1954375,41.734295,2025-10-01 10:00:00
다사55505450,37.5910878563018,126.99593862644699,955625,1954625,41.779076,2025-10-01 10:00:00
다사55505475,37.5933411512471,126.99592342833701,955625,1954875,41.82577,2025-10-01 10:00:00
다사55255775,37.6203685511625,126.99290810416201,955375,1957875,40.33787,2025-10-01 10:00:00
다사55255800,37.622621833851795,126.99289279853399,955375,1958125,40.137157,2025-10-01 10:00:00
다사55255825,37.624875115673106,126.9928774912,955375,1958375,39.914707,2025-10-01 10:00:00
다사55255850,37.6271283966266,126.992862182162,955375,1958625,39.683865,2025-10-01 10:00:00
다사55255675,37.6113554117268,126.992969309629,955375,1956875,41.4484,2025-10-01 10:00:00
다사55255700,37.6136086978875,126.99295401081899,955375,1957125,40.803684,2025-10-01 10:00:00
다사55255725,37.6158619831804,126.99293871030399,955375,1957375,40.67076,2025-10-01 10:00:00
다사55255750,37.6181152676053,126.992923408085,955375,1957625,40.51561,2025-10-01 10:00:00
다사55255975,37.63839478837429,126.992785611384,955375,1959875,36.757595,2025-10-01 10:00:00
다사55256000,37.640648064119894,126.99277029211001,955375,1960125,36.50841,2025-10-01 10:00:00
다사55256025,37.6429013389974,126.992754971129,955375,1960375,36.274464,2025-10-01 10:00:00
다사55256050,37.645154613006795,126.992739648442,955375,1960625,36.06227,2025-10-01 10:00:00
다사55255875,37.6293816767121,126.992846871418,955375,1958875,39.43224,2025-10-01 10:00:00
다사55255900,37.631634955929606,126.99283155896799,955375,1959125,39.15433,2025-10-01 10:00:00
다사55255925,37.633888234279205,126.992816244813,955375,1959375,37.539738,2025-10-01 10:00:00
다사55255950,37.6361415117608,126.99280092895201,955375,1959625,37.250374,2025-10-01 10:00:00
다사55255375,37.584315910114704,126.993152762495,955375,1953875,41.71423,2025-10-01 10:00:00
다사55255400,37.5865692066879,126.99313748411998,955375,1954125,41.734936,2025-10-01 10:00:00
다사55255425,37.5888225023935,126.993122204043,955375,1954375,41.77037,2025-10-01 10:00:00
다사55255450,37.5910757972315,126.993106922264,955375,1954625,41.811474,2025-10-01 10:00:00
다사55255275,37.5753027151463,126.99321385898199,955375,1952875,41.711437,2025-10-01 10:00:00
다사55255300,37.57755601518971,126.993198587412,955375,1953125,41.695004,2025-10-01 10:00:00
다사55255325,37.579809314365605,126.993183314141,955375,1953375,41.68351,2025-10-01 10:00:00
다사55255350,37.582062612674,126.993168039169,955375,1953625,41.69081,2025-10-01 10:00:00
다사55255575,37.6023422584062,126.993030487831,955375,1955875,41.4756,2025-10-01 10:00:00
다사55255600,37.604595548038,126.993015195836,955375,1956125,41.55465,2025-10-01 10:00:00
다사55255625,37.606848836802,126.99299990213699,955375,1956375,41.530743,2025-10-01 10:00:00
다사55255650,37.609102124698296,126.992984606735,955375,1956625,41.495872,2025-10-01 10:00:00
다사55255475,37.593329091201795,126.993091638783,955375,1954875,41.852314,2025-10-01 10:00:00
다사55255500,37.5955823843044,126.993076353599,955375,1955125,41.890198,2025-10-01 10:00:00
다사55255525,37.5978356765394,126.99306106671301,955375,1955375,41.39975,2025-10-01 10:00:00
다사55255550,37.6000889679066,126.99304577812299,955375,1955625,41.438263,2025-10-01 10:00:00
다사55504100,37.469408641367295,126.996756815983,955625,1941125,46.3471,2025-10-01 10:00:00
다사55504125,37.4716619831361,126.996741708993,955625,1941375,46.412216,2025-10-01 10:00:00
다사55504150,37.473915324038295,126.99672660032199,955625,1941625,46.543625,2025-10-01 10:00:00
다사55504175,37.476168664073896,126.99671148996799,955625,1941875,46.675613,2025-10-01 10:00:00
다사55256475,37.683460138336,126.99247890141399,955375,1964875,34.88979,2025-10-01 10:00:00
다사55504025,37.462648610861294,126.99680212686,955625,1940375,45.981533,2025-10-01 10:00:00
다사55504050,37.4649019552298,126.996787024916,955625,1940625,46.09696,2025-10-01 10:00:00
다사55504075,37.4671552987318,126.99677192128999,955625,1940875,46.21991,2025-10-01 10:00:00
다사55504300,37.487435351251605,126.996635912955,955625,1943125,48.72884,2025-10-01 10:00:00
다사55504325,37.489688686087,126.996620792503,955625,1943375,48.84653,2025-10-01 10:00:00
다사55504350,37.491942020055596,126.99660567036699,955625,1943625,48.963123,2025-10-01 10:00:00
다사55504375,37.4941953531575,126.996590546547,955625,1943875,49.07242,2025-10-01 10:00:00
다사55504200,37.4784220032428,126.996696377931,955625,1942125,48.245117,2025-10-01 10:00:00
다사55504225,37.4806753415451,126.996681264212,955625,1942375,48.360794,2025-10-01 10:00:00
다사55504250,37.482928678980606,126.99666614881001,955625,1942625,48.48436,2025-10-01 10:00:00
다사55504275,37.485182015549505,126.996651031724,955625,1942875,48.606968,2025-10-01 10:00:00
다사55256175,37.65642097003239,126.992663009395,955375,1961875,35.42167,2025-10-01 10:00:00
다사55256200,37.6586742388331,126.992647676462,955375,1962125,35.326977,2025-10-01 10:00:00
다사55256225,37.660927506765596,126.99263234182101,955375,1962375,35.23882,2025-10-01 10:00:00
다사55256250,37.6631807738299,126.992617005472,955375,1962625,35.181427,2025-10-01 10:00:00
다사55256075,37.6474078861482,126.99272432404699,955375,1960875,35.863136,2025-10-01 10:00:00
다사55256100,37.649661158421395,126.992708997945,955375,1961125,35.692432,2025-10-01 10:00:00
다사55256125,37.651914429826604,126.99269367013599,955375,1961375,35.667618,2025-10-01 10:00:00
다사55256150,37.6541677003636,126.992678340619,955375,1961625,35.53926,2025-10-01 10:00:00
다사55256375,37.6744470961275,126.99254029809099,955375,1963875,34.96023,2025-10-01 10:00:00
다사55256400,37.6767003579821,126.99252495148701,955375,1964125,34.943718,2025-10-01 10:00:00
다사55256425,37.6789536189685,126.992509603173,955375,1964375,34.916313,2025-10-01 10:00:00
다사55256450,37.681206879086396,126.992494253148,955375,1964625,34.90517,2025-10-01 10:00:00
다사55256275,37.6654340400259,126.992601667414,955375,1962875,35.11955,2025-10-01 10:00:00
다사55256300,37.6676873053537,126.992586327647,955375,1963125,35.072372,2025-10-01 10:00:00
다사55256325,37.6699405698133,126.992570986171,955375,1963375,35.027897,2025-10-01 10:00:00
다사55256350,37.6721938334045,126.99255564298599,955375,1963625,34.981613,2025-10-01 10:00:00
다사55254175,37.47615665465229,126.993884127108,955375,1941875,46.72351,2025-10-01 10:00:00
다사55254200,37.4784099928492,126.99386893018401,955375,1942125,46.862675,2025-10-01 10:00:00
다사55254225,37.480663330179404,126.993853731568,955375,1942375,48.434006,2025-10-01 10:00:00
다사55254250,37.4829166666427,126.99383853126001,955375,1942625,48.552334,2025-10-01 10:00:00
다사55254075,37.467143293198,126.993944897885,955375,1940875,46.23319,2025-10-01 10:00:00
다사55254100,37.4693966348616,126.993929707728,955375,1941125,46.365353,2025-10-01 10:00:00
다사55254125,37.4716499756585,126.99391451588001,955375,1941375,46.51001,2025-10-01 10:00:00
다사55254150,37.4739033155888,126.99389932234,955375,1941625,46.586723,2025-10-01 10:00:00
다사55254375,37.4941833359578,126.993762504324,955375,1943875,49.122566,2025-10-01 10:00:00
다사55254400,37.496436667220394,126.993747293857,955375,1944125,49.234325,2025-10-01 10:00:00
다사55254425,37.498689997616,126.993732081696,955375,1944375,49.363136,2025-10-01 10:00:00
다사55254450,37.500943327144796,126.993716867841,955375,1944625,49.464397,2025-10-01 10:00:00
다사55254275,37.4851700022393,126.993823329259,955375,1942875,48.673695,2025-10-01 10:00:00
다사55254300,37.4874233369692,126.993808125565,955375,1943125,48.791183,2025-10-01 10:00:00
다사55254325,37.4896766708322,126.993792920178,955375,1943375,48.904236,2025-10-01 10:00:00
다사55254350,37.491930003828394,126.993777713098,955375,1943625,49.01641,2025-10-01 10:00:00
다사55006100,37.6496490059082,126.989875072738,955125,1961125,35.7791,2025-10-01 10:00:00
다사55006125,37.6519022763313,126.98985965931101,955125,1961375,35.626404,2025-10-01 10:00:00
다사55006150,37.654155545886205,126.989844244166,955125,1961625,35.49249,2025-10-01 10:00:00
다사55006175,37.656408814573005,126.989828827304,955125,1961875,35.384174,2025-10-01 10:00:00
다사55006000,37.6406359155341,126.98993670927901,955125,1960125,36.54441,2025-10-01 10:00:00
다사55006025,37.642889189429795,126.989921302719,955125,1960375,36.32426,2025-10-01 10:00:00
다사55006050,37.6451424624574,126.989905894442,955125,1960625,36.12318,2025-10-01 10:00:00
다사55006075,37.6473957346169,126.989890484448,955125,1960875,35.939213,2025-10-01 10:00:00
다사55006300,37.6676751449827,126.989751717227,955125,1963125,35.123253,2025-10-01 10:00:00
다사55006450,37.6811947128196,126.98965912841899,955125,1964625,34.926598,2025-10-01 10:00:00
다사55254025,37.462636607271,126.993975273126,955375,1940375,45.987347,2025-10-01 10:00:00
다사55254050,37.464889950667796,126.993960086351,955375,1940625,46.11086,2025-10-01 10:00:00
다사55006200,37.6586620823915,126.989813408725,955125,1962125,35.282475,2025-10-01 10:00:00
다사55006225,37.6609153493417,126.989797988428,955125,1962375,35.315697,2025-10-01 10:00:00
다사55006250,37.6631686154237,126.989782566413,955125,1962625,35.23614,2025-10-01 10:00:00
다사55006275,37.6654218806373,126.989767142679,955125,1962875,35.1773,2025-10-01 10:00:00
다사55254975,37.5482630469638,126.99339698521798,955375,1949875,44.593517,2025-10-01 10:00:00
다사55255000,37.55051635741621,126.993381734044,955375,1950125,44.433228,2025-10-01 10:00:00
다사55255025,37.55276966700129,126.993366481172,955375,1950375,44.287254,2025-10-01 10:00:00
다사55255050,37.555022975719105,126.993351226601,955375,1950625,44.156834,2025-10-01 10:00:00
다사55254875,37.5392497964812,126.99345797293002,955375,1948875,44.624756,2025-10-01 10:00:00
다사55254900,37.5415031104027,126.993442728549,955375,1949125,44.436577,2025-10-01 10:00:00
다사55254925,37.543756423457,126.99342748247,955375,1949375,45.0966,2025-10-01 10:00:00
다사55254950,37.546009735644,126.993412234693,955375,1949625,44.904236,2025-10-01 10:00:00
다사55255175,37.5662895062975,126.99327492825701,955375,1951875,42.17655,2025-10-01 10:00:00
다사55255200,37.5685428098109,126.993259663489,955375,1952125,42.001427,2025-10-01 10:00:00
다사55255225,37.5707961124568,126.99324439701999,955375,1952375,41.749325,2025-10-01 10:00:00
다사55255250,37.5730494142353,126.99322912885201,955375,1952625,41.59302,2025-10-01 10:00:00
다사55255075,37.5572762835696,126.993335970331,955375,1950875,44.04537,2025-10-01 10:00:00
다사55255100,37.5595295905527,126.993320712362,955375,1951125,42.544605,2025-10-01 10:00:00
다사55255125,37.5617828966683,126.99330545269301,955375,1951375,42.554996,2025-10-01 10:00:00
다사55255150,37.5640362019166,126.993290191325,955375,1951625,42.56763,2025-10-01 10:00:00
다사55254575,37.5122099617845,126.99364077315,955375,1945875,49.02361,2025-10-01 10:00:00
다사55254600,37.5144632861115,126.993625549126,955375,1946125,48.877705,2025-10-01 10:00:00
다사55254625,37.5167166095715,126.99361032340799,955375,1946375,48.69144,2025-10-01 10:00:00
다사55254650,37.5189699321645,126.993595095994,955375,1946625,47.97578,2025-10-01 10:00:00
다사55254475,37.503196655806605,126.993701652292,955375,1944875,49.379475,2025-10-01 10:00:00
다사55254500,37.5054499836015,126.993686435049,955375,1945125,49.280373,2025-10-01 10:00:00
다사55254525,37.5077033105295,126.993671216111,955375,1945375,49.214863,2025-10-01 10:00:00
다사55254550,37.5099566365905,126.993655995478,955375,1945625,49.135124,2025-10-01 10:00:00
다사55254775,37.530236532123,126.99351893348101,955375,1947875,46.61685,2025-10-01 10:00:00
다사55254800,37.5324898495133,126.99350369588899,955375,1948125,46.435135,2025-10-01 10:00:00
다사55254825,37.5347431660364,126.9934884566,955375,1948375,45.015427,2025-10-01 10:00:00
다사55254850,37.5369964816924,126.99347321561399,955375,1948625,44.820766,2025-10-01 10:00:00
다사55254675,37.5212232538904,126.993579866884,955375,1946875,47.579224,2025-10-01 10:00:00
다사55254700,37.5234765747492,126.993564636077,955375,1947125,47.326504,2025-10-01 10:00:00
다사55254725,37.5257298947409,126.993549403575,955375,1947375,46.813904,2025-10-01 10:00:00
다사55254750,37.5279832138655,126.993534169377,955375,1947625,46.846943,2025-10-01 10:00:00
다사55004900,37.541491004957706,126.99061290181601,955125,1949125,45.737804,2025-10-01 10:00:00
다사55004925,37.5437443170328,126.990597570575,955125,1949375,45.543026,2025-10-01 10:00:00
다사55004950,37.5459976282405,126.990582237627,955125,1949625,44.72906,2025-10-01 10:00:00
다사55004975,37.5482509385809,126.990566902971,955125,1949875,44.55707,2025-10-01 10:00:00
다사55004800,37.5324777479846,126.990674209707,955125,1948125,46.437706,2025-10-01 10:00:00
다사55004825,37.5347310635287,126.99065888529499,955125,1948375,46.255413,2025-10-01 10:00:00
다사55004850,37.5369843782057,126.990643559175,955125,1948625,46.124035,2025-10-01 10:00:00
다사55004875,37.5392376920153,126.99062823134899,955125,1948875,45.926163,2025-10-01 10:00:00
다사55005100,37.559517477272294,126.99049020407,955125,1951125,42.94244,2025-10-01 10:00:00
다사55005125,37.561770782408296,126.990474859163,955125,1951375,42.941647,2025-10-01 10:00:00
다사55005150,37.564024086676795,126.99045951254801,955125,1951625,42.324062,2025-10-01 10:00:00
다사55005175,37.56627739007779,126.990444164224,955125,1951875,42.271038,2025-10-01 10:00:00
다사55005000,37.550504248054,126.990551566607,955125,1950125,44.40094,2025-10-01 10:00:00
다사55005025,37.55275755665971,126.990536228536,955125,1950375,44.265385,2025-10-01 10:00:00
다사55005050,37.5550108643979,126.990520888755,955125,1950625,44.143044,2025-10-01 10:00:00
다사55005075,37.5572641712688,126.99050554726699,955125,1950875,44.042244,2025-10-01 10:00:00
다사55004500,37.50543789381621,126.99085796961201,955125,1945125,49.186344,2025-10-01 10:00:00
다사55004525,37.507691219765896,126.990842665664,955125,1945375,49.100273,2025-10-01 10:00:00
다사55004550,37.5099445448485,126.99082736001101,955125,1945625,49.00043,2025-10-01 10:00:00
다사55004575,37.5121978690641,126.990812052654,955125,1945875,48.887417,2025-10-01 10:00:00
다사55004400,37.496424581347604,126.99091916836599,955125,1944125,49.230007,2025-10-01 10:00:00
다사55004425,37.4986779107652,126.990903871233,955125,1944375,49.30169,2025-10-01 10:00:00
다사55004450,37.5009312393158,126.99088857239599,955125,1944625,49.33205,2025-10-01 10:00:00
다사55004475,37.5031845669995,126.990873271856,955125,1944875,49.277416,2025-10-01 10:00:00
다사55004700,37.523464477135896,126.990735490295,955125,1947125,47.312428,2025-10-01 10:00:00
다사55004725,37.5257177961488,126.990720172707,955125,1947375,47.29102,2025-10-01 10:00:00
다사55004750,37.5279711142946,126.990704853414,955125,1947625,46.845943,2025-10-01 10:00:00
다사55004775,37.5302244315732,126.990689532414,955125,1947875,46.628487,2025-10-01 10:00:00
다사55004600,37.51445119241271,126.99079674359301,955125,1946125,48.747463,2025-10-01 10:00:00
다사55004625,37.5167045148941,126.990781432826,955125,1946375,48.58271,2025-10-01 10:00:00
다사55004650,37.5189578365085,126.99076612035499,955125,1946625,47.564144,2025-10-01 10:00:00
다사55004675,37.5212111572557,126.990750806178,955125,1946875,47.519226,2025-10-01 10:00:00
다사55005700,37.6135965610786,126.990121454204,955125,1957125,41.30206,2025-10-01 10:00:00
다사55005725,37.615849845390294,126.990106068224,955125,1957375,40.584705,2025-10-01 10:00:00
다사55005750,37.61810312883421,126.99009068053002,955125,1957625,40.431057,2025-10-01 10:00:00
다사55005775,37.62035641141021,126.990075291122,955125,1957875,40.25054,2025-10-01 10:00:00
다사55005600,37.604583415152796,126.990182980989,955125,1956125,41.483936,2025-10-01 10:00:00
다사55005625,37.606836702936,126.990167601863,955125,1956375,41.45756,2025-10-01 10:00:00
다사55005650,37.6090899898514,126.99015222102301,955125,1956625,41.418076,2025-10-01 10:00:00
다사55005675,37.6113432758989,126.99013683847001,955125,1956875,41.36442,2025-10-01 10:00:00
다사55005900,37.6316228112704,126.98999831836201,955125,1959125,39.109726,2025-10-01 10:00:00
다사55005925,37.633876088638395,126.989982918665,955125,1959375,38.830692,2025-10-01 10:00:00
다사55005950,37.636129365138395,126.98996751725201,955125,1959625,37.265175,2025-10-01 10:00:00
다사55005975,37.638382640770295,126.989952114124,955125,1959875,36.993736,2025-10-01 10:00:00
다사55005800,37.62260969311821,126.99005990000002,955125,1958125,40.054394,2025-10-01 10:00:00
다사55005825,37.6248629739582,126.99004450716299,955125,1958375,39.83717,2025-10-01 10:00:00
다사55005850,37.627116253930296,126.99002911261101,955125,1958625,39.61671,2025-10-01 10:00:00
다사55005875,37.62936953303429,126.990013716344,955125,1958875,39.373768,2025-10-01 10:00:00
다사55005300,37.5775438940702,126.990367396954,955125,1953125,41.781734,2025-10-01 10:00:00
다사55005325,37.5797971922659,126.99035203837,955125,1953375,41.767956,2025-10-01 10:00:00
다사55005350,37.5820504895941,126.99033667807501,955125,1953625,41.761734,2025-10-01 10:00:00
다사55005375,37.584303786054605,126.99032131606899,955125,1953875,41.765213,2025-10-01 10:00:00
다사55005200,37.5685306926114,126.99042881418998,955125,1952125,42.149,2025-10-01 10:00:00
다사55005225,37.5707839942774,126.990413462446,955125,1952375,41.865463,2025-10-01 10:00:00
다사55005250,37.5730372950759,126.99039810899201,955125,1952625,41.733463,2025-10-01 10:00:00
다사55005275,37.5752905950068,126.990382753829,955125,1952875,41.8234,2025-10-01 10:00:00
다사55005500,37.5955702553421,126.990244480367,955125,1955125,41.347782,2025-10-01 10:00:00
다사55005525,37.597823546596395,126.99022910809099,955125,1955375,41.382183,2025-10-01 10:00:00
다사55005550,37.600076836983,126.990213734103,955125,1955625,41.41629,2025-10-01 10:00:00
다사55005575,37.6023301265018,126.990198358402,955125,1955875,41.44402,2025-10-01 10:00:00
다사55005400,37.5865570816475,126.990305952351,955125,1954125,41.784283,2025-10-01 10:00:00
다사55005425,37.5888103763726,126.99029058692301,955125,1954375,41.81017,2025-10-01 10:00:00
다사55005450,37.591063670230206,126.990275219783,955125,1954625,41.841248,2025-10-01 10:00:00
다사55005475,37.59331696322,126.990259850931,955125,1954875,41.87512,2025-10-01 10:00:00
다사54755600,37.604571214303895,126.98735076785499,954875,1956125,41.424416,2025-10-01 10:00:00
다사54755625,37.606824501100704,126.987335303301,954875,1956375,41.388508,2025-10-01 10:00:00
다사54755650,37.609077787029705,126.987319837025,954875,1956625,41.348675,2025-10-01 10:00:00
다사54755675,37.6113310720908,126.98730436902599,954875,1956875,41.291164,2025-10-01 10:00:00
다사54755500,37.5955580584379,126.98741260884701,954875,1955125,42.294556,2025-10-01 10:00:00
다사54755525,37.5978113487061,126.98739715118201,954875,1955375,41.360855,2025-10-01 10:00:00
다사54755550,37.600064638106495,126.98738169179501,954875,1955625,41.391216,2025-10-01 10:00:00
다사54755575,37.6023179266391,126.98736623068599,954875,1955875,41.449474,2025-10-01 10:00:00
다사54755800,37.6225974843768,126.98722700318001,954875,1958125,39.980705,2025-10-01 10:00:00
다사54755825,37.62485076423,126.98721152483999,954875,1958375,39.766926,2025-10-01 10:00:00
다사54755850,37.627104043215205,126.987196044775,954875,1958625,39.555225,2025-10-01 10:00:00
다사54755875,37.6293573213324,126.987180562985,954875,1958875,39.320442,2025-10-01 10:00:00
다사54755700,37.6135843562839,126.987288899304,954875,1957125,41.226086,2025-10-01 10:00:00
다사54755725,37.615837639609104,126.98727342785801,954875,1957375,40.498276,2025-10-01 10:00:00
다사54755750,37.618090922066294,126.98725795468901,954875,1957625,40.346035,2025-10-01 10:00:00
다사54755775,37.6203442036556,126.98724247979601,954875,1957875,40.1719,2025-10-01 10:00:00
다사54755200,37.5685185075359,126.98759796659999,954875,1952125,42.61887,2025-10-01 10:00:00
다사54755225,37.5707718082166,126.98758252958099,954875,1952375,42.543205,2025-10-01 10:00:00
다사54755250,37.5730251080296,126.98756709084299,954875,1952625,42.475407,2025-10-01 10:00:00
다사54755275,37.575278406975,126.987551650385,954875,1952875,42.584507,2025-10-01 10:00:00
다사54755100,37.5595052961379,126.987659697486,954875,1951125,42.930374,2025-10-01 10:00:00
다사54755125,37.5617586002887,126.987644267343,954875,1951375,42.92462,2025-10-01 10:00:00
다사54755150,37.564011903572,126.98762883548099,954875,1951625,42.310875,2025-10-01 10:00:00
다사54755175,37.5662652059878,126.9876134019,954875,1951875,42.261185,2025-10-01 10:00:00
다사54755400,37.5865448886871,126.987474422294,954875,1954125,41.82395,2025-10-01 10:00:00
다사54755425,37.5887981824264,126.987458971514,954875,1954375,41.84679,2025-10-01 10:00:00
다사54755450,37.591051475298,126.987443519013,954875,1954625,41.866096,2025-10-01 10:00:00
다사54755475,37.593304767301895,126.98742806479099,954875,1954875,42.277897,2025-10-01 10:00:00
다사54755300,37.5775317050528,126.98753620820699,954875,1953125,41.86685,2025-10-01 10:00:00
다사54755325,37.579785002262895,126.98752076430901,954875,1953375,41.833904,2025-10-01 10:00:00
다사54755350,37.5820382986053,126.987505318691,954875,1953625,41.823097,2025-10-01 10:00:00
다사54755375,37.5842915940801,126.98748987135299,954875,1953875,41.817287,2025-10-01 10:00:00
다사55004100,37.469384560721004,126.99110260116501,955125,1941125,46.370686,2025-10-01 10:00:00
다사55004125,37.4716379005406,126.99108732445801,955125,1941375,46.509464,2025-10-01 10:00:00
다사55004150,37.4738912394934,126.99107204605,955125,1941625,46.660336,2025-10-01 10:00:00
다사55004175,37.4761445775795,126.99105676594,955125,1941875,46.823235,2025-10-01 10:00:00
다사55004000,37.460371192775895,126.991163690986,955125,1940125,45.84777,2025-10-01 10:00:00
다사55004025,37.4626245360622,126.991148421082,955125,1940375,45.96451,2025-10-01 10:00:00
다사55004050,37.4648778784818,126.99113314947701,955125,1940625,46.087498,2025-10-01 10:00:00
다사55004075,37.467131220034794,126.991117876171,955125,1940875,46.22775,2025-10-01 10:00:00
다사55004300,37.4874112550081,126.99098033986799,955125,1943125,48.82504,2025-10-01 10:00:00
다사55004325,37.489664587893294,126.99096504954599,955125,1943375,48.92834,2025-10-01 10:00:00
다사55004350,37.49191791991161,126.99094975752199,955125,1943625,49.03693,2025-10-01 10:00:00
다사55004375,37.4941712510631,126.99093446379601,955125,1943875,49.13298,2025-10-01 10:00:00
다사55004200,37.4783979147988,126.99104148413001,955125,1942125,46.89156,2025-10-01 10:00:00
다사55004225,37.4806512511514,126.99102620061701,955125,1942375,48.488087,2025-10-01 10:00:00
다사55004250,37.482904586637105,126.99101091540301,955125,1942625,48.601704,2025-10-01 10:00:00
다사55004275,37.485157921256,126.990995628486,955125,1942875,48.71462,2025-10-01 10:00:00
다사54756000,37.640623698896604,126.987103128165,954875,1960125,36.81635,2025-10-01 10:00:00
다사54756025,37.6428769718051,126.98708763602501,954875,1960375,36.380806,2025-10-01 10:00:00
다사54756050,37.645130243845294,126.987072142158,954875,1960625,36.182346,2025-10-01 10:00:00
다사54756075,37.6473835150174,126.987056646566,954875,1960875,36.007515,2025-10-01 10:00:00
다사54755900,37.6316105985814,126.987165079472,954875,1959125,39.07101,2025-10-01 10:00:00
다사54755925,37.633863874962394,126.987149594233,954875,1959375,38.810867,2025-10-01 10:00:00
다사54755950,37.6361171504753,126.987134107269,954875,1959625,37.33111,2025-10-01 10:00:00
다사54755975,37.63837042512,126.98711861858,954875,1959875,37.065697,2025-10-01 10:00:00
다사54756200,37.658649857854,126.98697914270599,954875,1962125,35.35518,2025-10-01 10:00:00
다사54756225,37.6609031238165,126.986963636752,954875,1962375,35.268887,2025-10-01 10:00:00
다사54756250,37.66315638891071,126.98694812907101,954875,1962625,35.18998,2025-10-01 10:00:00
다사54756275,37.6654096531365,126.986932619663,954875,1962875,35.123684,2025-10-01 10:00:00
다사54756100,37.6496367853212,126.98704114924699,954875,1961125,35.84895,2025-10-01 10:00:00
다사54756125,37.6518900547568,126.98702565020201,954875,1961375,35.703938,2025-10-01 10:00:00
다사54756150,37.654143323324206,126.98701014943,954875,1961625,35.574738,2025-10-01 10:00:00
다사54756175,37.6563965910232,126.986994646931,954875,1961875,35.461693,2025-10-01 10:00:00
다사54754000,37.460359054931395,126.988336925464,954875,1940125,45.80517,2025-10-01 10:00:00
다사54754025,37.462612397235,126.988321570738,954875,1940375,45.926224,2025-10-01 10:00:00
다사54754050,37.464865738671996,126.988306214303,954875,1940625,46.057003,2025-10-01 10:00:00
다사54754075,37.467119079242295,126.988290856158,954875,1940875,46.19538,2025-10-01 10:00:00
다사54506175,37.6563842993834,126.98416046828599,954625,1961875,35.537865,2025-10-01 10:00:00
다사54506200,37.658637565221,126.98414487841299,954625,1962125,35.430515,2025-10-01 10:00:00
다사54506225,37.6608908301902,126.984129286804,954625,1962375,35.341022,2025-10-01 10:00:00
다사54753975,37.458105711761,126.98835227848,954875,1939875,45.687923,2025-10-01 10:00:00
다사54754200,37.478385769091794,126.98821403977699,954875,1942125,46.967834,2025-10-01 10:00:00
다사54754225,37.4806391044613,126.98819867136801,954875,1942375,47.75434,2025-10-01 10:00:00
다사54754250,37.4828924389639,126.988183301248,954875,1942625,48.618305,2025-10-01 10:00:00
다사54754275,37.4851457725996,126.98816792941601,954875,1942875,48.73262,2025-10-01 10:00:00
다사54754100,37.4693724189458,126.988275496303,954875,1941125,46.338123,2025-10-01 10:00:00
다사54754125,37.471625757782505,126.98826013473699,954875,1941375,46.49856,2025-10-01 10:00:00
다사54754150,37.473879095752395,126.98824477146098,954875,1941625,46.645844,2025-10-01 10:00:00
다사54754175,37.4761324328555,126.988229406474,954875,1941875,46.801056,2025-10-01 10:00:00
다사54505875,37.6293450416063,126.984347411352,954625,1958875,39.283,2025-10-01 10:00:00
다사54505900,37.631598317862895,126.984331842306,954625,1959125,39.040257,2025-10-01 10:00:00
다사54505925,37.63385159325129,126.984316271525,954625,1959375,38.79616,2025-10-01 10:00:00
다사54505950,37.6361048677716,126.984300699011,954625,1959625,37.356937,2025-10-01 10:00:00
다사54505775,37.620331927898796,126.984409670195,954625,1957875,39.986164,2025-10-01 10:00:00
다사54505800,37.6225852076278,126.984394108085,954625,1958125,39.779675,2025-10-01 10:00:00
다사54505825,37.624838486488706,126.98437854424101,954625,1958375,39.70968,2025-10-01 10:00:00
다사54505850,37.627091764481605,126.984362978663,954625,1958625,39.5057,2025-10-01 10:00:00
다사54506075,37.6473712273497,126.98422281041,954625,1960875,36.067467,2025-10-01 10:00:00
다사54506100,37.6496244966606,126.98420722748301,954625,1961125,35.914288,2025-10-01 10:00:00
다사54506125,37.6518777651032,126.98419164282,954625,1961375,35.771076,2025-10-01 10:00:00
다사54506150,37.6541310326775,126.98417605642099,954625,1961625,35.64635,2025-10-01 10:00:00
다사54505975,37.6383581414236,126.98428512476102,954625,1959875,37.101463,2025-10-01 10:00:00
다사54506000,37.6406114142075,126.984269548776,954625,1960125,36.870808,2025-10-01 10:00:00
다사54506025,37.642864686123204,126.984253971056,954625,1960375,36.643986,2025-10-01 10:00:00
다사54506050,37.6451179571706,126.98423839160101,954625,1960625,36.24213,2025-10-01 10:00:00
다사54754800,37.532465578667704,126.987844725232,954875,1948125,46.436844,2025-10-01 10:00:00
다사54754825,37.5347188932274,126.98782931569599,954875,1948375,46.300232,2025-10-01 10:00:00
다사54754850,37.5369722069198,126.987813904443,954875,1948625,46.104687,2025-10-01 10:00:00
다사54754875,37.539225519744896,126.98779849147499,954875,1948875,45.89788,2025-10-01 10:00:00
다사54754700,37.523452311756294,126.987906346219,954875,1947125,47.470932,2025-10-01 10:00:00
다사54754725,37.525705629785,126.987890943545,954875,1947375,47.256744,2025-10-01 10:00:00
다사54754750,37.527958946946505,126.987875539156,954875,1947625,46.850292,2025-10-01 10:00:00
다사54754775,37.530212263240706,126.98786013305201,954875,1947875,46.634655,2025-10-01 10:00:00
다사54755000,37.550492070859704,126.98772140087799,954875,1950125,44.371704,2025-10-01 10:00:00
다사54755025,37.552745378480395,126.987705977607,954875,1950375,44.237072,2025-10-01 10:00:00
다사54755050,37.554998685233706,126.987690552618,954875,1950625,44.119133,2025-10-01 10:00:00
다사54755075,37.5572519911195,126.987675125912,954875,1950875,42.924393,2025-10-01 10:00:00
다사54754900,37.5414788317026,126.987783076789,954875,1949125,45.695457,2025-10-01 10:00:00
다사54754925,37.5437321427929,126.98776766038701,954875,1949375,45.496853,2025-10-01 10:00:00
다사54754950,37.5459854530159,126.98775224226802,954875,1949625,45.298397,2025-10-01 10:00:00
다사54754975,37.548238762371504,126.987736822432,954875,1949875,44.52704,2025-10-01 10:00:00
다사54754400,37.4964124277744,126.988091044578,954875,1944125,49.14666,2025-10-01 10:00:00
다사54754425,37.4986657562084,126.988075662473,954875,1944375,49.18248,2025-10-01 10:00:00
다사54754450,37.50091908377539,126.988060278655,954875,1944625,49.187435,2025-10-01 10:00:00
다사54754475,37.5031724104755,126.988044893123,954875,1944875,49.133957,2025-10-01 10:00:00
다사54754300,37.4873991053684,126.988152555872,954875,1943125,48.83641,2025-10-01 10:00:00
다사54754325,37.4896524372703,126.988137180617,954875,1943375,48.932404,2025-10-01 10:00:00
다사54754350,37.491905768305294,126.98812180365,954875,1943625,49.01725,2025-10-01 10:00:00
다사54754375,37.4941590984733,126.98810642497,954875,1943875,49.086834,2025-10-01 10:00:00
다사54754600,37.5144390309695,126.987967939764,954875,1946125,48.64452,2025-10-01 10:00:00
다사54754625,37.5166923524669,126.98795254395,954875,1946375,47.66477,2025-10-01 10:00:00
다사54754650,37.51894567309721,126.98793714642099,954875,1946625,47.485268,2025-10-01 10:00:00
다사54754675,37.5211989928604,126.98792174717698,954875,1946875,48.155334,2025-10-01 10:00:00
다사54754500,37.505425736308396,126.988029505879,954875,1945125,49.05735,2025-10-01 10:00:00
다사54754525,37.507679061274295,126.98801411692101,954875,1945375,48.9702,2025-10-01 10:00:00
다사54754550,37.5099323853731,126.987998726249,954875,1945625,48.880684,2025-10-01 10:00:00
다사54754575,37.512185708604896,126.98798333386401,954875,1945875,48.764565,2025-10-01 10:00:00
다사54504675,37.521186760704396,126.985092689892,954625,1946875,48.060997,2025-10-01 10:00:00
다사54504700,37.5234400786106,126.985077203858,954625,1947125,47.417053,2025-10-01 10:00:00
다사54504725,37.5256933956496,126.985061716099,954625,1947375,47.21849,2025-10-01 10:00:00
다사54504750,37.5279467118213,126.98504622661501,954625,1947625,47.48075,2025-10-01 10:00:00
다사54504575,37.5121734804069,126.985154616787,954625,1945875,48.659584,2025-10-01 10:00:00
다사54504600,37.5144268017821,126.985139137649,954625,1946125,47.72087,2025-10-01 10:00:00
다사54504625,37.516680122290104,126.985123656788,954625,1946375,47.570915,2025-10-01 10:00:00
다사54504650,37.5189334419308,126.985108174202,954625,1946625,48.251427,2025-10-01 10:00:00
다사54504875,37.5392132796699,126.98496875331699,954625,1948875,45.885483,2025-10-01 10:00:00
다사54504900,37.5414665906375,126.98495325348,954625,1949125,45.670082,2025-10-01 10:00:00
다사54504925,37.543719900737706,126.98493775191601,954625,1949375,45.456764,2025-10-01 10:00:00
다사54504950,37.5459732099704,126.984922248627,954625,1949625,45.250004,2025-10-01 10:00:00
다사54504775,37.530200027125794,126.985030735406,954625,1947875,47.021553,2025-10-01 10:00:00
다사54504800,37.53245334156279,126.985015242472,954625,1948125,46.808285,2025-10-01 10:00:00
다사54504825,37.5347066551326,126.98499974781299,954625,1948375,46.302433,2025-10-01 10:00:00
다사54504850,37.536959967834896,126.98498425142799,954625,1948625,46.093445,2025-10-01 10:00:00
다사54504275,37.485133556270206,126.985340232057,954625,1942875,48.00638,2025-10-01 10:00:00
다사54504300,37.487386888050295,126.985324773589,954625,1943125,48.805176,2025-10-01 10:00:00
다사54504325,37.4896402189635,126.9853093134,954625,1943375,48.894882,2025-10-01 10:00:00
다사54504350,37.491893549009596,126.98529385148899,954625,1943625,48.940655,2025-10-01 10:00:00
다사54504175,37.476120220480496,126.98540204871901,954625,1941875,46.76507,2025-10-01 10:00:00
다사54504200,37.4783735557283,126.98538659713499,954625,1942125,46.92435,2025-10-01 10:00:00
다사54504225,37.48062689010921,126.98537114383001,954625,1942375,47.075703,2025-10-01 10:00:00
다사54504250,37.482880223623205,126.98535568880399,954625,1942625,47.860264,2025-10-01 10:00:00
다사54504475,37.5031601862347,126.98521651610399,954625,1944875,48.9835,2025-10-01 10:00:00
다사54504500,37.5054135110784,126.98520104386002,954625,1945125,48.91772,2025-10-01 10:00:00
다사54504525,37.507666835055105,126.98518556989201,954625,1945375,48.840153,2025-10-01 10:00:00
다사54504550,37.509920158164604,126.985170094201,954625,1945625,48.75383,2025-10-01 10:00:00
다사54504375,37.49414687818871,126.985278387857,954625,1943875,48.973354,2025-10-01 10:00:00
다사54504400,37.496400206500795,126.985262922502,954625,1944125,49.005188,2025-10-01 10:00:00
다사54504425,37.4986535339458,126.985247455425,954625,1944375,49.02235,2025-10-01 10:00:00
다사54504450,37.5009068605238,126.98523198662599,954625,1944625,49.023846,2025-10-01 10:00:00
다사54505475,37.5932925034475,126.984596280372,954625,1954875,42.279293,2025-10-01 10:00:00
다사54505500,37.595545793592,126.984580739049,954625,1955125,42.291378,2025-10-01 10:00:00
다사54505525,37.597799082868704,126.984565195995,954625,1955375,42.30408,2025-10-01 10:00:00
다사54505550,37.6000523712774,126.984549651209,954625,1955625,42.31834,2025-10-01 10:00:00
다사54505375,37.5842793341913,126.984658428358,954625,1953875,42.617176,2025-10-01 10:00:00
다사54505400,37.5865326278071,126.984642893957,954625,1954125,42.25558,2025-10-01 10:00:00
다사54505425,37.588785920555,126.984627357826,954625,1954375,42.262375,2025-10-01 10:00:00
다사54505450,37.591039212435206,126.984611819965,954625,1954625,42.27321,2025-10-01 10:00:00
다사54505675,37.6113188003024,126.98447190130399,954625,1956875,41.222168,2025-10-01 10:00:00
다사54505700,37.613572083503605,126.98445634612601,954625,1957125,41.14874,2025-10-01 10:00:00
다사54505725,37.6158253658367,126.98444078921499,954625,1957375,40.340206,2025-10-01 10:00:00
다사54505750,37.6180786473018,126.984425230572,954625,1957625,40.171116,2025-10-01 10:00:00
다사54505575,37.602305658818295,126.984534104692,954625,1955875,41.392998,2025-10-01 10:00:00
다사54505600,37.604558945491206,126.984518556443,954625,1956125,41.36345,2025-10-01 10:00:00
다사54505625,37.606812231296296,126.984503006462,954625,1956375,41.326,2025-10-01 10:00:00
다사54505650,37.609065516233294,126.98448745474899,954625,1956625,41.279858,2025-10-01 10:00:00
다사54505075,37.5572397431219,126.98484470627399,954625,1950875,42.894085,2025-10-01 10:00:00
다사54505100,37.5594930471496,126.98482919262199,954625,1951125,42.899742,2025-10-01 10:00:00
다사54505125,37.5617463503098,126.98481367724101,954625,1951375,42.905773,2025-10-01 10:00:00
다사54505150,37.5639996526024,126.984798160133,954625,1951625,42.31515,2025-10-01 10:00:00
다사54504975,37.5482265183357,126.98490674361,954625,1949875,44.481647,2025-10-01 10:00:00
다사54505000,37.5504798258335,126.98489123686701,954625,1950125,44.319057,2025-10-01 10:00:00
다사54505025,37.5527331324638,126.984875728397,954625,1950375,44.19138,2025-10-01 10:00:00
다사54505050,37.5549864382266,126.984860218199,954625,1950625,44.093018,2025-10-01 10:00:00
다사54505275,37.5752661510509,126.984720548661,954625,1952875,42.483707,2025-10-01 10:00:00
다사54505300,37.5775194481376,126.98470502118,954625,1953125,42.62173,2025-10-01 10:00:00
다사54505325,37.5797727443566,126.984689491969,954625,1953375,42.61504,2025-10-01 10:00:00
다사54505350,37.5820260397078,126.98467396102801,954625,1953625,42.614586,2025-10-01 10:00:00
다사54505175,37.5662529540274,126.98478264129601,954625,1951875,42.27987,2025-10-01 10:00:00
다사54505200,37.568506254584705,126.98476712073,954625,1952125,42.645477,2025-10-01 10:00:00
다사54505225,37.570759554274396,126.98475159843599,954625,1952375,42.59242,2025-10-01 10:00:00
다사54505250,37.5730128530965,126.984736074413,954625,1952625,42.537136,2025-10-01 10:00:00
다사54255275,37.575253827234604,126.98188944866699,954375,1952875,42.544395,2025-10-01 10:00:00
다사54255300,37.57750712332479,126.981873835882,954375,1953125,42.663277,2025-10-01 10:00:00
다사54255325,37.5797604185471,126.981858221358,954375,1953375,42.65394,2025-10-01 10:00:00
다사54255350,37.5820137129017,126.98184260509501,954375,1953625,42.645596,2025-10-01 10:00:00
다사54255175,37.566240634196795,126.98195188241999,954375,1951875,42.709736,2025-10-01 10:00:00
다사54255200,37.56849393375779,126.981936276589,954375,1952125,42.67985,2025-10-01 10:00:00
다사54255225,37.5707472324511,126.98192066902,954375,1952375,42.63353,2025-10-01 10:00:00
다사54255250,37.5730005302768,126.981905059713,954375,1952625,42.585266,2025-10-01 10:00:00
다사54255475,37.5932801716571,126.98176449768499,954375,1954875,42.28739,2025-10-01 10:00:00
다사54255500,37.5955334608046,126.981748870982,954375,1955125,42.29668,2025-10-01 10:00:00
다사54255525,37.5977867490841,126.98173324253901,954375,1955375,42.303135,2025-10-01 10:00:00
다사54255550,37.600040036495706,126.981717612355,954375,1955625,42.3092,2025-10-01 10:00:00
다사54255375,37.5842670063885,126.98182698709299,954375,1953875,42.653217,2025-10-01 10:00:00
다사54255400,37.5865202990074,126.981811367351,954375,1954125,42.273235,2025-10-01 10:00:00
다사54255425,37.5887735907585,126.98179574586901,954375,1954375,42.277485,2025-10-01 10:00:00
다사54255450,37.591026881641795,126.981780122647,954375,1954625,42.27904,2025-10-01 10:00:00
다사54254875,37.5392009717906,126.982139016885,954375,1948875,45.896515,2025-10-01 10:00:00
다사54254900,37.5414542817626,126.982123431896,954375,1949125,45.66604,2025-10-01 10:00:00
다사54254925,37.5437075908671,126.98210784517201,954375,1949375,45.433846,2025-10-01 10:00:00
다사54254950,37.5459608991041,126.982092256712,954375,1949625,45.20748,2025-10-01 10:00:00
다사54254775,37.530187723228295,126.98220133948601,954375,1947875,47.018208,2025-10-01 10:00:00
다사54254800,37.53244103667,126.982185761438,954375,1948125,46.806793,2025-10-01 10:00:00
다사54254825,37.5346943492443,126.98217018165501,954375,1948375,46.59207,2025-10-01 10:00:00
다사54254850,37.536947660951206,126.982154600138,954375,1948625,46.112568,2025-10-01 10:00:00
다사54255075,37.557227427276004,126.98201428836501,954375,1950875,42.8414,2025-10-01 10:00:00
다사54255100,37.559480730307705,126.981998689485,954375,1951125,42.852753,2025-10-01 10:00:00
다사54255125,37.561734032471705,126.981983088867,954375,1951375,42.88176,2025-10-01 10:00:00
다사54255150,37.563987333768,126.98196748651199,954375,1951625,42.3245,2025-10-01 10:00:00
다사54254975,37.5482142064736,126.982076666516,954375,1949875,44.43001,2025-10-01 10:00:00
다사54255000,37.5504675129755,126.982061074583,954375,1950125,44.26351,2025-10-01 10:00:00
다사54255025,37.5527208186099,126.982045480914,954375,1950375,43.91561,2025-10-01 10:00:00
다사54255050,37.5549741233768,126.982029885508,954375,1950625,43.8081,2025-10-01 10:00:00
다사54256125,37.6518654073706,126.98135763717501,954375,1961375,35.84405,2025-10-01 10:00:00
다사54256150,37.65411867394629,126.981341965149,954375,1961625,35.710403,2025-10-01 10:00:00
다사54256175,37.6563719396536,126.98132629137699,954375,1961875,35.60712,2025-10-01 10:00:00
다사54256200,37.6586252044925,126.981310615858,954375,1962125,35.50212,2025-10-01 10:00:00
다사54255975,37.638345789681296,126.98145163267701,954375,1959875,37.14604,2025-10-01 10:00:00
다사54256025,37.642852332384294,126.98142030782302,954375,1960375,36.701912,2025-10-01 10:00:00
다사54256050,37.645105602433404,126.98140464277901,954375,1960625,36.502014,2025-10-01 10:00:00
다사54256100,37.649612139926504,126.981373307455,954375,1961125,35.971542,2025-10-01 10:00:00
다사54504075,37.4671068708206,126.985463837855,954625,1940875,46.128662,2025-10-01 10:00:00
다사54504100,37.4693602095358,126.985448393151,954625,1941125,46.278576,2025-10-01 10:00:00
다사54504125,37.4716135473842,126.985432946727,954625,1941375,46.436504,2025-10-01 10:00:00
다사54504150,37.4738668843658,126.98541749858299,954625,1941625,46.59446,2025-10-01 10:00:00
다사54503975,37.4580935072918,126.985525599477,954625,1939875,45.611668,2025-10-01 10:00:00
다사54504000,37.4603468494741,126.98551016165001,954625,1940125,45.729073,2025-10-01 10:00:00
다사54504025,37.46260019078971,126.985494722104,954625,1940375,45.851673,2025-10-01 10:00:00
